customer_rank,age,job,marital,education,housing,loan,contact,month,campaign,pdays,previous,poutcome,subscription_probability,predicted_subscription,campaign_priority
1,66,admin.,divorced,university.degree,yes,no,cellular,aug,3,6,2,success,0.9844014996397477,yes,High
2,37,admin.,married,university.degree,no,no,cellular,sep,2,6,2,success,0.9819649153317397,yes,High
3,48,unemployed,married,professional.course,yes,no,cellular,may,1,6,2,success,0.981211567537916,yes,High
4,76,retired,married,basic.4y,yes,no,cellular,may,2,6,2,success,0.9799336863869328,yes,High
5,33,admin.,married,university.degree,yes,no,cellular,aug,1,3,3,success,0.9797928688291337,yes,High
6,64,retired,married,university.degree,no,no,cellular,mar,1,3,2,success,0.979718797231389,yes,High
7,52,management,married,university.degree,yes,no,cellular,may,3,3,3,success,0.9794914908589878,yes,High
8,92,retired,married,unknown,yes,no,cellular,may,1,6,2,success,0.9788151866642475,yes,High
9,34,admin.,single,university.degree,no,no,cellular,mar,1,6,1,success,0.9785577665078279,yes,High
10,70,retired,divorced,basic.4y,no,no,cellular,jul,2,6,2,success,0.977444484120183,yes,High
11,59,retired,married,professional.course,yes,no,cellular,aug,2,3,2,success,0.976246601928108,yes,High
12,78,retired,divorced,basic.4y,yes,no,cellular,may,2,7,2,success,0.9758753283596461,yes,High
13,50,admin.,single,university.degree,no,no,cellular,aug,1,6,2,success,0.9757827700468759,yes,High
14,60,retired,married,university.degree,no,no,cellular,sep,2,6,1,success,0.9751666743627903,yes,High
15,41,unemployed,married,high.school,yes,yes,cellular,sep,1,6,1,success,0.9750678940844624,yes,High
16,29,admin.,single,high.school,yes,no,cellular,sep,1,6,2,success,0.9745064319355531,yes,High
17,78,retired,married,unknown,no,no,cellular,mar,1,6,2,success,0.9740837062171861,yes,High
18,40,technician,married,professional.course,yes,no,cellular,may,1,3,4,success,0.9737541715569268,yes,High
19,47,management,married,university.degree,yes,no,cellular,aug,3,3,2,success,0.9731027092611866,yes,High
20,92,retired,married,unknown,no,yes,cellular,aug,1,3,4,success,0.9726075741630699,yes,High
21,27,student,single,university.degree,no,no,cellular,aug,1,3,3,success,0.9715035551868004,yes,High
22,26,admin.,single,high.school,no,no,cellular,mar,2,6,1,success,0.9714533022733635,yes,High
23,83,retired,divorced,basic.4y,no,no,cellular,sep,1,9,3,success,0.9713273209359972,yes,High
24,92,retired,married,unknown,no,yes,cellular,aug,1,3,1,success,0.9712007339224831,yes,High
25,42,technician,married,professional.course,no,no,cellular,aug,1,6,2,success,0.9710885495040243,yes,High
26,68,retired,divorced,high.school,yes,yes,cellular,jul,1,3,1,success,0.971060718039505,yes,High
27,33,admin.,married,university.degree,yes,no,cellular,may,1,3,2,success,0.9705143038086202,yes,High
28,52,technician,married,university.degree,no,no,cellular,may,1,3,4,success,0.9702823966399552,yes,High
29,48,admin.,married,university.degree,yes,yes,cellular,aug,1,0,3,success,0.9699686140813653,yes,High
30,58,blue-collar,married,basic.4y,yes,no,cellular,aug,1,3,1,success,0.9697043263259121,yes,High
31,52,admin.,married,university.degree,no,no,cellular,may,1,3,2,success,0.9682952770147485,yes,High
32,52,management,married,university.degree,no,no,cellular,may,2,9,1,success,0.9675079568879189,yes,High
33,23,student,single,professional.course,yes,no,cellular,sep,1,8,2,success,0.9673102100911057,yes,High
34,37,admin.,single,high.school,no,no,cellular,mar,2,4,2,success,0.9670498103487498,yes,High
35,32,admin.,single,university.degree,yes,no,cellular,jul,2,6,1,success,0.9662685262097739,yes,High
36,21,student,single,basic.9y,no,no,cellular,mar,1,6,1,success,0.9660174170522947,yes,High
37,24,student,single,high.school,yes,yes,cellular,sep,2,6,2,success,0.9659626837741371,yes,High
38,80,retired,divorced,basic.4y,yes,yes,cellular,apr,1,10,2,success,0.9647351635372274,yes,High
39,48,admin.,divorced,high.school,no,no,cellular,jun,1,6,1,success,0.9635117247971249,yes,High
40,36,admin.,single,university.degree,no,no,cellular,jun,1,7,1,success,0.963453693829421,yes,High
41,34,admin.,single,university.degree,no,no,cellular,nov,1,7,2,success,0.9628349555840827,yes,High
42,37,unemployed,single,university.degree,yes,no,cellular,jun,2,6,1,success,0.9627589205433493,yes,High
43,33,admin.,married,university.degree,yes,no,cellular,nov,2,3,1,success,0.9626636059054338,yes,High
44,44,services,divorced,basic.6y,yes,no,cellular,aug,3,0,1,success,0.9626515173762544,yes,High
45,33,admin.,married,university.degree,yes,no,cellular,nov,2,3,3,success,0.9626133423853173,yes,High
46,30,admin.,single,university.degree,no,no,cellular,jul,1,3,2,success,0.961988372729363,yes,High
47,30,technician,single,professional.course,no,no,cellular,sep,1,6,1,success,0.9617899139542667,yes,High
48,20,student,single,unknown,no,no,cellular,may,2,3,5,success,0.9615815532630734,yes,High
49,38,admin.,married,university.degree,yes,no,cellular,nov,1,3,3,success,0.9612862114769319,yes,High
50,32,admin.,single,university.degree,yes,no,cellular,jul,2,15,1,success,0.9606820700787914,yes,High
51,54,admin.,married,high.school,no,no,cellular,oct,2,6,2,success,0.9603341142628775,yes,High
52,48,technician,married,professional.course,no,no,cellular,oct,1,6,3,success,0.9602144825154156,yes,High
53,56,retired,married,high.school,no,no,cellular,jun,1,3,1,success,0.9600525699070077,yes,High
54,33,admin.,single,university.degree,yes,no,cellular,apr,1,7,2,success,0.9580352528178608,yes,High
55,37,housemaid,married,university.degree,no,no,cellular,oct,2,13,2,success,0.9579246162796672,yes,High
56,29,admin.,married,university.degree,unknown,unknown,cellular,jul,1,3,1,success,0.9578995353846564,yes,High
57,72,retired,married,basic.4y,no,yes,cellular,jul,4,8,1,success,0.9577645309502905,yes,High
58,79,retired,married,basic.4y,no,yes,cellular,nov,2,3,1,success,0.9573549286290575,yes,High
59,33,admin.,single,university.degree,no,no,cellular,mar,1,6,2,success,0.956836612236595,yes,High
60,36,unemployed,married,high.school,yes,no,cellular,oct,1,3,1,success,0.9567813228724943,yes,High
61,21,student,single,high.school,yes,no,cellular,aug,3,9,2,success,0.9567642096331223,yes,High
62,31,admin.,single,university.degree,yes,no,cellular,jul,2,13,2,success,0.9566661888686055,yes,High
63,80,retired,married,basic.4y,no,no,cellular,may,1,3,3,success,0.9566067554403238,yes,High
64,35,admin.,married,university.degree,no,no,cellular,jul,2,3,4,success,0.9562489592513037,yes,High
65,30,admin.,single,university.degree,no,no,cellular,may,1,6,1,success,0.9561317407684448,yes,High
66,47,admin.,single,basic.9y,yes,yes,cellular,jul,2,6,1,success,0.9561303435122289,yes,High
67,59,retired,divorced,basic.4y,yes,yes,cellular,jul,1,6,1,success,0.9555932361117879,yes,High
68,37,management,married,university.degree,yes,no,cellular,oct,3,5,5,success,0.9549769023809805,yes,High
69,45,admin.,divorced,university.degree,no,yes,cellular,jun,1,3,2,success,0.9548902120377394,yes,High
70,60,retired,married,professional.course,yes,yes,cellular,jul,4,6,2,success,0.9541626460713964,yes,High
71,30,admin.,single,university.degree,yes,no,cellular,jul,2,3,1,success,0.9541178470055335,yes,High
72,36,management,married,university.degree,no,no,cellular,jun,1,3,2,success,0.9536434692838032,yes,High
73,46,technician,married,professional.course,no,yes,cellular,apr,1,5,2,success,0.9533342870857894,yes,High
74,65,retired,married,basic.4y,yes,yes,cellular,oct,1,3,3,success,0.9532627667469595,yes,High
75,20,student,single,basic.9y,yes,no,cellular,jul,3,6,3,success,0.9521510167275962,yes,High
76,26,technician,single,university.degree,no,no,cellular,jul,2,6,1,success,0.9511404705094839,yes,High
77,37,technician,married,professional.course,yes,yes,cellular,mar,1,9,1,success,0.951066606811538,yes,High
78,65,management,married,unknown,no,no,cellular,dec,2,9,1,success,0.9509580823902426,yes,High
79,34,admin.,divorced,high.school,no,no,cellular,nov,2,6,3,success,0.9505457015033886,yes,High
80,61,management,married,university.degree,yes,no,cellular,nov,1,7,1,success,0.9494159916952954,yes,High
81,26,student,single,high.school,yes,yes,cellular,apr,1,6,2,success,0.9493913145057341,yes,High
82,29,admin.,single,high.school,yes,no,cellular,nov,2,7,2,success,0.9492042805836945,yes,High
83,56,retired,married,professional.course,unknown,unknown,cellular,oct,1,6,1,success,0.9481415686720669,yes,High
84,34,technician,married,professional.course,yes,no,cellular,oct,2,8,1,success,0.947990024705741,yes,High
85,31,admin.,single,university.degree,unknown,unknown,cellular,oct,1,3,1,success,0.9473240504417773,yes,High
86,37,admin.,married,university.degree,unknown,unknown,cellular,jun,1,10,1,success,0.9455500161615331,yes,High
87,30,student,single,unknown,no,no,cellular,mar,1,14,1,success,0.9455411651511262,yes,High
88,26,admin.,married,high.school,yes,no,cellular,nov,1,7,1,success,0.9455038046449286,yes,High
89,60,unemployed,married,basic.4y,no,no,cellular,nov,2,6,1,success,0.9454296307313835,yes,High
90,29,admin.,married,high.school,yes,no,cellular,jun,2,13,1,success,0.9453348147820763,yes,High
91,33,student,married,professional.course,yes,no,cellular,aug,3,3,4,success,0.9448206686719133,yes,High
92,32,admin.,single,university.degree,no,no,cellular,jun,1,12,2,success,0.9447713648965039,yes,High
93,26,admin.,single,university.degree,no,yes,cellular,jun,2,6,1,success,0.9441234390024834,yes,High
94,60,self-employed,divorced,university.degree,no,no,cellular,sep,1,3,1,success,0.9432439472851641,yes,High
95,37,admin.,divorced,university.degree,no,no,cellular,aug,3,9,1,success,0.9430529967231694,yes,High
96,30,admin.,married,university.degree,no,yes,cellular,may,2,9,2,success,0.9429627066192278,yes,High
97,23,student,single,university.degree,yes,no,cellular,dec,2,6,2,success,0.9428727468984794,yes,High
98,24,admin.,single,university.degree,yes,yes,cellular,aug,5,6,2,success,0.9427292407114173,yes,High
99,83,retired,married,high.school,no,no,cellular,dec,1,4,3,success,0.942649629279303,yes,High
100,30,technician,married,university.degree,yes,no,cellular,dec,2,6,1,success,0.9421727543842451,yes,High
101,35,technician,single,professional.course,yes,no,cellular,jun,1,6,2,success,0.9417638627876869,yes,High
102,32,admin.,married,university.degree,no,yes,cellular,jun,3,3,1,success,0.9416782292807898,yes,High
103,29,management,married,university.degree,yes,no,cellular,nov,1,9,1,success,0.9413741926434036,yes,High
104,47,technician,married,basic.6y,no,no,cellular,sep,2,6,3,success,0.9412000132423564,yes,High
105,77,retired,married,university.degree,yes,no,telephone,may,1,3,4,success,0.9411340411547453,yes,High
106,36,blue-collar,single,high.school,yes,yes,cellular,jun,2,3,1,success,0.9404894183846014,yes,High
107,62,retired,married,university.degree,no,no,cellular,nov,2,6,3,success,0.9402207590689019,yes,High
108,63,admin.,married,university.degree,yes,no,cellular,oct,2,6,1,success,0.9399723366997762,yes,High
109,56,technician,married,basic.4y,no,no,cellular,oct,3,3,1,success,0.9382499745984816,yes,High
110,56,admin.,married,university.degree,yes,no,cellular,sep,2,3,2,success,0.9376511981794539,yes,High
111,31,technician,married,university.degree,yes,yes,cellular,oct,4,6,2,success,0.9356882766931399,yes,High
112,25,admin.,single,university.degree,yes,no,cellular,sep,1,1,1,success,0.9350790617830612,yes,High
113,38,entrepreneur,married,basic.6y,no,no,cellular,jun,1,2,3,success,0.9349169549355961,yes,High
114,25,admin.,single,university.degree,yes,yes,cellular,jun,3,4,1,success,0.9343561375340182,yes,High
115,43,self-employed,married,university.degree,yes,no,cellular,mar,2,9,1,success,0.9339265660441345,yes,High
116,34,technician,single,basic.9y,no,no,cellular,aug,3,6,3,success,0.9338343429572963,yes,High
117,37,technician,married,professional.course,no,no,cellular,apr,1,18,1,success,0.933434211180785,yes,High
118,35,technician,divorced,basic.4y,yes,no,cellular,nov,3,4,2,success,0.9330357888559005,yes,High
119,27,admin.,married,university.degree,yes,no,cellular,aug,5,12,1,success,0.9326979672284221,yes,High
120,56,technician,divorced,professional.course,no,no,cellular,oct,1,3,2,success,0.9323452882274756,yes,High
121,25,services,single,unknown,yes,no,cellular,jun,2,3,3,success,0.930824713483312,yes,High
122,43,admin.,married,high.school,yes,no,cellular,dec,4,6,1,success,0.9294515257758114,yes,High
123,53,housemaid,married,basic.4y,no,yes,telephone,nov,1,3,1,success,0.9294151457798817,yes,High
124,50,management,married,university.degree,yes,no,cellular,oct,2,4,1,success,0.9286528396132957,yes,High
125,34,technician,single,unknown,yes,no,cellular,aug,2,3,1,success,0.9265196693866572,yes,High
126,27,unknown,single,university.degree,yes,no,cellular,jun,4,3,2,success,0.925737954586783,yes,High
127,73,retired,married,basic.4y,yes,no,cellular,jul,1,999,0,nonexistent,0.9256541935677515,yes,High
128,39,technician,divorced,high.school,no,no,cellular,mar,1,3,1,success,0.9255904071554691,yes,High
129,45,admin.,married,university.degree,no,no,cellular,sep,1,3,2,success,0.923872316350735,yes,High
130,30,technician,unknown,university.degree,no,no,cellular,oct,2,16,1,success,0.9234831123971304,yes,High
131,40,services,married,professional.course,yes,no,cellular,oct,1,3,1,success,0.9231597188998012,yes,High
132,25,technician,single,university.degree,yes,no,cellular,jun,2,3,1,success,0.9231349744059419,yes,High
133,74,retired,divorced,basic.4y,yes,no,cellular,oct,3,3,2,success,0.9216978221175562,yes,High
134,25,admin.,single,university.degree,no,yes,cellular,nov,1,3,2,success,0.9214554326690203,yes,High
135,35,blue-collar,married,basic.9y,yes,no,cellular,dec,1,4,3,success,0.9200023890348075,yes,High
136,40,services,married,high.school,yes,no,cellular,nov,3,3,2,success,0.9199783391053391,yes,High
137,49,admin.,married,high.school,no,no,cellular,oct,1,6,3,success,0.9199293638510763,yes,High
138,36,housemaid,single,university.degree,unknown,unknown,cellular,aug,2,3,1,success,0.9193521690014804,yes,High
139,30,admin.,single,university.degree,yes,yes,cellular,aug,1,4,1,success,0.9189260695452551,yes,High
140,35,technician,single,professional.course,yes,no,cellular,jul,6,6,1,success,0.9185724563897385,yes,High
141,39,technician,divorced,high.school,no,no,cellular,mar,1,12,2,success,0.9182976799886565,yes,High
142,63,housemaid,married,basic.4y,yes,no,cellular,sep,1,3,1,success,0.9176969136003679,yes,High
143,51,admin.,divorced,high.school,yes,no,cellular,aug,1,6,1,success,0.9170595494873527,yes,High
144,52,admin.,married,university.degree,yes,no,cellular,may,2,999,0,nonexistent,0.9168568545867554,yes,High
145,25,services,single,high.school,yes,no,cellular,jun,2,3,1,success,0.916443299450687,yes,High
146,61,retired,married,basic.4y,yes,no,cellular,aug,1,15,1,success,0.9154067542730239,yes,High
147,60,retired,married,professional.course,yes,no,cellular,sep,1,3,1,success,0.9152192913781781,yes,High
148,48,admin.,divorced,university.degree,yes,no,cellular,aug,1,4,1,success,0.9150557075153226,yes,High
149,34,admin.,single,university.degree,yes,no,cellular,mar,2,999,0,nonexistent,0.9148720181678334,yes,High
150,85,retired,single,professional.course,no,no,cellular,mar,7,7,2,success,0.9146022922366587,yes,High
151,42,blue-collar,married,basic.6y,yes,yes,cellular,mar,1,7,3,failure,0.9142663038223198,yes,High
152,46,admin.,married,university.degree,yes,no,cellular,mar,1,999,0,nonexistent,0.9141290469870346,yes,High
153,80,retired,divorced,basic.4y,yes,yes,cellular,apr,2,999,0,nonexistent,0.9140178696244025,yes,High
154,34,admin.,single,university.degree,no,yes,cellular,mar,1,999,0,nonexistent,0.9138602451811046,yes,High
155,66,management,divorced,university.degree,no,no,cellular,sep,1,1,1,success,0.9138048126452406,yes,High
156,57,unknown,married,basic.4y,yes,no,cellular,jul,3,999,0,nonexistent,0.9134445019252003,yes,High
157,70,admin.,married,basic.4y,yes,yes,cellular,sep,1,3,1,success,0.9120957438721398,yes,High
158,66,retired,married,basic.4y,unknown,unknown,cellular,oct,1,6,3,success,0.9119051534222192,yes,High
159,22,student,single,high.school,no,no,cellular,oct,3,6,1,success,0.9118338006129001,yes,High
160,98,retired,married,basic.4y,yes,no,cellular,oct,1,2,2,success,0.9116926158848474,yes,High
161,53,unknown,married,professional.course,no,no,cellular,jun,2,3,1,success,0.9109719429845543,yes,High
162,40,blue-collar,divorced,professional.course,no,no,cellular,jun,2,3,1,success,0.9108588269342041,yes,High
163,52,admin.,married,professional.course,no,no,cellular,jul,1,999,0,nonexistent,0.9108166774722328,yes,High
164,28,services,single,basic.6y,no,no,cellular,jun,2,4,1,success,0.9107943014352771,yes,High
165,37,admin.,married,high.school,yes,no,cellular,apr,1,2,1,success,0.9105265678130106,yes,High
166,42,self-employed,married,university.degree,yes,no,cellular,jun,1,3,1,success,0.9097888965287095,yes,High
167,49,admin.,married,high.school,no,no,cellular,sep,1,3,1,success,0.9093165327350069,yes,High
168,28,management,single,university.degree,yes,no,cellular,jun,1,4,1,success,0.9090792764024814,yes,High
169,41,technician,married,professional.course,no,no,cellular,nov,2,6,1,success,0.908889240623225,yes,High
170,27,admin.,single,university.degree,no,no,cellular,mar,1,999,0,nonexistent,0.908357826644638,yes,High
171,45,admin.,married,university.degree,no,no,cellular,jul,1,13,1,success,0.9082646591317644,yes,High
172,40,technician,single,university.degree,yes,no,cellular,nov,2,3,1,success,0.9075712380350612,yes,High
173,85,retired,divorced,basic.4y,yes,no,cellular,dec,3,6,1,success,0.9066420288783723,yes,High
174,46,housemaid,single,university.degree,yes,yes,cellular,jun,1,3,1,success,0.9063779358762918,yes,High
175,33,management,married,university.degree,no,no,telephone,aug,1,6,2,success,0.90630506841583,yes,High
176,28,technician,single,high.school,unknown,unknown,cellular,oct,1,6,1,success,0.9061779914730829,yes,High
177,53,admin.,single,university.degree,no,no,cellular,apr,1,2,1,success,0.9060847185057844,yes,High
178,22,student,single,basic.9y,no,no,cellular,oct,2,6,1,success,0.90585835591166,yes,High
179,54,blue-collar,married,basic.9y,yes,no,cellular,jun,2,3,1,success,0.9055318390420724,yes,High
180,25,admin.,single,university.degree,yes,no,cellular,aug,1,6,1,success,0.9051127508750904,yes,High
181,37,admin.,married,high.school,yes,no,cellular,jul,2,999,0,nonexistent,0.9046562297961003,yes,High
182,74,retired,divorced,basic.4y,yes,no,cellular,aug,1,13,1,success,0.9043545451645983,yes,High
183,31,student,single,university.degree,no,no,cellular,aug,1,9,2,failure,0.9042619831084735,yes,High
184,34,technician,single,professional.course,no,no,cellular,mar,1,999,0,nonexistent,0.9038827459502651,yes,High
185,29,admin.,single,university.degree,yes,no,telephone,jun,2,3,1,success,0.9035208298767122,yes,High
186,46,admin.,married,university.degree,yes,no,cellular,jul,3,999,0,nonexistent,0.9030638843417124,yes,High
187,28,admin.,single,university.degree,no,no,cellular,mar,1,999,0,nonexistent,0.9030473455238086,yes,High
188,38,technician,married,professional.course,yes,no,cellular,jun,4,3,1,success,0.9026172600679193,yes,High
189,43,technician,married,high.school,yes,no,cellular,sep,1,3,1,success,0.9014724072727095,yes,High
190,56,retired,married,basic.4y,no,no,cellular,mar,2,9,2,failure,0.9006368512366048,yes,High
191,66,retired,married,high.school,no,no,cellular,mar,1,999,0,nonexistent,0.900314206320182,yes,High
192,43,technician,married,professional.course,yes,no,cellular,jul,1,999,0,nonexistent,0.9000283573616281,yes,High
193,74,retired,divorced,basic.4y,yes,yes,cellular,jul,2,999,0,nonexistent,0.899970269969021,yes,High
194,28,admin.,married,high.school,no,yes,cellular,may,2,999,0,nonexistent,0.899615379246616,yes,High
195,36,admin.,single,high.school,yes,no,cellular,aug,1,3,2,success,0.8994698205685324,yes,High
196,17,student,single,unknown,no,yes,cellular,oct,1,2,2,success,0.8994022051932401,yes,High
197,29,admin.,single,university.degree,yes,no,cellular,jul,1,999,0,nonexistent,0.8991009032121949,yes,High
198,26,admin.,single,high.school,no,no,telephone,oct,2,4,1,success,0.8990394593427641,yes,High
199,41,admin.,married,university.degree,yes,no,cellular,apr,1,999,0,nonexistent,0.898835489570224,yes,High
200,34,admin.,married,high.school,no,yes,cellular,sep,2,999,0,nonexistent,0.8984094963057185,yes,High
201,56,retired,married,high.school,yes,yes,cellular,aug,1,3,2,success,0.8983363660817795,yes,High
202,63,admin.,married,university.degree,yes,no,cellular,jul,2,999,0,nonexistent,0.8981665596646629,yes,High
203,32,management,single,university.degree,no,no,cellular,aug,1,3,2,success,0.8978826213097896,yes,High
204,35,admin.,single,university.degree,yes,no,cellular,apr,2,999,0,nonexistent,0.8975506496078137,yes,High
205,61,retired,married,high.school,yes,no,cellular,sep,1,3,1,success,0.8973479480816732,yes,High
206,56,management,married,professional.course,no,no,cellular,dec,1,999,0,nonexistent,0.8969689621132582,yes,High
207,33,technician,married,university.degree,no,no,cellular,sep,1,999,0,nonexistent,0.8969678407668117,yes,High
208,53,admin.,divorced,university.degree,no,no,cellular,mar,1,999,0,nonexistent,0.8967010433030626,yes,High
209,24,student,single,high.school,no,no,cellular,jun,6,6,1,success,0.8966909969668929,yes,High
210,88,retired,divorced,basic.4y,yes,yes,cellular,mar,3,999,0,nonexistent,0.8966871616038886,yes,High
211,28,student,single,university.degree,unknown,unknown,cellular,may,2,999,0,nonexistent,0.8959570061467175,yes,High
212,35,management,married,university.degree,no,no,cellular,nov,3,7,3,failure,0.8954562746899526,yes,High
213,68,retired,married,basic.4y,yes,no,cellular,apr,1,999,0,nonexistent,0.8951385744219955,yes,High
214,63,retired,married,basic.4y,no,no,cellular,jul,1,999,0,nonexistent,0.8946119553996887,yes,High
215,52,admin.,married,professional.course,no,no,cellular,sep,2,999,0,nonexistent,0.8944805529476221,yes,High
216,59,admin.,divorced,university.degree,yes,no,cellular,mar,1,999,0,nonexistent,0.8930959023212406,yes,High
217,34,admin.,divorced,high.school,no,no,cellular,mar,1,999,0,nonexistent,0.8928841237130278,yes,High
218,31,admin.,married,university.degree,unknown,unknown,cellular,mar,1,999,0,nonexistent,0.8925053080950279,yes,High
219,34,services,married,basic.9y,no,no,cellular,jul,1,999,0,nonexistent,0.8924254071159242,yes,High
220,51,services,married,high.school,yes,no,cellular,nov,3,6,3,success,0.892419783700667,yes,High
221,53,blue-collar,single,basic.9y,yes,no,cellular,jul,1,999,0,nonexistent,0.8922636598752317,yes,High
222,53,admin.,married,high.school,yes,no,cellular,jul,6,999,0,nonexistent,0.8920444868994847,yes,High
223,61,retired,married,high.school,yes,no,cellular,apr,4,999,0,nonexistent,0.8915981793792349,yes,High
224,45,blue-collar,married,high.school,yes,yes,cellular,nov,2,5,3,success,0.891228035375459,yes,High
225,25,admin.,single,university.degree,no,no,cellular,aug,1,999,0,nonexistent,0.8910391212367146,yes,High
226,59,admin.,married,high.school,yes,no,cellular,aug,2,2,1,success,0.8909437782344143,yes,High
227,53,technician,married,high.school,yes,no,cellular,mar,2,999,0,nonexistent,0.8908485956443244,yes,High
228,37,admin.,married,high.school,no,no,telephone,apr,2,999,0,nonexistent,0.890434324033113,yes,High
229,31,unknown,single,high.school,no,no,cellular,may,5,6,2,success,0.8897922806973446,yes,High
230,36,blue-collar,single,basic.6y,yes,no,cellular,nov,1,999,0,nonexistent,0.8890470554349734,yes,High
231,34,admin.,single,university.degree,no,no,telephone,oct,1,999,0,nonexistent,0.8888110220896516,yes,High
232,27,student,single,basic.9y,yes,no,cellular,aug,1,999,0,nonexistent,0.8887402276884251,yes,High
233,61,retired,married,university.degree,no,no,telephone,aug,2,3,1,success,0.887988185254092,yes,High
234,50,management,married,university.degree,no,no,telephone,jun,5,6,1,success,0.8878520405316923,yes,High
235,30,admin.,married,university.degree,no,no,telephone,oct,1,999,0,nonexistent,0.8875097327215887,yes,High
236,64,retired,married,basic.4y,yes,no,cellular,mar,2,999,0,nonexistent,0.8871176006367024,yes,High
237,27,student,single,high.school,no,no,cellular,mar,1,999,0,nonexistent,0.8870056999254746,yes,High
238,27,admin.,single,university.degree,no,no,cellular,oct,1,999,0,nonexistent,0.8865657445949631,yes,High
239,48,admin.,married,professional.course,yes,no,cellular,apr,1,7,1,success,0.8863867220087106,yes,High
240,37,admin.,married,university.degree,no,no,cellular,nov,2,6,1,success,0.8860888231319692,yes,High
241,30,student,single,professional.course,yes,no,cellular,sep,4,19,1,success,0.8855942913220781,yes,High
242,35,technician,divorced,basic.4y,no,no,cellular,nov,1,999,0,nonexistent,0.8855925432121147,yes,High
243,22,student,single,high.school,no,no,cellular,aug,2,3,1,success,0.8855446685376207,yes,High
244,31,technician,married,university.degree,no,no,cellular,mar,4,999,0,nonexistent,0.8855318895275934,yes,High
245,49,entrepreneur,single,university.degree,yes,no,cellular,aug,6,5,1,success,0.8854034635904304,yes,High
246,37,admin.,married,university.degree,yes,no,cellular,nov,1,999,0,nonexistent,0.8852306097498693,yes,High
247,17,student,single,basic.9y,yes,no,cellular,aug,3,4,2,success,0.8850978914699518,yes,High
248,53,technician,married,university.degree,no,no,cellular,sep,2,999,0,nonexistent,0.884796363038988,yes,High
249,37,management,married,high.school,yes,no,cellular,aug,1,999,0,nonexistent,0.8844290034836689,yes,High
250,37,admin.,single,university.degree,yes,yes,cellular,jun,3,999,0,nonexistent,0.8842738403745616,yes,High
251,57,admin.,married,high.school,yes,no,cellular,nov,1,3,3,success,0.8842533341483907,yes,High
252,74,retired,divorced,basic.4y,yes,no,cellular,apr,2,999,0,nonexistent,0.8838821492255605,yes,High
253,21,admin.,single,university.degree,yes,no,cellular,aug,2,4,1,success,0.8835162441230936,yes,High
254,36,admin.,married,university.degree,yes,no,cellular,apr,1,0,1,success,0.8831307134083615,yes,High
255,33,entrepreneur,married,university.degree,yes,no,telephone,oct,1,999,0,nonexistent,0.8829551922201732,yes,High
256,49,admin.,married,high.school,no,no,cellular,apr,1,6,1,success,0.882515521153227,yes,High
257,45,unemployed,married,high.school,no,no,cellular,sep,2,999,0,nonexistent,0.8821549421911405,yes,High
258,32,student,single,unknown,yes,no,cellular,may,2,999,0,nonexistent,0.8818851466990858,yes,High
259,27,services,single,university.degree,no,no,cellular,mar,1,999,0,nonexistent,0.881872604681298,yes,High
260,26,self-employed,single,university.degree,yes,no,cellular,sep,1,999,0,nonexistent,0.8818245500682191,yes,High
261,56,admin.,married,basic.9y,yes,no,cellular,aug,1,4,1,success,0.8816131900850246,yes,High
262,48,entrepreneur,married,university.degree,no,yes,cellular,aug,2,4,2,success,0.881441884126919,yes,High
263,22,technician,single,professional.course,yes,no,cellular,aug,1,999,0,nonexistent,0.8813041213948494,yes,High
264,84,retired,married,high.school,no,no,cellular,dec,1,999,0,nonexistent,0.8810442646394546,yes,High
265,33,technician,married,professional.course,yes,no,cellular,sep,1,999,0,nonexistent,0.8810441761116756,yes,High
266,35,technician,married,professional.course,yes,no,cellular,sep,2,999,0,nonexistent,0.8809168628943889,yes,High
267,43,services,married,high.school,no,yes,cellular,aug,2,3,2,success,0.8809143144912698,yes,High
268,26,admin.,married,high.school,no,no,cellular,jun,4,12,3,failure,0.8808305807924527,yes,High
269,29,admin.,single,high.school,no,no,cellular,jun,5,999,0,nonexistent,0.8806153010058534,yes,High
270,26,admin.,single,university.degree,yes,no,cellular,sep,1,999,0,nonexistent,0.880466207354105,yes,High
271,28,student,single,basic.9y,yes,no,cellular,mar,2,999,0,nonexistent,0.8804376815174457,yes,High
272,31,self-employed,single,university.degree,no,no,cellular,apr,1,999,0,nonexistent,0.8802676540995583,yes,High
273,24,blue-collar,single,basic.9y,unknown,unknown,cellular,jun,1,3,1,success,0.8799731599470749,yes,High
274,29,blue-collar,single,professional.course,yes,yes,cellular,mar,1,999,0,nonexistent,0.8799652660222971,yes,High
275,78,retired,married,basic.4y,yes,no,telephone,mar,1,999,0,nonexistent,0.8793439893858094,yes,High
276,65,technician,married,professional.course,no,no,cellular,sep,1,999,0,nonexistent,0.8791444358609853,yes,High
277,33,technician,single,professional.course,yes,no,cellular,sep,1,999,0,nonexistent,0.8785018172526666,yes,High
278,61,retired,married,basic.9y,no,no,cellular,apr,2,999,0,nonexistent,0.8784310745054118,yes,High
279,33,admin.,single,university.degree,yes,no,cellular,jul,4,999,0,nonexistent,0.8778299717438801,yes,High
280,43,management,married,university.degree,no,no,cellular,jun,1,999,0,nonexistent,0.8774625598536382,yes,High
281,41,admin.,single,high.school,yes,no,cellular,aug,1,6,1,success,0.8774328099074954,yes,High
282,32,technician,married,high.school,no,no,cellular,sep,1,999,0,nonexistent,0.8774240453260563,yes,High
283,85,housemaid,married,basic.4y,no,no,cellular,apr,1,999,0,nonexistent,0.8773535326784004,yes,High
284,29,admin.,married,high.school,yes,no,cellular,jun,3,999,0,nonexistent,0.8765923052676076,yes,High
285,60,retired,married,high.school,no,no,cellular,sep,1,999,0,nonexistent,0.8761089207576664,yes,High
286,30,blue-collar,married,high.school,no,no,cellular,mar,1,999,0,nonexistent,0.8760901851177191,yes,High
287,41,admin.,divorced,high.school,unknown,unknown,cellular,aug,1,999,0,nonexistent,0.8750736758874232,yes,High
288,32,services,single,high.school,yes,yes,cellular,aug,1,4,2,success,0.8750469628402775,yes,High
289,42,admin.,single,high.school,no,no,cellular,sep,1,999,0,nonexistent,0.8743440714267691,yes,High
290,76,housemaid,married,basic.4y,no,no,cellular,jun,5,999,0,nonexistent,0.873853208446783,yes,High
291,33,technician,married,unknown,yes,yes,cellular,sep,1,9,3,failure,0.8736170427419774,yes,High
292,39,entrepreneur,married,university.degree,yes,no,cellular,sep,3,999,0,nonexistent,0.8736052929641935,yes,High
293,46,services,married,university.degree,yes,no,cellular,sep,1,999,0,nonexistent,0.8731183912210266,yes,High
294,33,admin.,married,university.degree,no,no,cellular,may,2,15,3,failure,0.8727973702619979,yes,High
295,29,student,single,high.school,yes,yes,cellular,nov,1,3,3,success,0.8727885276059254,yes,High
296,81,retired,divorced,basic.4y,yes,no,cellular,dec,3,999,0,nonexistent,0.8725157301536491,yes,High
297,33,blue-collar,single,high.school,yes,no,cellular,mar,1,999,0,nonexistent,0.8722415204376656,yes,High
298,26,technician,single,university.degree,no,no,cellular,oct,1,999,0,nonexistent,0.8722274859503314,yes,High
299,41,services,married,high.school,no,no,cellular,mar,2,999,0,nonexistent,0.8711249560146803,yes,High
300,25,services,single,unknown,yes,no,cellular,jun,1,13,2,failure,0.8710734906029597,yes,High
301,37,technician,married,professional.course,no,no,cellular,aug,3,4,2,success,0.8709545459407069,yes,High
302,30,housemaid,single,university.degree,no,no,cellular,sep,2,999,0,nonexistent,0.8706374165181348,yes,High
303,38,technician,married,professional.course,no,no,cellular,mar,3,999,0,nonexistent,0.870472127628928,yes,High
304,95,retired,divorced,basic.6y,no,no,cellular,mar,1,999,0,nonexistent,0.8703421635385806,yes,High
305,51,unemployed,divorced,high.school,no,no,cellular,dec,2,999,0,nonexistent,0.8703111408353166,yes,High
306,38,technician,married,professional.course,no,no,cellular,mar,1,999,0,nonexistent,0.8699576204319228,yes,High
307,71,retired,married,professional.course,yes,no,cellular,nov,1,999,0,nonexistent,0.8698626573748146,yes,High
308,63,housemaid,married,basic.9y,yes,no,cellular,apr,1,999,0,nonexistent,0.8695634712979747,yes,High
309,77,retired,divorced,unknown,yes,no,cellular,mar,1,999,0,nonexistent,0.8692423447378355,yes,High
310,36,self-employed,single,university.degree,yes,no,telephone,oct,1,999,0,nonexistent,0.8688360036877852,yes,High
311,21,student,single,high.school,no,no,cellular,aug,2,4,2,success,0.8686054036591886,yes,High
312,27,admin.,single,university.degree,yes,no,cellular,aug,2,999,0,nonexistent,0.8677952721609525,yes,High
313,31,admin.,single,university.degree,yes,no,cellular,nov,1,2,5,success,0.8677374456258485,yes,High
314,27,technician,single,professional.course,no,no,cellular,jun,2,999,0,nonexistent,0.8672605346104653,yes,High
315,32,technician,married,professional.course,yes,no,cellular,oct,2,999,0,nonexistent,0.8670397783627576,yes,High
316,33,housemaid,married,high.school,no,no,telephone,oct,1,999,0,nonexistent,0.8668089564261694,yes,High
317,38,entrepreneur,married,university.degree,no,no,cellular,nov,2,999,0,nonexistent,0.8665616835672822,yes,High
318,36,admin.,single,basic.9y,yes,yes,telephone,apr,1,999,0,nonexistent,0.8656604820044403,yes,High
319,39,technician,married,university.degree,yes,no,cellular,jun,2,999,0,nonexistent,0.8654931311772074,yes,High
320,32,management,single,university.degree,yes,no,cellular,mar,3,999,0,nonexistent,0.8647495959439149,yes,High
321,62,retired,divorced,high.school,yes,no,cellular,jun,4,999,0,nonexistent,0.8630218833845148,yes,High
322,39,admin.,single,high.school,yes,no,cellular,mar,2,999,0,nonexistent,0.8629197285913766,yes,High
323,36,admin.,single,university.degree,yes,yes,cellular,jun,1,999,0,nonexistent,0.8627450867414659,yes,High
324,39,management,married,university.degree,yes,no,cellular,sep,3,999,0,nonexistent,0.8623553504301047,yes,High
325,47,services,single,unknown,unknown,unknown,cellular,mar,2,999,0,nonexistent,0.862093398060641,yes,High
326,30,technician,single,professional.course,yes,no,cellular,sep,2,999,0,nonexistent,0.8620819804635577,yes,High
327,58,housemaid,single,professional.course,no,yes,cellular,apr,1,999,0,nonexistent,0.8617860094022592,yes,High
328,33,technician,married,professional.course,yes,yes,cellular,may,2,999,0,nonexistent,0.8616363227058625,yes,High
329,36,admin.,married,high.school,no,no,cellular,mar,1,999,0,nonexistent,0.8615605194607654,yes,High
330,43,admin.,divorced,university.degree,no,no,telephone,apr,4,999,0,nonexistent,0.8614452695961968,yes,High
331,74,retired,married,basic.4y,yes,no,cellular,aug,2,6,1,success,0.8611161786531083,yes,High
332,53,management,divorced,university.degree,no,no,cellular,jun,1,999,0,nonexistent,0.8605421155795856,yes,High
333,28,admin.,single,high.school,yes,no,cellular,mar,1,999,0,nonexistent,0.8604034062939188,yes,High
334,28,admin.,single,high.school,yes,no,cellular,mar,1,999,0,nonexistent,0.8604034062939188,yes,High
335,21,student,single,high.school,yes,no,cellular,jun,1,999,0,nonexistent,0.8602390952571879,yes,High
336,49,technician,married,university.degree,no,no,cellular,may,1,999,1,failure,0.8598642597800233,yes,High
337,34,blue-collar,married,basic.9y,yes,no,cellular,aug,2,999,0,nonexistent,0.8596263499944676,yes,High
338,21,student,single,high.school,no,no,cellular,mar,1,999,0,nonexistent,0.8595449401785764,yes,High
339,32,technician,divorced,professional.course,no,no,cellular,mar,2,999,0,nonexistent,0.8594544269148222,yes,High
340,38,technician,married,university.degree,no,no,cellular,mar,1,999,0,nonexistent,0.8592369505511708,yes,High
341,31,admin.,married,university.degree,yes,no,cellular,mar,3,999,0,nonexistent,0.8592157300421465,yes,High
342,34,technician,single,university.degree,no,no,cellular,oct,1,999,0,nonexistent,0.8590772584465348,yes,High
343,31,admin.,married,high.school,no,yes,cellular,aug,2,4,1,success,0.8586715746401192,yes,High
344,54,unemployed,married,high.school,yes,no,cellular,dec,1,999,0,nonexistent,0.8585703304492159,yes,High
345,56,admin.,divorced,unknown,no,no,cellular,dec,1,999,0,nonexistent,0.858532968415184,yes,High
346,35,technician,single,professional.course,no,no,cellular,jul,4,999,0,nonexistent,0.8584193731725046,yes,High
347,38,blue-collar,single,high.school,yes,no,telephone,mar,1,999,0,nonexistent,0.8583284304191712,yes,High
348,38,technician,married,professional.course,yes,no,cellular,mar,1,999,0,nonexistent,0.8581878248893048,yes,High
349,26,admin.,single,university.degree,no,no,cellular,mar,1,7,4,failure,0.8581795251599957,yes,High
350,34,housemaid,single,basic.4y,yes,no,cellular,nov,4,999,0,nonexistent,0.8572919425303956,yes,High
351,49,admin.,single,high.school,no,no,cellular,oct,1,999,1,failure,0.8572479646765464,yes,High
352,28,self-employed,single,university.degree,yes,no,cellular,mar,1,999,0,nonexistent,0.8570164753416711,yes,High
353,31,admin.,single,university.degree,yes,no,cellular,nov,1,999,0,nonexistent,0.856913086340462,yes,High
354,82,retired,single,basic.4y,yes,no,cellular,oct,2,999,0,nonexistent,0.8565895978201049,yes,High
355,33,technician,married,university.degree,yes,no,cellular,mar,2,999,0,nonexistent,0.8564941714096896,yes,High
356,41,admin.,married,university.degree,yes,no,cellular,nov,4,999,0,nonexistent,0.8562193820690326,yes,High
357,25,admin.,single,university.degree,no,yes,cellular,apr,1,999,0,nonexistent,0.856009229737885,yes,High
358,62,retired,married,basic.4y,no,no,cellular,aug,1,9,2,failure,0.8555831890219461,yes,High
359,51,blue-collar,married,professional.course,yes,no,cellular,dec,3,999,0,nonexistent,0.8555666344533709,yes,High
360,52,admin.,married,university.degree,no,yes,telephone,apr,3,999,0,nonexistent,0.8554912177187117,yes,High
361,25,unemployed,married,high.school,no,no,cellular,jun,2,999,0,nonexistent,0.8549385545551473,yes,High
362,21,student,single,high.school,no,no,cellular,jun,4,999,0,nonexistent,0.8547717571603244,yes,High
363,22,student,single,high.school,no,no,cellular,oct,2,999,1,failure,0.85450970585372,yes,High
365,28,admin.,single,high.school,no,no,cellular,mar,2,999,0,nonexistent,0.85422280993478,yes,High
364,28,admin.,single,high.school,no,no,cellular,mar,2,999,0,nonexistent,0.85422280993478,yes,High
366,22,services,single,professional.course,no,no,cellular,jul,1,999,1,failure,0.8536946118692538,yes,High
367,21,student,single,university.degree,no,no,cellular,jun,2,999,0,nonexistent,0.8536902808502591,yes,High
368,71,retired,married,basic.4y,no,no,cellular,nov,2,999,1,failure,0.8536706023223034,yes,High
369,43,blue-collar,married,basic.9y,no,no,telephone,oct,1,999,0,nonexistent,0.8532785147119865,yes,High
370,48,unemployed,single,basic.9y,yes,no,cellular,apr,1,2,1,success,0.8525825620432819,yes,High
371,32,admin.,married,high.school,yes,no,cellular,sep,1,999,0,nonexistent,0.8524611902729603,yes,High
372,57,blue-collar,divorced,basic.4y,no,no,cellular,jun,1,12,1,success,0.85201990091695,yes,High
373,55,admin.,married,university.degree,yes,yes,cellular,jul,2,999,1,failure,0.851854274356618,yes,High
374,29,services,single,unknown,yes,no,cellular,apr,2,999,0,nonexistent,0.8512926791013274,yes,High
375,32,admin.,single,university.degree,yes,no,cellular,dec,2,999,0,nonexistent,0.8512830113412942,yes,High
376,78,retired,married,professional.course,yes,no,cellular,nov,1,999,0,nonexistent,0.8512769666999687,yes,High
377,73,retired,divorced,professional.course,yes,no,cellular,jul,2,999,0,nonexistent,0.8511292416886045,yes,High
378,60,retired,married,basic.4y,yes,no,cellular,oct,1,999,0,nonexistent,0.850763116578599,yes,High
379,86,retired,married,basic.4y,yes,no,cellular,sep,3,999,0,nonexistent,0.8504088919420664,yes,High
380,69,retired,married,basic.4y,yes,no,cellular,oct,1,999,0,nonexistent,0.8495436971490414,yes,High
381,72,retired,married,basic.4y,yes,no,cellular,jul,2,999,1,failure,0.8495074653881666,yes,High
382,38,services,single,high.school,no,no,cellular,sep,2,999,0,nonexistent,0.8494690761291327,yes,High
383,50,technician,married,high.school,yes,no,cellular,dec,1,999,1,failure,0.849022687412936,yes,High
384,37,unemployed,single,university.degree,yes,no,cellular,mar,1,999,0,nonexistent,0.8484064165963809,yes,High
385,31,student,married,high.school,yes,no,cellular,dec,3,999,0,nonexistent,0.8484044703699346,yes,High
386,38,technician,married,university.degree,yes,no,cellular,mar,1,999,0,nonexistent,0.848267081126701,yes,High
387,30,admin.,married,university.degree,unknown,unknown,cellular,mar,3,8,1,success,0.8478164719312276,yes,High
388,78,retired,divorced,professional.course,yes,no,cellular,mar,1,999,1,failure,0.8475831971101396,yes,High
389,75,retired,married,university.degree,yes,no,cellular,jul,1,999,2,failure,0.8473221027882355,yes,High
390,31,admin.,married,high.school,yes,no,cellular,oct,2,999,1,failure,0.8472663776406347,yes,High
391,46,admin.,married,university.degree,no,no,cellular,mar,3,999,0,nonexistent,0.8472350775574591,yes,High
392,43,blue-collar,married,professional.course,yes,yes,cellular,jun,1,999,0,nonexistent,0.8468781235399134,yes,High
393,28,student,single,high.school,yes,no,cellular,jun,3,999,0,nonexistent,0.8464741515695894,yes,High
394,30,blue-collar,single,university.degree,no,no,cellular,mar,1,999,0,nonexistent,0.8457371795543699,yes,High
395,18,student,single,high.school,no,no,cellular,nov,2,7,2,failure,0.8454564623748663,yes,High
396,23,blue-collar,single,basic.9y,no,no,cellular,jul,4,999,1,failure,0.8453961985421192,yes,High
397,30,admin.,single,university.degree,no,no,cellular,jun,1,999,0,nonexistent,0.8443867529514179,yes,High
398,22,student,single,unknown,no,no,cellular,jun,1,999,0,nonexistent,0.8443397277512141,yes,High
399,80,retired,married,illiterate,yes,yes,cellular,aug,1,6,1,success,0.8437045208611883,yes,High
400,63,retired,married,professional.course,no,no,cellular,dec,4,999,0,nonexistent,0.8434249353679035,yes,High
401,31,admin.,married,professional.course,no,no,cellular,mar,2,999,0,nonexistent,0.8432290197943505,yes,High
402,26,admin.,single,university.degree,yes,no,cellular,jul,2,999,0,nonexistent,0.8424334538623068,yes,High
403,31,self-employed,single,university.degree,yes,no,cellular,oct,1,999,1,failure,0.8423301401239683,yes,High
404,36,technician,single,professional.course,no,no,cellular,dec,1,999,0,nonexistent,0.842220495214513,yes,High
405,79,retired,married,basic.4y,no,yes,cellular,nov,1,999,0,nonexistent,0.8420671574193109,yes,High
406,29,admin.,single,university.degree,yes,no,cellular,jul,2,999,1,failure,0.841567574838648,yes,High
407,30,admin.,single,university.degree,no,no,cellular,jun,1,999,0,nonexistent,0.8414791572798017,yes,High
408,24,services,single,high.school,no,no,cellular,jun,1,999,0,nonexistent,0.8411857035484954,yes,High
409,52,management,married,high.school,yes,yes,cellular,aug,1,10,4,failure,0.8411691679342209,yes,High
410,57,management,married,university.degree,yes,no,cellular,aug,1,5,2,failure,0.841125509507326,yes,High
411,51,admin.,divorced,high.school,no,no,cellular,aug,1,6,2,failure,0.8410664047444093,yes,High
412,39,technician,single,university.degree,yes,no,cellular,oct,1,999,0,nonexistent,0.8409417647388265,yes,High
413,57,blue-collar,married,basic.9y,no,no,cellular,mar,2,999,0,nonexistent,0.84054451391215,yes,High
414,30,student,single,basic.4y,yes,yes,cellular,mar,2,999,0,nonexistent,0.8403186044480927,yes,High
415,32,management,single,university.degree,no,no,cellular,jul,2,999,1,failure,0.8401560681004473,yes,High
416,53,housemaid,married,high.school,yes,no,cellular,jun,6,999,0,nonexistent,0.8399167174657796,yes,High
417,58,unemployed,married,university.degree,yes,no,cellular,nov,2,999,0,nonexistent,0.8398932412439516,yes,High
418,32,management,single,university.degree,yes,yes,cellular,mar,1,999,0,nonexistent,0.8393653292351614,yes,High
419,32,admin.,married,university.degree,no,yes,telephone,oct,1,999,0,nonexistent,0.8393246944097202,yes,High
420,23,student,single,high.school,no,no,cellular,jun,1,999,0,nonexistent,0.8393210143071783,yes,High
421,46,admin.,divorced,university.degree,no,no,telephone,oct,1,999,0,nonexistent,0.8391872234579678,yes,High
422,70,retired,married,basic.4y,yes,no,telephone,apr,2,999,1,failure,0.8390986426751245,yes,High
423,32,admin.,single,university.degree,no,no,cellular,jun,1,999,0,nonexistent,0.8388734847045841,yes,High
424,64,retired,married,university.degree,yes,no,cellular,apr,1,999,0,nonexistent,0.8387764003603813,yes,High
425,24,student,single,high.school,yes,no,cellular,oct,3,999,0,nonexistent,0.8385977979285324,yes,High
426,41,technician,single,professional.course,yes,no,cellular,mar,1,999,0,nonexistent,0.8376215275335412,yes,High
427,33,admin.,single,university.degree,no,no,cellular,jun,2,999,0,nonexistent,0.8375188426314568,yes,High
428,48,admin.,married,high.school,no,no,telephone,oct,1,999,0,nonexistent,0.8372841329708834,yes,High
429,35,admin.,married,university.degree,no,no,cellular,jun,4,999,0,nonexistent,0.8372185114208676,yes,High
430,18,student,single,basic.4y,yes,no,telephone,nov,1,13,2,success,0.8369732000757563,yes,High
431,20,student,single,unknown,yes,no,cellular,jun,1,999,0,nonexistent,0.8366896189807398,yes,High
432,30,admin.,single,university.degree,yes,no,cellular,jun,2,999,0,nonexistent,0.8357747881709252,yes,High
433,28,admin.,married,high.school,yes,no,cellular,nov,5,999,0,nonexistent,0.8355362166526206,yes,High
434,37,technician,married,professional.course,yes,no,telephone,apr,1,999,0,nonexistent,0.8353295355076397,yes,High
435,28,technician,single,professional.course,yes,no,cellular,nov,1,999,1,failure,0.835162758912019,yes,High
436,48,management,married,university.degree,yes,yes,cellular,nov,2,999,0,nonexistent,0.8346704466792422,yes,High
437,32,admin.,married,high.school,no,no,cellular,mar,2,999,0,nonexistent,0.8345840459513153,yes,High
438,32,admin.,single,professional.course,yes,no,cellular,jul,1,999,0,nonexistent,0.8337631697511187,yes,High
439,58,technician,married,basic.9y,yes,no,cellular,aug,1,999,0,nonexistent,0.833370063596783,yes,High
440,38,technician,married,university.degree,yes,yes,cellular,dec,1,999,0,nonexistent,0.8332860006122594,yes,High
441,70,retired,married,basic.4y,yes,no,cellular,dec,1,999,2,failure,0.8330933018223877,yes,High
442,43,blue-collar,married,basic.9y,yes,no,cellular,dec,2,999,0,nonexistent,0.8327311388490088,yes,High
443,23,student,single,basic.9y,yes,no,cellular,dec,2,999,0,nonexistent,0.8322989701072171,yes,High
444,59,blue-collar,married,basic.4y,yes,no,cellular,mar,2,999,0,nonexistent,0.8322083559482591,yes,High
445,24,student,single,high.school,yes,no,cellular,dec,3,999,0,nonexistent,0.8320646112411486,yes,High
446,30,technician,single,professional.course,no,no,cellular,sep,2,999,1,failure,0.8313559588505733,yes,High
447,83,retired,divorced,basic.4y,yes,yes,cellular,nov,1,999,0,nonexistent,0.8309281553339222,yes,High
448,29,blue-collar,single,professional.course,no,yes,cellular,mar,2,999,1,failure,0.8303929639934192,yes,High
449,30,admin.,single,university.degree,yes,yes,cellular,nov,2,999,0,nonexistent,0.8299487977130346,yes,High
450,25,services,single,high.school,yes,no,cellular,oct,1,999,0,nonexistent,0.8297428226050032,yes,High
451,32,technician,single,university.degree,no,no,cellular,jun,1,999,0,nonexistent,0.8293768002073384,yes,High
452,44,services,married,high.school,no,no,cellular,oct,3,999,0,nonexistent,0.8290092175510096,yes,High
453,50,admin.,married,university.degree,unknown,unknown,cellular,may,1,999,1,failure,0.8286796240610483,yes,High
454,18,student,single,basic.6y,no,yes,cellular,oct,2,999,0,nonexistent,0.8277810675217933,yes,High
455,69,retired,married,basic.6y,yes,no,cellular,nov,3,999,0,nonexistent,0.8277493313545441,yes,High
456,30,student,single,university.degree,yes,no,cellular,dec,1,999,0,nonexistent,0.8277419948812853,yes,High
457,88,retired,married,basic.4y,no,no,cellular,sep,2,999,0,nonexistent,0.8274097095983576,yes,High
458,26,student,single,basic.9y,yes,no,cellular,mar,2,999,0,nonexistent,0.8271104412527794,yes,High
459,34,technician,married,professional.course,no,no,telephone,mar,6,6,1,success,0.8270958844998233,yes,High
460,36,management,married,university.degree,no,no,cellular,mar,2,999,0,nonexistent,0.8270509571480822,yes,High
461,28,admin.,single,university.degree,yes,no,cellular,jun,1,999,0,nonexistent,0.8270340525579477,yes,High
462,43,management,single,university.degree,yes,no,cellular,oct,1,999,0,nonexistent,0.827003817857549,yes,High
463,30,student,single,university.degree,no,no,cellular,jul,2,13,2,failure,0.8266693553694147,yes,High
464,55,unemployed,married,basic.9y,no,no,cellular,oct,1,999,0,nonexistent,0.8260936644886988,yes,High
465,70,retired,married,basic.4y,yes,no,cellular,aug,2,999,0,nonexistent,0.8258795019508506,yes,High
466,26,admin.,single,university.degree,yes,no,cellular,jun,1,999,0,nonexistent,0.8258329720066648,yes,High
467,30,self-employed,single,university.degree,yes,no,cellular,sep,1,999,0,nonexistent,0.8258139164621031,yes,High
468,44,technician,married,university.degree,no,no,cellular,jun,2,999,1,failure,0.8254689818473679,yes,High
469,31,services,married,high.school,yes,no,cellular,jun,2,999,0,nonexistent,0.8254379594488814,yes,High
470,63,technician,married,high.school,no,no,cellular,apr,3,999,0,nonexistent,0.8251047380589235,yes,High
471,48,technician,married,high.school,yes,no,cellular,oct,2,999,0,nonexistent,0.8249735451162131,yes,High
472,37,student,single,unknown,no,no,cellular,jun,1,999,0,nonexistent,0.8249329668468622,yes,High
473,75,retired,divorced,basic.4y,no,no,cellular,oct,2,999,0,nonexistent,0.824922987310006,yes,High
474,36,technician,single,professional.course,no,no,cellular,jun,2,999,0,nonexistent,0.8247494827489004,yes,High
475,34,technician,married,university.degree,no,no,cellular,jun,2,999,0,nonexistent,0.8245979008712828,yes,High
476,49,management,married,university.degree,no,yes,cellular,nov,1,999,0,nonexistent,0.8241217976526214,yes,High
477,69,entrepreneur,married,high.school,yes,no,cellular,jun,2,999,0,nonexistent,0.823945892411461,yes,High
478,33,admin.,single,university.degree,no,no,cellular,jun,3,999,0,nonexistent,0.8237331481581348,yes,High
479,33,admin.,single,university.degree,yes,no,cellular,jun,3,999,0,nonexistent,0.8236389295160569,yes,High
480,43,technician,single,university.degree,no,yes,cellular,nov,5,999,0,nonexistent,0.8233808174283163,yes,High
481,26,admin.,married,unknown,no,no,cellular,mar,1,999,1,failure,0.8233582356402004,yes,High
482,25,services,single,high.school,yes,no,cellular,oct,2,999,0,nonexistent,0.823315651226705,yes,High
483,55,unemployed,married,basic.9y,yes,no,cellular,oct,1,999,0,nonexistent,0.8228255297035522,yes,High
484,25,technician,single,basic.9y,yes,no,cellular,jun,2,999,0,nonexistent,0.8226643305693571,yes,High
485,30,technician,married,university.degree,no,no,cellular,jun,1,999,0,nonexistent,0.8226030715982781,yes,High
486,39,entrepreneur,married,basic.6y,no,no,cellular,sep,4,16,2,failure,0.8224924188545502,yes,High
487,27,admin.,single,university.degree,yes,no,cellular,jun,1,999,0,nonexistent,0.8224372769483617,yes,High
488,32,technician,single,university.degree,yes,no,cellular,oct,1,999,0,nonexistent,0.822358221900383,yes,High
489,64,housemaid,married,basic.4y,yes,yes,cellular,dec,5,999,0,nonexistent,0.8222197920226937,yes,High
490,26,admin.,single,high.school,yes,yes,cellular,jun,2,999,0,nonexistent,0.8222079285183684,yes,High
491,27,admin.,single,university.degree,no,yes,cellular,jun,1,999,0,nonexistent,0.8220013774300442,yes,High
492,25,admin.,married,university.degree,yes,no,cellular,mar,1,999,0,nonexistent,0.8219093497416332,yes,High
493,36,admin.,married,university.degree,no,no,cellular,jun,1,999,0,nonexistent,0.8214729507319548,yes,High
494,64,retired,married,university.degree,yes,no,cellular,apr,4,999,0,nonexistent,0.8210520411116714,yes,High
495,54,self-employed,married,university.degree,no,no,cellular,oct,3,999,0,nonexistent,0.8209935283671425,yes,High
496,41,technician,divorced,university.degree,yes,no,cellular,aug,1,999,1,failure,0.8204294350257375,yes,High
497,34,admin.,married,university.degree,no,no,cellular,oct,1,999,2,failure,0.8204289539547438,yes,High
498,32,technician,divorced,professional.course,yes,yes,cellular,mar,1,999,0,nonexistent,0.8202514635520203,yes,High
499,42,entrepreneur,married,basic.9y,unknown,unknown,cellular,mar,1,999,0,nonexistent,0.8201427675556513,yes,High
500,28,admin.,single,university.degree,no,no,cellular,oct,2,999,0,nonexistent,0.8200252424104321,yes,High
501,27,admin.,single,high.school,no,no,cellular,jul,2,999,2,failure,0.819984586444697,yes,High
502,34,admin.,married,university.degree,no,no,cellular,oct,1,999,0,nonexistent,0.8198177201710019,yes,High
503,30,admin.,married,high.school,no,no,cellular,jun,1,999,0,nonexistent,0.8196618481172592,yes,High
504,28,technician,single,university.degree,yes,no,cellular,mar,2,999,0,nonexistent,0.8195626887184623,yes,High
505,32,admin.,single,university.degree,no,no,cellular,oct,1,999,0,nonexistent,0.8192806390075771,yes,High
506,37,student,single,unknown,no,yes,cellular,jun,1,999,0,nonexistent,0.819261869694161,yes,High
507,70,retired,married,unknown,yes,yes,cellular,apr,1,999,0,nonexistent,0.8191672064882357,yes,High
508,27,student,single,unknown,yes,no,cellular,jun,4,999,0,nonexistent,0.8189960316836994,yes,High
509,70,retired,married,professional.course,no,no,cellular,aug,3,999,1,failure,0.8183807940748654,yes,High
510,24,admin.,single,high.school,yes,yes,cellular,mar,1,999,0,nonexistent,0.8182756626602545,yes,High
511,68,retired,married,basic.4y,yes,no,cellular,jun,3,999,0,nonexistent,0.8182317897170596,yes,High
512,27,technician,single,university.degree,yes,no,cellular,aug,3,999,5,failure,0.8179338646230212,yes,High
513,32,admin.,married,university.degree,no,no,cellular,jun,1,999,0,nonexistent,0.8179192478384959,yes,High
514,23,technician,single,university.degree,yes,no,cellular,oct,1,999,0,nonexistent,0.8178142379897334,yes,High
515,38,admin.,married,high.school,yes,no,cellular,oct,1,999,1,failure,0.8177147399648796,yes,High
516,33,admin.,single,unknown,no,no,cellular,mar,3,999,1,failure,0.8173763551140868,yes,High
517,28,admin.,single,high.school,yes,no,cellular,may,2,999,1,failure,0.817315056241684,yes,High
518,30,admin.,single,university.degree,yes,yes,telephone,oct,1,999,0,nonexistent,0.8172583658557996,yes,High
519,22,student,single,high.school,yes,no,cellular,aug,2,999,0,nonexistent,0.8172261393204682,yes,High
520,21,student,single,high.school,no,no,cellular,aug,3,999,0,nonexistent,0.8170336346535215,yes,High
521,38,technician,single,university.degree,yes,no,cellular,dec,2,999,0,nonexistent,0.8170314601530351,yes,High
522,25,admin.,single,university.degree,yes,no,cellular,jun,2,999,0,nonexistent,0.8167719427913457,yes,High
523,22,blue-collar,single,basic.9y,yes,no,cellular,jun,2,999,0,nonexistent,0.8164249994035254,yes,High
524,68,retired,married,high.school,no,no,cellular,nov,2,999,1,failure,0.81641245168824,yes,High
525,32,management,married,university.degree,no,no,cellular,nov,1,999,0,nonexistent,0.8159669991959394,yes,High
526,33,admin.,single,high.school,no,no,cellular,oct,1,999,0,nonexistent,0.8156766636324815,yes,High
527,20,student,single,high.school,no,no,cellular,aug,2,999,0,nonexistent,0.8155918356313037,yes,High
528,74,retired,married,professional.course,yes,no,cellular,aug,3,999,1,failure,0.8155255346039219,yes,High
529,31,technician,married,unknown,no,no,cellular,nov,1,999,1,failure,0.8155219684839504,yes,High
530,33,services,married,high.school,no,no,cellular,may,1,999,1,failure,0.81547299107264,yes,High
531,53,technician,married,professional.course,no,no,cellular,sep,1,999,1,failure,0.8150507196616055,yes,High
532,28,technician,single,university.degree,no,no,cellular,mar,2,999,0,nonexistent,0.8146561532211086,yes,High
533,41,technician,married,professional.course,yes,no,cellular,nov,2,999,0,nonexistent,0.814655473027797,yes,High
534,35,admin.,married,university.degree,no,no,cellular,oct,1,999,1,failure,0.8145791099639532,yes,High
535,36,technician,married,professional.course,yes,no,cellular,aug,2,999,1,failure,0.8145586237209226,yes,High
536,74,retired,married,professional.course,no,no,cellular,aug,1,999,0,nonexistent,0.8145161212824894,yes,High
537,27,admin.,single,university.degree,no,no,cellular,sep,1,999,0,nonexistent,0.8144265853753593,yes,High
538,60,admin.,married,university.degree,yes,no,cellular,mar,1,999,0,nonexistent,0.8143421440049787,yes,High
539,28,student,single,high.school,yes,no,cellular,aug,1,999,0,nonexistent,0.8141036170243607,yes,High
540,36,admin.,single,university.degree,no,no,cellular,oct,1,999,1,failure,0.8139441983682615,yes,High
541,21,student,single,basic.9y,yes,no,cellular,mar,2,999,1,failure,0.8136298567314987,yes,High
542,25,technician,single,professional.course,yes,no,cellular,jun,1,999,0,nonexistent,0.8133973454642125,yes,High
543,45,unemployed,married,basic.9y,no,no,cellular,jun,2,999,0,nonexistent,0.8127321555257404,yes,High
544,39,blue-collar,married,basic.9y,yes,no,cellular,sep,3,999,0,nonexistent,0.8124327944611488,yes,High
545,29,admin.,single,high.school,yes,yes,cellular,jun,2,999,0,nonexistent,0.8120052565896299,yes,High
546,45,blue-collar,married,basic.9y,no,no,cellular,jun,2,999,0,nonexistent,0.8119868417185496,yes,High
547,46,admin.,married,high.school,yes,no,cellular,jul,3,999,2,failure,0.8116294014876264,yes,High
548,42,management,married,university.degree,yes,no,cellular,oct,1,999,1,failure,0.8115759146602068,yes,High
549,26,student,single,basic.9y,yes,no,cellular,oct,2,999,1,failure,0.8115269579032042,yes,High
550,32,admin.,single,university.degree,yes,no,cellular,oct,2,999,0,nonexistent,0.8111714872353356,yes,High
551,19,student,single,basic.4y,yes,no,cellular,may,1,999,1,failure,0.8110557869660543,yes,High
552,32,admin.,single,university.degree,yes,no,cellular,sep,2,999,0,nonexistent,0.8104449777416588,yes,High
553,33,technician,single,university.degree,yes,yes,cellular,jun,2,999,0,nonexistent,0.8097707273774724,yes,High
554,78,retired,married,basic.4y,yes,yes,cellular,apr,1,999,0,nonexistent,0.8096203062613069,yes,High
555,34,admin.,married,university.degree,no,no,cellular,may,1,999,2,failure,0.8095026576229969,yes,High
556,29,blue-collar,single,high.school,yes,no,cellular,aug,1,999,0,nonexistent,0.8094000313239588,yes,High
557,47,management,married,basic.9y,no,no,cellular,jun,4,999,0,nonexistent,0.8092268089722936,yes,High
558,33,technician,married,university.degree,yes,no,cellular,sep,1,999,1,failure,0.8092026268824367,yes,High
559,52,technician,married,professional.course,yes,no,cellular,nov,1,999,1,failure,0.8088452664616277,yes,High
560,75,retired,married,unknown,no,no,cellular,sep,1,999,1,failure,0.8086650754466582,yes,High
561,46,admin.,single,university.degree,yes,no,cellular,jul,1,999,0,nonexistent,0.807984379481429,yes,High
562,51,services,married,high.school,no,no,cellular,may,1,999,1,failure,0.8079010900857524,yes,High
563,20,student,single,high.school,yes,no,cellular,jul,1,999,0,nonexistent,0.8076878234750655,yes,High
564,64,retired,married,basic.6y,yes,no,cellular,apr,4,999,0,nonexistent,0.8076141346777047,yes,High
565,81,retired,married,professional.course,no,no,cellular,apr,1,999,0,nonexistent,0.8075679862089935,yes,High
566,45,admin.,married,university.degree,no,no,cellular,jul,1,999,0,nonexistent,0.8074786065024312,yes,High
567,45,admin.,married,university.degree,no,no,cellular,jul,1,999,0,nonexistent,0.8074786065024312,yes,High
568,94,retired,married,basic.9y,no,no,cellular,nov,1,999,1,failure,0.8073475987121782,yes,High
569,41,admin.,single,university.degree,yes,yes,telephone,dec,1,999,1,failure,0.8072460254533496,yes,High
570,61,admin.,married,high.school,yes,no,cellular,oct,4,999,0,nonexistent,0.8069079624670201,yes,High
571,26,student,single,high.school,no,no,cellular,aug,2,999,0,nonexistent,0.8068898335172129,yes,High
572,25,admin.,married,unknown,no,no,cellular,nov,1,999,1,failure,0.8067435352862605,yes,High
573,59,admin.,married,unknown,no,no,cellular,jun,1,999,0,nonexistent,0.8066213333251231,yes,High
574,36,management,married,university.degree,no,no,cellular,jun,1,999,0,nonexistent,0.8063898342923714,yes,High
575,75,retired,married,basic.4y,yes,yes,cellular,jul,2,999,0,nonexistent,0.8060992889947531,yes,High
576,44,admin.,married,university.degree,no,no,cellular,oct,1,999,0,nonexistent,0.8060623552559143,yes,High
577,69,retired,married,unknown,no,no,cellular,apr,1,999,0,nonexistent,0.8058696606734064,yes,High
578,29,admin.,divorced,university.degree,yes,no,cellular,jun,3,999,0,nonexistent,0.8056898091224564,yes,High
579,28,admin.,single,university.degree,no,no,cellular,mar,2,999,1,failure,0.8056307755559924,yes,High
580,52,entrepreneur,married,high.school,yes,no,cellular,jun,3,999,0,nonexistent,0.8055383613111098,yes,High
581,49,housemaid,single,university.degree,no,yes,cellular,dec,3,999,0,nonexistent,0.8054138891210678,yes,High
582,88,retired,divorced,basic.4y,yes,no,cellular,oct,1,999,0,nonexistent,0.8053610831216546,yes,High
583,39,blue-collar,single,basic.9y,yes,yes,cellular,may,3,3,1,success,0.8052383805868897,yes,High
584,58,services,married,high.school,yes,no,telephone,mar,4,999,0,nonexistent,0.8051304698090237,yes,High
585,74,retired,married,basic.4y,yes,no,cellular,jun,1,999,0,nonexistent,0.8050767246932649,yes,High
586,29,admin.,married,high.school,yes,no,cellular,jun,1,999,0,nonexistent,0.8045669258459652,yes,High
587,65,housemaid,married,basic.4y,no,no,cellular,jun,2,999,0,nonexistent,0.804459506900062,yes,High
588,32,technician,married,professional.course,yes,no,cellular,jun,1,999,0,nonexistent,0.804423022699405,yes,High
589,37,unemployed,unknown,university.degree,no,no,cellular,jun,1,999,0,nonexistent,0.8042543397978753,yes,High
590,47,admin.,married,high.school,yes,no,cellular,apr,1,999,1,failure,0.8041404778780794,yes,High
591,28,self-employed,single,university.degree,yes,yes,cellular,mar,1,999,1,failure,0.8033458246951355,yes,High
592,58,retired,married,university.degree,yes,no,telephone,oct,1,999,0,nonexistent,0.8030205667160364,yes,High
593,30,services,single,high.school,yes,no,cellular,aug,2,999,0,nonexistent,0.8030195731254876,yes,High
594,35,management,married,university.degree,yes,no,cellular,nov,1,999,2,failure,0.8027744752524778,yes,High
595,64,retired,married,unknown,yes,no,cellular,aug,3,999,1,failure,0.8027178034075839,yes,High
596,34,self-employed,single,university.degree,no,yes,telephone,nov,1,999,0,nonexistent,0.8026883766486612,yes,High
597,45,technician,married,university.degree,yes,no,cellular,nov,1,999,0,nonexistent,0.8025067421806465,yes,High
598,49,management,married,university.degree,no,no,cellular,jun,1,999,0,nonexistent,0.8012684892707082,yes,High
599,29,technician,single,professional.course,unknown,unknown,cellular,nov,2,999,1,failure,0.8011600192433671,yes,High
600,61,retired,married,university.degree,no,no,cellular,nov,1,999,0,nonexistent,0.8011513598769505,yes,High
601,43,services,married,basic.6y,no,no,cellular,sep,1,999,0,nonexistent,0.8010178631513305,yes,High
602,27,admin.,single,university.degree,yes,no,cellular,aug,2,999,0,nonexistent,0.800773257154771,yes,High
603,52,technician,married,professional.course,yes,yes,cellular,sep,1,999,0,nonexistent,0.8005893312782354,yes,High
604,51,unemployed,married,basic.6y,yes,no,cellular,jun,2,999,0,nonexistent,0.8005331749944112,yes,High
605,28,admin.,single,university.degree,yes,no,cellular,nov,2,999,0,nonexistent,0.8002561865079009,yes,High
606,30,admin.,single,university.degree,no,no,cellular,apr,1,999,0,nonexistent,0.8002538582263555,yes,High
607,30,admin.,single,university.degree,no,no,cellular,apr,1,999,0,nonexistent,0.8002538582263555,yes,High
608,83,retired,married,basic.4y,yes,no,cellular,apr,1,999,0,nonexistent,0.8000434326924942,yes,High
609,30,technician,single,professional.course,yes,no,cellular,jun,3,999,0,nonexistent,0.7998500215711003,yes,High
610,37,entrepreneur,married,basic.6y,yes,no,cellular,jun,1,999,0,nonexistent,0.799781571479792,yes,High
611,44,technician,married,unknown,no,yes,cellular,oct,2,999,0,nonexistent,0.7990883454549159,yes,High
612,35,technician,married,professional.course,yes,yes,cellular,oct,1,9,2,failure,0.7990299716201528,yes,High
613,62,unknown,married,professional.course,no,no,cellular,jun,3,999,0,nonexistent,0.7990098859569011,yes,High
614,27,admin.,single,university.degree,no,no,cellular,jul,1,999,0,nonexistent,0.7988838235392676,yes,High
615,30,blue-collar,single,professional.course,no,no,cellular,may,1,999,1,failure,0.7988333444626279,yes,High
616,33,admin.,single,high.school,yes,no,cellular,aug,3,999,0,nonexistent,0.7981066324414461,yes,High
617,36,unemployed,married,unknown,no,no,cellular,sep,1,999,1,failure,0.7980779531237443,yes,High
618,37,technician,single,university.degree,yes,no,cellular,jun,1,999,0,nonexistent,0.7976472720547032,yes,High
619,63,retired,married,basic.6y,yes,no,cellular,oct,2,999,0,nonexistent,0.7974456181271437,yes,High
620,72,retired,married,basic.4y,unknown,unknown,cellular,apr,1,999,0,nonexistent,0.7972559918064082,yes,High
621,37,services,married,high.school,yes,no,cellular,jun,1,999,0,nonexistent,0.7970406058083863,yes,High
622,25,services,single,high.school,no,no,cellular,aug,1,999,0,nonexistent,0.7969129695320979,yes,High
623,82,retired,married,unknown,no,no,cellular,apr,1,999,0,nonexistent,0.7967757460280315,yes,High
624,38,admin.,single,university.degree,yes,no,cellular,mar,2,999,0,nonexistent,0.7963341356238399,yes,High
625,32,admin.,single,university.degree,yes,no,telephone,nov,1,999,0,nonexistent,0.7962313711304959,yes,High
626,60,admin.,married,professional.course,yes,no,cellular,apr,1,999,0,nonexistent,0.7961451508279244,yes,High
627,53,self-employed,married,university.degree,no,yes,cellular,may,3,6,1,success,0.7960004703239255,yes,High
629,33,blue-collar,married,professional.course,yes,no,cellular,jun,1,999,0,nonexistent,0.7959476735175279,yes,High
628,33,blue-collar,married,professional.course,yes,no,cellular,jun,1,999,0,nonexistent,0.7959476735175279,yes,High
630,56,admin.,single,university.degree,yes,no,cellular,mar,1,999,1,failure,0.7953510302148097,yes,High
631,76,housemaid,married,basic.4y,yes,no,cellular,jun,1,999,1,failure,0.7951002051491283,yes,High
632,28,admin.,single,high.school,yes,no,cellular,oct,2,999,3,failure,0.7950505488070847,yes,High
633,22,student,single,professional.course,yes,no,cellular,aug,2,999,1,failure,0.7949128737519985,yes,High
634,32,admin.,married,university.degree,yes,no,cellular,aug,2,999,0,nonexistent,0.7946222316128646,yes,High
635,31,technician,married,university.degree,no,no,cellular,oct,2,12,3,failure,0.7940213221437182,yes,High
636,49,unemployed,married,high.school,yes,no,cellular,sep,1,999,0,nonexistent,0.7938648176095953,yes,High
637,67,retired,married,basic.6y,no,no,cellular,aug,2,999,0,nonexistent,0.7937959250332645,yes,High
638,43,management,married,high.school,yes,no,cellular,nov,1,999,1,failure,0.7937890502428654,yes,High
639,71,retired,married,basic.4y,no,no,cellular,oct,2,999,2,failure,0.7936281984232182,yes,High
640,46,admin.,divorced,high.school,no,no,cellular,jul,1,999,0,nonexistent,0.7934321692751635,yes,High
641,36,admin.,married,university.degree,yes,yes,cellular,sep,2,999,0,nonexistent,0.7931397026039785,yes,High
642,38,technician,single,professional.course,yes,no,cellular,jun,1,999,0,nonexistent,0.7930319067523054,yes,High
643,84,retired,married,basic.9y,yes,no,cellular,may,1,999,1,failure,0.7926919885055199,yes,High
644,73,retired,divorced,basic.4y,no,yes,cellular,apr,1,999,0,nonexistent,0.7926915540918604,yes,High
645,30,admin.,married,university.degree,yes,no,cellular,aug,3,999,1,failure,0.7925870702787747,yes,High
646,32,admin.,single,university.degree,yes,no,telephone,jul,4,999,0,nonexistent,0.7925426465972191,yes,High
647,49,technician,married,professional.course,yes,no,cellular,aug,1,999,1,failure,0.7924484939301966,yes,High
648,92,retired,divorced,unknown,no,no,cellular,may,3,999,1,failure,0.792376862599596,yes,High
649,60,housemaid,married,basic.4y,yes,no,cellular,jun,3,999,1,failure,0.7921444904235719,yes,High
650,43,admin.,single,high.school,yes,no,cellular,aug,3,999,0,nonexistent,0.791895861601201,yes,High
651,56,retired,married,university.degree,yes,yes,cellular,mar,2,999,0,nonexistent,0.7918065701256266,yes,High
652,24,admin.,single,university.degree,no,no,cellular,sep,1,999,1,failure,0.7916022867657861,yes,High
653,52,admin.,married,unknown,no,no,telephone,sep,13,14,2,failure,0.7915931407772916,yes,High
654,58,retired,married,high.school,no,no,cellular,aug,4,999,0,nonexistent,0.7915210301333778,yes,High
655,28,admin.,single,university.degree,no,no,cellular,aug,1,999,0,nonexistent,0.791315690653736,yes,High
656,61,retired,married,professional.course,no,no,cellular,aug,1,999,0,nonexistent,0.7909205783509096,yes,High
657,69,retired,married,professional.course,no,yes,cellular,oct,1,999,1,failure,0.790773692563677,yes,High
658,30,management,single,university.degree,no,yes,cellular,jun,7,999,0,nonexistent,0.7906041927138067,yes,High
659,41,admin.,married,university.degree,yes,no,telephone,aug,1,9,3,failure,0.7905284873586174,yes,High
660,57,admin.,married,university.degree,yes,no,cellular,jun,2,999,0,nonexistent,0.7904879470796858,yes,High
661,32,student,married,high.school,yes,no,telephone,dec,3,999,1,failure,0.790460463476377,yes,High
662,34,blue-collar,married,basic.9y,no,yes,cellular,aug,1,999,1,failure,0.7903317670221529,yes,High
663,35,technician,married,professional.course,yes,no,cellular,sep,1,999,2,failure,0.7903054500707851,yes,High
664,44,admin.,single,university.degree,no,no,cellular,aug,1,999,2,failure,0.7895399731270316,yes,High
665,27,self-employed,single,university.degree,no,no,cellular,jun,1,999,0,nonexistent,0.7894951391244995,yes,High
666,24,admin.,single,university.degree,yes,no,cellular,apr,3,999,0,nonexistent,0.789152476117561,yes,High
667,36,admin.,married,high.school,no,no,cellular,sep,1,999,0,nonexistent,0.7891047355891043,yes,High
668,53,housemaid,married,high.school,yes,no,cellular,jun,2,999,0,nonexistent,0.7889180219301735,yes,High
670,33,admin.,married,university.degree,yes,no,cellular,jun,1,999,0,nonexistent,0.7888529899563148,yes,High
669,33,admin.,married,university.degree,yes,no,cellular,jun,1,999,0,nonexistent,0.7888529899563148,yes,High
671,35,management,married,university.degree,yes,no,cellular,oct,1,999,0,nonexistent,0.7883851988339607,yes,High
672,31,admin.,divorced,university.degree,no,no,cellular,mar,4,999,0,nonexistent,0.788306855266785,yes,High
673,33,management,married,university.degree,yes,no,cellular,jun,1,999,0,nonexistent,0.7876072101831351,yes,High
674,31,unemployed,divorced,unknown,yes,no,cellular,jun,1,999,0,nonexistent,0.787556880340823,yes,High
675,52,admin.,divorced,university.degree,no,no,cellular,nov,1,999,0,nonexistent,0.7875002893380603,yes,High
676,44,blue-collar,single,professional.course,no,no,cellular,mar,1,999,0,nonexistent,0.7874918283739402,yes,High
677,53,housemaid,married,basic.4y,no,yes,cellular,jun,2,999,0,nonexistent,0.7874556470052392,yes,High
678,66,retired,married,unknown,no,no,cellular,aug,3,999,0,nonexistent,0.7873975819924148,yes,High
679,29,blue-collar,single,basic.6y,no,no,cellular,aug,3,999,0,nonexistent,0.7873594180101416,yes,High
680,71,retired,married,basic.4y,yes,no,cellular,sep,1,999,0,nonexistent,0.7872590020381005,yes,High
681,41,admin.,single,university.degree,unknown,unknown,cellular,apr,1,999,0,nonexistent,0.7871254367361455,yes,High
682,33,technician,married,professional.course,yes,no,cellular,oct,2,999,0,nonexistent,0.7870106024256347,yes,High
683,61,admin.,married,university.degree,yes,no,cellular,jun,1,999,0,nonexistent,0.7868707987523492,yes,High
684,53,blue-collar,married,basic.6y,no,no,cellular,jun,3,999,1,failure,0.7856211692067705,yes,High
685,36,blue-collar,divorced,high.school,no,no,cellular,mar,2,999,1,failure,0.7856190808763421,yes,High
686,51,unemployed,married,high.school,yes,no,cellular,sep,2,999,0,nonexistent,0.7853151562648153,yes,High
687,59,technician,married,professional.course,yes,no,cellular,aug,4,999,0,nonexistent,0.7851376837778794,yes,High
688,56,retired,married,high.school,yes,no,cellular,jul,1,999,0,nonexistent,0.7845368130166603,yes,High
689,51,entrepreneur,married,basic.4y,no,no,cellular,oct,1,999,1,failure,0.7844942972547804,yes,High
690,36,technician,married,professional.course,yes,no,cellular,jul,3,999,0,nonexistent,0.7842943900213367,yes,High
691,29,admin.,single,university.degree,no,no,cellular,aug,2,999,0,nonexistent,0.7842185769786137,yes,High
692,57,retired,divorced,basic.9y,yes,no,cellular,jul,2,999,0,nonexistent,0.7838163075689945,yes,High
693,56,blue-collar,divorced,basic.4y,no,no,cellular,nov,1,999,0,nonexistent,0.7833433188565164,yes,High
694,45,management,married,university.degree,no,no,telephone,nov,2,999,0,nonexistent,0.7833127803766561,yes,High
695,66,retired,married,basic.6y,no,no,cellular,aug,1,999,0,nonexistent,0.7832649531121024,yes,High
696,48,admin.,married,basic.6y,no,no,cellular,oct,1,999,0,nonexistent,0.7828806392578597,yes,High
697,56,entrepreneur,married,university.degree,no,yes,cellular,apr,1,999,0,nonexistent,0.7827215620022736,yes,High
698,48,housemaid,married,high.school,no,no,cellular,jun,1,999,0,nonexistent,0.7823622461722848,yes,High
699,50,admin.,single,high.school,yes,no,telephone,dec,2,999,0,nonexistent,0.7822425862794995,yes,High
700,58,unemployed,married,basic.9y,no,yes,cellular,oct,1,999,2,failure,0.7820776256579197,yes,High
701,80,retired,divorced,basic.4y,no,no,cellular,oct,1,999,0,nonexistent,0.7817742784232283,yes,High
702,35,admin.,married,university.degree,yes,no,cellular,oct,1,999,0,nonexistent,0.7817627101104148,yes,High
703,39,technician,single,professional.course,no,no,cellular,apr,3,9,1,success,0.7815817207104373,yes,High
704,28,admin.,married,university.degree,yes,no,cellular,apr,1,999,0,nonexistent,0.7815342448531616,yes,High
705,59,technician,single,basic.6y,no,no,cellular,oct,1,999,2,failure,0.7813272670393825,yes,High
706,32,admin.,married,university.degree,yes,yes,cellular,jun,1,999,0,nonexistent,0.7809343098353129,yes,High
707,31,admin.,single,university.degree,yes,yes,cellular,apr,1,999,0,nonexistent,0.7806371046916419,yes,High
708,34,admin.,married,university.degree,yes,yes,cellular,apr,2,999,0,nonexistent,0.7806220118866806,yes,High
709,57,admin.,single,high.school,yes,no,cellular,aug,1,999,0,nonexistent,0.7805117574566691,yes,High
710,23,student,single,high.school,no,no,cellular,jul,3,999,0,nonexistent,0.7802375163752099,yes,High
711,30,admin.,married,university.degree,yes,no,cellular,apr,2,999,0,nonexistent,0.780227333303919,yes,High
712,47,technician,married,professional.course,yes,no,cellular,jun,5,999,1,failure,0.7800916912355697,yes,High
713,24,technician,single,university.degree,yes,no,cellular,apr,1,999,0,nonexistent,0.7800418559290958,yes,High
714,60,admin.,married,university.degree,yes,no,cellular,may,2,11,1,success,0.7799153806743472,yes,High
715,46,housemaid,married,high.school,yes,no,cellular,aug,1,999,0,nonexistent,0.7799024633051156,yes,High
716,36,admin.,single,university.degree,yes,no,cellular,sep,1,999,1,failure,0.7797756854216457,yes,High
717,29,self-employed,single,university.degree,yes,no,cellular,jun,2,999,1,failure,0.7796947873330383,yes,High
718,28,unemployed,single,university.degree,unknown,unknown,telephone,jul,1,999,0,nonexistent,0.7794731125253128,yes,High
719,53,technician,married,university.degree,no,yes,cellular,apr,1,999,0,nonexistent,0.7794558403120576,yes,High
720,32,student,single,university.degree,no,no,cellular,mar,11,999,0,nonexistent,0.7793998075721,yes,High
721,51,technician,married,professional.course,yes,no,cellular,apr,1,999,0,nonexistent,0.7791716256381165,yes,High
722,51,technician,married,professional.course,yes,no,cellular,apr,1,999,0,nonexistent,0.7791716256381165,yes,High
723,49,admin.,single,university.degree,no,no,cellular,oct,1,999,0,nonexistent,0.7791287144161042,yes,High
724,22,admin.,single,university.degree,unknown,unknown,cellular,jun,2,999,0,nonexistent,0.7791217250760125,yes,High
725,30,admin.,single,university.degree,no,no,cellular,nov,2,999,2,failure,0.7790281841046235,yes,High
726,56,retired,married,high.school,yes,yes,cellular,jul,2,999,0,nonexistent,0.7788638918612406,yes,High
727,24,student,single,high.school,no,no,cellular,aug,1,999,0,nonexistent,0.7788236870538996,yes,High
728,60,retired,married,basic.4y,no,no,cellular,oct,1,999,1,failure,0.7787146587991796,yes,High
729,56,housemaid,married,basic.4y,yes,no,cellular,aug,3,999,0,nonexistent,0.7783914577037256,yes,High
730,32,admin.,single,university.degree,yes,no,cellular,mar,3,999,0,nonexistent,0.7780387632545311,yes,High
731,60,management,married,professional.course,yes,no,cellular,oct,2,999,0,nonexistent,0.7773702128513087,yes,High
732,74,retired,married,basic.4y,no,no,cellular,aug,1,999,1,failure,0.7772409681291569,yes,High
733,28,services,single,university.degree,yes,no,cellular,jul,4,999,0,nonexistent,0.776965178329195,yes,High
734,64,retired,married,unknown,no,no,cellular,aug,4,999,0,nonexistent,0.7766582400847732,yes,High
735,50,admin.,married,high.school,yes,no,cellular,sep,2,999,0,nonexistent,0.7764479482684361,yes,High
736,59,management,married,university.degree,no,no,cellular,dec,4,999,1,failure,0.7763135161494339,yes,High
737,31,admin.,single,university.degree,yes,no,cellular,jul,4,999,0,nonexistent,0.7760733190521095,yes,High
738,54,unemployed,married,basic.9y,yes,no,cellular,oct,1,999,0,nonexistent,0.7758008733454772,yes,High
739,23,admin.,single,high.school,yes,no,cellular,apr,1,999,0,nonexistent,0.7757971646604751,yes,High
740,44,management,married,university.degree,yes,no,cellular,jun,3,999,0,nonexistent,0.7753111574385719,yes,High
741,28,admin.,single,high.school,no,no,cellular,apr,1,999,0,nonexistent,0.7752078213761602,yes,High
742,27,blue-collar,single,university.degree,yes,no,cellular,apr,2,999,0,nonexistent,0.775148244400037,yes,High
743,71,retired,married,professional.course,yes,yes,telephone,nov,1,999,0,nonexistent,0.7750037699521546,yes,High
744,53,admin.,divorced,high.school,no,no,cellular,oct,1,999,0,nonexistent,0.7750006428087189,yes,High
745,57,retired,divorced,basic.9y,no,no,cellular,jul,3,999,0,nonexistent,0.7750000207475374,yes,High
746,49,unemployed,married,professional.course,yes,no,cellular,jun,3,999,0,nonexistent,0.774907359800435,yes,High
747,43,technician,married,professional.course,no,no,cellular,sep,1,999,0,nonexistent,0.7748899506644579,yes,High
748,63,technician,married,unknown,no,no,cellular,aug,1,999,1,failure,0.7748519315673333,yes,High
749,26,student,single,high.school,no,no,cellular,aug,3,999,3,failure,0.7747807497519603,yes,High
750,31,entrepreneur,single,university.degree,yes,no,cellular,aug,3,999,0,nonexistent,0.7747609283993188,yes,High
751,49,admin.,single,university.degree,no,no,cellular,apr,1,999,0,nonexistent,0.7733004868151082,yes,High
752,27,unemployed,married,high.school,no,yes,cellular,nov,3,999,1,failure,0.7732560994839818,yes,High
753,73,retired,divorced,basic.4y,yes,no,cellular,oct,2,999,3,failure,0.7731223116327245,yes,High
754,29,admin.,married,university.degree,no,no,cellular,aug,5,999,0,nonexistent,0.7730339855194278,yes,High
755,20,student,single,high.school,no,no,cellular,aug,2,999,1,failure,0.772666036170217,yes,High
756,37,admin.,married,university.degree,no,no,cellular,aug,2,999,0,nonexistent,0.7724926958135313,yes,High
757,55,technician,married,professional.course,yes,no,cellular,oct,1,999,0,nonexistent,0.7724695249529178,yes,High
758,45,admin.,divorced,university.degree,yes,no,cellular,aug,3,999,1,failure,0.7724034855633725,yes,High
759,66,retired,married,unknown,no,no,cellular,aug,1,999,2,failure,0.7721763074876318,yes,High
760,53,technician,married,professional.course,yes,no,cellular,apr,1,999,0,nonexistent,0.7719459560507125,yes,High
761,40,admin.,married,university.degree,yes,no,cellular,jul,1,999,0,nonexistent,0.7716451963927379,yes,High
762,27,admin.,single,unknown,no,no,cellular,mar,1,999,3,failure,0.7715983973004724,yes,High
763,66,retired,married,unknown,no,no,cellular,sep,1,999,1,failure,0.7715433796019086,yes,High
765,74,retired,married,high.school,no,no,cellular,aug,1,999,0,nonexistent,0.7713260423318424,yes,High
764,74,retired,married,high.school,no,no,cellular,aug,1,999,0,nonexistent,0.7713260423318424,yes,High
766,37,services,married,high.school,no,no,cellular,nov,2,999,1,failure,0.7712939746729147,yes,High
767,33,services,married,high.school,unknown,unknown,cellular,aug,2,999,0,nonexistent,0.771110460545269,yes,High
768,29,admin.,single,university.degree,yes,no,cellular,aug,1,999,0,nonexistent,0.7710602192649496,yes,High
769,45,admin.,single,university.degree,unknown,unknown,cellular,nov,3,999,1,failure,0.7710299367283414,yes,High
770,32,self-employed,single,university.degree,yes,no,cellular,jun,1,999,0,nonexistent,0.7706646853459295,yes,High
771,39,technician,married,professional.course,yes,no,cellular,apr,1,999,0,nonexistent,0.770556082005079,yes,High
772,20,student,single,basic.4y,yes,no,cellular,apr,1,999,0,nonexistent,0.7701997816814162,yes,High
773,46,entrepreneur,married,university.degree,yes,no,cellular,jul,1,999,0,nonexistent,0.770128516439099,yes,High
774,40,admin.,married,university.degree,no,no,cellular,apr,1,999,0,nonexistent,0.7699874387964666,yes,High
775,41,services,married,high.school,unknown,unknown,cellular,aug,1,999,0,nonexistent,0.7699552872415968,yes,High
776,29,blue-collar,single,basic.9y,no,yes,cellular,oct,2,999,0,nonexistent,0.7698916425674815,yes,High
777,75,retired,divorced,basic.4y,yes,no,cellular,oct,1,999,0,nonexistent,0.7695967664065594,yes,High
778,70,retired,married,basic.4y,yes,no,cellular,oct,1,999,0,nonexistent,0.7693012045344241,yes,High
779,43,technician,married,high.school,yes,no,cellular,sep,1,999,0,nonexistent,0.7691349544112721,yes,High
780,47,management,married,university.degree,yes,no,cellular,jul,1,999,0,nonexistent,0.7689768434787626,yes,High
781,24,blue-collar,single,basic.9y,unknown,unknown,cellular,jun,1,999,0,nonexistent,0.7688747281518712,yes,High
782,29,admin.,single,university.degree,yes,no,cellular,aug,1,999,0,nonexistent,0.7688176803614243,yes,High
783,23,student,single,high.school,yes,no,cellular,apr,3,999,0,nonexistent,0.7687037252015585,yes,High
784,50,management,married,university.degree,yes,no,telephone,oct,1,999,1,failure,0.7686113249858709,yes,High
785,57,management,married,basic.4y,yes,no,cellular,sep,2,999,1,failure,0.7682637541298446,yes,High
786,37,blue-collar,single,professional.course,no,no,cellular,oct,3,999,0,nonexistent,0.7682067370898243,yes,High
787,32,self-employed,single,university.degree,no,no,cellular,jul,2,999,0,nonexistent,0.7674489325327413,yes,High
788,39,blue-collar,married,basic.9y,no,no,cellular,aug,1,999,0,nonexistent,0.7671116006329951,yes,High
789,34,unknown,single,university.degree,yes,no,telephone,oct,2,999,0,nonexistent,0.7670524092587109,yes,High
790,40,services,married,high.school,no,no,cellular,jun,1,999,0,nonexistent,0.7670515452772292,yes,High
791,23,student,single,high.school,no,no,cellular,aug,1,999,0,nonexistent,0.7669510529304353,yes,High
792,56,entrepreneur,married,university.degree,no,no,cellular,apr,1,999,0,nonexistent,0.7668339423062235,yes,High
793,60,admin.,married,high.school,no,no,cellular,oct,1,999,1,failure,0.7666844258488432,yes,High
794,43,services,divorced,basic.6y,yes,no,cellular,aug,3,999,0,nonexistent,0.7664847066412764,yes,High
795,37,admin.,married,high.school,yes,yes,cellular,jun,2,999,0,nonexistent,0.7661751513713245,yes,High
796,59,retired,married,unknown,unknown,unknown,cellular,aug,1,999,0,nonexistent,0.7660504149224217,yes,High
797,35,management,married,university.degree,yes,no,cellular,jun,1,999,0,nonexistent,0.7655903056704028,yes,High
798,63,technician,married,unknown,yes,no,cellular,aug,1,999,1,failure,0.7653681255752061,yes,High
799,37,services,married,high.school,yes,no,cellular,jul,2,999,0,nonexistent,0.7653064408473427,yes,High
800,34,admin.,married,university.degree,no,no,cellular,apr,1,999,0,nonexistent,0.7652995955926596,yes,High
801,56,management,divorced,unknown,yes,no,cellular,nov,7,999,0,nonexistent,0.7652977699387435,yes,High
802,63,management,married,unknown,yes,no,cellular,sep,2,999,2,failure,0.7647438550408795,yes,High
803,38,student,single,unknown,yes,yes,cellular,aug,2,999,0,nonexistent,0.7647063935254358,yes,High
804,71,retired,married,basic.9y,no,no,cellular,oct,1,999,0,nonexistent,0.7647008986966682,yes,High
805,39,student,single,unknown,yes,no,cellular,jun,3,999,0,nonexistent,0.7645548432869862,yes,High
806,38,technician,divorced,professional.course,no,yes,cellular,oct,1,999,2,failure,0.7643844290898268,yes,High
807,33,housemaid,married,university.degree,no,no,cellular,jun,1,999,0,nonexistent,0.7641327220397425,yes,High
808,61,blue-collar,married,high.school,no,no,cellular,oct,1,999,0,nonexistent,0.7640265628764507,yes,High
809,58,retired,married,university.degree,yes,no,cellular,aug,1,999,0,nonexistent,0.7639214111159837,yes,High
810,48,management,married,university.degree,yes,no,cellular,dec,5,999,1,failure,0.7639050054424515,yes,High
811,46,unknown,married,unknown,no,yes,cellular,aug,2,999,0,nonexistent,0.7634619442570194,yes,High
812,31,self-employed,single,university.degree,yes,no,cellular,apr,1,999,0,nonexistent,0.7631166093010787,yes,High
813,28,admin.,married,university.degree,yes,no,cellular,aug,3,999,1,failure,0.762857271431569,yes,High
814,33,admin.,married,university.degree,no,yes,telephone,mar,2,999,1,failure,0.7627742178059109,yes,High
815,18,student,single,unknown,yes,no,cellular,sep,1,999,0,nonexistent,0.7625069022236173,yes,High
816,42,admin.,single,university.degree,yes,yes,cellular,jul,1,999,0,nonexistent,0.7623895013925673,yes,High
817,88,retired,married,university.degree,yes,no,cellular,aug,1,999,0,nonexistent,0.7623725433647572,yes,High
818,54,admin.,married,university.degree,yes,no,cellular,jun,1,999,0,nonexistent,0.7622653286998857,yes,High
819,36,management,married,university.degree,yes,no,cellular,mar,1,999,1,failure,0.7617726283160436,yes,High
820,29,admin.,married,high.school,yes,no,cellular,nov,1,999,1,failure,0.7616998374753101,yes,High
821,45,unemployed,married,basic.9y,no,no,cellular,aug,3,999,0,nonexistent,0.7616993242926619,yes,High
822,79,retired,married,basic.9y,yes,no,cellular,apr,1,999,0,nonexistent,0.7616359700192679,yes,High
823,40,admin.,single,high.school,yes,no,cellular,jun,1,999,0,nonexistent,0.7615081860339037,yes,High
824,63,housemaid,married,basic.4y,no,no,cellular,aug,1,999,0,nonexistent,0.7609089378323447,yes,High
825,27,admin.,single,high.school,no,yes,cellular,aug,2,999,1,failure,0.7607834527324249,yes,High
826,32,technician,married,university.degree,yes,no,cellular,nov,1,999,0,nonexistent,0.7607436643631394,yes,High
827,31,services,single,university.degree,yes,no,telephone,aug,1,999,0,nonexistent,0.7607210603620547,yes,High
828,56,management,married,university.degree,yes,no,cellular,aug,2,999,0,nonexistent,0.7605214490587406,yes,High
829,27,admin.,single,university.degree,no,no,cellular,may,1,1,1,success,0.7603590227109894,yes,High
830,58,retired,married,high.school,no,no,cellular,aug,5,999,0,nonexistent,0.7602695569545213,yes,High
831,32,admin.,single,high.school,no,no,cellular,apr,1,999,0,nonexistent,0.760219621830089,yes,High
832,75,retired,married,basic.9y,no,no,cellular,oct,1,999,0,nonexistent,0.7601940836397508,yes,High
833,26,unemployed,single,university.degree,yes,no,cellular,apr,1,999,0,nonexistent,0.7601761027241817,yes,High
834,37,self-employed,single,university.degree,yes,no,cellular,apr,1,999,0,nonexistent,0.7601361372133751,yes,High
835,37,self-employed,single,university.degree,yes,no,cellular,apr,1,999,0,nonexistent,0.7601361372133751,yes,High
836,29,admin.,single,professional.course,no,no,cellular,apr,3,999,0,nonexistent,0.7599941288873565,yes,High
837,57,retired,married,basic.4y,yes,yes,cellular,jun,3,999,0,nonexistent,0.7599585454829139,yes,High
838,37,admin.,married,university.degree,yes,no,cellular,jul,2,999,0,nonexistent,0.7597500688349386,yes,High
839,53,technician,married,professional.course,yes,yes,cellular,mar,1,999,1,failure,0.7596300363295637,yes,High
840,47,admin.,single,university.degree,yes,no,cellular,aug,1,999,1,failure,0.7593024110223794,yes,High
841,63,retired,married,high.school,no,no,cellular,oct,1,999,0,nonexistent,0.7592059942921198,yes,High
842,66,retired,married,basic.6y,yes,no,cellular,aug,1,999,0,nonexistent,0.75888772417828,yes,High
843,41,entrepreneur,married,high.school,yes,no,cellular,jun,1,999,0,nonexistent,0.7588815794146125,yes,High
844,44,unemployed,married,high.school,yes,no,cellular,aug,1,999,0,nonexistent,0.758552557045269,yes,High
845,19,student,single,unknown,yes,yes,cellular,apr,3,999,0,nonexistent,0.7585313084507656,yes,High
846,69,services,married,unknown,no,no,telephone,jul,2,999,0,nonexistent,0.7584499200879325,yes,High
847,40,admin.,married,university.degree,yes,no,cellular,jun,1,999,0,nonexistent,0.7584189799895722,yes,High
848,46,admin.,married,university.degree,yes,no,cellular,aug,1,999,0,nonexistent,0.758234131240798,yes,High
849,40,management,divorced,university.degree,yes,no,cellular,jun,1,999,0,nonexistent,0.7581931815360131,yes,High
850,40,technician,divorced,university.degree,yes,no,cellular,apr,1,999,0,nonexistent,0.7575641377373546,yes,High
851,21,management,single,university.degree,unknown,unknown,cellular,jun,1,999,0,nonexistent,0.7574316961701968,yes,High
852,31,technician,single,university.degree,no,no,cellular,may,1,2,1,success,0.7573516368615251,yes,High
853,55,management,married,university.degree,yes,no,cellular,jun,3,999,0,nonexistent,0.7573018803319587,yes,High
854,29,admin.,single,university.degree,yes,no,cellular,apr,1,999,0,nonexistent,0.7570966496007719,yes,High
855,30,technician,single,professional.course,yes,no,telephone,oct,2,999,0,nonexistent,0.7567740745257077,yes,High
856,38,technician,married,professional.course,no,no,cellular,aug,1,999,1,failure,0.7562880750173493,yes,High
857,70,retired,married,basic.4y,yes,no,cellular,aug,1,999,0,nonexistent,0.7562212720995374,yes,High
858,34,admin.,single,high.school,yes,no,cellular,nov,2,999,1,failure,0.7560174493055756,yes,High
859,29,services,single,high.school,yes,no,cellular,may,1,999,2,failure,0.7557801799609344,yes,High
860,36,admin.,married,university.degree,yes,yes,cellular,aug,1,999,1,failure,0.7553813693891511,yes,High
861,49,admin.,married,high.school,yes,no,cellular,apr,2,999,0,nonexistent,0.7552472406399481,yes,High
862,21,student,single,professional.course,no,no,telephone,nov,1,999,0,nonexistent,0.7551582974185294,yes,High
863,42,technician,single,unknown,yes,no,cellular,aug,1,999,1,failure,0.7547861647284327,yes,High
864,49,blue-collar,married,basic.4y,yes,no,cellular,sep,2,999,0,nonexistent,0.754576526042725,yes,High
865,46,admin.,divorced,high.school,yes,no,cellular,jun,1,999,0,nonexistent,0.7544890042666498,yes,High
866,35,self-employed,married,university.degree,yes,no,cellular,jun,1,999,0,nonexistent,0.7544606985002621,yes,High
867,58,retired,divorced,professional.course,yes,no,cellular,jun,1,999,0,nonexistent,0.754446575651224,yes,High
868,24,student,single,high.school,yes,no,cellular,may,2,999,2,failure,0.7541541084676376,yes,High
869,83,retired,married,unknown,yes,no,cellular,sep,2,999,0,nonexistent,0.7540367326143309,yes,High
870,30,services,divorced,high.school,no,no,cellular,may,2,11,1,success,0.753622870647505,yes,High
871,40,admin.,married,high.school,yes,no,cellular,apr,1,999,0,nonexistent,0.7534808691080953,yes,High
872,40,admin.,married,high.school,yes,no,cellular,apr,1,999,0,nonexistent,0.7534808691080953,yes,High
873,26,unemployed,single,university.degree,yes,no,cellular,apr,3,999,0,nonexistent,0.7531909654112594,yes,High
874,64,retired,married,high.school,no,no,cellular,aug,1,999,1,failure,0.7531900994348503,yes,High
875,52,admin.,married,university.degree,no,no,cellular,sep,2,999,0,nonexistent,0.7530944746140693,yes,High
876,55,admin.,divorced,university.degree,no,no,cellular,apr,1,999,0,nonexistent,0.7530572293565148,yes,High
877,60,admin.,divorced,professional.course,yes,no,cellular,sep,1,999,1,failure,0.7528231108474146,yes,High
878,37,unknown,single,university.degree,yes,yes,cellular,sep,1,999,1,failure,0.7523496725036066,yes,High
879,49,admin.,divorced,university.degree,no,no,cellular,apr,1,999,0,nonexistent,0.7523091333388897,yes,High
880,62,entrepreneur,married,university.degree,no,no,cellular,sep,1,999,1,failure,0.7521026768876196,yes,High
881,59,technician,married,university.degree,no,no,cellular,aug,4,999,0,nonexistent,0.7508069200052929,yes,High
882,29,admin.,single,university.degree,no,no,cellular,apr,2,999,0,nonexistent,0.7503131960424229,yes,High
883,44,admin.,married,university.degree,yes,no,cellular,aug,2,999,0,nonexistent,0.7502433721244842,yes,High
884,21,student,single,basic.9y,no,no,cellular,nov,2,999,0,nonexistent,0.7501997682177768,yes,High
885,39,admin.,married,high.school,no,no,cellular,sep,2,999,0,nonexistent,0.7497817763840919,yes,High
886,60,retired,married,professional.course,yes,no,cellular,sep,1,999,1,failure,0.7496902677101437,yes,High
887,34,technician,single,university.degree,yes,no,cellular,mar,2,999,1,failure,0.7496180506059913,yes,High
888,37,services,married,high.school,no,no,cellular,nov,2,999,2,failure,0.7488086360221883,yes,High
889,64,retired,married,basic.4y,yes,no,cellular,apr,1,999,2,failure,0.748741682958645,yes,High
890,42,management,single,university.degree,unknown,unknown,cellular,jun,4,999,0,nonexistent,0.7486308957316212,yes,High
891,39,admin.,single,university.degree,yes,no,telephone,mar,1,999,1,failure,0.7485338770978462,yes,High
892,44,technician,divorced,high.school,no,no,cellular,aug,3,999,0,nonexistent,0.7484485047657496,yes,High
893,55,admin.,married,unknown,yes,no,cellular,apr,1,999,0,nonexistent,0.7483624339124619,yes,High
894,53,housemaid,married,basic.4y,yes,no,cellular,sep,2,999,0,nonexistent,0.7477672579390594,yes,High
895,76,retired,married,university.degree,yes,no,cellular,aug,1,999,1,failure,0.7475156813992896,yes,High
896,69,retired,married,high.school,no,no,cellular,sep,3,999,0,nonexistent,0.747467046690744,yes,High
897,26,student,single,high.school,no,no,cellular,aug,1,999,0,nonexistent,0.7472493257518606,yes,High
898,37,blue-collar,single,high.school,yes,no,cellular,nov,1,999,0,nonexistent,0.7471907985104187,yes,High
899,38,self-employed,married,professional.course,yes,no,cellular,apr,2,999,0,nonexistent,0.7471056490585316,yes,High
900,56,retired,divorced,university.degree,yes,no,cellular,apr,5,9,1,success,0.7467088801606397,yes,High
901,47,admin.,single,university.degree,yes,no,cellular,jun,1,999,4,failure,0.7466811320015926,yes,High
902,30,blue-collar,single,high.school,no,no,cellular,nov,1,999,2,failure,0.7466131789055338,yes,High
903,33,services,married,high.school,no,no,cellular,jun,1,999,1,failure,0.7465045483545493,yes,High
904,86,retired,divorced,basic.4y,unknown,unknown,cellular,oct,1,999,0,nonexistent,0.7464189555281585,yes,High
905,30,unemployed,single,university.degree,yes,no,cellular,apr,1,999,0,nonexistent,0.7463705128217494,yes,High
906,55,unknown,married,university.degree,yes,no,cellular,aug,1,999,0,nonexistent,0.7450662964336129,yes,High
907,56,admin.,married,basic.9y,no,no,cellular,oct,2,999,0,nonexistent,0.745032546149165,yes,High
908,25,student,single,university.degree,no,no,cellular,aug,1,999,0,nonexistent,0.7442039754218702,yes,High
909,54,admin.,married,university.degree,yes,no,cellular,nov,2,999,0,nonexistent,0.7439915042586378,yes,High
910,25,admin.,single,university.degree,no,yes,cellular,aug,1,999,0,nonexistent,0.743798880193276,yes,High
911,28,admin.,single,high.school,no,no,telephone,mar,2,999,0,nonexistent,0.7435377303193573,yes,High
912,57,admin.,married,basic.9y,no,no,cellular,sep,2,999,1,failure,0.7434278362120736,yes,High
913,45,technician,divorced,university.degree,no,no,cellular,jun,1,999,0,nonexistent,0.7428884046003738,yes,High
914,44,admin.,divorced,high.school,no,no,cellular,jul,5,999,0,nonexistent,0.7428754472652782,yes,High
915,32,student,married,high.school,no,no,cellular,apr,2,999,0,nonexistent,0.7428645445823019,yes,High
916,46,admin.,married,high.school,yes,yes,telephone,oct,1,999,0,nonexistent,0.7426739777059025,yes,High
917,70,retired,married,university.degree,yes,no,cellular,aug,3,999,1,failure,0.7417126039705734,yes,High
918,34,technician,married,professional.course,yes,no,cellular,nov,2,999,1,failure,0.7415283105515778,yes,High
919,18,student,single,unknown,no,no,telephone,sep,2,999,0,nonexistent,0.7412298743355109,yes,High
920,43,blue-collar,married,basic.9y,no,yes,cellular,may,1,3,1,success,0.7412082863477764,yes,High
921,42,unemployed,married,unknown,no,no,cellular,aug,4,999,0,nonexistent,0.7410039891387008,yes,High
922,20,student,single,unknown,yes,no,cellular,apr,4,999,0,nonexistent,0.7409064818887298,yes,High
923,32,admin.,married,university.degree,no,no,cellular,may,1,6,1,success,0.7404861509301617,yes,High
924,91,retired,married,university.degree,no,yes,cellular,sep,2,999,0,nonexistent,0.7402176787413194,yes,High
925,32,admin.,married,university.degree,yes,no,telephone,aug,1,999,1,failure,0.7401466198675479,yes,High
926,40,management,married,university.degree,yes,no,telephone,oct,1,999,0,nonexistent,0.7399192079356052,yes,High
927,34,admin.,married,university.degree,yes,no,cellular,aug,2,999,0,nonexistent,0.7398112528341899,yes,High
928,54,blue-collar,married,basic.9y,no,no,cellular,may,2,6,2,success,0.7396296507644227,yes,High
929,74,retired,divorced,high.school,yes,yes,telephone,dec,6,999,0,nonexistent,0.7390078266160384,yes,High
930,45,blue-collar,married,professional.course,no,no,cellular,oct,1,999,0,nonexistent,0.7383534088272203,yes,High
931,26,unemployed,single,university.degree,yes,no,telephone,apr,3,999,0,nonexistent,0.7383459917315116,yes,High
932,23,student,single,high.school,yes,no,cellular,apr,1,999,0,nonexistent,0.7378109035488655,yes,High
933,30,admin.,single,university.degree,no,no,cellular,nov,1,999,0,nonexistent,0.7377632369394626,yes,High
934,37,technician,married,university.degree,yes,no,cellular,may,1,3,1,success,0.7376774958626555,yes,High
935,42,management,married,university.degree,yes,no,cellular,nov,3,999,1,failure,0.7375178068503391,yes,High
936,59,housemaid,married,basic.4y,yes,no,cellular,aug,6,999,0,nonexistent,0.7373190895467685,yes,High
937,42,admin.,divorced,university.degree,yes,no,cellular,sep,1,999,1,failure,0.7370106090908998,yes,High
938,64,housemaid,married,unknown,yes,no,telephone,may,3,999,0,nonexistent,0.7369080746816743,yes,High
939,21,admin.,single,high.school,yes,no,cellular,apr,1,999,0,nonexistent,0.7368134827255821,yes,High
940,29,admin.,single,university.degree,no,no,cellular,apr,1,999,0,nonexistent,0.7363077929592217,yes,High
941,35,admin.,single,university.degree,no,no,telephone,aug,3,999,0,nonexistent,0.7362378614229971,yes,High
942,20,student,single,high.school,no,no,cellular,nov,1,999,3,failure,0.7359904846502487,yes,High
943,64,management,divorced,university.degree,no,yes,cellular,dec,1,999,1,failure,0.7359289645602712,yes,High
944,63,retired,married,university.degree,no,no,cellular,aug,1,999,0,nonexistent,0.7357705823199632,yes,High
945,34,admin.,single,university.degree,no,no,cellular,jun,1,999,1,failure,0.7355149568897488,yes,High
946,29,technician,single,university.degree,no,no,cellular,apr,1,999,0,nonexistent,0.7350038494821906,yes,High
947,69,blue-collar,married,unknown,yes,no,cellular,aug,3,999,0,nonexistent,0.734945911670045,yes,High
948,25,student,single,high.school,no,no,telephone,nov,2,999,0,nonexistent,0.7348063112409193,yes,High
949,28,technician,single,professional.course,no,no,cellular,may,1,3,1,success,0.7348010456328898,yes,High
950,30,self-employed,single,university.degree,no,no,cellular,apr,1,999,0,nonexistent,0.7346712788843511,yes,High
951,33,blue-collar,single,basic.4y,yes,no,cellular,apr,1,999,0,nonexistent,0.7339998008080728,yes,High
952,58,unemployed,divorced,professional.course,no,yes,cellular,aug,1,999,0,nonexistent,0.7339403809144268,yes,High
953,30,admin.,married,university.degree,yes,no,telephone,aug,1,999,0,nonexistent,0.7336996232723404,yes,High
954,46,technician,married,professional.course,no,no,telephone,jun,1,999,1,failure,0.7336469853858413,yes,High
955,40,blue-collar,married,basic.6y,no,no,cellular,may,1,11,1,success,0.7331983065780718,yes,High
956,27,services,single,university.degree,no,no,cellular,mar,6,999,1,failure,0.7328919123586256,yes,High
957,32,services,single,university.degree,no,no,cellular,sep,3,999,2,failure,0.7328147222715031,yes,High
958,29,admin.,single,university.degree,yes,yes,cellular,aug,12,999,0,nonexistent,0.7327955756958087,yes,High
959,75,retired,married,basic.4y,no,no,cellular,apr,1,999,1,failure,0.7325392284011913,yes,High
960,42,services,married,high.school,yes,no,cellular,apr,1,999,0,nonexistent,0.7318276696499357,yes,High
961,34,admin.,single,high.school,yes,no,cellular,may,1,11,1,success,0.7309207850247275,yes,High
962,40,technician,married,high.school,yes,no,cellular,aug,1,999,0,nonexistent,0.7308501234270751,yes,High
963,33,management,single,university.degree,unknown,unknown,cellular,jun,1,999,0,nonexistent,0.7305816474251224,yes,High
964,37,blue-collar,married,basic.9y,yes,no,cellular,may,2,1,1,success,0.7302595952036254,yes,High
965,36,entrepreneur,single,basic.4y,no,no,cellular,jun,1,999,0,nonexistent,0.7302064919585122,yes,High
966,30,admin.,single,university.degree,yes,no,telephone,apr,2,999,0,nonexistent,0.7300997333578424,yes,High
967,35,admin.,married,high.school,yes,no,cellular,may,2,3,1,success,0.7296994510474958,yes,High
968,46,unemployed,married,basic.9y,yes,yes,cellular,jun,4,999,1,failure,0.7296223214717737,yes,High
969,76,management,married,unknown,no,no,cellular,sep,1,999,0,nonexistent,0.7292413461114887,yes,High
970,59,blue-collar,married,basic.4y,no,no,cellular,apr,3,999,1,failure,0.7290724670121856,yes,High
971,39,services,married,high.school,yes,no,cellular,apr,1,999,0,nonexistent,0.7280896021618681,yes,High
972,43,technician,married,high.school,no,no,cellular,may,1,3,1,success,0.7279376529283442,yes,High
973,24,management,single,university.degree,no,no,cellular,apr,2,999,0,nonexistent,0.7273440139208456,yes,High
974,32,unemployed,single,university.degree,yes,no,cellular,aug,1,999,1,failure,0.7265158707641152,yes,High
975,55,entrepreneur,divorced,basic.9y,yes,no,cellular,aug,1,999,0,nonexistent,0.7261003908494594,yes,High
976,30,technician,single,university.degree,no,no,cellular,apr,5,999,0,nonexistent,0.7260266613199255,yes,High
977,27,admin.,single,university.degree,no,no,cellular,may,1,3,1,success,0.7254642285275082,yes,High
978,39,services,married,university.degree,no,no,cellular,apr,1,999,0,nonexistent,0.7253487925235581,yes,High
979,21,unemployed,single,high.school,yes,no,telephone,aug,2,999,0,nonexistent,0.7249984990224575,yes,High
980,37,management,single,university.degree,no,no,cellular,apr,1,999,1,failure,0.7248997709994615,yes,High
981,24,blue-collar,single,high.school,yes,no,cellular,apr,1,999,1,failure,0.724877666851591,yes,High
982,62,self-employed,married,university.degree,yes,no,cellular,sep,1,999,0,nonexistent,0.7243881585274108,yes,High
983,52,management,married,basic.6y,no,no,cellular,nov,2,999,1,failure,0.7241994768874846,yes,High
984,21,self-employed,single,university.degree,yes,no,cellular,apr,1,999,0,nonexistent,0.7238957780407159,yes,High
986,28,self-employed,single,university.degree,yes,no,cellular,apr,1,999,0,nonexistent,0.7237446843525394,yes,High
985,28,self-employed,single,university.degree,yes,no,cellular,apr,1,999,0,nonexistent,0.7237446843525394,yes,High
987,33,admin.,married,university.degree,yes,no,cellular,nov,1,999,1,failure,0.7234304334672487,yes,High
988,33,services,married,high.school,yes,no,cellular,apr,1,999,0,nonexistent,0.7228387234567647,yes,High
989,33,blue-collar,married,basic.9y,no,no,cellular,aug,1,999,1,failure,0.7227805928322758,yes,High
990,45,management,married,university.degree,no,yes,telephone,jul,2,999,1,failure,0.7224520375298065,yes,High
991,58,self-employed,married,university.degree,no,no,cellular,nov,1,999,0,nonexistent,0.7223870300961238,yes,High
992,45,admin.,divorced,university.degree,no,no,cellular,may,1,9,1,success,0.7221257642463406,yes,High
993,48,technician,married,professional.course,yes,no,cellular,sep,1,999,0,nonexistent,0.721584167546292,yes,High
994,27,student,single,university.degree,no,no,telephone,apr,1,999,0,nonexistent,0.721522995391841,yes,High
995,30,admin.,married,university.degree,yes,yes,cellular,apr,2,999,0,nonexistent,0.7212713984104411,yes,High
996,53,technician,married,professional.course,yes,no,telephone,sep,1,999,0,nonexistent,0.720930946097574,yes,High
997,65,admin.,divorced,university.degree,no,no,cellular,nov,2,999,0,nonexistent,0.7208489910302024,yes,High
998,37,entrepreneur,married,university.degree,yes,no,cellular,nov,1,999,0,nonexistent,0.7208111660649299,yes,High
999,44,unknown,married,university.degree,yes,no,cellular,aug,2,999,0,nonexistent,0.7206335527503671,yes,High
1000,33,admin.,single,university.degree,yes,no,cellular,apr,2,999,1,failure,0.7206263137604949,yes,High
1001,28,unemployed,married,professional.course,no,no,telephone,aug,11,999,0,nonexistent,0.720304703491551,yes,High
1002,44,management,married,unknown,yes,no,cellular,aug,2,999,0,nonexistent,0.720280305252899,yes,High
1003,49,technician,divorced,unknown,no,no,cellular,oct,1,999,2,failure,0.7200336035639602,yes,High
1004,26,admin.,single,high.school,yes,no,cellular,apr,1,999,0,nonexistent,0.7198771039252211,yes,High
1005,25,self-employed,married,university.degree,yes,no,cellular,jun,2,999,1,failure,0.7193084962897616,yes,High
1006,43,technician,married,university.degree,no,no,cellular,aug,1,999,0,nonexistent,0.7186497728815104,yes,High
1007,25,self-employed,single,unknown,no,no,cellular,apr,3,999,1,failure,0.7186368080370061,yes,High
1008,30,admin.,married,university.degree,yes,no,cellular,apr,1,999,0,nonexistent,0.7178228065165011,yes,High
1009,22,student,single,basic.9y,no,no,telephone,aug,1,999,0,nonexistent,0.7172243937700625,yes,High
1010,30,admin.,married,university.degree,no,no,cellular,apr,1,999,0,nonexistent,0.7171581962848379,yes,High
1011,25,self-employed,single,unknown,no,no,cellular,apr,2,999,1,failure,0.7169842074098547,yes,High
1012,19,student,single,unknown,yes,no,telephone,apr,5,999,0,nonexistent,0.7167207254546804,yes,High
1013,24,services,single,high.school,yes,no,cellular,apr,1,999,0,nonexistent,0.7167156132720126,yes,High
1014,26,admin.,single,university.degree,no,no,cellular,aug,1,999,1,failure,0.7160430503808498,yes,High
1015,59,technician,single,basic.6y,no,no,telephone,aug,1,999,0,nonexistent,0.715988589341076,yes,High
1016,31,self-employed,single,university.degree,no,no,cellular,aug,1,999,2,failure,0.7158654440311655,yes,High
1017,45,unemployed,divorced,basic.4y,no,yes,telephone,aug,1,999,0,nonexistent,0.7156761690789418,yes,High
1018,56,retired,divorced,university.degree,yes,no,cellular,apr,3,999,0,nonexistent,0.7153901964656946,yes,High
1019,29,admin.,married,university.degree,yes,no,cellular,apr,1,999,0,nonexistent,0.715177404249494,yes,High
1020,81,housemaid,divorced,basic.4y,yes,no,cellular,nov,6,999,0,nonexistent,0.7151265150912717,yes,High
1021,39,blue-collar,single,basic.4y,yes,no,telephone,mar,3,999,0,nonexistent,0.7149441590467405,yes,High
1022,28,admin.,married,university.degree,yes,no,cellular,jun,1,999,1,failure,0.7141746048894384,yes,High
1023,40,admin.,married,basic.9y,yes,yes,cellular,may,2,10,1,success,0.7136953310082511,yes,High
1024,55,management,divorced,university.degree,yes,no,cellular,sep,1,999,1,failure,0.7132511741236784,yes,High
1025,38,self-employed,divorced,high.school,no,no,cellular,aug,3,999,1,failure,0.7132128059419319,yes,High
1026,33,blue-collar,single,basic.4y,yes,yes,cellular,apr,1,999,0,nonexistent,0.7115629553004461,yes,High
1027,27,admin.,single,high.school,no,no,cellular,apr,1,999,0,nonexistent,0.7113938366602502,yes,High
1028,32,admin.,single,university.degree,yes,no,cellular,apr,1,999,0,nonexistent,0.7111126890082965,yes,High
1029,58,entrepreneur,married,high.school,yes,no,cellular,sep,1,999,1,failure,0.7099188658523571,yes,High
1030,61,management,married,university.degree,yes,no,cellular,sep,1,999,0,nonexistent,0.7098769600572613,yes,High
1031,25,admin.,single,professional.course,yes,no,cellular,apr,1,999,0,nonexistent,0.709247485782613,yes,High
1032,51,management,divorced,university.degree,no,no,cellular,jul,7,999,1,failure,0.7090467284779542,yes,High
1033,35,services,single,university.degree,unknown,unknown,cellular,aug,2,999,0,nonexistent,0.7078442287869338,yes,High
1034,24,services,single,high.school,yes,no,cellular,apr,2,999,0,nonexistent,0.7072789213122731,yes,High
1035,26,technician,single,university.degree,no,yes,cellular,jul,5,999,1,failure,0.7070188994694144,yes,High
1036,26,student,single,professional.course,yes,no,cellular,jun,1,999,1,failure,0.7067838493038764,yes,High
1038,30,admin.,married,university.degree,yes,no,cellular,apr,3,999,0,nonexistent,0.7063059175641478,yes,High
1037,30,admin.,married,university.degree,yes,no,cellular,apr,3,999,0,nonexistent,0.7063059175641478,yes,High
1039,68,retired,divorced,high.school,yes,no,cellular,oct,4,999,2,failure,0.706252949935558,yes,High
1040,34,management,married,university.degree,no,no,telephone,oct,2,999,0,nonexistent,0.7057078735028839,yes,High
1041,31,technician,married,university.degree,no,no,cellular,aug,1,999,1,failure,0.7054869448254105,yes,High
1042,34,technician,married,university.degree,no,no,cellular,aug,1,999,0,nonexistent,0.7051529305832431,yes,High
1043,32,self-employed,single,university.degree,no,no,cellular,apr,1,999,0,nonexistent,0.7048520113505072,yes,High
1044,36,blue-collar,married,basic.9y,no,no,cellular,aug,2,999,1,failure,0.7043712275872691,yes,High
1045,27,admin.,married,university.degree,unknown,unknown,cellular,jun,1,999,1,failure,0.7040215393564908,yes,High
1046,24,student,single,high.school,no,no,cellular,aug,1,999,2,failure,0.7039345002185952,yes,High
1047,53,admin.,married,university.degree,yes,no,cellular,apr,1,999,0,nonexistent,0.7036866251837092,yes,High
1048,28,admin.,married,high.school,no,no,telephone,jun,4,999,0,nonexistent,0.7036035857103684,yes,High
1049,58,retired,divorced,high.school,yes,no,cellular,apr,2,999,0,nonexistent,0.7033834053665868,yes,High
1050,28,admin.,single,university.degree,unknown,unknown,cellular,aug,1,999,2,failure,0.7032010652713201,yes,High
1051,50,self-employed,married,professional.course,yes,no,cellular,jun,1,999,1,failure,0.7031964536711806,yes,High
1052,52,admin.,married,unknown,no,no,telephone,sep,5,999,0,nonexistent,0.7031498215859886,yes,High
1053,33,blue-collar,married,basic.9y,no,no,cellular,aug,1,999,2,failure,0.702137261430897,yes,High
1054,38,technician,married,professional.course,yes,no,cellular,apr,1,999,1,failure,0.7020473882558447,yes,High
1055,66,unemployed,single,basic.4y,no,no,telephone,apr,1,999,0,nonexistent,0.7014909133185193,yes,High
1056,38,admin.,divorced,university.degree,yes,no,cellular,apr,2,999,0,nonexistent,0.7013062770345403,yes,High
1057,31,admin.,married,university.degree,yes,no,cellular,may,2,10,1,success,0.7003844219909439,yes,High
1058,31,technician,single,basic.9y,yes,no,cellular,may,1,11,1,success,0.6995823888756042,yes,Medium
1059,43,admin.,married,high.school,yes,no,cellular,jun,1,999,0,nonexistent,0.6995123938749731,yes,Medium
1060,67,retired,married,professional.course,no,no,telephone,apr,2,999,0,nonexistent,0.6989337916265604,yes,Medium
1061,36,admin.,single,university.degree,yes,no,cellular,apr,2,999,0,nonexistent,0.6984768581176908,yes,Medium
1062,71,retired,divorced,basic.4y,no,yes,cellular,apr,1,999,1,failure,0.6980531627330369,yes,Medium
1063,58,admin.,married,high.school,yes,no,cellular,nov,1,999,2,failure,0.6972237661781578,yes,Medium
1064,57,housemaid,divorced,high.school,no,yes,telephone,jun,4,999,0,nonexistent,0.6967520570147888,yes,Medium
1065,36,admin.,married,high.school,no,no,cellular,aug,5,999,0,nonexistent,0.6962450646914321,yes,Medium
1066,53,retired,married,high.school,no,no,cellular,apr,1,999,0,nonexistent,0.6957767666671376,yes,Medium
1067,24,admin.,single,university.degree,yes,no,cellular,jun,3,999,1,failure,0.6954072679757393,yes,Medium
1068,20,student,single,high.school,yes,yes,cellular,jun,2,999,1,failure,0.694522724508498,yes,Medium
1069,49,admin.,married,university.degree,no,no,cellular,sep,6,999,3,failure,0.6943943152050762,yes,Medium
1070,24,student,single,high.school,unknown,unknown,cellular,jun,3,999,2,failure,0.6943071377698153,yes,Medium
1071,32,unemployed,single,university.degree,no,no,cellular,apr,1,999,0,nonexistent,0.6939842773940236,yes,Medium
1072,28,blue-collar,single,high.school,yes,yes,cellular,apr,1,999,0,nonexistent,0.693886963610892,yes,Medium
1073,31,technician,single,university.degree,no,yes,cellular,apr,3,999,0,nonexistent,0.693719588528704,yes,Medium
1074,29,management,single,university.degree,no,no,cellular,apr,2,999,0,nonexistent,0.6934449662720881,yes,Medium
1075,50,admin.,married,university.degree,yes,no,cellular,jun,7,999,1,failure,0.6927715715343375,yes,Medium
1076,29,technician,single,high.school,no,no,cellular,may,4,12,1,success,0.6915421715799093,yes,Medium
1077,41,blue-collar,married,basic.9y,no,no,cellular,oct,1,999,1,failure,0.6913002890293856,yes,Medium
1078,32,admin.,single,university.degree,no,no,cellular,apr,2,999,0,nonexistent,0.6907345908317146,yes,Medium
1079,31,blue-collar,married,basic.9y,yes,no,cellular,jun,1,999,0,nonexistent,0.6905316163196096,yes,Medium
1080,25,services,single,high.school,yes,no,telephone,jul,2,999,2,failure,0.6904121397285097,yes,Medium
1081,40,retired,single,basic.4y,yes,yes,cellular,apr,1,999,0,nonexistent,0.6902691961813598,yes,Medium
1082,26,admin.,single,university.degree,yes,no,cellular,apr,1,999,0,nonexistent,0.6893100376657469,yes,Medium
1083,33,admin.,married,university.degree,yes,no,cellular,apr,1,999,0,nonexistent,0.6890717943838032,yes,Medium
1084,62,retired,divorced,university.degree,yes,no,telephone,oct,3,999,0,nonexistent,0.6888923937574942,yes,Medium
1085,36,management,married,university.degree,yes,no,cellular,jun,1,999,1,failure,0.6885228567557846,yes,Medium
1086,33,blue-collar,married,basic.9y,yes,no,cellular,may,1,11,1,success,0.6875309106951227,yes,Medium
1087,22,services,single,high.school,yes,no,cellular,apr,1,999,0,nonexistent,0.6869594683685355,yes,Medium
1088,19,student,single,basic.9y,yes,no,cellular,apr,1,999,0,nonexistent,0.6868276530071333,yes,Medium
1089,24,student,single,high.school,yes,no,telephone,jun,1,999,0,nonexistent,0.686673632987248,yes,Medium
1090,34,technician,married,university.degree,no,no,cellular,apr,6,999,0,nonexistent,0.6861590524492143,yes,Medium
1091,27,services,single,university.degree,yes,no,cellular,apr,1,999,0,nonexistent,0.6860634340856447,yes,Medium
1092,34,admin.,married,university.degree,yes,no,cellular,apr,2,999,0,nonexistent,0.68442292109308,yes,Medium
1093,42,technician,married,professional.course,no,no,cellular,apr,1,999,1,failure,0.6840790473614086,yes,Medium
1094,46,admin.,single,university.degree,no,yes,cellular,nov,1,999,1,failure,0.683669785931288,yes,Medium
1095,34,technician,married,university.degree,yes,yes,cellular,apr,1,999,0,nonexistent,0.6836185386676433,yes,Medium
1096,28,technician,married,basic.9y,no,no,cellular,may,1,12,1,success,0.6836131229336316,yes,Medium
1097,47,admin.,single,university.degree,no,no,cellular,apr,1,999,0,nonexistent,0.6834924273827893,yes,Medium
1098,36,admin.,married,university.degree,yes,no,cellular,apr,4,999,0,nonexistent,0.6828881308961522,yes,Medium
1099,22,student,single,high.school,no,no,cellular,apr,2,999,0,nonexistent,0.6826311198811358,yes,Medium
1100,78,retired,divorced,basic.6y,no,no,telephone,oct,2,999,0,nonexistent,0.6822720809379073,yes,Medium
1101,35,admin.,married,university.degree,no,no,cellular,apr,1,999,0,nonexistent,0.6818553189862614,yes,Medium
1102,43,blue-collar,married,basic.9y,no,no,cellular,may,1,6,1,success,0.680450183998073,yes,Medium
1103,24,admin.,single,university.degree,yes,no,telephone,apr,1,999,0,nonexistent,0.6799122447760608,yes,Medium
1104,62,self-employed,married,university.degree,yes,yes,telephone,apr,4,999,0,nonexistent,0.6797086239667522,yes,Medium
1105,27,admin.,married,university.degree,no,yes,cellular,jul,6,999,1,failure,0.678887380188122,yes,Medium
1106,32,admin.,married,university.degree,yes,yes,cellular,nov,1,999,0,nonexistent,0.6783246588175252,yes,Medium
1107,30,services,single,high.school,yes,no,cellular,apr,2,999,0,nonexistent,0.6776338505204479,yes,Medium
1108,30,student,single,university.degree,yes,yes,telephone,apr,1,999,0,nonexistent,0.677390780228809,yes,Medium
1109,47,housemaid,single,professional.course,yes,no,cellular,apr,2,999,0,nonexistent,0.6773158800542517,yes,Medium
1110,45,blue-collar,married,university.degree,no,no,telephone,oct,2,999,0,nonexistent,0.6763195062092273,yes,Medium
1111,45,blue-collar,married,high.school,yes,no,cellular,nov,2,999,0,nonexistent,0.6761713747542537,yes,Medium
1112,27,management,married,university.degree,no,no,cellular,apr,1,999,0,nonexistent,0.6759917013825939,yes,Medium
1113,27,management,married,university.degree,no,no,cellular,apr,1,999,0,nonexistent,0.6759917013825939,yes,Medium
1114,69,retired,married,professional.course,yes,no,telephone,aug,1,999,0,nonexistent,0.6753451443995413,yes,Medium
1115,34,self-employed,married,university.degree,no,no,cellular,aug,2,999,0,nonexistent,0.6745392361267303,yes,Medium
1116,35,technician,married,professional.course,yes,no,telephone,jun,1,999,0,nonexistent,0.6741204134666297,yes,Medium
1117,37,management,divorced,university.degree,yes,no,cellular,may,3,9,1,success,0.6738479576132332,yes,Medium
1118,24,admin.,married,basic.9y,yes,no,cellular,may,1,10,1,success,0.6736124523098043,yes,Medium
1119,27,self-employed,single,university.degree,no,no,cellular,aug,2,999,0,nonexistent,0.6735769660364532,yes,Medium
1120,32,admin.,single,university.degree,yes,yes,cellular,jun,2,999,1,failure,0.6724637749133644,yes,Medium
1121,34,admin.,married,university.degree,no,no,telephone,jun,4,999,0,nonexistent,0.6710544722472339,yes,Medium
1122,38,technician,married,professional.course,yes,yes,cellular,apr,1,999,0,nonexistent,0.6705848584377754,yes,Medium
1123,47,self-employed,married,university.degree,yes,no,cellular,aug,2,999,0,nonexistent,0.6705337556706255,yes,Medium
1124,21,blue-collar,single,basic.4y,no,no,telephone,jun,1,999,0,nonexistent,0.6693385628023347,yes,Medium
1125,38,blue-collar,married,basic.9y,yes,no,cellular,oct,3,999,0,nonexistent,0.6690835629102274,yes,Medium
1126,28,blue-collar,single,basic.9y,yes,yes,cellular,apr,2,999,0,nonexistent,0.66865159439446,yes,Medium
1127,27,self-employed,single,university.degree,unknown,unknown,cellular,aug,2,999,1,failure,0.6683830192099318,yes,Medium
1128,31,blue-collar,married,basic.6y,yes,no,cellular,nov,1,999,2,failure,0.6681749283274712,yes,Medium
1129,28,blue-collar,single,basic.9y,yes,no,cellular,apr,3,999,0,nonexistent,0.6676810012990226,yes,Medium
1130,34,admin.,single,high.school,yes,no,cellular,may,1,12,1,success,0.6668325124522727,yes,Medium
1131,33,management,married,university.degree,yes,no,telephone,mar,1,999,0,nonexistent,0.6665344918720804,yes,Medium
1132,54,services,divorced,high.school,yes,no,cellular,oct,3,999,2,failure,0.6664798820048282,yes,Medium
1133,40,admin.,divorced,university.degree,yes,no,cellular,apr,2,999,0,nonexistent,0.6663614932530015,yes,Medium
1134,25,student,single,unknown,no,no,cellular,aug,1,999,0,nonexistent,0.6652021516593237,yes,Medium
1135,47,entrepreneur,married,university.degree,yes,no,cellular,apr,2,999,0,nonexistent,0.6650096138231233,yes,Medium
1136,41,technician,married,university.degree,no,no,cellular,apr,1,999,0,nonexistent,0.6647795771974979,yes,Medium
1137,58,retired,married,basic.4y,no,no,cellular,apr,1,999,1,failure,0.6640986295935105,yes,Medium
1138,49,management,married,university.degree,no,no,cellular,apr,1,999,0,nonexistent,0.664002086036093,yes,Medium
1139,35,services,single,university.degree,unknown,unknown,cellular,jun,2,999,1,failure,0.6631869837579245,yes,Medium
1140,50,admin.,single,basic.9y,unknown,unknown,cellular,jun,1,999,1,failure,0.6625211847155316,yes,Medium
1141,23,technician,single,professional.course,no,yes,cellular,apr,4,999,0,nonexistent,0.6619876984657983,yes,Medium
1142,27,blue-collar,single,basic.4y,no,no,cellular,apr,1,999,0,nonexistent,0.6617522824727804,yes,Medium
1143,81,retired,married,basic.4y,yes,no,cellular,oct,1,999,2,failure,0.6616785970265551,yes,Medium
1144,44,management,married,university.degree,yes,no,cellular,apr,2,999,0,nonexistent,0.661268096205187,yes,Medium
1145,57,admin.,married,high.school,yes,no,cellular,apr,1,999,0,nonexistent,0.6607034161355748,yes,Medium
1146,57,technician,married,professional.course,yes,no,cellular,apr,1,999,0,nonexistent,0.6599239009995194,yes,Medium
1147,57,technician,married,professional.course,yes,no,cellular,apr,1,999,0,nonexistent,0.6599239009995194,yes,Medium
1148,35,admin.,single,university.degree,yes,no,cellular,may,1,12,1,success,0.659744903487873,yes,Medium
1149,47,entrepreneur,married,university.degree,no,no,cellular,apr,3,999,0,nonexistent,0.6586137893077229,yes,Medium
1150,28,technician,single,professional.course,no,no,cellular,apr,1,999,0,nonexistent,0.6566362278289414,yes,Medium
1151,75,retired,married,unknown,no,no,telephone,aug,2,999,4,failure,0.6561157559994389,yes,Medium
1152,34,unknown,married,basic.4y,yes,yes,cellular,apr,4,999,0,nonexistent,0.6552669685238514,yes,Medium
1153,62,admin.,married,high.school,no,no,telephone,mar,2,999,0,nonexistent,0.6549911169848732,yes,Medium
1154,64,retired,married,university.degree,no,no,telephone,aug,1,999,0,nonexistent,0.6549518105152391,yes,Medium
1155,64,unknown,married,unknown,yes,no,telephone,aug,4,999,0,nonexistent,0.6545244315191897,yes,Medium
1156,37,technician,single,high.school,yes,no,cellular,apr,2,999,0,nonexistent,0.6529624518090799,yes,Medium
1157,33,admin.,single,high.school,no,no,cellular,may,1,12,1,success,0.6527152759405679,yes,Medium
1158,36,management,married,university.degree,no,yes,cellular,apr,1,999,0,nonexistent,0.6518891359914301,yes,Medium
1159,27,admin.,single,high.school,yes,no,cellular,apr,1,999,0,nonexistent,0.6518565224177744,yes,Medium
1160,33,unemployed,single,university.degree,no,no,telephone,jun,1,999,1,failure,0.6498169426932385,yes,Medium
1161,31,admin.,single,university.degree,no,no,cellular,apr,16,999,0,nonexistent,0.6497582117500991,yes,Medium
1162,25,technician,married,university.degree,yes,no,cellular,may,1,12,1,success,0.6496777169894079,yes,Medium
1163,56,entrepreneur,married,university.degree,no,no,telephone,apr,1,999,0,nonexistent,0.6495592947095133,yes,Medium
1164,33,admin.,married,university.degree,no,no,cellular,oct,1,999,0,nonexistent,0.6494683599923661,yes,Medium
1165,45,entrepreneur,divorced,university.degree,yes,no,cellular,apr,1,999,0,nonexistent,0.6485252750443438,yes,Medium
1166,41,admin.,married,university.degree,no,no,cellular,apr,1,999,0,nonexistent,0.6480443449117336,yes,Medium
1167,26,blue-collar,married,basic.9y,no,no,cellular,apr,2,999,0,nonexistent,0.6475284074404069,yes,Medium
1168,37,admin.,married,high.school,yes,no,telephone,nov,1,999,0,nonexistent,0.6473078453436972,yes,Medium
1169,27,technician,single,basic.9y,yes,no,cellular,apr,1,999,0,nonexistent,0.6467793673278815,yes,Medium
1170,42,admin.,single,professional.course,yes,no,cellular,apr,1,999,0,nonexistent,0.6462088781968743,yes,Medium
1171,27,technician,single,basic.9y,no,yes,cellular,apr,2,999,0,nonexistent,0.6438992946908066,yes,Medium
1172,33,self-employed,married,university.degree,yes,no,cellular,aug,3,999,0,nonexistent,0.6431383992466189,yes,Medium
1173,31,admin.,single,university.degree,yes,no,cellular,apr,2,999,0,nonexistent,0.6421890962588648,yes,Medium
1174,38,services,divorced,basic.6y,yes,no,telephone,may,2,10,1,success,0.6421451256916606,yes,Medium
1175,36,blue-collar,divorced,basic.9y,yes,no,cellular,may,1,12,1,success,0.6410124008010787,yes,Medium
1176,39,blue-collar,married,basic.9y,yes,no,cellular,may,1,12,1,success,0.6392712665570198,yes,Medium
1177,29,services,single,high.school,yes,yes,cellular,jun,2,999,2,failure,0.6385049484912215,yes,Medium
1178,38,admin.,single,university.degree,unknown,unknown,cellular,apr,2,999,0,nonexistent,0.6377880160588583,yes,Medium
1179,41,technician,single,university.degree,no,no,telephone,jun,1,999,0,nonexistent,0.6375507566578836,yes,Medium
1180,55,blue-collar,single,basic.4y,yes,no,cellular,apr,2,999,0,nonexistent,0.6374509242315854,yes,Medium
1181,60,self-employed,divorced,university.degree,no,no,cellular,aug,2,999,0,nonexistent,0.6371310421713005,yes,Medium
1182,33,admin.,single,university.degree,no,no,cellular,apr,3,999,0,nonexistent,0.6363697304001874,yes,Medium
1183,56,technician,married,professional.course,yes,no,telephone,may,5,999,0,nonexistent,0.6351994520264448,yes,Medium
1184,29,technician,single,basic.9y,unknown,unknown,telephone,apr,1,999,0,nonexistent,0.6349050743909407,yes,Medium
1185,38,admin.,single,university.degree,yes,no,cellular,apr,1,999,0,nonexistent,0.6345355499581182,yes,Medium
1186,34,management,married,university.degree,no,yes,telephone,may,5,6,1,success,0.6344625364146702,yes,Medium
1187,38,technician,married,professional.course,yes,no,cellular,apr,1,999,0,nonexistent,0.6337390960042086,yes,Medium
1188,31,admin.,married,university.degree,no,no,telephone,apr,3,999,0,nonexistent,0.6332564158495871,yes,Medium
1189,60,admin.,married,university.degree,yes,no,cellular,may,2,999,0,nonexistent,0.632314263579087,yes,Medium
1190,27,student,single,university.degree,yes,no,cellular,oct,1,999,3,failure,0.6321666601049922,yes,Medium
1191,60,retired,married,basic.6y,yes,yes,telephone,apr,5,999,0,nonexistent,0.6316610633682408,yes,Medium
1192,27,admin.,single,university.degree,yes,no,telephone,jun,1,999,0,nonexistent,0.6316082669228478,yes,Medium
1193,34,blue-collar,married,basic.9y,yes,no,cellular,may,2,11,1,success,0.6311453780627405,yes,Medium
1194,34,admin.,single,high.school,no,no,cellular,apr,1,999,0,nonexistent,0.6309096422288684,yes,Medium
1195,52,technician,married,basic.6y,no,no,cellular,may,1,12,1,success,0.6306955060235677,yes,Medium
1196,38,admin.,divorced,high.school,yes,no,cellular,jun,1,999,1,failure,0.6304786411211203,yes,Medium
1197,36,admin.,married,university.degree,yes,no,cellular,apr,1,999,1,failure,0.6303307654478243,yes,Medium
1198,38,services,single,high.school,yes,no,cellular,apr,3,999,0,nonexistent,0.6282769706978063,yes,Medium
1199,38,admin.,unknown,university.degree,no,no,cellular,apr,1,999,0,nonexistent,0.6278285203504383,yes,Medium
1200,28,admin.,single,high.school,yes,no,cellular,jun,1,999,2,failure,0.6277886667928013,yes,Medium
1201,41,services,single,high.school,yes,yes,cellular,apr,2,999,0,nonexistent,0.627714376109193,yes,Medium
1202,33,blue-collar,married,basic.9y,yes,no,telephone,jun,1,999,2,failure,0.6274997071994348,yes,Medium
1203,44,unknown,divorced,unknown,no,no,cellular,apr,1,999,0,nonexistent,0.6259149796911053,yes,Medium
1204,54,unemployed,married,university.degree,no,no,telephone,aug,3,999,0,nonexistent,0.6245909828449713,yes,Medium
1205,43,technician,married,professional.course,no,no,cellular,apr,1,999,0,nonexistent,0.6243508487539624,yes,Medium
1206,34,self-employed,single,university.degree,yes,no,cellular,apr,2,999,0,nonexistent,0.6242916146130001,yes,Medium
1207,55,housemaid,married,basic.4y,yes,no,cellular,apr,1,999,0,nonexistent,0.6237891736467268,yes,Medium
1208,45,admin.,married,university.degree,no,no,cellular,nov,1,999,3,failure,0.6234064907229588,yes,Medium
1209,33,blue-collar,married,high.school,yes,no,cellular,mar,1,999,0,nonexistent,0.6224859805229059,yes,Medium
1210,33,technician,married,professional.course,no,yes,cellular,apr,1,999,0,nonexistent,0.6205750396653479,yes,Medium
1211,33,technician,married,professional.course,no,no,cellular,apr,1,999,0,nonexistent,0.6203577051852359,yes,Medium
1212,51,admin.,married,basic.9y,yes,no,cellular,may,6,6,2,success,0.6201114689535097,yes,Medium
1213,25,unemployed,married,university.degree,no,no,cellular,may,8,10,1,success,0.6193699819866719,yes,Medium
1214,26,technician,single,professional.course,yes,no,cellular,apr,1,999,0,nonexistent,0.6185432707275501,yes,Medium
1215,35,technician,single,university.degree,yes,no,cellular,apr,1,999,0,nonexistent,0.6158642839510479,yes,Medium
1216,71,retired,married,university.degree,yes,yes,telephone,apr,12,999,0,nonexistent,0.6148143944833199,yes,Medium
1217,55,management,divorced,university.degree,yes,no,cellular,apr,3,999,0,nonexistent,0.6144241090080804,yes,Medium
1218,35,services,married,high.school,yes,yes,cellular,jun,1,999,1,failure,0.6141596103375055,yes,Medium
1219,35,blue-collar,married,unknown,yes,no,cellular,may,8,10,1,success,0.6141470483371724,yes,Medium
1220,52,blue-collar,married,basic.4y,yes,no,cellular,apr,1,999,0,nonexistent,0.6132984224967359,yes,Medium
1221,44,management,married,basic.6y,yes,no,cellular,apr,1,999,0,nonexistent,0.6128243340368057,yes,Medium
1222,49,technician,single,university.degree,no,no,telephone,may,1,999,0,nonexistent,0.6121062841743515,yes,Medium
1223,39,admin.,married,high.school,yes,no,cellular,mar,1,999,0,nonexistent,0.6111480849683099,yes,Medium
1224,31,blue-collar,single,basic.9y,no,no,telephone,apr,2,999,0,nonexistent,0.6104030041508662,yes,Medium
1225,29,admin.,divorced,basic.9y,yes,no,cellular,apr,4,999,0,nonexistent,0.6093123577559828,yes,Medium
1226,59,self-employed,married,university.degree,yes,no,telephone,aug,1,999,0,nonexistent,0.6089722899602907,yes,Medium
1227,35,admin.,married,high.school,yes,no,cellular,apr,1,999,0,nonexistent,0.6088544347807909,yes,Medium
1228,51,self-employed,married,basic.9y,no,no,telephone,may,2,12,1,success,0.6056140096400604,yes,Medium
1229,31,blue-collar,married,basic.9y,yes,no,cellular,apr,1,999,0,nonexistent,0.6055296779338926,yes,Medium
1230,59,technician,divorced,professional.course,no,no,cellular,apr,1,999,0,nonexistent,0.6051550734348335,yes,Medium
1231,44,management,married,basic.6y,yes,yes,cellular,apr,1,999,0,nonexistent,0.6043302787909575,yes,Medium
1232,22,student,single,high.school,yes,yes,cellular,may,3,999,0,nonexistent,0.60333193950977,yes,Medium
1233,36,blue-collar,married,unknown,yes,no,cellular,apr,4,999,0,nonexistent,0.6026177081477949,yes,Medium
1234,34,management,married,university.degree,yes,yes,telephone,jun,1,999,0,nonexistent,0.6001617171188707,yes,Medium
1235,59,retired,married,basic.6y,no,no,cellular,may,2,999,0,nonexistent,0.5999011088835389,yes,Medium
1236,33,blue-collar,married,professional.course,yes,yes,cellular,apr,1,999,0,nonexistent,0.599579107193559,yes,Medium
1237,37,self-employed,married,university.degree,no,no,telephone,jun,4,999,0,nonexistent,0.5992120246825816,yes,Medium
1238,29,admin.,single,university.degree,yes,no,telephone,jun,1,999,0,nonexistent,0.5990273111372524,yes,Medium
1239,39,technician,single,professional.course,yes,no,cellular,apr,3,999,0,nonexistent,0.5989420544171836,yes,Medium
1240,33,self-employed,married,university.degree,no,no,telephone,apr,1,999,0,nonexistent,0.5989367010124874,yes,Medium
1241,46,technician,single,basic.9y,yes,no,cellular,apr,1,999,0,nonexistent,0.598706256135637,yes,Medium
1242,49,management,married,university.degree,no,no,cellular,apr,1,999,0,nonexistent,0.5976028390124125,yes,Medium
1243,37,management,married,university.degree,yes,no,cellular,apr,1,999,0,nonexistent,0.5975833715404454,yes,Medium
1244,29,services,single,professional.course,yes,no,telephone,jun,2,999,0,nonexistent,0.59656288738314,yes,Medium
1245,31,technician,married,professional.course,yes,no,cellular,apr,2,999,0,nonexistent,0.595637780718907,yes,Medium
1246,37,blue-collar,married,professional.course,no,no,cellular,apr,1,999,0,nonexistent,0.5953018340952038,yes,Medium
1247,38,technician,single,university.degree,no,no,cellular,apr,2,999,0,nonexistent,0.5951706365638483,yes,Medium
1248,54,blue-collar,married,professional.course,yes,no,telephone,apr,2,999,0,nonexistent,0.5950307652468231,yes,Medium
1249,30,technician,single,professional.course,yes,no,cellular,apr,2,999,0,nonexistent,0.593386750866515,yes,Medium
1250,47,entrepreneur,divorced,high.school,no,no,cellular,apr,5,999,0,nonexistent,0.5918715650731244,yes,Medium
1251,51,services,married,high.school,yes,no,cellular,nov,1,999,1,failure,0.5915575612364896,yes,Medium
1252,32,retired,married,basic.4y,yes,no,cellular,apr,1,999,0,nonexistent,0.5913553491503578,yes,Medium
1253,81,retired,married,basic.4y,no,no,cellular,may,2,999,0,nonexistent,0.591206673581562,yes,Medium
1254,32,student,single,unknown,no,yes,cellular,may,2,999,0,nonexistent,0.5908121268167831,yes,Medium
1255,20,student,single,unknown,no,no,cellular,oct,3,999,3,failure,0.5893349774906096,yes,Medium
1256,28,self-employed,single,university.degree,yes,no,cellular,may,1,999,0,nonexistent,0.5888870103930036,yes,Medium
1257,38,services,married,high.school,yes,no,cellular,apr,1,999,0,nonexistent,0.5886176511884581,yes,Medium
1258,30,services,single,professional.course,yes,no,cellular,apr,2,999,0,nonexistent,0.5877658294098299,yes,Medium
1259,33,blue-collar,single,basic.4y,no,no,cellular,apr,1,999,0,nonexistent,0.5870669268945392,yes,Medium
1260,45,blue-collar,married,unknown,yes,no,cellular,apr,1,999,0,nonexistent,0.5866904197696999,yes,Medium
1261,36,services,married,high.school,unknown,unknown,cellular,apr,3,999,0,nonexistent,0.5850039653238739,yes,Medium
1262,31,admin.,divorced,university.degree,yes,no,cellular,may,1,999,0,nonexistent,0.5845087341005339,yes,Medium
1263,48,admin.,married,university.degree,no,yes,cellular,may,3,999,0,nonexistent,0.5838085501296937,yes,Medium
1264,30,technician,single,professional.course,no,no,cellular,apr,2,999,0,nonexistent,0.5837199864819432,yes,Medium
1265,32,technician,single,professional.course,yes,no,cellular,apr,1,999,0,nonexistent,0.5812990011586225,yes,Medium
1266,31,admin.,divorced,university.degree,yes,yes,cellular,may,3,999,0,nonexistent,0.580570391677502,yes,Medium
1267,46,admin.,single,high.school,yes,no,cellular,nov,2,999,2,failure,0.5793699553510981,yes,Medium
1268,58,services,married,basic.6y,yes,no,cellular,apr,3,999,0,nonexistent,0.5782369175545297,yes,Medium
1269,44,management,married,university.degree,no,no,cellular,apr,2,999,0,nonexistent,0.5781247493051144,yes,Medium
1270,48,admin.,married,high.school,yes,no,telephone,jun,1,999,0,nonexistent,0.5773289836673668,yes,Medium
1271,39,admin.,married,university.degree,no,no,cellular,apr,3,999,0,nonexistent,0.5757158034425448,yes,Medium
1272,46,admin.,divorced,high.school,no,no,cellular,apr,2,999,0,nonexistent,0.5746381160765359,yes,Medium
1273,31,technician,single,professional.course,no,no,cellular,apr,1,999,0,nonexistent,0.5730571809200853,yes,Medium
1274,31,services,single,high.school,no,no,cellular,apr,1,999,0,nonexistent,0.5717994614659792,yes,Medium
1275,39,admin.,married,high.school,no,no,cellular,nov,1,999,1,failure,0.5717926637152685,yes,Medium
1276,26,admin.,married,high.school,yes,no,telephone,apr,1,999,0,nonexistent,0.5717244627335751,yes,Medium
1277,34,services,married,high.school,yes,no,cellular,apr,1,999,0,nonexistent,0.5706805214636765,yes,Medium
1278,30,admin.,married,university.degree,yes,yes,cellular,may,4,999,0,nonexistent,0.5705845894347785,yes,Medium
1279,30,blue-collar,married,basic.4y,yes,no,cellular,apr,1,999,0,nonexistent,0.5703695354779426,yes,Medium
1280,31,admin.,single,high.school,no,no,cellular,apr,2,999,0,nonexistent,0.5700501544399557,yes,Medium
1281,37,self-employed,married,university.degree,no,no,telephone,jun,1,999,0,nonexistent,0.5682999237124801,yes,Medium
1282,33,technician,single,high.school,no,no,cellular,apr,2,999,0,nonexistent,0.568024298556638,yes,Medium
1283,39,management,married,university.degree,no,yes,cellular,apr,4,999,0,nonexistent,0.5669992661510803,yes,Medium
1284,39,admin.,single,university.degree,no,no,cellular,may,2,999,0,nonexistent,0.5654318212081929,yes,Medium
1285,50,admin.,married,university.degree,yes,no,cellular,apr,1,999,0,nonexistent,0.5652365169604411,yes,Medium
1286,42,blue-collar,married,basic.9y,no,no,cellular,apr,4,999,0,nonexistent,0.5625031726587938,yes,Medium
1287,33,services,single,high.school,yes,no,cellular,apr,2,999,0,nonexistent,0.5619258281297536,yes,Medium
1288,30,self-employed,married,university.degree,no,no,cellular,may,4,999,0,nonexistent,0.5618866988082061,yes,Medium
1289,45,services,divorced,basic.4y,no,no,cellular,apr,1,999,0,nonexistent,0.5613628477555844,yes,Medium
1290,32,admin.,married,university.degree,no,no,cellular,may,3,12,2,failure,0.5609720357601877,yes,Medium
1291,42,admin.,single,high.school,yes,no,cellular,apr,1,999,0,nonexistent,0.5605353437964227,yes,Medium
1292,50,admin.,divorced,university.degree,yes,yes,cellular,may,1,999,0,nonexistent,0.5602549867244364,yes,Medium
1293,36,admin.,single,high.school,yes,no,cellular,apr,1,999,0,nonexistent,0.5601698170830073,yes,Medium
1294,40,admin.,married,university.degree,no,no,cellular,may,4,999,0,nonexistent,0.5596336768387313,yes,Medium
1295,51,technician,married,professional.course,yes,no,cellular,may,4,999,0,nonexistent,0.5587203561900952,yes,Medium
1296,44,admin.,single,high.school,no,yes,telephone,jul,1,999,0,nonexistent,0.5584537322368655,yes,Medium
1297,40,technician,married,professional.course,no,no,cellular,apr,1,999,0,nonexistent,0.5576225985844163,yes,Medium
1298,56,housemaid,married,high.school,no,no,cellular,may,8,999,0,nonexistent,0.5572087790241251,yes,Medium
1299,37,management,married,university.degree,yes,no,cellular,apr,5,999,0,nonexistent,0.5570823522651241,yes,Medium
1300,39,blue-collar,married,basic.9y,yes,no,cellular,apr,1,999,0,nonexistent,0.5560510689073377,yes,Medium
1301,49,entrepreneur,married,basic.4y,no,no,cellular,apr,1,999,0,nonexistent,0.5549528842547258,yes,Medium
1302,66,retired,married,basic.4y,yes,no,telephone,oct,2,999,1,failure,0.5542058738763639,yes,Medium
1303,39,blue-collar,single,basic.9y,no,no,cellular,apr,2,999,0,nonexistent,0.5541211818479687,yes,Medium
1304,52,technician,single,professional.course,no,no,telephone,jul,1,999,0,nonexistent,0.5526862064651036,yes,Medium
1305,47,services,married,basic.9y,yes,no,cellular,apr,3,999,0,nonexistent,0.5511313893882669,yes,Medium
1306,57,admin.,divorced,university.degree,no,no,telephone,nov,1,999,0,nonexistent,0.5503210434672423,yes,Medium
1307,39,blue-collar,married,basic.9y,yes,no,cellular,apr,3,999,0,nonexistent,0.5500310011191507,yes,Medium
1308,23,admin.,single,university.degree,no,no,cellular,apr,1,999,1,failure,0.5500207496291147,yes,Medium
1309,85,retired,married,basic.4y,yes,no,cellular,apr,3,999,0,nonexistent,0.5492247424408715,yes,Medium
1310,24,technician,single,high.school,yes,no,cellular,may,4,999,0,nonexistent,0.5483328996021057,yes,Medium
1311,51,blue-collar,married,basic.4y,yes,no,cellular,may,2,999,0,nonexistent,0.5471475174238356,yes,Medium
1312,37,technician,single,professional.course,no,no,cellular,apr,1,999,0,nonexistent,0.5461867682120342,yes,Medium
1313,55,admin.,divorced,high.school,unknown,unknown,cellular,apr,2,999,0,nonexistent,0.545845271141421,yes,Medium
1314,48,admin.,married,high.school,no,no,telephone,nov,1,999,2,failure,0.5457894658393548,yes,Medium
1315,33,unemployed,married,university.degree,yes,no,telephone,jul,1,999,0,nonexistent,0.5453967628715665,yes,Medium
1316,30,admin.,married,high.school,yes,no,telephone,nov,1,999,0,nonexistent,0.544823922746728,yes,Medium
1317,21,student,single,basic.9y,no,no,telephone,jul,1,999,0,nonexistent,0.5445316324634346,yes,Medium
1318,31,blue-collar,single,basic.9y,yes,yes,cellular,apr,1,999,0,nonexistent,0.5438203765329236,yes,Medium
1319,46,admin.,single,high.school,no,yes,cellular,may,5,999,0,nonexistent,0.5433836478304377,yes,Medium
1320,23,student,single,basic.9y,no,yes,cellular,may,1,999,0,nonexistent,0.5422246621165282,yes,Medium
1321,34,admin.,single,university.degree,no,no,cellular,may,5,999,0,nonexistent,0.5391112597016897,yes,Medium
1322,34,student,single,professional.course,yes,no,telephone,oct,1,999,0,nonexistent,0.5379121224069853,yes,Medium
1323,38,admin.,married,university.degree,yes,no,cellular,apr,1,999,0,nonexistent,0.5376230134927209,yes,Medium
1324,32,unemployed,married,high.school,no,no,telephone,sep,1,999,1,failure,0.5370504059412619,yes,Medium
1325,42,services,married,university.degree,yes,no,cellular,apr,4,999,0,nonexistent,0.5359554202704352,yes,Medium
1326,56,admin.,divorced,university.degree,yes,no,cellular,may,1,999,0,nonexistent,0.5355708739077001,yes,Medium
1327,60,management,married,university.degree,yes,no,telephone,may,1,999,0,nonexistent,0.5349481775736946,yes,Medium
1328,26,admin.,married,high.school,yes,no,cellular,apr,10,999,0,nonexistent,0.5338039765252084,yes,Medium
1329,32,technician,divorced,professional.course,yes,no,telephone,jul,1,999,0,nonexistent,0.532974381904735,yes,Medium
1330,55,management,married,university.degree,yes,no,cellular,apr,2,999,0,nonexistent,0.532880649897078,yes,Medium
1331,33,admin.,single,university.degree,no,no,cellular,apr,5,999,1,failure,0.5326656497496494,yes,Medium
1332,50,admin.,married,high.school,yes,no,cellular,apr,2,999,0,nonexistent,0.5326041785018045,yes,Medium
1333,26,student,single,professional.course,no,yes,cellular,may,2,999,0,nonexistent,0.5324491866698292,yes,Medium
1334,51,admin.,divorced,professional.course,no,yes,cellular,apr,3,999,0,nonexistent,0.5319619301512964,yes,Medium
1335,26,technician,single,university.degree,yes,yes,cellular,may,3,999,0,nonexistent,0.5316613320623655,yes,Medium
1336,36,admin.,married,high.school,yes,no,cellular,apr,1,999,0,nonexistent,0.5306282547432157,yes,Medium
1337,56,services,married,high.school,yes,no,cellular,may,2,999,0,nonexistent,0.5301709676175844,yes,Medium
1338,36,admin.,married,high.school,no,no,cellular,apr,1,999,0,nonexistent,0.529798506091618,yes,Medium
1339,25,admin.,single,university.degree,yes,yes,cellular,may,1,999,0,nonexistent,0.5293967633155902,yes,Medium
1340,30,unknown,married,professional.course,yes,no,cellular,may,1,999,0,nonexistent,0.5292305237042004,yes,Medium
1341,32,admin.,married,university.degree,no,no,telephone,nov,1,999,1,failure,0.528894071360203,yes,Medium
1342,35,admin.,married,university.degree,no,no,cellular,apr,1,999,0,nonexistent,0.5285266680941393,yes,Medium
1343,41,blue-collar,married,basic.6y,yes,yes,cellular,apr,2,999,0,nonexistent,0.528196908245028,yes,Medium
1344,37,blue-collar,single,basic.4y,yes,no,cellular,apr,3,999,0,nonexistent,0.5278976110620868,yes,Medium
1345,38,technician,single,professional.course,yes,no,cellular,apr,5,999,0,nonexistent,0.5277755299361848,yes,Medium
1346,88,retired,divorced,basic.4y,yes,no,cellular,may,4,999,0,nonexistent,0.5276264493621838,yes,Medium
1347,38,technician,single,high.school,no,no,telephone,jun,1,999,0,nonexistent,0.5275222441330176,yes,Medium
1348,27,admin.,single,university.degree,yes,no,cellular,may,1,999,0,nonexistent,0.5271553340024824,yes,Medium
1349,47,technician,divorced,university.degree,no,no,cellular,apr,1,999,0,nonexistent,0.5269506512707784,yes,Medium
1350,57,blue-collar,married,basic.9y,no,no,cellular,apr,1,999,0,nonexistent,0.5264716000635479,yes,Medium
1351,36,self-employed,divorced,basic.9y,yes,no,cellular,apr,1,999,0,nonexistent,0.5264686380762377,yes,Medium
1352,44,unemployed,divorced,basic.6y,no,no,cellular,may,1,999,0,nonexistent,0.5259370564506279,yes,Medium
1353,52,admin.,married,university.degree,yes,no,telephone,apr,2,999,1,failure,0.5256612112912495,yes,Medium
1354,45,blue-collar,single,basic.9y,no,no,cellular,apr,1,999,0,nonexistent,0.5249514012795132,yes,Medium
1355,32,admin.,divorced,high.school,no,no,cellular,may,1,999,0,nonexistent,0.5247015784987035,yes,Medium
1356,47,blue-collar,married,basic.9y,yes,no,telephone,apr,1,999,0,nonexistent,0.5236483025630746,yes,Medium
1357,29,technician,single,university.degree,no,no,cellular,may,1,999,0,nonexistent,0.5236152024204669,yes,Medium
1358,39,technician,married,university.degree,yes,no,cellular,apr,1,999,0,nonexistent,0.5235522876790678,yes,Medium
1359,56,entrepreneur,divorced,university.degree,unknown,unknown,cellular,apr,2,999,1,failure,0.5231797068623109,yes,Medium
1360,45,self-employed,divorced,university.degree,no,yes,cellular,may,1,999,0,nonexistent,0.5224138235314476,yes,Medium
1361,65,retired,married,unknown,no,no,cellular,may,1,999,0,nonexistent,0.5215295341121841,yes,Medium
1362,31,services,divorced,high.school,no,no,cellular,apr,1,999,0,nonexistent,0.5202216674583353,yes,Medium
1363,36,blue-collar,married,basic.9y,yes,yes,cellular,apr,1,999,0,nonexistent,0.5184899418865614,yes,Medium
1364,50,admin.,married,high.school,yes,yes,cellular,may,2,999,0,nonexistent,0.5182346303497225,yes,Medium
1365,56,blue-collar,married,basic.6y,yes,yes,cellular,apr,1,999,0,nonexistent,0.5179223846370598,yes,Medium
1366,35,entrepreneur,married,basic.9y,yes,no,telephone,aug,1,999,0,nonexistent,0.5176541507088385,yes,Medium
1367,36,admin.,single,university.degree,no,no,cellular,apr,12,999,1,failure,0.5171656944057585,yes,Medium
1368,30,services,single,high.school,no,no,cellular,may,2,999,0,nonexistent,0.5169818575847532,yes,Medium
1369,58,management,married,university.degree,yes,yes,cellular,may,1,999,0,nonexistent,0.5166764519839059,yes,Medium
1370,25,admin.,single,university.degree,yes,yes,cellular,may,2,999,0,nonexistent,0.5162733909374242,yes,Medium
1371,50,blue-collar,married,basic.4y,no,no,cellular,apr,2,999,0,nonexistent,0.5160034795425027,yes,Medium
1372,34,technician,married,university.degree,no,no,cellular,apr,1,999,0,nonexistent,0.51556514749949,yes,Medium
1373,37,self-employed,single,basic.4y,no,yes,cellular,may,2,999,0,nonexistent,0.5155185603490583,yes,Medium
1374,29,unemployed,married,university.degree,yes,yes,cellular,may,1,999,0,nonexistent,0.5154721045724815,yes,Medium
1375,37,admin.,divorced,university.degree,yes,no,cellular,may,1,999,0,nonexistent,0.5152956644515946,yes,Medium
1376,24,management,single,university.degree,no,no,cellular,may,2,999,0,nonexistent,0.5151760145995475,yes,Medium
1377,45,self-employed,divorced,professional.course,yes,no,telephone,aug,1,999,1,failure,0.5149767706633774,yes,Medium
1378,33,blue-collar,married,high.school,no,no,cellular,apr,1,999,0,nonexistent,0.5149757897083714,yes,Medium
1379,47,admin.,married,university.degree,no,yes,telephone,nov,1,999,0,nonexistent,0.5147470087520198,yes,Medium
1380,23,admin.,single,high.school,no,no,telephone,jul,1,999,0,nonexistent,0.5146149424173792,yes,Medium
1381,25,admin.,married,high.school,yes,no,telephone,jul,1,999,0,nonexistent,0.5146133855312851,yes,Medium
1382,32,blue-collar,married,basic.9y,no,no,cellular,apr,2,999,1,failure,0.5141540971035016,yes,Medium
1383,31,services,single,university.degree,no,no,cellular,may,2,999,0,nonexistent,0.51298678403525,yes,Medium
1384,29,admin.,married,university.degree,yes,no,cellular,may,2,999,0,nonexistent,0.5124087986690248,yes,Medium
1385,36,blue-collar,married,basic.9y,yes,no,cellular,apr,1,999,0,nonexistent,0.51210509557807,yes,Medium
1386,32,admin.,single,professional.course,no,yes,cellular,may,4,999,0,nonexistent,0.5119563178380983,yes,Medium
1387,29,admin.,single,high.school,no,no,cellular,may,4,999,0,nonexistent,0.5118427621756403,yes,Medium
1388,27,services,married,university.degree,yes,no,cellular,may,1,999,0,nonexistent,0.511797756593717,yes,Medium
1389,34,management,married,university.degree,yes,no,cellular,apr,1,999,0,nonexistent,0.5104943273465763,yes,Medium
1390,42,admin.,married,university.degree,yes,no,cellular,may,5,999,0,nonexistent,0.5103666428551066,yes,Medium
1391,26,unemployed,single,high.school,yes,no,telephone,jul,1,999,0,nonexistent,0.5099868263845955,yes,Medium
1392,18,student,single,high.school,no,no,cellular,may,1,999,1,failure,0.5098270698733874,yes,Medium
1393,35,unemployed,divorced,university.degree,no,no,cellular,apr,1,999,1,failure,0.509676596280322,yes,Medium
1395,41,unemployed,married,basic.9y,yes,no,cellular,apr,1,999,0,nonexistent,0.5096251537308655,yes,Medium
1394,41,unemployed,married,basic.9y,yes,no,cellular,apr,1,999,0,nonexistent,0.5096251537308655,yes,Medium
1396,30,services,single,high.school,yes,yes,cellular,may,2,999,0,nonexistent,0.5095332585873277,yes,Medium
1397,28,admin.,single,university.degree,no,no,cellular,may,2,999,0,nonexistent,0.5094075775092795,yes,Medium
1398,43,blue-collar,married,basic.4y,yes,no,cellular,apr,1,999,0,nonexistent,0.5090322590015948,yes,Medium
1399,39,technician,divorced,university.degree,no,no,cellular,may,4,999,0,nonexistent,0.5088318544590618,yes,Medium
1400,29,unemployed,married,university.degree,yes,no,cellular,may,1,999,0,nonexistent,0.5084812909829973,yes,Medium
1401,56,entrepreneur,married,university.degree,yes,yes,cellular,may,2,999,0,nonexistent,0.507733133091741,yes,Medium
1402,66,housemaid,married,high.school,yes,no,cellular,may,1,999,0,nonexistent,0.5075125659992429,yes,Medium
1403,33,services,married,high.school,yes,no,cellular,apr,2,999,2,failure,0.5074503708926698,yes,Medium
1404,40,blue-collar,married,basic.6y,yes,no,telephone,jun,1,999,0,nonexistent,0.5066613114161724,yes,Medium
1405,32,admin.,divorced,high.school,no,no,cellular,may,1,999,0,nonexistent,0.5060637434812342,yes,Medium
1406,57,admin.,married,university.degree,yes,no,cellular,may,2,999,0,nonexistent,0.5056681271616221,yes,Medium
1407,42,blue-collar,single,unknown,no,no,cellular,apr,2,999,0,nonexistent,0.5052901327418344,yes,Medium
1408,35,services,married,high.school,no,no,cellular,apr,2,999,0,nonexistent,0.5045251312954462,yes,Medium
1409,37,technician,single,professional.course,no,no,cellular,may,1,999,0,nonexistent,0.5042569596996296,yes,Medium
1410,32,technician,married,professional.course,yes,no,telephone,nov,1,999,0,nonexistent,0.5042398755413293,yes,Medium
1411,35,blue-collar,married,basic.9y,yes,no,cellular,apr,1,999,0,nonexistent,0.5042018675514234,yes,Medium
1412,31,technician,single,university.degree,yes,no,telephone,jun,1,999,0,nonexistent,0.5038704661470411,yes,Medium
1413,32,unemployed,married,professional.course,yes,no,telephone,nov,1,999,0,nonexistent,0.5037676690441163,yes,Medium
1414,29,admin.,married,university.degree,yes,no,cellular,may,1,999,0,nonexistent,0.5034511251123851,yes,Medium
1415,44,management,single,high.school,no,no,cellular,may,1,999,0,nonexistent,0.503403511963672,yes,Medium
1416,38,services,married,high.school,no,no,cellular,apr,2,999,0,nonexistent,0.503357818101149,yes,Medium
1417,34,admin.,single,university.degree,no,no,cellular,may,1,999,0,nonexistent,0.5032105916667231,yes,Medium
1418,28,admin.,single,university.degree,yes,no,cellular,may,2,999,0,nonexistent,0.502351172341351,yes,Medium
1419,40,admin.,single,high.school,no,yes,cellular,may,1,999,0,nonexistent,0.5022839174873172,yes,Medium
1420,27,technician,married,university.degree,yes,no,cellular,may,3,999,0,nonexistent,0.5022431154651793,yes,Medium
1421,36,blue-collar,married,basic.9y,no,no,cellular,apr,1,999,0,nonexistent,0.502136714479984,yes,Medium
1422,48,unemployed,married,high.school,yes,no,cellular,apr,3,999,0,nonexistent,0.5018726588363581,yes,Medium
1423,34,management,single,university.degree,no,yes,cellular,may,1,999,0,nonexistent,0.5012542649474601,yes,Medium
1424,36,services,single,high.school,no,yes,telephone,apr,2,999,0,nonexistent,0.5009465421386443,yes,Medium
1425,36,technician,married,high.school,no,no,cellular,apr,1,999,0,nonexistent,0.5001695830685634,yes,Medium
1426,34,services,divorced,high.school,no,no,cellular,may,1,999,0,nonexistent,0.5000499677017252,yes,Medium
1427,38,services,married,high.school,yes,no,cellular,apr,3,999,0,nonexistent,0.4999417434955443,no,Medium
1428,32,admin.,single,university.degree,no,no,cellular,may,1,999,0,nonexistent,0.499712254339004,no,Medium
1429,30,technician,single,basic.9y,no,yes,cellular,may,1,999,0,nonexistent,0.4997117730431637,no,Medium
1430,58,retired,married,basic.9y,no,yes,cellular,may,2,999,0,nonexistent,0.49965696008165716,no,Medium
1431,35,blue-collar,married,basic.4y,yes,no,cellular,may,3,999,0,nonexistent,0.49892271262933463,no,Medium
1432,28,admin.,married,high.school,no,yes,telephone,jun,1,999,0,nonexistent,0.4986833532210526,no,Medium
1433,46,admin.,married,basic.9y,yes,no,telephone,nov,1,999,1,failure,0.4985757149162766,no,Medium
1434,29,admin.,single,high.school,yes,no,cellular,may,1,999,0,nonexistent,0.4977282037014549,no,Medium
1435,46,admin.,single,university.degree,yes,no,cellular,may,1,999,0,nonexistent,0.49671863176429565,no,Medium
1436,29,admin.,married,university.degree,yes,no,cellular,may,2,999,0,nonexistent,0.49668742136801713,no,Medium
1437,34,admin.,married,university.degree,yes,no,cellular,may,1,999,0,nonexistent,0.49653488956842995,no,Medium
1438,57,retired,divorced,university.degree,yes,no,telephone,nov,1,999,0,nonexistent,0.4964552151148977,no,Medium
1439,42,admin.,married,university.degree,yes,no,cellular,may,6,999,0,nonexistent,0.49608927711816997,no,Medium
1440,32,services,single,high.school,no,no,cellular,may,2,999,0,nonexistent,0.4957389853886745,no,Medium
1441,35,admin.,married,university.degree,yes,no,cellular,may,1,999,0,nonexistent,0.4955912758128531,no,Medium
1442,32,admin.,single,university.degree,no,no,cellular,may,4,999,0,nonexistent,0.49484823716869253,no,Medium
1443,30,technician,single,university.degree,no,yes,cellular,may,1,999,0,nonexistent,0.49455501546593744,no,Medium
1444,58,management,single,university.degree,no,no,cellular,may,1,999,0,nonexistent,0.49452164301492596,no,Medium
1445,34,admin.,married,basic.9y,yes,no,cellular,apr,1,999,0,nonexistent,0.49427622633761475,no,Medium
1446,29,self-employed,married,university.degree,no,no,cellular,may,1,999,0,nonexistent,0.4942716220317745,no,Medium
1447,28,technician,single,professional.course,yes,no,cellular,apr,2,999,1,failure,0.4941861763540967,no,Medium
1448,22,student,single,high.school,yes,no,cellular,may,1,999,0,nonexistent,0.49383447604527625,no,Medium
1449,58,housemaid,married,basic.4y,yes,no,cellular,may,1,999,0,nonexistent,0.4931602688145668,no,Medium
1450,45,blue-collar,single,high.school,no,no,cellular,may,1,999,0,nonexistent,0.4930358828971556,no,Medium
1451,34,technician,divorced,professional.course,yes,yes,cellular,may,2,999,0,nonexistent,0.49288867655444807,no,Medium
1452,32,admin.,single,university.degree,no,no,cellular,may,2,999,0,nonexistent,0.49287733732284605,no,Medium
1453,57,admin.,single,high.school,yes,no,telephone,may,5,12,1,success,0.49231961583569,no,Medium
1454,34,technician,married,professional.course,yes,no,cellular,apr,3,999,0,nonexistent,0.49217182028723916,no,Medium
1455,29,admin.,single,high.school,no,no,telephone,jul,1,999,0,nonexistent,0.4920224812135181,no,Medium
1456,42,blue-collar,married,basic.4y,yes,no,cellular,apr,2,999,0,nonexistent,0.4919823588565949,no,Medium
1457,30,services,single,high.school,yes,no,cellular,may,1,999,0,nonexistent,0.4919375057217544,no,Medium
1458,30,services,single,high.school,yes,no,cellular,may,1,999,0,nonexistent,0.4919375057217544,no,Medium
1459,46,admin.,married,high.school,yes,yes,cellular,may,3,999,0,nonexistent,0.49186371721476785,no,Medium
1460,32,technician,divorced,basic.9y,no,no,cellular,apr,1,999,0,nonexistent,0.491580448788352,no,Medium
1461,29,self-employed,married,university.degree,no,no,cellular,may,2,999,0,nonexistent,0.4906485898470273,no,Medium
1462,43,admin.,divorced,high.school,unknown,unknown,cellular,apr,1,999,1,failure,0.4901710608662044,no,Medium
1463,20,technician,single,professional.course,no,no,cellular,may,2,999,0,nonexistent,0.48970777358830003,no,Medium
1464,33,unemployed,married,basic.4y,no,no,cellular,may,1,999,0,nonexistent,0.48931474659995805,no,Medium
1465,37,admin.,divorced,high.school,yes,no,cellular,apr,2,999,0,nonexistent,0.48900452017328233,no,Medium
1466,33,admin.,single,high.school,yes,no,cellular,may,1,999,0,nonexistent,0.48882057915983085,no,Medium
1467,31,services,single,high.school,no,yes,cellular,may,2,999,0,nonexistent,0.48794325793986426,no,Medium
1468,29,admin.,married,basic.6y,no,no,cellular,may,3,999,0,nonexistent,0.4878515654538842,no,Medium
1469,33,entrepreneur,married,university.degree,yes,no,cellular,may,3,999,0,nonexistent,0.48732885585571895,no,Medium
1470,39,technician,divorced,professional.course,no,yes,cellular,may,2,999,0,nonexistent,0.4872825117919904,no,Medium
1471,59,blue-collar,married,basic.9y,yes,no,cellular,apr,1,999,1,failure,0.48713551341855615,no,Medium
1472,49,admin.,single,university.degree,yes,no,cellular,may,1,999,0,nonexistent,0.4871002085352095,no,Medium
1473,30,admin.,married,high.school,yes,no,cellular,may,1,999,0,nonexistent,0.4870731980377981,no,Medium
1474,26,entrepreneur,single,high.school,yes,no,cellular,may,2,999,0,nonexistent,0.4870004593574924,no,Medium
1475,39,blue-collar,married,basic.4y,yes,no,cellular,apr,3,999,0,nonexistent,0.4869623215387558,no,Medium
1476,45,blue-collar,married,basic.4y,yes,no,telephone,apr,1,999,0,nonexistent,0.48687513833963675,no,Medium
1477,37,admin.,married,high.school,no,no,cellular,may,3,999,0,nonexistent,0.48667121255313095,no,Medium
1478,27,admin.,married,high.school,no,no,cellular,may,3,999,0,nonexistent,0.48665305914009055,no,Medium
1479,54,retired,divorced,university.degree,yes,no,cellular,may,1,999,0,nonexistent,0.4864014732298991,no,Medium
1480,31,admin.,married,university.degree,yes,no,cellular,may,1,999,0,nonexistent,0.4862899203353791,no,Medium
1481,31,admin.,married,university.degree,yes,no,cellular,may,1,999,0,nonexistent,0.4862899203353791,no,Medium
1482,55,admin.,married,high.school,no,yes,cellular,apr,1,999,1,failure,0.48622218874292333,no,Medium
1483,38,self-employed,married,basic.9y,no,yes,cellular,may,2,999,0,nonexistent,0.48594052984986075,no,Medium
1484,40,technician,married,university.degree,yes,yes,cellular,may,2,999,0,nonexistent,0.48593802936292413,no,Medium
1485,37,admin.,divorced,high.school,yes,yes,cellular,may,2,999,0,nonexistent,0.4856250657195008,no,Medium
1486,41,blue-collar,single,basic.9y,no,no,cellular,may,1,999,0,nonexistent,0.4856234472107743,no,Medium
1487,53,admin.,married,basic.6y,yes,no,cellular,apr,1,999,0,nonexistent,0.4853192914331882,no,Medium
1488,30,management,single,basic.9y,yes,no,cellular,may,4,999,0,nonexistent,0.48517856875171295,no,Medium
1489,34,admin.,single,high.school,yes,no,cellular,may,2,999,0,nonexistent,0.4847285813320805,no,Medium
1490,26,admin.,single,university.degree,yes,no,cellular,may,1,999,0,nonexistent,0.48469141024514195,no,Medium
1491,46,blue-collar,divorced,basic.9y,no,no,cellular,apr,3,999,0,nonexistent,0.484648518220465,no,Medium
1492,50,retired,married,basic.4y,yes,no,cellular,jul,1,999,0,nonexistent,0.48425049017896954,no,Medium
1493,27,admin.,divorced,high.school,yes,no,cellular,may,4,999,0,nonexistent,0.48419842948375985,no,Medium
1494,42,admin.,married,professional.course,yes,no,telephone,nov,1,999,0,nonexistent,0.4835427786933559,no,Medium
1495,27,admin.,single,high.school,yes,yes,cellular,may,4,999,0,nonexistent,0.483463922165373,no,Medium
1496,50,housemaid,divorced,basic.4y,no,no,telephone,sep,1,999,0,nonexistent,0.48336983350477625,no,Medium
1497,28,technician,single,professional.course,unknown,unknown,cellular,apr,2,999,1,failure,0.48299228568235575,no,Medium
1498,54,technician,divorced,university.degree,no,no,cellular,may,2,999,0,nonexistent,0.48294187548856143,no,Medium
1499,31,blue-collar,single,basic.9y,no,yes,cellular,may,3,999,0,nonexistent,0.4828527564417946,no,Medium
1500,37,technician,divorced,professional.course,no,no,cellular,may,1,999,0,nonexistent,0.48261816005558056,no,Medium
1501,47,retired,divorced,university.degree,no,no,cellular,may,2,999,0,nonexistent,0.4824679221824303,no,Medium
1502,45,admin.,married,university.degree,yes,no,cellular,may,1,999,0,nonexistent,0.48224883085109543,no,Medium
1503,47,technician,married,high.school,yes,no,cellular,apr,2,999,0,nonexistent,0.48173945105884686,no,Medium
1504,31,services,married,basic.9y,no,no,cellular,apr,2,999,0,nonexistent,0.4817139707465164,no,Medium
1505,31,admin.,single,university.degree,yes,no,cellular,may,1,999,0,nonexistent,0.48159092825420846,no,Medium
1506,31,services,married,basic.9y,no,no,cellular,apr,3,999,0,nonexistent,0.48155103301059815,no,Medium
1507,81,retired,married,basic.9y,no,no,cellular,may,2,999,1,failure,0.48124860822675863,no,Medium
1508,35,admin.,single,university.degree,yes,no,cellular,may,2,999,0,nonexistent,0.48093133167425456,no,Medium
1509,35,admin.,married,high.school,yes,no,cellular,may,1,999,0,nonexistent,0.4805765355508031,no,Medium
1510,43,admin.,single,high.school,yes,no,cellular,may,3,999,0,nonexistent,0.4804864665897897,no,Medium
1511,40,student,single,high.school,yes,no,cellular,may,1,999,0,nonexistent,0.4804255256018151,no,Medium
1512,38,technician,single,university.degree,yes,no,cellular,apr,1,999,1,failure,0.48016657266861384,no,Medium
1513,37,self-employed,single,university.degree,no,yes,cellular,may,1,999,0,nonexistent,0.47993526461206765,no,Medium
1514,50,technician,married,unknown,yes,no,cellular,may,1,999,0,nonexistent,0.4798943409540535,no,Medium
1515,36,services,married,basic.9y,no,yes,cellular,may,2,999,0,nonexistent,0.4797782368419091,no,Medium
1516,54,management,married,university.degree,no,no,cellular,may,1,999,0,nonexistent,0.4797752602404559,no,Medium
1517,27,technician,single,professional.course,no,no,cellular,may,1,999,0,nonexistent,0.47961239851883136,no,Medium
1518,25,blue-collar,married,basic.4y,no,no,cellular,may,2,999,0,nonexistent,0.4791435953362219,no,Medium
1519,22,student,single,basic.9y,no,no,telephone,aug,1,999,0,nonexistent,0.47891681904688954,no,Medium
1520,33,services,single,high.school,no,yes,cellular,may,2,999,0,nonexistent,0.47843422716719886,no,Medium
1521,33,services,married,high.school,yes,yes,cellular,apr,5,999,0,nonexistent,0.4781814344880609,no,Medium
1522,28,self-employed,single,university.degree,yes,no,cellular,may,1,999,0,nonexistent,0.4781092615317457,no,Medium
1523,46,blue-collar,divorced,basic.9y,yes,no,telephone,apr,3,999,0,nonexistent,0.4780589541067808,no,Medium
1524,43,services,married,high.school,yes,no,telephone,apr,7,999,0,nonexistent,0.47804856818904273,no,Medium
1525,35,admin.,divorced,high.school,yes,no,cellular,may,1,999,0,nonexistent,0.47797419246317074,no,Medium
1526,41,blue-collar,married,professional.course,no,no,cellular,apr,3,999,0,nonexistent,0.4778755375351866,no,Medium
1527,42,admin.,married,high.school,yes,no,cellular,apr,1,999,0,nonexistent,0.47786097053152343,no,Medium
1528,34,entrepreneur,married,university.degree,yes,yes,telephone,apr,1,999,0,nonexistent,0.4777526665055403,no,Medium
1529,27,admin.,married,high.school,no,yes,cellular,may,1,999,0,nonexistent,0.4776065372305567,no,Medium
1530,58,housemaid,married,basic.4y,yes,no,cellular,may,1,999,0,nonexistent,0.4775495643584199,no,Medium
1531,28,technician,single,professional.course,yes,no,cellular,may,1,999,0,nonexistent,0.47721107741304525,no,Medium
1532,34,technician,divorced,professional.course,yes,no,cellular,may,2,999,0,nonexistent,0.4769397298964708,no,Medium
1533,25,student,single,university.degree,yes,yes,cellular,may,3,999,0,nonexistent,0.4768115263767059,no,Medium
1534,28,admin.,single,university.degree,yes,no,cellular,may,2,999,0,nonexistent,0.4762923852594097,no,Medium
1535,36,admin.,married,high.school,yes,yes,cellular,may,4,999,0,nonexistent,0.4761861511900552,no,Medium
1536,29,admin.,married,university.degree,unknown,unknown,cellular,apr,1,999,1,failure,0.47613774673797593,no,Medium
1537,28,technician,single,professional.course,yes,no,cellular,may,1,999,0,nonexistent,0.47610810543369175,no,Medium
1538,28,management,single,university.degree,yes,no,cellular,may,1,999,0,nonexistent,0.47563092032080884,no,Medium
1539,39,management,single,university.degree,no,no,cellular,apr,2,999,1,failure,0.4755380942071409,no,Medium
1540,57,services,married,high.school,no,no,cellular,may,1,999,0,nonexistent,0.4755006059865976,no,Medium
1541,29,services,single,high.school,no,yes,telephone,jun,1,999,0,nonexistent,0.47533065660080953,no,Medium
1542,29,services,single,high.school,no,no,cellular,may,1,999,0,nonexistent,0.47499877401797497,no,Medium
1543,53,retired,married,basic.9y,no,no,cellular,may,4,999,0,nonexistent,0.4749349637851744,no,Medium
1544,55,retired,married,high.school,no,no,cellular,may,1,999,0,nonexistent,0.4747033831502561,no,Medium
1545,33,admin.,married,university.degree,yes,no,cellular,may,3,999,0,nonexistent,0.4746702603813921,no,Medium
1546,26,services,single,high.school,no,no,cellular,may,1,999,0,nonexistent,0.4746029134780712,no,Medium
1547,38,admin.,single,university.degree,yes,no,cellular,may,2,999,0,nonexistent,0.4745150355569594,no,Medium
1548,27,admin.,single,university.degree,yes,no,cellular,may,1,999,0,nonexistent,0.4745042238412708,no,Medium
1549,31,blue-collar,married,basic.6y,yes,no,cellular,may,3,999,0,nonexistent,0.4742627753152167,no,Medium
1550,41,blue-collar,married,basic.9y,no,no,cellular,apr,1,999,1,failure,0.4741674194901332,no,Medium
1551,37,admin.,married,high.school,yes,no,cellular,apr,1,999,0,nonexistent,0.47406105166296897,no,Medium
1552,41,housemaid,married,high.school,no,no,cellular,may,2,999,0,nonexistent,0.4739802261369502,no,Medium
1553,49,admin.,married,university.degree,yes,yes,cellular,may,3,999,0,nonexistent,0.47385057099464023,no,Medium
1554,32,blue-collar,single,basic.4y,no,no,cellular,may,1,999,0,nonexistent,0.47376433157965636,no,Medium
1555,39,technician,single,high.school,yes,no,cellular,may,1,999,0,nonexistent,0.47370472590213175,no,Medium
1556,29,services,married,high.school,yes,yes,cellular,may,1,999,0,nonexistent,0.4735565213491506,no,Medium
1557,44,blue-collar,single,professional.course,no,no,cellular,may,1,999,0,nonexistent,0.47352997472839947,no,Medium
1558,30,admin.,single,high.school,no,yes,cellular,may,2,999,0,nonexistent,0.473140392319272,no,Medium
1559,38,technician,divorced,high.school,yes,yes,cellular,apr,3,999,1,failure,0.47308876172570297,no,Medium
1560,36,management,married,university.degree,no,no,cellular,may,1,999,0,nonexistent,0.47280544487578907,no,Medium
1561,34,technician,married,basic.9y,yes,no,cellular,apr,2,999,0,nonexistent,0.47229995654559737,no,Medium
1562,25,student,single,high.school,yes,no,cellular,may,2,999,0,nonexistent,0.47184552654684847,no,Medium
1563,49,management,married,university.degree,yes,yes,cellular,apr,8,999,0,nonexistent,0.47159525009440445,no,Medium
1564,34,services,married,high.school,no,no,cellular,may,3,999,0,nonexistent,0.4715800966888978,no,Medium
1565,27,unemployed,married,high.school,yes,no,cellular,may,4,999,0,nonexistent,0.47145439597199507,no,Medium
1566,32,technician,divorced,professional.course,no,yes,cellular,may,1,999,0,nonexistent,0.4711282478542454,no,Medium
1567,36,services,single,high.school,yes,no,cellular,may,4,999,0,nonexistent,0.47100585173829823,no,Medium
1568,35,services,divorced,high.school,yes,yes,cellular,apr,1,999,0,nonexistent,0.4709800503244579,no,Medium
1569,37,services,married,professional.course,no,no,cellular,may,2,999,0,nonexistent,0.4708113189651087,no,Medium
1570,39,blue-collar,married,basic.4y,yes,no,cellular,apr,4,999,0,nonexistent,0.4706212464505083,no,Medium
1571,26,admin.,single,university.degree,yes,no,cellular,may,2,999,0,nonexistent,0.4700899399154368,no,Medium
1572,53,admin.,married,high.school,no,no,cellular,may,2,999,0,nonexistent,0.47000302954073875,no,Medium
1573,27,technician,single,professional.course,yes,no,cellular,may,2,999,0,nonexistent,0.46986403712342223,no,Medium
1574,57,technician,divorced,basic.6y,yes,no,cellular,may,4,999,0,nonexistent,0.46983342457236216,no,Medium
1575,29,technician,single,professional.course,yes,no,cellular,may,1,999,0,nonexistent,0.4694244290164763,no,Medium
1576,35,admin.,married,university.degree,no,yes,cellular,may,1,999,0,nonexistent,0.4693580884821597,no,Medium
1577,28,blue-collar,single,basic.4y,no,no,cellular,may,1,999,0,nonexistent,0.4692457583240982,no,Medium
1578,44,unemployed,married,basic.9y,no,no,cellular,may,3,999,0,nonexistent,0.46922885975712136,no,Medium
1579,41,management,married,university.degree,no,no,cellular,may,1,999,0,nonexistent,0.4692111529364771,no,Medium
1580,29,admin.,single,university.degree,yes,yes,cellular,may,2,999,0,nonexistent,0.4691791696119619,no,Medium
1581,40,blue-collar,married,basic.6y,yes,no,cellular,apr,3,999,0,nonexistent,0.469061937658696,no,Medium
1582,47,services,married,high.school,no,no,cellular,may,2,999,0,nonexistent,0.46903476101474023,no,Medium
1583,29,admin.,single,basic.6y,yes,no,cellular,may,3,999,1,failure,0.4690037645180926,no,Medium
1584,40,blue-collar,married,basic.6y,no,no,cellular,apr,2,999,0,nonexistent,0.468855928449273,no,Medium
1585,33,retired,married,high.school,yes,no,cellular,may,2,999,0,nonexistent,0.4686384288743096,no,Medium
1586,51,blue-collar,married,basic.4y,yes,yes,telephone,dec,1,999,0,nonexistent,0.46860285299736004,no,Medium
1587,32,entrepreneur,married,university.degree,unknown,unknown,cellular,may,1,999,0,nonexistent,0.4677497215316676,no,Medium
1588,25,technician,married,university.degree,no,no,cellular,may,1,999,2,failure,0.46746252670170274,no,Medium
1589,47,blue-collar,married,basic.9y,yes,no,cellular,apr,1,999,0,nonexistent,0.46728535791724274,no,Medium
1590,29,admin.,single,university.degree,yes,no,cellular,may,1,999,0,nonexistent,0.4672435214241819,no,Medium
1591,48,blue-collar,married,basic.6y,yes,no,cellular,may,3,999,0,nonexistent,0.467109014283407,no,Medium
1592,36,admin.,single,university.degree,yes,no,cellular,may,3,999,0,nonexistent,0.4669323720967833,no,Medium
1593,36,blue-collar,married,basic.9y,no,yes,cellular,may,1,999,0,nonexistent,0.4667933470388019,no,Medium
1594,37,blue-collar,married,basic.6y,yes,no,cellular,apr,2,999,0,nonexistent,0.4666208065155586,no,Medium
1595,24,housemaid,married,basic.9y,no,no,cellular,may,4,999,0,nonexistent,0.46615740944421497,no,Medium
1596,28,blue-collar,married,basic.4y,no,yes,cellular,may,1,999,0,nonexistent,0.46576124777457617,no,Medium
1597,33,blue-collar,single,basic.9y,no,no,cellular,apr,1,999,0,nonexistent,0.4654708139795627,no,Medium
1598,54,management,married,university.degree,no,no,cellular,may,2,999,0,nonexistent,0.4651165897939036,no,Medium
1599,28,blue-collar,single,high.school,yes,no,cellular,may,1,999,0,nonexistent,0.46495242985184754,no,Medium
1600,33,technician,married,university.degree,yes,no,cellular,may,1,999,0,nonexistent,0.46485116773812146,no,Medium
1601,27,admin.,single,high.school,yes,no,cellular,may,1,999,0,nonexistent,0.4648053604913422,no,Medium
1602,45,admin.,single,high.school,no,no,cellular,may,3,999,0,nonexistent,0.4646582920753451,no,Medium
1603,46,services,married,high.school,no,no,telephone,apr,1,999,0,nonexistent,0.4640169728705906,no,Medium
1604,34,blue-collar,married,basic.9y,no,yes,cellular,may,1,999,0,nonexistent,0.46364915476121943,no,Medium
1605,25,admin.,single,high.school,yes,no,cellular,may,3,999,0,nonexistent,0.46363770643005303,no,Medium
1606,31,unemployed,married,basic.9y,no,no,cellular,may,1,999,0,nonexistent,0.46335660768650416,no,Medium
1607,23,technician,single,high.school,no,yes,cellular,may,1,999,0,nonexistent,0.4633080101304562,no,Medium
1608,34,admin.,married,university.degree,yes,no,cellular,may,1,999,1,failure,0.46323116028490235,no,Medium
1609,42,technician,married,basic.9y,no,no,cellular,apr,4,999,0,nonexistent,0.4631919910390366,no,Medium
1610,34,technician,single,university.degree,no,no,cellular,may,1,999,0,nonexistent,0.4631287724191992,no,Medium
1611,36,admin.,married,professional.course,yes,yes,cellular,may,1,999,0,nonexistent,0.46307969270619925,no,Medium
1612,37,technician,single,professional.course,yes,no,cellular,may,3,999,0,nonexistent,0.4625091052748688,no,Medium
1613,41,technician,single,high.school,yes,no,cellular,may,3,999,0,nonexistent,0.46246885429233514,no,Medium
1614,52,services,married,high.school,yes,no,cellular,may,2,999,0,nonexistent,0.4621352455492699,no,Medium
1615,30,blue-collar,single,basic.9y,no,no,cellular,may,1,999,0,nonexistent,0.4617302439227801,no,Medium
1616,32,blue-collar,married,high.school,yes,no,cellular,apr,2,999,1,failure,0.46166048742954313,no,Medium
1617,45,technician,single,university.degree,no,no,cellular,may,1,999,0,nonexistent,0.4616159143938545,no,Medium
1618,29,admin.,single,high.school,no,no,cellular,may,2,999,0,nonexistent,0.4615391149630295,no,Medium
1619,37,admin.,single,basic.9y,yes,yes,cellular,may,1,999,0,nonexistent,0.46100494513311846,no,Medium
1620,33,management,single,high.school,no,no,telephone,jun,1,999,0,nonexistent,0.46087144607866437,no,Medium
1621,31,admin.,single,high.school,no,no,cellular,may,2,999,0,nonexistent,0.4603494655924751,no,Medium
1622,49,retired,married,high.school,yes,no,cellular,jul,1,999,0,nonexistent,0.46016923804082227,no,Medium
1623,37,management,single,basic.9y,no,no,cellular,may,1,999,0,nonexistent,0.4600938086833253,no,Medium
1624,32,blue-collar,married,basic.9y,yes,no,cellular,apr,1,999,0,nonexistent,0.4600822326717982,no,Medium
1625,46,blue-collar,married,high.school,no,yes,cellular,may,1,999,0,nonexistent,0.4596882391806443,no,Medium
1626,38,admin.,divorced,university.degree,no,no,cellular,may,3,999,0,nonexistent,0.45948229696545423,no,Medium
1627,37,blue-collar,married,professional.course,yes,no,cellular,apr,4,999,0,nonexistent,0.45930733750511443,no,Medium
1628,45,services,divorced,basic.9y,no,no,cellular,apr,1,999,0,nonexistent,0.4592035553150088,no,Medium
1629,39,blue-collar,married,basic.6y,no,no,cellular,may,2,999,0,nonexistent,0.4591466465323243,no,Medium
1630,30,admin.,single,high.school,yes,no,cellular,may,3,999,1,failure,0.45902211883265903,no,Medium
1631,22,student,single,high.school,yes,no,cellular,may,3,999,0,nonexistent,0.4589205421212844,no,Medium
1632,27,technician,single,university.degree,no,no,cellular,may,1,999,0,nonexistent,0.45848674464283157,no,Medium
1633,51,blue-collar,divorced,basic.4y,yes,no,cellular,may,4,999,0,nonexistent,0.45823541681878244,no,Medium
1634,30,technician,single,basic.9y,no,no,cellular,may,1,999,0,nonexistent,0.45795784343284357,no,Medium
1635,33,entrepreneur,single,high.school,yes,yes,cellular,may,2,999,0,nonexistent,0.4579107003032688,no,Medium
1636,26,services,single,high.school,yes,no,cellular,may,1,999,0,nonexistent,0.4577190058096847,no,Medium
1637,26,services,single,high.school,yes,no,cellular,may,1,999,0,nonexistent,0.4577190058096847,no,Medium
1638,50,retired,married,basic.4y,unknown,unknown,cellular,jul,1,999,0,nonexistent,0.4576783827042426,no,Medium
1639,28,blue-collar,married,basic.6y,no,no,cellular,may,2,999,0,nonexistent,0.4576290431793826,no,Medium
1640,38,admin.,married,high.school,yes,no,cellular,apr,2,999,1,failure,0.4576184354775623,no,Medium
1641,33,admin.,divorced,university.degree,yes,no,cellular,may,2,999,0,nonexistent,0.4575053384517845,no,Medium
1642,32,blue-collar,married,basic.4y,yes,no,cellular,may,3,999,0,nonexistent,0.4573714975827901,no,Medium
1643,53,blue-collar,divorced,unknown,no,no,cellular,may,1,999,0,nonexistent,0.45729344926513904,no,Medium
1644,28,technician,single,professional.course,no,yes,telephone,jul,1,999,0,nonexistent,0.4570534115083037,no,Medium
1645,34,admin.,single,university.degree,no,no,cellular,may,2,999,0,nonexistent,0.457021740627983,no,Medium
1646,39,management,married,basic.6y,yes,no,cellular,apr,1,999,0,nonexistent,0.4568828742487439,no,Medium
1647,49,services,married,basic.6y,yes,no,cellular,apr,2,999,0,nonexistent,0.4566089444202182,no,Medium
1648,48,admin.,married,high.school,no,no,cellular,apr,2,999,0,nonexistent,0.4563665179557427,no,Medium
1649,48,entrepreneur,married,basic.6y,no,no,cellular,may,1,999,0,nonexistent,0.4563492830729748,no,Medium
1650,31,housemaid,single,university.degree,no,no,telephone,nov,5,999,0,nonexistent,0.45616738837273696,no,Medium
1651,53,services,married,basic.6y,yes,no,cellular,may,1,999,0,nonexistent,0.4559496861459843,no,Medium
1652,38,technician,single,university.degree,yes,yes,cellular,may,3,999,0,nonexistent,0.45586639811379503,no,Medium
1653,27,admin.,married,high.school,yes,no,cellular,may,3,999,0,nonexistent,0.45568829938385563,no,Medium
1654,45,blue-collar,single,high.school,yes,no,cellular,may,1,999,0,nonexistent,0.4556376241631609,no,Medium
1655,31,admin.,married,high.school,yes,no,cellular,may,1,999,0,nonexistent,0.4556163882686899,no,Medium
1656,27,self-employed,single,university.degree,yes,no,cellular,may,1,999,0,nonexistent,0.4551325217481143,no,Medium
1657,31,services,single,basic.9y,no,no,cellular,may,1,999,0,nonexistent,0.45508949460332504,no,Medium
1658,27,admin.,single,high.school,no,no,cellular,apr,1,999,1,failure,0.45485341271337715,no,Medium
1659,24,services,single,high.school,yes,no,cellular,may,2,999,0,nonexistent,0.4548014915924683,no,Medium
1660,28,blue-collar,single,professional.course,no,no,cellular,may,2,999,0,nonexistent,0.4547815869263016,no,Medium
1661,54,management,married,basic.6y,yes,no,cellular,may,1,999,0,nonexistent,0.4547548219566966,no,Medium
1662,33,blue-collar,single,university.degree,yes,yes,cellular,may,4,999,0,nonexistent,0.4536958863963939,no,Medium
1663,55,management,married,university.degree,yes,no,cellular,may,2,999,0,nonexistent,0.45345854463409796,no,Medium
1664,32,technician,married,basic.9y,no,no,cellular,may,1,999,0,nonexistent,0.4534162193202102,no,Medium
1665,44,management,married,university.degree,yes,no,cellular,may,1,999,1,failure,0.4533760145481361,no,Medium
1666,33,blue-collar,married,basic.6y,no,no,cellular,may,4,999,0,nonexistent,0.45314741248951795,no,Medium
1667,35,admin.,single,university.degree,yes,yes,cellular,may,2,999,0,nonexistent,0.45313889554723735,no,Medium
1668,38,technician,married,university.degree,yes,no,cellular,may,2,999,1,failure,0.45310870145487875,no,Medium
1669,32,blue-collar,single,basic.9y,no,no,cellular,may,2,999,0,nonexistent,0.45309169150994627,no,Medium
1670,58,retired,married,professional.course,yes,no,cellular,may,1,999,0,nonexistent,0.45307917422776994,no,Medium
1671,36,retired,single,university.degree,yes,no,cellular,may,4,999,0,nonexistent,0.4529536569951096,no,Medium
1672,31,services,single,high.school,no,no,cellular,may,2,999,0,nonexistent,0.45287930019577527,no,Medium
1673,37,admin.,married,high.school,yes,no,telephone,dec,1,999,0,nonexistent,0.4525829551072793,no,Medium
1674,32,technician,single,professional.course,no,no,cellular,may,2,999,0,nonexistent,0.45219886732386677,no,Medium
1675,34,blue-collar,married,basic.6y,yes,yes,cellular,may,2,999,0,nonexistent,0.4521061267031657,no,Medium
1676,49,entrepreneur,divorced,basic.9y,yes,no,cellular,may,2,999,0,nonexistent,0.45207541519176025,no,Medium
1677,35,admin.,single,university.degree,unknown,unknown,cellular,apr,2,999,1,failure,0.4519915724447307,no,Medium
1678,30,admin.,single,high.school,yes,no,cellular,may,2,999,0,nonexistent,0.45198946676680835,no,Medium
1679,52,entrepreneur,married,basic.9y,yes,yes,telephone,apr,5,999,0,nonexistent,0.45189865933848733,no,Medium
1680,48,admin.,divorced,university.degree,no,no,cellular,may,3,999,0,nonexistent,0.4518615075542486,no,Medium
1681,33,services,married,high.school,unknown,unknown,cellular,may,1,999,1,failure,0.4518135950981333,no,Medium
1682,57,admin.,married,basic.9y,no,no,cellular,may,1,999,0,nonexistent,0.4516876934858095,no,Medium
1683,35,admin.,single,university.degree,no,no,cellular,may,2,999,0,nonexistent,0.45153301593444456,no,Medium
1684,24,admin.,single,high.school,no,no,cellular,may,2,999,0,nonexistent,0.4514136016325847,no,Medium
1685,34,admin.,single,university.degree,yes,no,cellular,may,1,999,0,nonexistent,0.4513948216792793,no,Medium
1686,45,retired,married,basic.4y,no,no,cellular,jul,1,999,0,nonexistent,0.4511356857949166,no,Medium
1687,28,technician,single,basic.9y,yes,no,cellular,may,1,999,0,nonexistent,0.45111343746748833,no,Medium
1688,35,admin.,single,university.degree,no,no,cellular,may,1,999,0,nonexistent,0.45109710230327116,no,Medium
1689,26,student,single,high.school,yes,no,cellular,may,1,999,0,nonexistent,0.4510838161854592,no,Medium
1690,25,management,single,university.degree,no,no,telephone,sep,1,999,0,nonexistent,0.4510311293404834,no,Medium
1691,54,blue-collar,divorced,basic.4y,yes,no,cellular,may,3,999,0,nonexistent,0.45080844091162947,no,Medium
1692,34,blue-collar,single,high.school,no,no,cellular,apr,2,999,2,failure,0.4506418712611156,no,Medium
1693,34,technician,divorced,professional.course,yes,yes,cellular,apr,2,999,1,failure,0.4505353572464571,no,Medium
1694,34,admin.,divorced,university.degree,yes,no,cellular,may,1,999,0,nonexistent,0.45020576776486526,no,Medium
1695,24,services,single,high.school,yes,no,cellular,apr,1,999,1,failure,0.4501011197732123,no,Medium
1696,32,blue-collar,married,basic.9y,yes,no,cellular,apr,1,999,1,failure,0.4500378131374117,no,Medium
1697,33,admin.,single,high.school,no,no,cellular,may,1,999,0,nonexistent,0.4499407899836544,no,Medium
1698,33,admin.,single,high.school,no,no,cellular,may,1,999,0,nonexistent,0.4499407899836544,no,Medium
1699,36,admin.,single,university.degree,no,no,cellular,may,3,999,0,nonexistent,0.4498293079109744,no,Medium
1700,37,blue-collar,married,basic.6y,yes,no,cellular,may,4,999,0,nonexistent,0.4496198750649247,no,Medium
1701,32,management,single,university.degree,yes,no,cellular,may,2,999,0,nonexistent,0.4495669363296007,no,Medium
1702,24,student,single,basic.4y,yes,no,cellular,may,1,999,0,nonexistent,0.44945114351357074,no,Medium
1703,27,self-employed,married,university.degree,yes,no,cellular,may,1,999,0,nonexistent,0.44944209403109087,no,Medium
1704,40,blue-collar,married,basic.6y,no,no,cellular,apr,5,999,0,nonexistent,0.44922246686785694,no,Medium
1705,38,technician,single,high.school,no,no,cellular,apr,1,999,1,failure,0.4492154824125327,no,Medium
1706,25,services,single,basic.9y,no,no,telephone,jun,1,999,0,nonexistent,0.44915901921069673,no,Medium
1707,44,admin.,married,high.school,no,no,cellular,may,1,999,0,nonexistent,0.4488562018264392,no,Medium
1708,32,admin.,single,university.degree,yes,no,cellular,may,1,999,1,failure,0.4483308475904634,no,Medium
1709,33,technician,married,professional.course,yes,no,cellular,may,1,999,0,nonexistent,0.44814461835112807,no,Medium
1710,40,technician,married,professional.course,no,no,cellular,apr,2,999,0,nonexistent,0.4481361597474635,no,Medium
1711,29,blue-collar,married,high.school,yes,no,cellular,may,2,999,0,nonexistent,0.4481162750204579,no,Medium
1712,29,blue-collar,divorced,high.school,yes,no,cellular,may,1,999,1,failure,0.4480581880337031,no,Medium
1713,24,blue-collar,single,basic.9y,yes,no,cellular,may,4,999,0,nonexistent,0.4479566549386868,no,Medium
1714,45,admin.,single,high.school,yes,no,cellular,may,3,999,0,nonexistent,0.4479528904693777,no,Medium
1715,44,admin.,married,basic.9y,yes,no,cellular,may,1,999,0,nonexistent,0.44734904929614827,no,Medium
1716,25,admin.,single,university.degree,no,no,cellular,may,5,999,0,nonexistent,0.4473255821953758,no,Medium
1717,36,technician,married,professional.course,no,yes,cellular,apr,2,999,0,nonexistent,0.4472826717193765,no,Medium
1718,37,services,single,basic.9y,no,no,cellular,may,1,999,0,nonexistent,0.4471849728402432,no,Medium
1719,38,admin.,divorced,university.degree,no,no,cellular,may,4,999,0,nonexistent,0.4470833985218681,no,Medium
1720,37,management,single,university.degree,yes,no,cellular,may,1,999,0,nonexistent,0.4470770638723197,no,Medium
1721,33,blue-collar,single,basic.4y,yes,yes,cellular,may,2,999,0,nonexistent,0.4470042610512357,no,Medium
1722,33,admin.,single,high.school,yes,no,cellular,may,1,999,0,nonexistent,0.4468928694133633,no,Medium
1723,39,technician,married,professional.course,yes,yes,cellular,may,1,999,0,nonexistent,0.4468684190522627,no,Medium
1724,31,admin.,single,high.school,yes,no,cellular,may,2,999,0,nonexistent,0.44684658599099825,no,Medium
1725,42,admin.,divorced,university.degree,yes,no,cellular,apr,2,999,1,failure,0.44677143622819376,no,Medium
1726,28,services,single,high.school,yes,no,cellular,may,4,999,0,nonexistent,0.44670706382778214,no,Medium
1727,34,self-employed,single,university.degree,yes,no,cellular,may,1,999,0,nonexistent,0.4466122437447122,no,Medium
1728,33,blue-collar,single,basic.4y,no,no,cellular,may,1,999,0,nonexistent,0.4462718050554948,no,Medium
1729,30,self-employed,single,basic.9y,no,yes,telephone,oct,1,999,0,nonexistent,0.4462145301315894,no,Medium
1730,42,management,divorced,university.degree,no,no,cellular,may,5,999,0,nonexistent,0.4459828612798374,no,Medium
1731,42,services,married,high.school,no,no,cellular,may,4,999,0,nonexistent,0.4459559882110451,no,Medium
1732,36,admin.,single,high.school,no,no,cellular,may,1,999,0,nonexistent,0.44586714805209937,no,Medium
1733,26,blue-collar,single,professional.course,yes,no,cellular,may,2,999,0,nonexistent,0.445821786858099,no,Medium
1734,29,management,married,university.degree,no,no,telephone,may,5,999,0,nonexistent,0.4457983995909617,no,Medium
1735,29,blue-collar,divorced,high.school,no,no,cellular,may,2,999,1,failure,0.44571102739215956,no,Medium
1736,22,student,single,basic.9y,no,no,cellular,may,1,999,0,nonexistent,0.4456964752095984,no,Medium
1737,49,entrepreneur,married,university.degree,no,no,cellular,may,2,999,0,nonexistent,0.4450212609052391,no,Medium
1738,43,blue-collar,married,basic.9y,no,yes,cellular,may,2,999,0,nonexistent,0.44492156875329464,no,Medium
1739,24,self-employed,single,university.degree,no,no,cellular,may,2,999,0,nonexistent,0.4445563741970483,no,Medium
1740,40,blue-collar,single,basic.9y,no,no,cellular,apr,1,999,1,failure,0.44428072430748616,no,Medium
1741,39,admin.,married,university.degree,no,yes,cellular,apr,2,999,1,failure,0.44376592774858287,no,Medium
1742,51,management,married,university.degree,no,no,cellular,may,1,999,0,nonexistent,0.4434345247088218,no,Medium
1743,35,blue-collar,divorced,basic.9y,yes,no,cellular,may,4,999,0,nonexistent,0.4434220020344015,no,Medium
1744,45,services,married,high.school,yes,yes,cellular,may,3,999,0,nonexistent,0.4434040123733662,no,Medium
1745,27,admin.,single,high.school,yes,no,cellular,may,1,999,0,nonexistent,0.443195452384053,no,Medium
1746,33,services,single,high.school,yes,no,cellular,may,2,999,0,nonexistent,0.4427883124569422,no,Medium
1747,50,self-employed,single,basic.9y,no,no,cellular,apr,2,999,1,failure,0.4422090686723924,no,Medium
1748,50,blue-collar,divorced,basic.6y,yes,no,cellular,may,1,999,0,nonexistent,0.4421430256640454,no,Medium
1749,44,blue-collar,married,basic.9y,yes,yes,cellular,may,1,999,0,nonexistent,0.442132369189438,no,Medium
1750,34,management,married,university.degree,yes,no,cellular,may,4,999,0,nonexistent,0.4420669479457165,no,Medium
1751,31,management,single,university.degree,yes,no,cellular,may,2,999,0,nonexistent,0.44179102293644834,no,Medium
1752,25,blue-collar,single,basic.9y,unknown,unknown,cellular,may,2,999,0,nonexistent,0.4415817021892567,no,Medium
1753,36,admin.,married,high.school,no,no,cellular,may,14,999,0,nonexistent,0.4414108477034615,no,Medium
1754,45,admin.,married,high.school,no,yes,cellular,apr,2,999,1,failure,0.4411846691785501,no,Medium
1755,29,admin.,married,high.school,yes,no,cellular,may,4,999,1,failure,0.44115767085288277,no,Medium
1756,41,technician,married,university.degree,yes,yes,cellular,may,4,999,0,nonexistent,0.44110723040001604,no,Medium
1757,33,technician,married,professional.course,yes,no,cellular,may,2,999,0,nonexistent,0.4411051492637962,no,Medium
1758,33,technician,married,professional.course,yes,no,cellular,may,2,999,0,nonexistent,0.4411051492637962,no,Medium
1759,39,admin.,single,professional.course,yes,no,cellular,may,1,999,1,failure,0.4410050282064279,no,Medium
1760,32,technician,married,high.school,yes,no,cellular,may,1,999,0,nonexistent,0.4409209034842132,no,Medium
1761,31,management,divorced,university.degree,yes,no,cellular,may,2,999,0,nonexistent,0.44086606512024595,no,Medium
1762,33,blue-collar,married,basic.9y,yes,no,cellular,may,1,999,0,nonexistent,0.4406542565891932,no,Medium
1763,44,admin.,single,high.school,yes,no,cellular,may,1,999,0,nonexistent,0.44024620397259373,no,Medium
1764,23,technician,single,high.school,no,no,cellular,may,1,999,0,nonexistent,0.4402173288066427,no,Medium
1765,33,blue-collar,divorced,basic.9y,yes,yes,cellular,may,3,999,0,nonexistent,0.44014562804420687,no,Medium
1766,42,blue-collar,married,basic.6y,no,yes,cellular,may,1,999,0,nonexistent,0.4401100384397741,no,Medium
1767,28,admin.,married,high.school,no,no,cellular,may,1,999,0,nonexistent,0.44004269318221084,no,Medium
1768,40,services,divorced,high.school,yes,no,telephone,apr,3,999,0,nonexistent,0.4399997822236665,no,Medium
1769,59,blue-collar,married,basic.9y,no,no,cellular,may,1,999,0,nonexistent,0.4399557783650068,no,Medium
1770,45,unemployed,divorced,high.school,yes,yes,cellular,may,1,999,0,nonexistent,0.43932557393843763,no,Medium
1771,54,blue-collar,married,basic.4y,no,no,cellular,may,1,999,0,nonexistent,0.4391738294005605,no,Medium
1772,36,admin.,single,basic.9y,yes,no,cellular,may,1,999,0,nonexistent,0.43908954481951695,no,Medium
1773,24,blue-collar,divorced,basic.9y,no,no,cellular,may,1,999,0,nonexistent,0.4386651456798311,no,Medium
1774,32,technician,single,high.school,yes,no,cellular,may,2,999,0,nonexistent,0.4382437674610495,no,Medium
1775,39,services,divorced,professional.course,yes,yes,cellular,may,1,999,0,nonexistent,0.438190799898743,no,Medium
1776,41,services,married,high.school,no,no,cellular,apr,1,999,0,nonexistent,0.4376959757345855,no,Medium
1777,39,self-employed,married,basic.9y,yes,no,cellular,may,1,999,0,nonexistent,0.4373986557604327,no,Medium
1778,41,blue-collar,married,high.school,yes,no,cellular,may,1,999,0,nonexistent,0.4373907772261807,no,Medium
1779,32,services,married,high.school,no,no,cellular,may,1,999,0,nonexistent,0.4371406930854335,no,Medium
1780,40,services,single,high.school,yes,no,cellular,may,4,999,0,nonexistent,0.43713351907387904,no,Medium
1781,36,services,married,high.school,no,no,cellular,apr,3,999,0,nonexistent,0.4370709869013006,no,Medium
1782,27,blue-collar,single,basic.9y,no,no,cellular,may,2,999,1,failure,0.43697495690034155,no,Medium
1783,32,technician,single,high.school,yes,no,cellular,may,1,999,0,nonexistent,0.43678759901749875,no,Medium
1784,32,admin.,single,university.degree,no,no,telephone,nov,1,999,0,nonexistent,0.43654700529798723,no,Medium
1785,25,management,married,university.degree,yes,no,cellular,may,1,999,0,nonexistent,0.4365018830267502,no,Medium
1786,26,blue-collar,married,basic.6y,yes,no,cellular,may,1,999,0,nonexistent,0.43636365451858666,no,Medium
1787,44,management,married,basic.9y,no,no,cellular,may,1,999,0,nonexistent,0.4362722810180339,no,Medium
1788,34,technician,married,basic.9y,no,no,cellular,may,1,999,0,nonexistent,0.4362126360567888,no,Medium
1789,47,technician,divorced,university.degree,no,no,cellular,may,3,999,1,failure,0.43621051744516864,no,Medium
1791,56,technician,single,professional.course,yes,no,cellular,may,3,999,1,failure,0.4360342529898257,no,Medium
1790,56,technician,single,professional.course,yes,no,cellular,may,3,999,1,failure,0.4360342529898257,no,Medium
1792,31,admin.,single,university.degree,no,yes,cellular,may,3,999,0,nonexistent,0.43588890651141554,no,Medium
1793,28,technician,married,basic.9y,yes,no,cellular,may,1,999,0,nonexistent,0.4358857634424214,no,Medium
1794,35,blue-collar,married,high.school,no,no,cellular,may,1,999,0,nonexistent,0.4358637623259361,no,Medium
1795,35,entrepreneur,married,university.degree,no,no,cellular,may,2,999,0,nonexistent,0.4357368868030141,no,Medium
1796,39,admin.,married,high.school,no,yes,cellular,may,1,999,0,nonexistent,0.4354550763729057,no,Medium
1797,44,blue-collar,single,professional.course,yes,no,cellular,may,1,999,0,nonexistent,0.43536246551760693,no,Medium
1798,31,admin.,single,university.degree,no,no,cellular,may,1,999,1,failure,0.43529308036873243,no,Medium
1799,43,technician,married,professional.course,yes,no,cellular,may,1,999,1,failure,0.43525613089069254,no,Medium
1800,32,services,single,high.school,yes,no,cellular,may,2,999,0,nonexistent,0.43522328104907065,no,Medium
1801,60,retired,married,high.school,no,no,cellular,may,3,999,0,nonexistent,0.4348662682367024,no,Medium
1802,36,blue-collar,divorced,basic.9y,no,no,cellular,may,1,999,0,nonexistent,0.4348597409153867,no,Medium
1803,31,technician,single,university.degree,yes,no,cellular,may,2,999,0,nonexistent,0.43470919495509086,no,Medium
1804,34,blue-collar,married,high.school,yes,no,cellular,may,2,999,0,nonexistent,0.43465966765727887,no,Medium
1805,34,blue-collar,married,basic.9y,no,no,cellular,apr,3,999,0,nonexistent,0.4344690036073419,no,Medium
1806,44,management,married,university.degree,yes,no,cellular,may,2,999,0,nonexistent,0.4342876687129161,no,Medium
1807,26,admin.,single,university.degree,yes,no,cellular,may,5,999,0,nonexistent,0.43419524756795286,no,Medium
1808,45,admin.,married,university.degree,yes,no,cellular,may,1,999,1,failure,0.43416807040048544,no,Medium
1809,42,services,married,high.school,no,no,cellular,apr,2,999,0,nonexistent,0.4341315148893939,no,Medium
1810,36,blue-collar,divorced,basic.9y,no,no,cellular,may,2,999,0,nonexistent,0.4340292641767652,no,Medium
1811,30,blue-collar,married,basic.4y,no,yes,cellular,may,1,999,0,nonexistent,0.4339440916340869,no,Medium
1812,31,blue-collar,single,high.school,yes,no,cellular,may,1,999,0,nonexistent,0.4338736407103001,no,Medium
1813,34,blue-collar,married,basic.9y,no,no,cellular,may,1,999,0,nonexistent,0.4336641537374495,no,Medium
1814,29,technician,single,high.school,no,no,cellular,may,4,999,1,failure,0.43343246790684586,no,Medium
1815,31,entrepreneur,single,university.degree,yes,no,cellular,may,1,999,0,nonexistent,0.4332000098673395,no,Medium
1816,25,services,single,high.school,yes,no,cellular,may,3,999,0,nonexistent,0.43317872990213874,no,Medium
1817,36,services,divorced,university.degree,no,no,cellular,may,4,999,1,failure,0.4330486722351756,no,Medium
1818,34,technician,married,professional.course,no,no,cellular,may,2,999,0,nonexistent,0.4328776129941343,no,Medium
1819,31,blue-collar,single,basic.9y,no,no,cellular,may,1,999,1,failure,0.43286036703653724,no,Medium
1820,55,admin.,married,basic.4y,yes,no,cellular,apr,1,999,1,failure,0.43280791509203265,no,Medium
1821,41,blue-collar,single,basic.9y,yes,yes,cellular,may,1,999,0,nonexistent,0.43273642957341885,no,Medium
1822,32,admin.,married,professional.course,no,no,cellular,may,2,999,0,nonexistent,0.4325462420452617,no,Medium
1823,54,management,divorced,professional.course,yes,no,cellular,may,1,999,0,nonexistent,0.4324015351614306,no,Medium
1824,31,admin.,single,high.school,yes,no,telephone,dec,1,999,0,nonexistent,0.432374483250104,no,Medium
1825,48,entrepreneur,single,professional.course,yes,no,cellular,may,3,999,0,nonexistent,0.4323242578019863,no,Medium
1826,50,blue-collar,married,basic.4y,yes,yes,cellular,may,2,999,0,nonexistent,0.4322398052442466,no,Medium
1827,24,housemaid,married,basic.9y,yes,no,cellular,may,4,999,0,nonexistent,0.4321492522396302,no,Medium
1828,38,blue-collar,married,basic.6y,no,no,cellular,may,1,999,0,nonexistent,0.43214365570156305,no,Medium
1829,40,technician,married,high.school,yes,no,cellular,may,1,999,0,nonexistent,0.43211203162418,no,Medium
1830,32,admin.,married,high.school,yes,yes,cellular,may,2,999,0,nonexistent,0.4316816231434805,no,Medium
1831,37,services,married,high.school,yes,yes,cellular,may,3,999,0,nonexistent,0.43157160029129266,no,Medium
1832,43,entrepreneur,married,professional.course,yes,no,cellular,may,1,999,1,failure,0.4315292025375962,no,Medium
1833,29,services,divorced,high.school,no,no,cellular,may,1,999,0,nonexistent,0.431381754503704,no,Medium
1834,46,admin.,single,university.degree,no,no,cellular,may,1,999,1,failure,0.4313024373148473,no,Medium
1835,27,admin.,married,high.school,yes,no,cellular,may,2,999,0,nonexistent,0.4312317657258965,no,Medium
1836,38,services,married,high.school,yes,yes,cellular,may,1,999,0,nonexistent,0.4310244705851603,no,Medium
1837,26,blue-collar,single,basic.9y,yes,no,cellular,may,1,999,0,nonexistent,0.43074810954442977,no,Medium
1838,37,blue-collar,married,basic.6y,yes,yes,cellular,may,4,999,0,nonexistent,0.4306889000908407,no,Medium
1839,31,blue-collar,single,basic.9y,no,no,cellular,may,4,999,0,nonexistent,0.4305327727065034,no,Medium
1840,60,retired,divorced,high.school,no,no,cellular,may,4,999,2,failure,0.4303484026403666,no,Medium
1841,36,blue-collar,married,basic.9y,no,no,cellular,may,1,999,0,nonexistent,0.4300988397710965,no,Medium
1842,46,services,divorced,high.school,no,no,cellular,may,3,999,0,nonexistent,0.4299821072106761,no,Medium
1843,39,blue-collar,married,basic.9y,yes,no,cellular,may,1,999,0,nonexistent,0.42989391770110247,no,Medium
1844,31,blue-collar,married,basic.9y,yes,no,cellular,apr,6,999,0,nonexistent,0.4298489951757144,no,Medium
1845,33,blue-collar,married,basic.6y,no,no,cellular,may,1,999,0,nonexistent,0.42962974716820906,no,Medium
1846,29,blue-collar,single,professional.course,yes,no,cellular,may,3,999,0,nonexistent,0.4295603012731548,no,Medium
1847,40,admin.,married,professional.course,unknown,unknown,cellular,may,1,999,0,nonexistent,0.4295497761011155,no,Medium
1848,37,blue-collar,married,basic.6y,no,yes,cellular,may,4,999,0,nonexistent,0.42936731142208684,no,Medium
1849,57,entrepreneur,married,basic.9y,yes,no,cellular,may,4,999,1,failure,0.4293611193781397,no,Medium
1850,38,services,divorced,high.school,no,no,cellular,may,1,999,1,failure,0.42934928102979647,no,Medium
1851,58,admin.,married,university.degree,yes,no,cellular,may,3,999,1,failure,0.42932024860690254,no,Medium
1852,28,student,single,university.degree,no,yes,cellular,may,4,999,0,nonexistent,0.4292502883588785,no,Medium
1853,45,blue-collar,married,unknown,yes,no,cellular,apr,1,999,1,failure,0.4291342787269221,no,Medium
1854,35,blue-collar,married,high.school,no,no,cellular,may,2,999,0,nonexistent,0.429051536457538,no,Medium
1855,49,blue-collar,married,professional.course,no,no,cellular,may,1,999,0,nonexistent,0.42898875010109094,no,Medium
1856,53,admin.,married,high.school,yes,no,cellular,may,1,999,0,nonexistent,0.42894704111018794,no,Medium
1857,45,admin.,single,basic.9y,yes,yes,cellular,apr,2,999,1,failure,0.4287504005484975,no,Medium
1858,41,blue-collar,married,basic.9y,yes,no,cellular,may,1,999,0,nonexistent,0.4287294257191271,no,Medium
1859,36,technician,divorced,professional.course,unknown,unknown,cellular,may,3,999,1,failure,0.42867923534591995,no,Medium
1860,39,services,married,high.school,no,no,cellular,apr,2,999,0,nonexistent,0.4286705992456573,no,Medium
1861,55,blue-collar,married,basic.4y,yes,no,cellular,apr,2,999,0,nonexistent,0.42865083899228923,no,Medium
1862,33,technician,married,professional.course,yes,yes,cellular,may,1,999,0,nonexistent,0.4286414306690116,no,Medium
1863,31,admin.,married,unknown,yes,no,cellular,may,1,999,0,nonexistent,0.42864007537123316,no,Medium
1864,44,services,single,high.school,yes,no,cellular,may,2,999,0,nonexistent,0.42861542266402836,no,Medium
1865,47,management,married,professional.course,yes,no,cellular,apr,2,999,1,failure,0.4285445055786106,no,Medium
1866,31,services,married,high.school,no,no,cellular,may,1,999,0,nonexistent,0.4284610242796933,no,Medium
1867,36,admin.,single,high.school,yes,yes,cellular,may,1,999,0,nonexistent,0.42844100509314614,no,Medium
1868,37,admin.,married,university.degree,no,no,telephone,sep,1,999,0,nonexistent,0.42819548297630905,no,Medium
1869,34,blue-collar,married,basic.6y,yes,no,telephone,apr,5,999,0,nonexistent,0.42791874456494033,no,Medium
1870,31,blue-collar,single,basic.9y,yes,no,cellular,may,1,999,0,nonexistent,0.42788784728431145,no,Medium
1871,34,entrepreneur,married,university.degree,no,no,cellular,apr,1,999,1,failure,0.4274768526269744,no,Medium
1872,41,services,single,high.school,yes,no,cellular,may,2,999,0,nonexistent,0.4272914476848349,no,Medium
1873,31,blue-collar,single,basic.9y,no,no,cellular,may,2,999,1,failure,0.427251032291145,no,Medium
1874,29,services,single,high.school,yes,no,cellular,may,2,999,1,failure,0.42717741057425634,no,Medium
1875,30,blue-collar,single,basic.9y,yes,no,cellular,may,2,999,1,failure,0.4271648388850351,no,Medium
1876,25,blue-collar,single,basic.9y,yes,no,cellular,may,1,999,0,nonexistent,0.4271227323863466,no,Medium
1877,24,blue-collar,single,basic.9y,yes,no,cellular,may,1,999,0,nonexistent,0.4271200193482764,no,Medium
1878,30,blue-collar,married,professional.course,yes,no,cellular,may,4,999,0,nonexistent,0.4271179647706947,no,Medium
1879,23,blue-collar,single,basic.9y,yes,no,cellular,may,1,999,0,nonexistent,0.42695906295776287,no,Medium
1880,32,technician,single,professional.course,no,yes,cellular,may,2,999,0,nonexistent,0.4269380240428052,no,Medium
1881,42,blue-collar,married,basic.4y,yes,no,cellular,may,2,999,0,nonexistent,0.42678279827393034,no,Medium
1882,39,blue-collar,single,basic.4y,unknown,unknown,cellular,may,3,999,0,nonexistent,0.42644491150407055,no,Medium
1883,34,management,single,university.degree,yes,yes,cellular,nov,2,999,0,nonexistent,0.42642071446772317,no,Medium
1884,24,blue-collar,single,basic.9y,yes,no,cellular,may,1,999,0,nonexistent,0.426320743817768,no,Medium
1885,29,management,single,basic.9y,no,no,cellular,jul,2,999,0,nonexistent,0.4262190882624989,no,Medium
1886,33,admin.,single,university.degree,yes,no,cellular,may,3,999,0,nonexistent,0.42596510394677267,no,Medium
1887,44,services,divorced,high.school,yes,no,cellular,may,1,999,0,nonexistent,0.42585841823211706,no,Medium
1888,42,technician,single,university.degree,no,yes,cellular,may,5,999,0,nonexistent,0.4258270531671338,no,Medium
1889,32,entrepreneur,married,high.school,yes,no,cellular,may,2,999,0,nonexistent,0.42578072960074076,no,Medium
1890,45,blue-collar,married,basic.6y,yes,no,cellular,may,1,999,0,nonexistent,0.4257325523830569,no,Medium
1891,32,admin.,married,high.school,yes,no,cellular,may,1,999,0,nonexistent,0.4252026968178886,no,Medium
1892,59,self-employed,married,university.degree,yes,no,cellular,may,1,999,1,failure,0.4251307019604379,no,Medium
1893,26,blue-collar,married,basic.9y,yes,yes,cellular,jul,3,999,0,nonexistent,0.42485970945685686,no,Medium
1894,38,entrepreneur,married,professional.course,yes,no,cellular,may,1,999,0,nonexistent,0.42475844116018974,no,Medium
1895,41,blue-collar,married,basic.4y,yes,no,cellular,may,2,999,0,nonexistent,0.4246486374554981,no,Medium
1896,27,admin.,married,professional.course,no,no,cellular,may,1,999,0,nonexistent,0.4245880490478611,no,Medium
1897,27,admin.,married,professional.course,no,no,cellular,may,1,999,0,nonexistent,0.4245880490478611,no,Medium
1898,29,blue-collar,single,basic.9y,unknown,unknown,cellular,apr,1,999,1,failure,0.4245705593476855,no,Medium
1899,43,admin.,single,high.school,no,no,cellular,may,2,999,0,nonexistent,0.4242731533340431,no,Medium
1900,33,services,married,professional.course,yes,no,cellular,may,1,999,0,nonexistent,0.4242482188785813,no,Medium
1901,40,admin.,divorced,high.school,yes,no,cellular,may,1,999,0,nonexistent,0.42421411242195767,no,Medium
1902,35,blue-collar,divorced,high.school,yes,no,cellular,may,1,999,0,nonexistent,0.42420887567646237,no,Medium
1903,38,technician,married,university.degree,yes,no,cellular,may,1,999,0,nonexistent,0.4241858744404176,no,Medium
1904,30,services,divorced,high.school,yes,no,cellular,may,1,999,0,nonexistent,0.423656085339929,no,Medium
1905,49,blue-collar,divorced,high.school,yes,no,cellular,may,2,999,0,nonexistent,0.4236559888175453,no,Medium
1906,26,blue-collar,married,basic.9y,no,no,cellular,jul,1,999,0,nonexistent,0.4236055788710768,no,Medium
1907,30,blue-collar,single,basic.9y,no,no,cellular,may,2,999,1,failure,0.4235584347673011,no,Medium
1908,37,services,single,professional.course,yes,no,cellular,may,1,999,0,nonexistent,0.42348943629403657,no,Medium
1909,43,blue-collar,married,basic.4y,no,no,cellular,may,2,999,0,nonexistent,0.42339129987264257,no,Medium
1910,36,admin.,married,university.degree,yes,no,cellular,may,3,999,0,nonexistent,0.4233733471563727,no,Medium
1911,30,management,single,university.degree,no,no,cellular,nov,1,999,0,nonexistent,0.42335584716051866,no,Medium
1912,48,management,married,basic.9y,yes,no,cellular,may,1,999,0,nonexistent,0.42324790411347635,no,Medium
1913,30,services,single,high.school,no,no,cellular,may,2,999,0,nonexistent,0.42322687592659575,no,Medium
1914,48,admin.,married,basic.9y,no,no,cellular,may,2,999,0,nonexistent,0.42315369555638377,no,Medium
1915,38,blue-collar,married,basic.9y,no,no,cellular,may,1,999,0,nonexistent,0.4229170769130945,no,Medium
1916,51,blue-collar,married,basic.9y,no,no,telephone,aug,2,999,0,nonexistent,0.42269119171607483,no,Medium
1917,23,blue-collar,married,basic.9y,yes,no,cellular,jul,2,999,0,nonexistent,0.4226068729329405,no,Medium
1918,53,admin.,single,basic.6y,no,yes,cellular,apr,1,999,0,nonexistent,0.4225981829710723,no,Medium
1919,58,retired,married,professional.course,yes,no,cellular,jul,4,999,0,nonexistent,0.422500279370604,no,Medium
1920,36,blue-collar,married,basic.9y,unknown,unknown,cellular,apr,2,999,0,nonexistent,0.421956208584779,no,Medium
1921,34,blue-collar,married,basic.9y,no,no,cellular,may,1,999,1,failure,0.4219467585299926,no,Medium
1922,28,admin.,divorced,university.degree,yes,no,cellular,may,1,999,0,nonexistent,0.421904410012145,no,Medium
1923,44,self-employed,single,professional.course,yes,no,cellular,may,5,999,1,failure,0.42187937431902756,no,Medium
1924,46,services,married,high.school,yes,no,cellular,apr,2,999,2,failure,0.42165242613265536,no,Medium
1925,58,admin.,married,basic.4y,no,no,cellular,may,1,999,0,nonexistent,0.4216239006934504,no,Medium
1926,33,blue-collar,married,basic.4y,no,no,cellular,may,4,999,0,nonexistent,0.42155602150708527,no,Medium
1927,43,blue-collar,married,basic.4y,no,no,cellular,may,1,999,0,nonexistent,0.4213374260576567,no,Medium
1928,47,admin.,divorced,high.school,no,no,cellular,may,1,999,0,nonexistent,0.42131202175527355,no,Medium
1929,24,blue-collar,single,basic.9y,yes,no,cellular,may,2,999,0,nonexistent,0.4212257399786317,no,Medium
1930,43,services,divorced,professional.course,no,no,cellular,may,2,999,0,nonexistent,0.42104731396968975,no,Medium
1931,32,services,married,high.school,no,no,cellular,apr,1,999,0,nonexistent,0.4209857734047892,no,Medium
1932,26,management,married,university.degree,no,no,cellular,may,4,999,0,nonexistent,0.4208965800183091,no,Medium
1933,28,student,married,university.degree,no,no,cellular,apr,1,999,1,failure,0.42069700503397384,no,Medium
1934,39,technician,divorced,professional.course,yes,no,cellular,may,2,999,1,failure,0.42061597157936814,no,Medium
1935,24,technician,single,professional.course,yes,no,cellular,apr,3,999,1,failure,0.420334502990994,no,Medium
1936,29,blue-collar,married,basic.9y,no,no,cellular,may,1,999,0,nonexistent,0.42026570549344217,no,Medium
1937,30,student,single,university.degree,yes,no,cellular,may,3,999,0,nonexistent,0.42026535667972054,no,Medium
1938,58,blue-collar,married,basic.9y,yes,no,cellular,nov,1,6,1,success,0.420205168424488,no,Medium
1939,47,admin.,divorced,high.school,yes,no,cellular,may,1,999,0,nonexistent,0.4202036032278841,no,Medium
1940,42,management,married,university.degree,yes,no,cellular,may,2,999,0,nonexistent,0.4201130042698872,no,Medium
1941,46,blue-collar,married,unknown,no,no,cellular,apr,1,999,0,nonexistent,0.4199074137605514,no,Medium
1942,31,blue-collar,single,basic.9y,yes,no,cellular,nov,1,4,1,success,0.4198484682392008,no,Medium
1943,30,admin.,single,high.school,yes,no,cellular,apr,3,999,1,failure,0.41975692379197854,no,Medium
1944,28,admin.,single,high.school,yes,yes,cellular,may,2,999,0,nonexistent,0.41961434724894126,no,Medium
1945,31,blue-collar,married,basic.9y,no,no,cellular,may,1,999,0,nonexistent,0.41954371565808024,no,Medium
1946,23,blue-collar,single,high.school,no,no,cellular,jul,1,999,0,nonexistent,0.41933753744914937,no,Medium
1947,36,blue-collar,married,basic.9y,no,no,cellular,may,1,999,0,nonexistent,0.41915732281835505,no,Medium
1948,25,blue-collar,single,basic.4y,no,yes,cellular,may,5,999,0,nonexistent,0.419074406180056,no,Medium
1949,31,admin.,married,high.school,no,no,cellular,may,3,999,0,nonexistent,0.4189177872915257,no,Medium
1950,27,blue-collar,married,basic.9y,no,no,cellular,may,1,999,0,nonexistent,0.4189037639979281,no,Medium
1951,52,blue-collar,married,basic.9y,no,no,cellular,may,2,999,0,nonexistent,0.4189032672532845,no,Medium
1952,35,services,single,high.school,yes,yes,cellular,may,1,999,0,nonexistent,0.4187726774941677,no,Medium
1953,38,blue-collar,married,basic.4y,unknown,unknown,cellular,may,1,999,0,nonexistent,0.4187725136776606,no,Medium
1954,54,self-employed,divorced,professional.course,yes,no,cellular,may,2,999,0,nonexistent,0.41874943088557004,no,Medium
1955,34,services,single,high.school,no,no,cellular,may,2,999,0,nonexistent,0.41866104552850447,no,Medium
1956,35,self-employed,married,basic.9y,no,no,telephone,aug,9,999,0,nonexistent,0.4185936888197979,no,Medium
1957,37,blue-collar,married,basic.6y,yes,no,cellular,may,2,999,0,nonexistent,0.41839996831243886,no,Medium
1958,36,admin.,married,high.school,yes,no,cellular,may,2,999,0,nonexistent,0.41819492112226625,no,Medium
1959,27,blue-collar,married,basic.9y,no,no,cellular,may,1,999,0,nonexistent,0.4181268312032143,no,Medium
1960,29,management,single,university.degree,yes,no,telephone,nov,1,999,0,nonexistent,0.41808237424506817,no,Medium
1961,34,admin.,married,high.school,no,yes,cellular,may,1,999,0,nonexistent,0.4178762278636771,no,Medium
1962,46,entrepreneur,single,university.degree,yes,yes,cellular,apr,12,999,1,failure,0.4178576640740923,no,Medium
1963,30,services,married,high.school,no,no,cellular,may,4,999,0,nonexistent,0.4177050910278076,no,Medium
1964,24,services,married,high.school,yes,no,cellular,may,1,999,0,nonexistent,0.41760108945444346,no,Medium
1965,55,management,married,university.degree,no,no,cellular,apr,1,999,1,failure,0.41748685092415916,no,Medium
1966,44,management,divorced,university.degree,no,no,cellular,apr,1,999,1,failure,0.41741061779054905,no,Medium
1967,33,blue-collar,married,basic.9y,no,no,cellular,may,2,999,0,nonexistent,0.4174035120795465,no,Medium
1968,46,technician,single,basic.9y,no,no,cellular,apr,2,999,1,failure,0.4171784751151735,no,Medium
1969,39,management,single,university.degree,no,no,cellular,apr,1,999,1,failure,0.41714374476656635,no,Medium
1970,39,admin.,married,high.school,unknown,unknown,cellular,may,2,999,2,failure,0.4170475368605302,no,Medium
1972,45,blue-collar,married,unknown,no,no,cellular,apr,1,999,0,nonexistent,0.41693961574262656,no,Medium
1971,45,blue-collar,married,unknown,no,no,cellular,apr,1,999,0,nonexistent,0.41693961574262656,no,Medium
1973,31,admin.,single,university.degree,yes,yes,cellular,nov,1,999,0,nonexistent,0.41684553127942103,no,Medium
1974,50,blue-collar,married,basic.4y,no,no,cellular,may,1,999,1,failure,0.4166700078221221,no,Medium
1975,36,entrepreneur,single,university.degree,yes,no,cellular,nov,1,999,0,nonexistent,0.4163937744450355,no,Medium
1976,36,entrepreneur,single,university.degree,yes,no,cellular,nov,1,999,0,nonexistent,0.4163937744450355,no,Medium
1977,28,unemployed,married,basic.9y,yes,no,cellular,may,1,999,0,nonexistent,0.4162424190013128,no,Medium
1978,35,blue-collar,married,basic.6y,no,no,cellular,may,3,999,1,failure,0.4162352870203536,no,Medium
1979,33,admin.,married,university.degree,yes,yes,telephone,sep,2,999,0,nonexistent,0.41589162698359267,no,Medium
1980,26,self-employed,married,high.school,no,no,cellular,may,3,999,0,nonexistent,0.4157198927816421,no,Medium
1981,33,blue-collar,married,basic.6y,yes,no,cellular,may,1,999,0,nonexistent,0.41558588240160277,no,Medium
1982,44,self-employed,married,high.school,no,yes,cellular,may,4,999,2,failure,0.4155844709344803,no,Medium
1983,31,services,single,university.degree,no,yes,cellular,jul,2,999,0,nonexistent,0.4155296936476299,no,Medium
1984,27,admin.,married,basic.6y,no,no,cellular,may,2,999,1,failure,0.4155255595817349,no,Medium
1985,32,blue-collar,married,professional.course,yes,no,cellular,may,2,999,0,nonexistent,0.4153315731200157,no,Medium
1986,39,technician,single,professional.course,no,no,cellular,may,1,999,1,failure,0.4150256460590672,no,Medium
1987,51,admin.,divorced,high.school,yes,no,telephone,sep,1,999,0,nonexistent,0.4149803710701484,no,Medium
1988,32,technician,single,professional.course,yes,no,cellular,may,1,999,0,nonexistent,0.41492129679382284,no,Medium
1989,25,management,married,basic.6y,no,no,cellular,jul,2,999,0,nonexistent,0.4147666877689021,no,Medium
1990,36,technician,married,university.degree,yes,no,cellular,may,2,999,0,nonexistent,0.4147059733500784,no,Medium
1991,32,management,single,university.degree,no,yes,cellular,nov,1,999,0,nonexistent,0.4145101874881298,no,Medium
1992,48,blue-collar,married,basic.9y,yes,no,cellular,may,1,999,0,nonexistent,0.41449157474292514,no,Medium
1993,48,blue-collar,married,basic.4y,yes,no,cellular,may,3,999,0,nonexistent,0.4143633525000821,no,Medium
1994,31,entrepreneur,single,university.degree,yes,no,cellular,may,3,999,1,failure,0.41407629805043605,no,Medium
1995,32,blue-collar,married,professional.course,no,no,cellular,apr,2,999,0,nonexistent,0.4139264725545943,no,Medium
1996,33,blue-collar,married,basic.4y,no,no,cellular,may,2,999,0,nonexistent,0.41376195400009763,no,Medium
1997,35,blue-collar,single,basic.9y,yes,no,cellular,may,1,999,0,nonexistent,0.41366782667967694,no,Medium
1998,46,blue-collar,married,basic.4y,yes,no,cellular,may,3,999,0,nonexistent,0.41323485904534574,no,Medium
1999,39,blue-collar,married,basic.9y,yes,no,cellular,may,1,999,0,nonexistent,0.41318397797387724,no,Medium
2002,36,blue-collar,married,basic.9y,yes,no,cellular,may,1,999,0,nonexistent,0.41307356352917945,no,Medium
2001,36,blue-collar,married,basic.9y,yes,no,cellular,may,1,999,0,nonexistent,0.41307356352917945,no,Medium
2000,36,blue-collar,married,basic.9y,yes,no,cellular,may,1,999,0,nonexistent,0.41307356352917945,no,Medium
2003,34,technician,divorced,basic.9y,yes,no,cellular,apr,1,999,0,nonexistent,0.4128035671731423,no,Medium
2004,28,technician,married,university.degree,yes,yes,cellular,may,3,999,0,nonexistent,0.4125838338017459,no,Medium
2005,57,self-employed,married,basic.4y,yes,no,telephone,apr,3,999,1,failure,0.41223451675972533,no,Medium
2006,46,services,married,high.school,no,no,cellular,may,3,999,0,nonexistent,0.41170662645422,no,Medium
2007,23,blue-collar,single,high.school,yes,no,cellular,may,1,999,1,failure,0.41169776573364575,no,Medium
2008,48,blue-collar,married,basic.9y,yes,no,cellular,may,1,999,0,nonexistent,0.4116641223479518,no,Medium
2009,30,technician,single,professional.course,yes,no,cellular,may,1,999,0,nonexistent,0.4110340938698877,no,Medium
2010,33,admin.,single,university.degree,yes,no,cellular,may,1,999,0,nonexistent,0.4106957378470195,no,Medium
2011,36,technician,married,professional.course,yes,no,cellular,may,1,999,0,nonexistent,0.41056010341904137,no,Medium
2012,30,services,single,high.school,yes,no,cellular,may,1,999,0,nonexistent,0.41032944584546255,no,Medium
2013,34,services,divorced,basic.6y,no,no,cellular,may,3,999,0,nonexistent,0.4101269617458655,no,Medium
2014,35,technician,married,university.degree,yes,no,cellular,apr,3,999,1,failure,0.40962216579959937,no,Medium
2015,42,services,single,high.school,no,no,cellular,may,2,999,0,nonexistent,0.40948705374773114,no,Medium
2016,31,services,married,high.school,yes,no,cellular,may,1,999,0,nonexistent,0.40942867900169555,no,Medium
2017,43,blue-collar,married,basic.9y,no,no,cellular,may,4,999,0,nonexistent,0.40934795413563774,no,Medium
2018,41,blue-collar,single,basic.9y,yes,no,cellular,may,1,999,0,nonexistent,0.4093105625988361,no,Medium
2019,53,retired,married,high.school,yes,no,cellular,jul,7,999,0,nonexistent,0.409222622380843,no,Medium
2020,35,blue-collar,married,basic.9y,no,no,cellular,may,2,999,0,nonexistent,0.40921490183893977,no,Medium
2021,55,technician,married,professional.course,no,no,cellular,apr,2,999,1,failure,0.40919454744511746,no,Medium
2022,27,admin.,married,professional.course,yes,no,cellular,may,1,999,0,nonexistent,0.4089473191095774,no,Medium
2023,47,blue-collar,married,basic.4y,yes,no,cellular,may,2,999,0,nonexistent,0.4088340643295593,no,Medium
2024,26,blue-collar,married,basic.9y,yes,no,cellular,jul,1,999,0,nonexistent,0.40871845332447204,no,Medium
2025,31,blue-collar,married,basic.9y,yes,no,cellular,jul,1,999,0,nonexistent,0.408504088116466,no,Medium
2026,43,management,married,university.degree,no,no,cellular,apr,1,999,0,nonexistent,0.4083952127930161,no,Medium
2027,45,blue-collar,married,basic.9y,no,no,cellular,may,1,999,0,nonexistent,0.40827924344936845,no,Medium
2028,34,admin.,single,university.degree,yes,no,cellular,may,3,999,0,nonexistent,0.4082309072245921,no,Medium
2029,46,blue-collar,married,basic.4y,no,no,cellular,may,1,999,0,nonexistent,0.4080257410530465,no,Medium
2030,33,technician,single,university.degree,yes,no,cellular,may,1,999,1,failure,0.4079682069599695,no,Medium
2031,31,blue-collar,married,basic.9y,yes,yes,cellular,may,3,999,0,nonexistent,0.40771222734060025,no,Medium
2032,30,blue-collar,married,professional.course,no,no,cellular,may,4,999,1,failure,0.4077010970703358,no,Medium
2033,27,admin.,single,professional.course,no,no,cellular,jul,2,999,0,nonexistent,0.4074859289111215,no,Medium
2034,40,blue-collar,married,basic.4y,no,no,cellular,may,1,999,0,nonexistent,0.4072828059136365,no,Medium
2035,32,management,single,university.degree,yes,no,cellular,may,4,999,1,failure,0.4071841872180709,no,Medium
2036,32,admin.,single,professional.course,yes,yes,cellular,may,1,999,0,nonexistent,0.40694985017192836,no,Medium
2037,35,services,married,university.degree,yes,no,telephone,sep,1,999,0,nonexistent,0.40682320858727095,no,Medium
2038,56,blue-collar,married,basic.9y,no,no,cellular,may,1,999,0,nonexistent,0.406669290582141,no,Medium
2039,40,entrepreneur,married,basic.9y,yes,no,cellular,apr,2,999,0,nonexistent,0.4065360359767921,no,Medium
2040,58,retired,divorced,basic.4y,no,no,cellular,jul,1,999,0,nonexistent,0.40622375019009954,no,Medium
2041,30,admin.,single,university.degree,no,no,cellular,nov,1,999,0,nonexistent,0.40599403606275997,no,Medium
2042,48,technician,married,basic.6y,yes,no,cellular,may,2,999,0,nonexistent,0.4058298349933479,no,Medium
2043,34,blue-collar,married,basic.4y,yes,yes,cellular,may,4,999,0,nonexistent,0.4057674857679281,no,Medium
2044,30,management,married,university.degree,no,no,cellular,jul,4,999,0,nonexistent,0.4056144819612968,no,Medium
2045,39,admin.,married,university.degree,no,no,cellular,may,1,999,1,failure,0.40541686262238663,no,Medium
2046,48,blue-collar,married,basic.4y,no,no,cellular,may,3,999,0,nonexistent,0.40531919435606395,no,Medium
2047,32,self-employed,single,university.degree,yes,no,cellular,may,3,999,1,failure,0.4050765278091205,no,Medium
2048,56,services,married,high.school,yes,no,cellular,may,1,999,1,failure,0.40476870846386026,no,Medium
2049,22,services,married,basic.9y,yes,no,cellular,jul,2,999,0,nonexistent,0.4046354245844918,no,Medium
2050,43,blue-collar,married,basic.9y,yes,yes,cellular,may,2,999,0,nonexistent,0.40446896076161515,no,Medium
2051,41,blue-collar,married,basic.9y,yes,yes,cellular,may,2,999,0,nonexistent,0.4039551421782797,no,Medium
2052,31,admin.,single,basic.9y,no,no,cellular,jul,1,999,0,nonexistent,0.4037291115450667,no,Medium
2053,33,technician,single,professional.course,yes,no,cellular,may,1,999,1,failure,0.4035815178226161,no,Medium
2054,39,entrepreneur,married,basic.6y,no,no,cellular,may,1,999,0,nonexistent,0.4032244547641721,no,Medium
2055,49,blue-collar,married,basic.4y,yes,no,cellular,may,1,999,0,nonexistent,0.4032102977324607,no,Medium
2056,32,entrepreneur,divorced,high.school,yes,no,cellular,may,3,999,0,nonexistent,0.40313675471405475,no,Medium
2057,32,blue-collar,married,basic.9y,yes,yes,cellular,may,4,999,0,nonexistent,0.4027745185431198,no,Medium
2058,31,blue-collar,single,university.degree,no,no,cellular,jul,3,999,0,nonexistent,0.4027662107680961,no,Medium
2059,31,technician,single,professional.course,yes,no,cellular,apr,1,999,1,failure,0.4026332224512287,no,Medium
2060,39,blue-collar,single,basic.9y,yes,no,cellular,may,1,999,0,nonexistent,0.4023263401228993,no,Medium
2061,39,blue-collar,single,basic.9y,yes,no,cellular,may,1,999,0,nonexistent,0.4023263401228993,no,Medium
2062,31,technician,married,professional.course,no,no,cellular,apr,3,999,1,failure,0.4022886596804426,no,Medium
2063,38,blue-collar,married,basic.6y,no,no,cellular,jul,1,999,0,nonexistent,0.4021931510692932,no,Medium
2064,40,admin.,married,high.school,yes,no,cellular,apr,1,999,1,failure,0.40219051038261416,no,Medium
2065,38,blue-collar,divorced,basic.9y,yes,no,cellular,may,1,999,0,nonexistent,0.4021553015515436,no,Medium
2066,47,blue-collar,married,high.school,yes,yes,cellular,may,1,999,0,nonexistent,0.4021224556072852,no,Medium
2067,37,blue-collar,married,basic.4y,no,no,cellular,may,1,999,0,nonexistent,0.40203142474438847,no,Medium
2068,45,technician,divorced,university.degree,yes,yes,cellular,may,2,999,0,nonexistent,0.40189741027485504,no,Medium
2069,33,blue-collar,married,basic.9y,yes,yes,cellular,may,4,999,0,nonexistent,0.4017737510382152,no,Medium
2070,34,management,divorced,university.degree,yes,no,cellular,jul,5,999,0,nonexistent,0.4016173752871451,no,Medium
2071,39,blue-collar,married,basic.6y,yes,no,cellular,may,1,999,0,nonexistent,0.4015625424226093,no,Medium
2072,30,blue-collar,married,basic.6y,no,yes,cellular,jul,2,999,0,nonexistent,0.4013965572670268,no,Medium
2073,36,admin.,single,university.degree,yes,yes,cellular,nov,1,999,0,nonexistent,0.40135232887035177,no,Medium
2074,40,blue-collar,married,basic.4y,yes,no,cellular,may,1,999,0,nonexistent,0.4012833420767856,no,Medium
2075,39,blue-collar,married,basic.6y,no,no,cellular,may,1,999,0,nonexistent,0.40123581483988446,no,Medium
2076,33,admin.,married,high.school,no,no,cellular,jul,2,999,0,nonexistent,0.40111024753398195,no,Medium
2077,34,management,single,high.school,no,no,cellular,nov,3,999,0,nonexistent,0.4009614175596188,no,Medium
2078,29,blue-collar,married,basic.9y,yes,no,cellular,may,1,999,0,nonexistent,0.4008441435981061,no,Medium
2079,46,entrepreneur,single,university.degree,no,no,cellular,apr,3,999,1,failure,0.40079971498945,no,Medium
2080,48,admin.,divorced,university.degree,yes,no,cellular,may,1,999,0,nonexistent,0.40075214806545084,no,Medium
2081,48,blue-collar,married,unknown,no,no,telephone,aug,1,999,0,nonexistent,0.400644005428356,no,Medium
2083,35,admin.,single,university.degree,no,no,cellular,jul,1,999,0,nonexistent,0.40061846735529505,no,Medium
2082,35,admin.,single,university.degree,no,no,cellular,jul,1,999,0,nonexistent,0.40061846735529505,no,Medium
2084,32,blue-collar,married,professional.course,yes,no,cellular,may,1,999,0,nonexistent,0.40055898243105287,no,Medium
2085,34,admin.,married,high.school,yes,no,cellular,apr,2,999,2,failure,0.4004050964613135,no,Medium
2086,45,management,married,university.degree,yes,yes,cellular,apr,1,999,2,failure,0.4001562868304738,no,Medium
2087,33,admin.,married,high.school,no,no,cellular,jul,1,999,0,nonexistent,0.4000545242598727,no,Medium
2088,36,technician,single,professional.course,yes,no,cellular,may,2,999,1,failure,0.3999074236495908,no,Low
2089,32,management,divorced,university.degree,no,no,cellular,jul,5,999,0,nonexistent,0.39966985624439305,no,Low
2090,30,blue-collar,divorced,basic.6y,no,no,cellular,jul,3,999,0,nonexistent,0.3994560783441019,no,Low
2091,36,technician,single,university.degree,no,no,cellular,may,4,999,0,nonexistent,0.399442890892805,no,Low
2093,35,management,divorced,university.degree,no,no,cellular,aug,7,999,0,nonexistent,0.39942478017097777,no,Low
2092,35,management,divorced,university.degree,no,no,cellular,aug,7,999,0,nonexistent,0.39942478017097777,no,Low
2094,57,retired,married,basic.4y,yes,no,cellular,jul,1,999,0,nonexistent,0.39931351403345866,no,Low
2095,36,services,married,high.school,no,no,cellular,jul,4,999,0,nonexistent,0.39927867172763787,no,Low
2096,32,admin.,divorced,university.degree,yes,yes,cellular,may,5,999,0,nonexistent,0.3992373833199404,no,Low
2097,21,blue-collar,married,basic.9y,yes,no,cellular,jul,1,999,0,nonexistent,0.39919227756995307,no,Low
2098,36,housemaid,divorced,basic.4y,no,no,cellular,jul,1,999,0,nonexistent,0.39919189831561835,no,Low
2099,33,services,married,high.school,no,no,cellular,jul,1,999,0,nonexistent,0.3990809384449909,no,Low
2100,44,blue-collar,married,basic.6y,no,no,cellular,apr,1,999,2,failure,0.3988121855575474,no,Low
2101,37,admin.,single,university.degree,yes,yes,cellular,nov,1,999,0,nonexistent,0.3987840224308403,no,Low
2102,32,admin.,married,university.degree,no,no,cellular,jul,2,999,0,nonexistent,0.3987225189569094,no,Low
2103,39,blue-collar,married,basic.4y,no,no,cellular,may,2,999,0,nonexistent,0.3986337394911082,no,Low
2104,36,management,married,university.degree,yes,no,cellular,may,1,999,0,nonexistent,0.39839587719181685,no,Low
2105,35,admin.,single,university.degree,yes,no,cellular,nov,2,999,0,nonexistent,0.39824875483612665,no,Low
2106,30,management,single,university.degree,no,no,cellular,jul,2,999,0,nonexistent,0.3980943715573209,no,Low
2107,27,management,single,university.degree,no,no,cellular,jul,1,999,0,nonexistent,0.3980443695719842,no,Low
2108,39,blue-collar,married,professional.course,yes,no,cellular,may,1,999,0,nonexistent,0.3980368260523243,no,Low
2109,27,admin.,married,university.degree,no,no,cellular,jul,1,999,0,nonexistent,0.39764248251855316,no,Low
2110,36,admin.,divorced,university.degree,no,yes,cellular,nov,2,999,0,nonexistent,0.39742379220980206,no,Low
2111,26,technician,single,professional.course,no,yes,cellular,jul,2,999,0,nonexistent,0.3970236605049021,no,Low
2112,32,technician,single,university.degree,yes,yes,cellular,may,5,999,1,failure,0.3967534211275028,no,Low
2113,34,blue-collar,married,professional.course,yes,no,cellular,apr,1,999,0,nonexistent,0.3967148838270805,no,Low
2114,35,services,single,high.school,no,no,cellular,jul,1,999,0,nonexistent,0.39644964409755906,no,Low
2115,47,admin.,divorced,university.degree,no,no,cellular,may,2,999,0,nonexistent,0.3964384805012779,no,Low
2116,39,technician,married,professional.course,no,yes,cellular,may,4,999,0,nonexistent,0.396411374723685,no,Low
2117,33,services,married,high.school,yes,yes,cellular,may,2,999,0,nonexistent,0.39637482933919815,no,Low
2118,31,blue-collar,single,high.school,no,no,telephone,nov,1,999,0,nonexistent,0.39618564914235693,no,Low
2119,58,management,divorced,university.degree,yes,no,telephone,may,9,999,0,nonexistent,0.3960884406514235,no,Low
2120,23,blue-collar,married,high.school,yes,no,cellular,may,5,999,0,nonexistent,0.3959351070469321,no,Low
2121,35,blue-collar,married,basic.6y,no,no,cellular,jul,2,999,0,nonexistent,0.3958199460927218,no,Low
2122,30,entrepreneur,single,university.degree,yes,no,cellular,nov,3,999,0,nonexistent,0.3956851086289165,no,Low
2123,36,blue-collar,married,unknown,yes,no,cellular,may,2,999,0,nonexistent,0.3955583387574418,no,Low
2124,49,self-employed,divorced,unknown,yes,no,cellular,apr,1,999,1,failure,0.39533124227839606,no,Low
2125,28,blue-collar,married,basic.9y,yes,no,cellular,may,1,999,0,nonexistent,0.3951168617192593,no,Low
2126,33,technician,single,university.degree,no,no,cellular,nov,1,999,0,nonexistent,0.39504012126393934,no,Low
2127,33,technician,single,professional.course,no,yes,cellular,jul,2,999,0,nonexistent,0.3950123028975591,no,Low
2128,36,admin.,single,university.degree,no,no,cellular,nov,1,999,0,nonexistent,0.3948798887029255,no,Low
2129,37,self-employed,married,university.degree,no,no,cellular,may,1,999,1,failure,0.39483873686700205,no,Low
2130,33,management,married,basic.9y,no,yes,cellular,apr,2,999,0,nonexistent,0.39476208071361785,no,Low
2131,35,admin.,married,university.degree,no,no,cellular,jul,2,999,0,nonexistent,0.39447596593169587,no,Low
2132,40,blue-collar,married,basic.4y,yes,no,cellular,may,2,999,0,nonexistent,0.39426263613648954,no,Low
2133,36,blue-collar,married,basic.9y,yes,no,cellular,may,1,999,0,nonexistent,0.3941619233279999,no,Low
2134,38,blue-collar,married,basic.9y,yes,no,cellular,may,1,999,0,nonexistent,0.3940257609617495,no,Low
2135,28,technician,single,professional.course,no,no,cellular,may,2,999,1,failure,0.39400613843811544,no,Low
2136,23,services,married,high.school,no,no,cellular,jul,1,999,0,nonexistent,0.39398378636131526,no,Low
2137,29,technician,single,professional.course,yes,no,cellular,nov,3,999,0,nonexistent,0.3939655574671493,no,Low
2138,34,admin.,single,university.degree,yes,no,cellular,may,5,999,0,nonexistent,0.3938804851597476,no,Low
2139,45,technician,married,professional.course,no,no,cellular,may,1,999,0,nonexistent,0.393554338499519,no,Low
2140,45,technician,married,professional.course,no,no,cellular,may,1,999,0,nonexistent,0.393554338499519,no,Low
2141,31,technician,single,university.degree,yes,no,cellular,aug,5,999,0,nonexistent,0.39346211573652684,no,Low
2142,33,management,married,university.degree,no,no,cellular,jul,7,999,0,nonexistent,0.3933509021844733,no,Low
2143,54,blue-collar,married,basic.4y,no,no,cellular,apr,1,999,1,failure,0.3933158219024496,no,Low
2144,28,services,married,high.school,no,no,cellular,jul,1,999,0,nonexistent,0.39322765085792627,no,Low
2145,37,blue-collar,married,basic.9y,yes,no,cellular,may,1,999,0,nonexistent,0.3930864283321459,no,Low
2146,37,blue-collar,married,basic.6y,no,no,cellular,jul,2,999,0,nonexistent,0.3929945733049749,no,Low
2147,37,blue-collar,married,basic.4y,yes,no,cellular,may,1,999,2,failure,0.39297057163214066,no,Low
2148,56,self-employed,married,basic.9y,yes,no,telephone,aug,7,999,0,nonexistent,0.3929024962776461,no,Low
2149,49,blue-collar,married,basic.6y,no,no,cellular,jul,1,999,0,nonexistent,0.39274678837072946,no,Low
2150,49,blue-collar,married,basic.6y,no,no,cellular,jul,1,999,0,nonexistent,0.39274678837072946,no,Low
2151,37,blue-collar,married,basic.9y,yes,no,cellular,may,1,999,0,nonexistent,0.39271529777237696,no,Low
2152,23,admin.,single,professional.course,no,no,cellular,jul,2,999,0,nonexistent,0.39258448582589067,no,Low
2153,35,blue-collar,divorced,basic.9y,no,no,cellular,jul,1,999,0,nonexistent,0.3924813523263656,no,Low
2154,28,blue-collar,single,basic.9y,no,no,cellular,jul,2,999,0,nonexistent,0.3922610300876802,no,Low
2155,30,blue-collar,married,basic.9y,no,no,cellular,jul,1,999,0,nonexistent,0.39217058655607256,no,Low
2156,35,admin.,married,high.school,no,no,cellular,jul,2,999,0,nonexistent,0.39196281517179954,no,Low
2157,31,blue-collar,single,basic.9y,no,yes,cellular,jul,2,999,0,nonexistent,0.39195563843197173,no,Low
2158,29,blue-collar,married,basic.9y,no,no,cellular,jul,2,999,0,nonexistent,0.3919280397922023,no,Low
2159,39,management,married,university.degree,yes,no,cellular,apr,2,999,1,failure,0.3918992763613802,no,Low
2160,29,admin.,single,university.degree,no,no,cellular,jul,2,999,0,nonexistent,0.3918912444869551,no,Low
2161,45,admin.,married,high.school,no,yes,cellular,may,1,999,0,nonexistent,0.39184100646327413,no,Low
2162,28,blue-collar,single,basic.9y,no,no,cellular,jul,1,999,0,nonexistent,0.3917765443360772,no,Low
2163,36,admin.,married,high.school,yes,no,cellular,may,2,999,1,failure,0.39168449681225254,no,Low
2164,36,blue-collar,married,high.school,yes,no,cellular,may,1,999,0,nonexistent,0.3915827759028334,no,Low
2165,41,admin.,divorced,high.school,yes,no,cellular,may,5,999,0,nonexistent,0.3915065902534525,no,Low
2166,43,blue-collar,married,high.school,no,no,cellular,jul,2,999,0,nonexistent,0.39147131170920246,no,Low
2167,32,technician,married,high.school,no,no,cellular,may,3,999,1,failure,0.3914414859246672,no,Low
2168,36,blue-collar,married,basic.9y,no,no,cellular,may,3,999,0,nonexistent,0.39132614191151904,no,Low
2169,34,blue-collar,married,basic.9y,no,yes,cellular,jul,1,999,0,nonexistent,0.39120343013477604,no,Low
2170,29,services,married,basic.9y,yes,no,cellular,jul,2,999,0,nonexistent,0.3909746306448119,no,Low
2171,45,blue-collar,single,high.school,yes,no,cellular,may,2,999,1,failure,0.39095913073166993,no,Low
2172,36,self-employed,married,basic.9y,no,no,cellular,apr,2,999,0,nonexistent,0.39088727205596924,no,Low
2173,24,blue-collar,single,basic.9y,yes,no,cellular,jul,5,999,0,nonexistent,0.3908722977981571,no,Low
2174,37,blue-collar,married,basic.6y,no,no,cellular,jul,1,999,0,nonexistent,0.39082917524713595,no,Low
2175,31,blue-collar,married,basic.9y,yes,no,cellular,may,1,999,0,nonexistent,0.3906637117221675,no,Low
2176,35,admin.,married,professional.course,no,no,cellular,jul,2,999,0,nonexistent,0.3904734875343368,no,Low
2177,41,admin.,married,basic.6y,no,no,cellular,apr,2,999,0,nonexistent,0.39032492276440706,no,Low
2178,33,management,married,university.degree,yes,yes,cellular,apr,8,999,0,nonexistent,0.39013478863307155,no,Low
2179,33,services,married,basic.9y,unknown,unknown,cellular,may,3,999,0,nonexistent,0.39005276120919263,no,Low
2180,28,admin.,married,high.school,yes,no,cellular,may,1,999,1,failure,0.390017230653296,no,Low
2181,32,management,divorced,university.degree,no,no,cellular,nov,1,999,0,nonexistent,0.38991421317168035,no,Low
2182,28,blue-collar,married,basic.4y,no,yes,cellular,may,2,999,1,failure,0.38990547127116487,no,Low
2183,31,management,married,university.degree,yes,no,cellular,jul,3,999,0,nonexistent,0.3898984918173586,no,Low
2184,39,blue-collar,single,university.degree,yes,no,cellular,may,3,999,1,failure,0.389556078160654,no,Low
2185,29,admin.,single,high.school,no,no,cellular,jul,1,999,0,nonexistent,0.3894910098018025,no,Low
2186,29,technician,single,university.degree,no,yes,cellular,jul,1,999,0,nonexistent,0.3894850839594901,no,Low
2187,46,blue-collar,divorced,basic.6y,no,no,cellular,apr,5,999,2,failure,0.3894009622023783,no,Low
2188,32,admin.,divorced,high.school,yes,no,cellular,may,1,999,0,nonexistent,0.38934299406638223,no,Low
2189,30,blue-collar,married,basic.4y,yes,yes,cellular,may,2,999,0,nonexistent,0.38927651501347693,no,Low
2190,29,admin.,married,basic.9y,yes,no,cellular,jul,5,999,0,nonexistent,0.389243432824818,no,Low
2191,33,services,married,high.school,no,no,cellular,jul,5,999,0,nonexistent,0.3891418593629611,no,Low
2192,30,technician,married,professional.course,yes,no,cellular,may,4,999,0,nonexistent,0.3891354437479449,no,Low
2193,29,student,single,high.school,no,no,cellular,may,2,999,0,nonexistent,0.389117390219931,no,Low
2194,31,admin.,married,university.degree,yes,no,cellular,jul,3,999,0,nonexistent,0.3890780212424411,no,Low
2195,34,admin.,married,university.degree,yes,no,cellular,may,1,999,1,failure,0.38893704492198966,no,Low
2196,33,admin.,married,high.school,no,no,cellular,jul,2,999,0,nonexistent,0.38892312861661577,no,Low
2197,31,management,single,university.degree,no,no,cellular,nov,1,999,1,failure,0.3888929472289325,no,Low
2198,29,admin.,single,university.degree,yes,no,cellular,nov,2,999,0,nonexistent,0.388785421223138,no,Low
2199,32,services,single,basic.9y,no,no,cellular,jul,1,999,0,nonexistent,0.3887532608678111,no,Low
2200,23,admin.,single,professional.course,yes,no,cellular,jul,2,999,0,nonexistent,0.38873464181101497,no,Low
2201,29,admin.,married,university.degree,yes,no,cellular,may,2,999,1,failure,0.38860778960537956,no,Low
2203,31,blue-collar,married,basic.6y,no,no,cellular,jul,2,999,0,nonexistent,0.3884502121318509,no,Low
2202,31,blue-collar,married,basic.6y,no,no,cellular,jul,2,999,0,nonexistent,0.3884502121318509,no,Low
2204,23,admin.,single,professional.course,no,yes,cellular,jul,1,999,0,nonexistent,0.3882633368326889,no,Low
2205,27,technician,married,basic.9y,yes,yes,cellular,jul,2,999,0,nonexistent,0.38826030792883987,no,Low
2206,23,services,single,high.school,no,yes,cellular,jul,1,999,0,nonexistent,0.3882395611996716,no,Low
2207,51,admin.,divorced,university.degree,yes,yes,cellular,nov,2,999,0,nonexistent,0.3881886604574934,no,Low
2208,35,admin.,married,high.school,yes,no,cellular,may,2,999,1,failure,0.38817686310128396,no,Low
2209,32,blue-collar,married,basic.9y,no,no,cellular,may,2,999,0,nonexistent,0.38811464603606116,no,Low
2210,60,admin.,divorced,high.school,no,no,cellular,jul,2,999,0,nonexistent,0.3879991994822168,no,Low
2212,30,admin.,single,university.degree,no,no,cellular,jul,2,999,0,nonexistent,0.3878356547988441,no,Low
2211,30,admin.,single,university.degree,no,no,cellular,jul,2,999,0,nonexistent,0.3878356547988441,no,Low
2213,39,admin.,single,university.degree,yes,yes,cellular,may,4,999,1,failure,0.3878352696302887,no,Low
2214,31,admin.,single,university.degree,no,no,cellular,nov,2,999,0,nonexistent,0.38743955729658724,no,Low
2215,33,admin.,single,university.degree,no,no,cellular,apr,4,999,0,nonexistent,0.38733506334684126,no,Low
2216,27,services,married,high.school,no,no,cellular,jul,3,999,0,nonexistent,0.3873019258141124,no,Low
2217,28,services,married,high.school,no,no,cellular,jul,1,999,0,nonexistent,0.3872553989521332,no,Low
2218,21,admin.,single,high.school,yes,no,cellular,jul,1,999,0,nonexistent,0.38719382217199183,no,Low
2219,35,blue-collar,married,basic.4y,yes,no,cellular,apr,1,999,0,nonexistent,0.38717826976879205,no,Low
2220,27,admin.,single,basic.9y,yes,yes,cellular,jul,2,999,0,nonexistent,0.38716718019536994,no,Low
2221,37,blue-collar,divorced,basic.9y,yes,no,cellular,may,2,999,0,nonexistent,0.3871635102582542,no,Low
2222,55,unknown,married,basic.4y,no,yes,cellular,jul,1,999,0,nonexistent,0.38715120112585144,no,Low
2223,31,technician,married,university.degree,yes,no,cellular,may,1,999,0,nonexistent,0.3870770746231548,no,Low
2224,43,blue-collar,married,basic.6y,yes,no,cellular,apr,1,999,1,failure,0.38701325082716037,no,Low
2225,34,blue-collar,single,basic.9y,no,no,cellular,jul,3,999,0,nonexistent,0.3867708572737623,no,Low
2226,26,blue-collar,single,high.school,yes,no,cellular,jul,1,999,0,nonexistent,0.38652326137552095,no,Low
2227,25,services,single,basic.6y,no,no,cellular,jul,1,999,0,nonexistent,0.3864141350421008,no,Low
2228,32,services,married,high.school,no,no,cellular,jul,1,999,0,nonexistent,0.38629433573006416,no,Low
2229,35,blue-collar,divorced,basic.6y,yes,no,cellular,apr,1,999,0,nonexistent,0.38627479615086896,no,Low
2230,23,blue-collar,single,basic.9y,no,no,cellular,jul,3,999,0,nonexistent,0.3861433428786073,no,Low
2231,32,admin.,married,high.school,no,no,cellular,jul,2,999,0,nonexistent,0.38613758056339065,no,Low
2232,28,admin.,single,university.degree,no,no,cellular,jul,3,999,0,nonexistent,0.3859173379019736,no,Low
2233,27,management,married,basic.9y,no,yes,cellular,jul,3,999,0,nonexistent,0.3858703040735991,no,Low
2234,50,housemaid,married,basic.9y,yes,no,cellular,may,2,999,1,failure,0.385685473414631,no,Low
2235,31,blue-collar,married,basic.6y,no,no,cellular,may,1,999,1,failure,0.38557855356443854,no,Low
2236,36,blue-collar,married,basic.9y,no,no,cellular,may,2,999,0,nonexistent,0.38556954467468885,no,Low
2237,41,blue-collar,married,basic.9y,yes,no,cellular,may,1,999,0,nonexistent,0.3853108682720459,no,Low
2238,43,self-employed,single,high.school,no,no,cellular,may,1,999,1,failure,0.3852750033706003,no,Low
2239,30,admin.,married,university.degree,no,no,cellular,nov,1,999,0,nonexistent,0.3852390499312753,no,Low
2240,22,services,single,high.school,yes,no,cellular,jul,3,999,0,nonexistent,0.3851960188996212,no,Low
2241,39,housemaid,married,basic.4y,yes,no,telephone,dec,1,999,1,failure,0.3851041960802298,no,Low
2242,34,blue-collar,married,high.school,yes,no,cellular,may,1,999,1,failure,0.38503277879762954,no,Low
2243,26,admin.,married,high.school,no,no,cellular,jul,2,999,0,nonexistent,0.3849906930529421,no,Low
2244,34,blue-collar,married,basic.9y,no,yes,cellular,jul,2,999,0,nonexistent,0.3849593953268058,no,Low
2245,23,management,single,university.degree,yes,no,cellular,jul,2,999,0,nonexistent,0.38490077654450194,no,Low
2246,23,services,single,high.school,no,no,cellular,jul,3,999,0,nonexistent,0.3848607333863539,no,Low
2247,34,technician,single,university.degree,no,no,cellular,jul,3,999,0,nonexistent,0.38484117532830603,no,Low
2248,24,student,single,high.school,no,no,telephone,jun,1,999,0,nonexistent,0.38473670810715727,no,Low
2249,43,blue-collar,married,basic.9y,no,no,cellular,may,1,999,0,nonexistent,0.38467827783434194,no,Low
2250,47,unknown,married,unknown,yes,no,cellular,jul,1,999,0,nonexistent,0.38467556506768696,no,Low
2251,28,self-employed,married,university.degree,no,no,cellular,jul,3,999,0,nonexistent,0.38463603697298915,no,Low
2252,59,retired,married,basic.9y,no,no,cellular,jul,4,999,0,nonexistent,0.38456421705685256,no,Low
2253,33,admin.,married,university.degree,no,no,cellular,jul,1,999,0,nonexistent,0.38440490083990675,no,Low
2254,53,blue-collar,married,basic.4y,no,no,cellular,jul,4,999,0,nonexistent,0.3842525502667716,no,Low
2255,47,blue-collar,married,unknown,yes,no,cellular,may,1,999,0,nonexistent,0.3842359432721494,no,Low
2256,37,admin.,single,university.degree,yes,yes,cellular,nov,1,999,0,nonexistent,0.3842178670672055,no,Low
2257,47,admin.,married,basic.9y,yes,yes,cellular,apr,3,999,1,failure,0.38419033735502867,no,Low
2258,34,admin.,married,university.degree,no,yes,cellular,jul,2,999,0,nonexistent,0.38406990921753026,no,Low
2259,39,technician,married,professional.course,no,no,cellular,may,2,999,0,nonexistent,0.3840637446332563,no,Low
2260,48,admin.,married,high.school,yes,no,cellular,may,5,999,0,nonexistent,0.3839745301946234,no,Low
2261,35,admin.,married,high.school,no,no,cellular,jul,3,999,0,nonexistent,0.3839028669978931,no,Low
2262,35,technician,single,professional.course,yes,no,cellular,may,1,999,0,nonexistent,0.38389634831181413,no,Low
2263,35,technician,single,professional.course,yes,no,cellular,may,1,999,0,nonexistent,0.38389634831181413,no,Low
2264,32,admin.,single,high.school,no,no,cellular,jul,3,999,0,nonexistent,0.3838814467016949,no,Low
2265,31,admin.,single,university.degree,yes,no,cellular,aug,6,999,0,nonexistent,0.38381960957073036,no,Low
2266,35,services,single,high.school,no,no,cellular,jul,1,999,0,nonexistent,0.38371289199081937,no,Low
2267,51,retired,married,high.school,yes,no,cellular,may,1,999,1,failure,0.3837061588779258,no,Low
2268,29,admin.,single,high.school,yes,no,cellular,nov,3,999,0,nonexistent,0.3836157696474359,no,Low
2269,28,technician,married,professional.course,yes,no,cellular,may,5,999,0,nonexistent,0.3835592339471703,no,Low
2270,28,entrepreneur,married,university.degree,no,no,cellular,jul,1,999,0,nonexistent,0.3835465825333764,no,Low
2271,30,admin.,single,high.school,yes,yes,cellular,nov,3,999,0,nonexistent,0.38353900650701084,no,Low
2272,39,services,single,high.school,yes,no,cellular,apr,3,999,1,failure,0.383537095920427,no,Low
2273,34,admin.,single,university.degree,no,no,cellular,jul,1,999,0,nonexistent,0.3832116666262667,no,Low
2274,40,admin.,married,university.degree,yes,yes,cellular,nov,2,999,0,nonexistent,0.38317260604561454,no,Low
2275,33,services,married,high.school,yes,no,cellular,jul,1,999,0,nonexistent,0.38309633382196967,no,Low
2276,30,entrepreneur,single,university.degree,no,no,cellular,nov,1,999,0,nonexistent,0.3830824247834964,no,Low
2277,36,blue-collar,married,basic.9y,yes,no,cellular,may,2,999,0,nonexistent,0.3830333757629312,no,Low
2278,49,technician,married,university.degree,yes,no,cellular,may,1,999,1,failure,0.38296853737646025,no,Low
2279,27,admin.,married,high.school,no,no,cellular,jul,1,999,0,nonexistent,0.38294311983952956,no,Low
2280,36,admin.,married,high.school,no,no,cellular,jul,6,999,0,nonexistent,0.3828767595804437,no,Low
2281,34,technician,single,university.degree,no,yes,cellular,jul,5,999,0,nonexistent,0.3828392466915063,no,Low
2282,45,management,married,university.degree,yes,yes,cellular,may,3,999,0,nonexistent,0.38282215947887743,no,Low
2283,24,services,single,professional.course,yes,no,cellular,jul,1,999,0,nonexistent,0.38267623985021576,no,Low
2284,24,services,single,professional.course,yes,no,cellular,jul,1,999,0,nonexistent,0.38267623985021576,no,Low
2285,31,admin.,single,university.degree,no,no,cellular,jul,2,999,0,nonexistent,0.3825959874439993,no,Low
2286,26,admin.,married,university.degree,no,no,cellular,jul,6,999,0,nonexistent,0.3824314973771296,no,Low
2287,37,admin.,single,university.degree,yes,yes,cellular,nov,2,999,0,nonexistent,0.3823316887231984,no,Low
2288,22,admin.,single,high.school,yes,no,cellular,jul,2,999,0,nonexistent,0.3823042281378575,no,Low
2289,41,technician,married,professional.course,yes,no,cellular,may,4,999,0,nonexistent,0.3822721284780088,no,Low
2290,38,blue-collar,single,basic.9y,no,yes,cellular,may,2,999,1,failure,0.38221906481676715,no,Low
2291,29,technician,unknown,high.school,yes,no,cellular,aug,1,999,0,nonexistent,0.3819852600180774,no,Low
2292,31,admin.,single,high.school,no,no,cellular,jul,3,999,0,nonexistent,0.3819788682506483,no,Low
2293,36,admin.,married,professional.course,no,no,cellular,may,2,999,0,nonexistent,0.38192064662331676,no,Low
2294,31,blue-collar,married,basic.4y,yes,no,cellular,may,1,999,1,failure,0.38190937148547716,no,Low
2295,31,technician,married,basic.9y,no,yes,cellular,jul,5,999,0,nonexistent,0.38181247636605625,no,Low
2296,33,blue-collar,single,basic.9y,no,yes,cellular,jul,2,999,0,nonexistent,0.3817585171037533,no,Low
2297,27,admin.,single,university.degree,no,no,cellular,jul,1,999,0,nonexistent,0.3816490630816057,no,Low
2298,30,admin.,married,basic.6y,yes,yes,cellular,jul,1,999,0,nonexistent,0.381206354119938,no,Low
2299,59,technician,married,unknown,no,no,cellular,may,2,999,1,failure,0.38112858423740065,no,Low
2300,45,blue-collar,married,basic.9y,unknown,unknown,cellular,apr,2,999,0,nonexistent,0.381016080752111,no,Low
2301,29,admin.,single,high.school,no,no,cellular,jul,2,999,0,nonexistent,0.3809156715172509,no,Low
2302,32,admin.,single,university.degree,no,no,cellular,jul,1,999,0,nonexistent,0.3808744528184964,no,Low
2303,35,housemaid,married,basic.9y,no,no,cellular,jul,2,999,0,nonexistent,0.380860635730843,no,Low
2304,34,admin.,married,high.school,no,no,cellular,jul,2,999,0,nonexistent,0.3808468302185597,no,Low
2305,45,management,married,university.degree,yes,yes,cellular,nov,1,999,0,nonexistent,0.38079720344987494,no,Low
2306,34,management,single,unknown,yes,no,cellular,jul,1,999,0,nonexistent,0.38078725984047235,no,Low
2307,30,admin.,married,university.degree,no,no,cellular,jul,2,999,0,nonexistent,0.38077865191860655,no,Low
2308,37,services,single,basic.6y,yes,no,cellular,may,1,999,1,failure,0.38073695509496264,no,Low
2309,38,management,single,university.degree,yes,yes,cellular,nov,1,999,0,nonexistent,0.38069139647933736,no,Low
2310,35,services,married,professional.course,no,no,cellular,may,1,999,0,nonexistent,0.3805660793177352,no,Low
2311,32,technician,single,professional.course,no,no,cellular,apr,1,999,1,failure,0.38055855894507823,no,Low
2312,33,services,single,high.school,yes,no,cellular,jul,1,999,0,nonexistent,0.38053495297309214,no,Low
2313,27,admin.,single,high.school,no,no,cellular,jul,1,999,0,nonexistent,0.3805283354747262,no,Low
2314,33,admin.,married,high.school,yes,no,cellular,jul,1,999,0,nonexistent,0.3803630293132392,no,Low
2315,46,admin.,married,university.degree,no,no,telephone,aug,5,999,0,nonexistent,0.38033354667022207,no,Low
2316,32,technician,single,professional.course,yes,no,cellular,nov,1,999,0,nonexistent,0.3803334502852713,no,Low
2317,29,admin.,single,university.degree,no,no,cellular,jul,1,999,0,nonexistent,0.3802814622996934,no,Low
2318,27,services,single,high.school,yes,yes,cellular,jul,2,999,0,nonexistent,0.38019121772899017,no,Low
2319,24,technician,single,professional.course,no,yes,cellular,may,8,999,0,nonexistent,0.3801580468363969,no,Low
2320,60,management,married,university.degree,no,no,cellular,jul,2,999,0,nonexistent,0.3801543358899212,no,Low
2321,27,technician,single,professional.course,no,no,cellular,may,1,999,1,failure,0.38009100172360066,no,Low
2322,33,services,married,high.school,yes,no,cellular,jul,2,999,0,nonexistent,0.3800605744903731,no,Low
2323,34,technician,single,professional.course,no,yes,cellular,jul,5,999,0,nonexistent,0.3800415794795565,no,Low
2324,27,admin.,married,university.degree,no,no,cellular,jul,5,999,0,nonexistent,0.37988490714188605,no,Low
2325,36,admin.,married,university.degree,yes,no,cellular,jul,2,999,0,nonexistent,0.37979069082190214,no,Low
2326,41,blue-collar,married,basic.4y,no,no,cellular,apr,1,999,1,failure,0.3797531613591277,no,Low
2327,22,blue-collar,single,basic.6y,yes,no,cellular,jul,3,999,0,nonexistent,0.3796201274315485,no,Low
2328,21,unemployed,married,high.school,yes,yes,cellular,jul,3,999,0,nonexistent,0.379569190578163,no,Low
2329,30,admin.,single,university.degree,yes,yes,cellular,jul,3,999,0,nonexistent,0.3795228027028038,no,Low
2330,26,services,single,high.school,no,no,cellular,jul,7,999,0,nonexistent,0.3794165458352017,no,Low
2331,35,technician,single,university.degree,no,no,cellular,aug,4,999,0,nonexistent,0.37937822622095474,no,Low
2332,38,admin.,married,high.school,yes,no,telephone,nov,1,999,0,nonexistent,0.3793584966462951,no,Low
2333,27,admin.,single,university.degree,no,no,cellular,jul,2,999,0,nonexistent,0.37935025306681086,no,Low
2334,44,blue-collar,single,basic.9y,yes,no,cellular,may,2,999,1,failure,0.37930564631176733,no,Low
2335,44,management,married,basic.9y,yes,no,cellular,aug,5,999,0,nonexistent,0.37926130311316214,no,Low
2336,35,admin.,married,high.school,no,no,cellular,jul,7,999,0,nonexistent,0.37925386899354835,no,Low
2337,27,services,single,high.school,yes,no,cellular,jul,3,999,0,nonexistent,0.3791996837823511,no,Low
2338,43,blue-collar,married,basic.6y,yes,no,cellular,may,2,999,0,nonexistent,0.3791671752609022,no,Low
2339,29,management,married,university.degree,no,no,telephone,jun,1,999,0,nonexistent,0.37901526004559305,no,Low
2340,30,admin.,single,high.school,no,no,cellular,jul,1,999,0,nonexistent,0.37874403657869465,no,Low
2341,33,services,married,high.school,no,no,cellular,jul,8,999,0,nonexistent,0.3787281634755931,no,Low
2342,33,self-employed,single,high.school,no,no,cellular,may,1,999,1,failure,0.3786815149983499,no,Low
2343,57,retired,single,university.degree,yes,no,cellular,jul,1,999,0,nonexistent,0.37860960089012397,no,Low
2344,31,admin.,single,basic.9y,no,no,cellular,jul,5,999,0,nonexistent,0.3785826804986183,no,Low
2345,50,management,divorced,university.degree,no,no,cellular,jul,3,999,0,nonexistent,0.3785697118301975,no,Low
2347,29,blue-collar,married,basic.9y,yes,no,cellular,may,1,999,0,nonexistent,0.3785557509622077,no,Low
2346,29,blue-collar,married,basic.9y,yes,no,cellular,may,1,999,0,nonexistent,0.3785557509622077,no,Low
2348,25,blue-collar,married,basic.9y,yes,no,cellular,jul,3,999,0,nonexistent,0.3784906730975234,no,Low
2349,24,blue-collar,divorced,high.school,yes,no,cellular,jul,2,999,0,nonexistent,0.37846143084212813,no,Low
2350,32,admin.,single,university.degree,yes,no,cellular,nov,1,999,0,nonexistent,0.37841327259556884,no,Low
2351,29,admin.,single,university.degree,no,no,cellular,jul,6,999,0,nonexistent,0.37831912963274783,no,Low
2352,32,admin.,single,high.school,yes,yes,cellular,nov,1,999,0,nonexistent,0.3783078887897923,no,Low
2353,23,blue-collar,single,basic.9y,no,no,cellular,jul,1,999,0,nonexistent,0.37803900772856325,no,Low
2354,25,technician,single,professional.course,yes,no,cellular,jul,4,999,0,nonexistent,0.37802021674999703,no,Low
2355,34,management,divorced,university.degree,no,yes,cellular,jul,5,999,0,nonexistent,0.37800474489349395,no,Low
2356,24,blue-collar,married,basic.9y,no,yes,cellular,jul,2,999,0,nonexistent,0.37798347996163734,no,Low
2357,56,retired,divorced,high.school,yes,no,cellular,jul,4,999,0,nonexistent,0.37793874452638204,no,Low
2358,31,blue-collar,single,high.school,no,no,cellular,jul,2,999,0,nonexistent,0.3779337573911913,no,Low
2359,34,blue-collar,married,basic.9y,yes,no,cellular,jul,5,999,0,nonexistent,0.3778327963153191,no,Low
2360,31,management,single,university.degree,yes,no,cellular,nov,1,999,0,nonexistent,0.3777811772441363,no,Low
2361,30,services,single,high.school,no,yes,cellular,jul,4,999,0,nonexistent,0.37775487273931724,no,Low
2362,25,entrepreneur,single,university.degree,no,no,cellular,jul,7,999,0,nonexistent,0.3776897675334617,no,Low
2363,32,services,single,high.school,no,no,cellular,jul,3,999,0,nonexistent,0.3776127652356254,no,Low
2364,48,blue-collar,married,basic.6y,yes,no,cellular,may,1,999,1,failure,0.3776041998877709,no,Low
2365,39,services,married,high.school,yes,no,cellular,jul,2,999,0,nonexistent,0.377477881144186,no,Low
2366,38,blue-collar,single,basic.9y,no,no,cellular,may,2,999,1,failure,0.37747146873851234,no,Low
2367,38,technician,married,university.degree,no,no,cellular,may,1,999,1,failure,0.3774423300370133,no,Low
2368,33,blue-collar,married,basic.6y,yes,no,cellular,jul,2,999,0,nonexistent,0.37740055052220084,no,Low
2369,39,admin.,married,university.degree,no,no,cellular,apr,3,999,2,failure,0.37737343333912776,no,Low
2370,31,technician,single,high.school,yes,yes,cellular,aug,2,999,0,nonexistent,0.37734586442947127,no,Low
2371,28,blue-collar,single,high.school,no,no,cellular,jul,1,999,0,nonexistent,0.37727639150948894,no,Low
2372,33,management,single,university.degree,yes,no,cellular,jul,2,999,0,nonexistent,0.3770277050318965,no,Low
2373,23,blue-collar,single,high.school,no,no,cellular,jul,1,999,0,nonexistent,0.3769274442243847,no,Low
2374,58,retired,married,high.school,no,no,cellular,jul,1,999,0,nonexistent,0.37692399340015015,no,Low
2375,26,admin.,single,university.degree,no,no,cellular,jul,3,999,0,nonexistent,0.37692276460340285,no,Low
2376,53,services,married,university.degree,no,no,telephone,may,2,999,0,nonexistent,0.3768919273145212,no,Low
2377,37,services,divorced,basic.9y,no,no,cellular,jul,1,999,0,nonexistent,0.37688866708925206,no,Low
2378,43,blue-collar,single,basic.6y,yes,no,cellular,jul,2,999,0,nonexistent,0.3768392364357697,no,Low
2379,29,admin.,married,high.school,no,yes,cellular,jul,3,999,0,nonexistent,0.37677782902828444,no,Low
2380,28,admin.,single,university.degree,no,yes,cellular,jul,1,999,0,nonexistent,0.37675588863101306,no,Low
2381,33,admin.,married,basic.9y,yes,yes,cellular,jul,3,999,0,nonexistent,0.3767503564609008,no,Low
2382,30,admin.,single,university.degree,no,no,cellular,jul,2,999,0,nonexistent,0.3767298415239461,no,Low
2383,34,admin.,married,university.degree,no,no,cellular,jul,1,999,0,nonexistent,0.3767001741726073,no,Low
2384,32,technician,single,university.degree,yes,no,cellular,nov,1,999,0,nonexistent,0.3766537187010295,no,Low
2385,31,admin.,single,high.school,yes,no,cellular,jul,1,999,0,nonexistent,0.3766529144946466,no,Low
2386,33,self-employed,married,university.degree,yes,no,cellular,jul,2,999,0,nonexistent,0.3766109332897353,no,Low
2387,59,retired,married,high.school,unknown,unknown,telephone,aug,2,999,0,nonexistent,0.37659581463207953,no,Low
2388,37,blue-collar,married,basic.6y,no,yes,cellular,may,5,999,0,nonexistent,0.37651193900687985,no,Low
2389,46,management,single,university.degree,yes,yes,cellular,nov,2,999,0,nonexistent,0.37646534725220254,no,Low
2390,31,entrepreneur,single,university.degree,yes,no,cellular,nov,1,999,0,nonexistent,0.37632841200006184,no,Low
2391,35,blue-collar,married,basic.6y,yes,no,cellular,jul,2,999,0,nonexistent,0.37629549487090086,no,Low
2392,28,services,married,high.school,yes,no,cellular,jul,1,999,0,nonexistent,0.37622031122866334,no,Low
2393,59,housemaid,divorced,basic.6y,yes,no,cellular,may,1,999,0,nonexistent,0.37620651215464945,no,Low
2394,33,blue-collar,married,high.school,no,no,cellular,jul,2,999,0,nonexistent,0.37614390053507973,no,Low
2395,27,admin.,single,university.degree,no,no,cellular,jul,1,999,0,nonexistent,0.37591413948861596,no,Low
2396,32,admin.,single,high.school,yes,no,cellular,jul,1,999,0,nonexistent,0.3759038997306506,no,Low
2397,54,retired,married,high.school,yes,no,cellular,jul,1,999,0,nonexistent,0.37586702504939423,no,Low
2398,29,technician,single,university.degree,no,no,cellular,jul,2,999,0,nonexistent,0.37583585102232087,no,Low
2399,47,blue-collar,married,basic.6y,yes,no,cellular,may,2,999,0,nonexistent,0.37580449498025187,no,Low
2400,52,admin.,married,high.school,yes,no,cellular,jul,2,999,0,nonexistent,0.37565105908531415,no,Low
2401,26,student,single,high.school,no,no,telephone,jun,1,999,0,nonexistent,0.3755946097255615,no,Low
2402,35,services,single,high.school,yes,no,cellular,jul,1,999,0,nonexistent,0.37552275632838467,no,Low
2403,32,self-employed,single,professional.course,no,no,cellular,may,3,999,0,nonexistent,0.3754813557126624,no,Low
2404,35,services,single,high.school,yes,no,cellular,may,2,999,1,failure,0.3754253868854226,no,Low
2405,51,self-employed,married,high.school,yes,no,cellular,may,2,999,1,failure,0.3753503821156376,no,Low
2406,30,blue-collar,married,basic.6y,yes,no,cellular,may,1,999,0,nonexistent,0.37504029077866846,no,Low
2407,22,services,single,high.school,yes,no,cellular,jul,2,999,0,nonexistent,0.3749502121814742,no,Low
2408,32,entrepreneur,single,university.degree,no,no,cellular,jul,2,999,0,nonexistent,0.37494462293898306,no,Low
2409,35,admin.,single,high.school,yes,no,cellular,jul,2,999,0,nonexistent,0.37492406228496233,no,Low
2410,48,management,married,university.degree,yes,no,cellular,jul,3,999,0,nonexistent,0.3748869350291034,no,Low
2411,34,self-employed,single,university.degree,no,no,cellular,jul,1,999,0,nonexistent,0.3747684113395534,no,Low
2412,34,self-employed,single,university.degree,no,no,cellular,jul,1,999,0,nonexistent,0.3747684113395534,no,Low
2413,33,technician,married,basic.9y,yes,no,cellular,jul,4,999,0,nonexistent,0.3747618874084482,no,Low
2414,54,retired,divorced,basic.4y,yes,no,cellular,jul,1,999,0,nonexistent,0.3746739884130876,no,Low
2415,30,technician,single,professional.course,yes,yes,cellular,jul,2,999,0,nonexistent,0.374620853082302,no,Low
2416,29,services,single,high.school,yes,no,cellular,jul,2,999,0,nonexistent,0.3745904709911317,no,Low
2417,34,technician,married,university.degree,yes,no,cellular,may,2,999,1,failure,0.37454833491414957,no,Low
2418,35,management,married,university.degree,no,no,cellular,may,1,999,0,nonexistent,0.3745129047457948,no,Low
2419,34,housemaid,married,high.school,no,no,cellular,may,3,999,0,nonexistent,0.3745081886372537,no,Low
2420,31,management,married,university.degree,no,no,cellular,apr,3,999,0,nonexistent,0.37437114432764956,no,Low
2421,30,admin.,married,unknown,no,yes,cellular,jul,2,999,0,nonexistent,0.37428465135930666,no,Low
2422,29,blue-collar,married,basic.9y,no,no,cellular,jul,1,999,0,nonexistent,0.3742692082583748,no,Low
2423,27,services,single,high.school,no,no,cellular,jul,2,999,0,nonexistent,0.3742497747426003,no,Low
2424,56,blue-collar,divorced,high.school,no,no,telephone,nov,1,999,0,nonexistent,0.37419329359060527,no,Low
2425,24,technician,single,professional.course,no,no,cellular,jul,4,999,0,nonexistent,0.37403577743484606,no,Low
2426,35,technician,married,professional.course,no,no,cellular,may,2,999,1,failure,0.37403346478437305,no,Low
2427,28,admin.,single,university.degree,no,yes,cellular,jul,2,999,0,nonexistent,0.37398355046337967,no,Low
2428,37,blue-collar,single,basic.6y,no,no,cellular,jul,3,999,0,nonexistent,0.373956740423435,no,Low
2429,36,blue-collar,married,basic.4y,no,no,cellular,may,1,999,0,nonexistent,0.37395013682018924,no,Low
2430,32,technician,single,professional.course,yes,no,cellular,may,5,999,0,nonexistent,0.3738249611290616,no,Low
2431,47,blue-collar,married,basic.9y,yes,no,cellular,jul,1,999,0,nonexistent,0.3737740806906147,no,Low
2432,28,admin.,married,university.degree,no,no,cellular,jul,3,999,0,nonexistent,0.3737619909745564,no,Low
2433,29,student,single,high.school,yes,no,cellular,nov,1,999,0,nonexistent,0.3737169181717595,no,Low
2434,36,admin.,single,university.degree,no,no,cellular,nov,2,999,0,nonexistent,0.373659290255876,no,Low
2435,28,technician,single,high.school,no,no,cellular,jul,2,999,0,nonexistent,0.37334438170379475,no,Low
2436,49,blue-collar,married,high.school,yes,no,cellular,may,2,999,0,nonexistent,0.37330211855800166,no,Low
2437,44,blue-collar,married,basic.9y,yes,yes,cellular,may,2,999,0,nonexistent,0.3732911322071671,no,Low
2438,34,unemployed,married,high.school,yes,yes,cellular,jul,1,999,0,nonexistent,0.3732628556889178,no,Low
2439,43,services,married,basic.6y,no,no,cellular,jul,3,999,0,nonexistent,0.3732303863799721,no,Low
2440,36,services,married,high.school,no,no,cellular,may,1,999,0,nonexistent,0.3731536717185451,no,Low
2441,36,blue-collar,single,high.school,no,no,cellular,jul,2,999,0,nonexistent,0.37313941577714527,no,Low
2442,30,services,married,high.school,yes,no,cellular,jul,1,999,0,nonexistent,0.37312696476081636,no,Low
2443,32,self-employed,married,university.degree,no,no,cellular,jul,3,999,0,nonexistent,0.3731153242799041,no,Low
2444,29,admin.,married,high.school,yes,no,cellular,jul,1,999,0,nonexistent,0.37307634754009544,no,Low
2445,31,admin.,single,high.school,yes,no,cellular,may,1,999,1,failure,0.37296273668083546,no,Low
2446,37,admin.,married,university.degree,no,no,cellular,jul,4,999,0,nonexistent,0.3728254142351687,no,Low
2447,35,blue-collar,married,basic.6y,yes,no,cellular,may,2,999,0,nonexistent,0.3728047787386814,no,Low
2448,31,entrepreneur,single,high.school,no,no,cellular,nov,1,999,0,nonexistent,0.37274365680167243,no,Low
2449,33,management,married,university.degree,yes,no,cellular,jul,1,999,0,nonexistent,0.37259624959368176,no,Low
2450,34,admin.,married,high.school,yes,yes,cellular,jul,1,999,0,nonexistent,0.37238640632349895,no,Low
2451,32,blue-collar,married,basic.9y,yes,no,telephone,nov,1,999,0,nonexistent,0.37236639342414474,no,Low
2452,36,admin.,married,high.school,no,no,cellular,jul,7,999,0,nonexistent,0.3723114449897272,no,Low
2453,29,admin.,married,university.degree,yes,no,cellular,jul,1,999,0,nonexistent,0.37228637328259573,no,Low
2454,28,admin.,single,high.school,no,no,cellular,jul,2,999,0,nonexistent,0.3722247745884253,no,Low
2455,36,blue-collar,married,basic.4y,no,no,cellular,may,2,999,0,nonexistent,0.3721753102566173,no,Low
2456,26,admin.,single,high.school,no,no,cellular,jul,4,999,0,nonexistent,0.37196276422700064,no,Low
2457,26,blue-collar,single,basic.9y,yes,yes,cellular,jul,2,999,0,nonexistent,0.37190010114924626,no,Low
2458,31,blue-collar,married,basic.6y,no,no,cellular,may,1,999,1,failure,0.371869311532741,no,Low
2459,35,technician,single,professional.course,no,yes,cellular,may,2,999,1,failure,0.37173678325489673,no,Low
2460,39,technician,married,professional.course,yes,yes,cellular,may,2,999,0,nonexistent,0.3717177998898444,no,Low
2461,31,technician,single,professional.course,yes,no,cellular,jul,3,999,0,nonexistent,0.3716823376780511,no,Low
2462,26,technician,single,professional.course,yes,yes,cellular,may,5,999,0,nonexistent,0.37165778512231407,no,Low
2463,34,technician,single,university.degree,yes,yes,cellular,jul,1,999,0,nonexistent,0.3715670895367451,no,Low
2464,27,admin.,married,university.degree,no,yes,cellular,jul,2,999,0,nonexistent,0.3715208547911542,no,Low
2465,34,technician,married,high.school,yes,yes,cellular,nov,1,999,0,nonexistent,0.3714598803873193,no,Low
2466,36,admin.,single,university.degree,no,no,cellular,nov,1,999,0,nonexistent,0.37137137568278056,no,Low
2467,45,blue-collar,married,basic.6y,yes,no,cellular,apr,1,999,1,failure,0.37129894542460773,no,Low
2468,31,blue-collar,married,basic.9y,no,no,cellular,jul,2,999,0,nonexistent,0.3712976103386299,no,Low
2469,28,services,single,basic.9y,yes,no,cellular,jul,3,999,0,nonexistent,0.37124395712603964,no,Low
2470,55,retired,married,professional.course,yes,no,cellular,jul,3,999,0,nonexistent,0.37121933466237483,no,Low
2471,31,blue-collar,divorced,high.school,yes,no,cellular,may,1,999,1,failure,0.37121540475742865,no,Low
2472,38,services,single,high.school,yes,yes,cellular,may,1,999,1,failure,0.37110597991589067,no,Low
2473,29,services,single,high.school,no,no,cellular,apr,2,999,1,failure,0.37108607138517885,no,Low
2474,33,technician,married,professional.course,yes,no,telephone,may,3,999,0,nonexistent,0.37104669831718085,no,Low
2475,35,technician,single,university.degree,no,no,cellular,apr,1,999,0,nonexistent,0.3710414277772504,no,Low
2476,28,blue-collar,single,basic.9y,yes,no,cellular,may,1,999,1,failure,0.3709215691384785,no,Low
2477,34,technician,single,university.degree,no,no,cellular,jul,1,999,0,nonexistent,0.37086519886080394,no,Low
2478,39,admin.,married,basic.6y,yes,no,cellular,jul,1,999,0,nonexistent,0.37083725142006296,no,Low
2479,28,admin.,married,university.degree,no,no,cellular,jul,2,999,0,nonexistent,0.3707875629735677,no,Low
2480,35,admin.,single,university.degree,yes,no,cellular,jul,2,999,0,nonexistent,0.37078380989559956,no,Low
2481,32,technician,married,professional.course,no,no,cellular,may,6,999,0,nonexistent,0.3706838920573154,no,Low
2482,31,technician,single,professional.course,yes,no,cellular,jul,4,999,0,nonexistent,0.37067619753334546,no,Low
2483,39,admin.,married,university.degree,no,no,cellular,jul,3,999,0,nonexistent,0.3706724929167448,no,Low
2484,38,admin.,married,professional.course,no,no,cellular,jul,3,999,0,nonexistent,0.37064245834473636,no,Low
2485,56,management,married,basic.6y,no,no,cellular,jul,2,999,0,nonexistent,0.37062709312927217,no,Low
2486,31,admin.,single,high.school,no,no,cellular,jul,3,999,0,nonexistent,0.3705265697273533,no,Low
2487,28,technician,single,university.degree,no,no,cellular,jul,3,999,0,nonexistent,0.3705158595206782,no,Low
2488,19,student,single,high.school,yes,no,cellular,may,4,999,0,nonexistent,0.37050645432462453,no,Low
2489,41,self-employed,married,basic.9y,yes,no,cellular,jul,2,999,0,nonexistent,0.37033727667664285,no,Low
2490,29,management,single,high.school,no,yes,cellular,jul,4,999,0,nonexistent,0.37027527268960925,no,Low
2491,32,blue-collar,married,basic.9y,no,no,cellular,jul,2,999,0,nonexistent,0.3702637213449497,no,Low
2492,36,entrepreneur,married,university.degree,no,yes,cellular,jul,1,999,0,nonexistent,0.370218039611457,no,Low
2493,35,admin.,married,professional.course,yes,no,cellular,jul,1,999,0,nonexistent,0.37021611353128814,no,Low
2494,47,services,single,basic.6y,no,yes,cellular,may,1,999,0,nonexistent,0.37017708043796044,no,Low
2495,25,technician,single,high.school,no,no,cellular,jul,3,999,0,nonexistent,0.37017329631128526,no,Low
2496,32,management,married,professional.course,no,no,cellular,jul,4,999,0,nonexistent,0.3701610339998272,no,Low
2497,27,admin.,single,high.school,yes,no,cellular,may,3,999,0,nonexistent,0.3701145426134056,no,Low
2498,32,blue-collar,married,basic.9y,yes,yes,cellular,jul,3,999,0,nonexistent,0.37007326669432383,no,Low
2499,30,services,married,high.school,yes,no,cellular,jul,4,999,0,nonexistent,0.3700673867448961,no,Low
2500,28,self-employed,married,basic.9y,yes,no,cellular,may,5,999,0,nonexistent,0.37000405419203125,no,Low
2501,23,services,single,high.school,no,no,cellular,jul,1,999,0,nonexistent,0.36996212962650127,no,Low
2502,26,management,single,university.degree,yes,no,cellular,jul,1,999,0,nonexistent,0.3699406828689778,no,Low
2503,46,admin.,single,university.degree,yes,no,cellular,may,5,999,1,failure,0.36967122214273046,no,Low
2504,35,admin.,married,professional.course,yes,yes,cellular,jul,2,999,0,nonexistent,0.36964449879149563,no,Low
2505,24,blue-collar,married,basic.9y,unknown,unknown,cellular,may,5,999,0,nonexistent,0.3695911313425144,no,Low
2506,33,admin.,single,university.degree,yes,no,cellular,may,1,999,2,failure,0.36958047509264097,no,Low
2507,35,management,married,university.degree,no,no,cellular,may,3,999,0,nonexistent,0.3695336736978868,no,Low
2508,54,technician,married,high.school,yes,no,cellular,apr,3,999,1,failure,0.3694850405314861,no,Low
2509,31,admin.,married,high.school,no,no,cellular,jul,3,999,0,nonexistent,0.3694790525518469,no,Low
2510,59,retired,married,basic.4y,no,no,cellular,jul,5,999,0,nonexistent,0.3694592132655632,no,Low
2511,30,blue-collar,married,basic.6y,yes,no,cellular,jul,3,999,0,nonexistent,0.3693642307871419,no,Low
2512,30,blue-collar,married,basic.9y,no,no,cellular,jul,2,999,0,nonexistent,0.36931520252640626,no,Low
2513,36,admin.,divorced,high.school,no,no,cellular,jul,3,999,0,nonexistent,0.3693105283998745,no,Low
2514,29,technician,single,professional.course,yes,no,cellular,nov,2,999,1,failure,0.36930401442332683,no,Low
2515,31,technician,single,university.degree,yes,no,cellular,nov,3,999,0,nonexistent,0.36912978048813283,no,Low
2516,25,admin.,single,high.school,no,no,cellular,jul,2,999,0,nonexistent,0.3691053334774866,no,Low
2517,31,technician,single,high.school,yes,yes,cellular,aug,2,999,0,nonexistent,0.36905308653717006,no,Low
2518,27,technician,single,professional.course,no,no,cellular,may,6,999,1,failure,0.3689456289389745,no,Low
2519,40,technician,single,university.degree,yes,yes,cellular,nov,1,999,0,nonexistent,0.36891704022983823,no,Low
2520,35,blue-collar,married,basic.6y,no,no,cellular,apr,3,999,0,nonexistent,0.36886373814554213,no,Low
2521,33,blue-collar,married,basic.9y,no,no,cellular,jul,4,999,0,nonexistent,0.3688238954590881,no,Low
2522,35,admin.,married,university.degree,yes,no,cellular,aug,3,999,0,nonexistent,0.36863757488359494,no,Low
2523,28,admin.,single,high.school,no,no,cellular,jul,3,999,0,nonexistent,0.3686252560842827,no,Low
2524,30,self-employed,single,university.degree,yes,yes,cellular,aug,3,999,0,nonexistent,0.36862225921218494,no,Low
2525,34,management,married,university.degree,no,no,cellular,nov,1,999,0,nonexistent,0.3685654573494184,no,Low
2526,36,blue-collar,married,basic.4y,no,no,cellular,may,1,999,0,nonexistent,0.3685576021781276,no,Low
2527,33,services,divorced,unknown,no,no,cellular,jul,1,999,0,nonexistent,0.3685230075087891,no,Low
2528,29,admin.,single,basic.9y,no,yes,cellular,may,1,999,1,failure,0.36852052337521835,no,Low
2529,39,self-employed,married,basic.9y,no,no,cellular,aug,4,999,0,nonexistent,0.3685164156116047,no,Low
2530,59,self-employed,single,university.degree,yes,no,telephone,may,3,999,0,nonexistent,0.36851409485542364,no,Low
2532,35,admin.,married,university.degree,yes,no,cellular,nov,1,999,0,nonexistent,0.36847716064699426,no,Low
2531,35,admin.,married,university.degree,yes,no,cellular,nov,1,999,0,nonexistent,0.36847716064699426,no,Low
2533,41,blue-collar,divorced,basic.6y,no,no,cellular,jul,1,999,0,nonexistent,0.3684009666976094,no,Low
2534,55,admin.,married,high.school,no,no,cellular,jul,1,999,0,nonexistent,0.36837917915659,no,Low
2535,31,technician,single,university.degree,yes,yes,cellular,jul,1,999,0,nonexistent,0.368332423508016,no,Low
2536,39,blue-collar,married,basic.6y,no,no,cellular,jul,1,999,0,nonexistent,0.36830476088233505,no,Low
2537,25,admin.,single,high.school,no,no,cellular,jul,4,999,0,nonexistent,0.368137949845374,no,Low
2538,42,admin.,married,university.degree,no,no,cellular,jul,3,999,0,nonexistent,0.3680875260514897,no,Low
2539,34,services,married,high.school,no,yes,cellular,may,2,999,1,failure,0.3680552751209685,no,Low
2540,38,blue-collar,married,high.school,no,no,cellular,jul,1,999,0,nonexistent,0.36798521772486437,no,Low
2541,32,admin.,single,high.school,yes,no,cellular,aug,2,999,0,nonexistent,0.36786416748332784,no,Low
2542,46,management,married,university.degree,yes,no,cellular,jul,2,999,0,nonexistent,0.3678623124255756,no,Low
2543,36,admin.,married,university.degree,no,no,cellular,jul,4,999,0,nonexistent,0.3677744820651313,no,Low
2544,25,services,single,high.school,yes,no,cellular,jul,1,999,0,nonexistent,0.3677415413289277,no,Low
2545,38,admin.,married,university.degree,no,no,cellular,jul,5,999,0,nonexistent,0.36760978592010235,no,Low
2546,43,management,married,unknown,no,yes,cellular,apr,1,999,0,nonexistent,0.36758475962919174,no,Low
2547,32,technician,married,professional.course,no,no,cellular,jul,2,999,0,nonexistent,0.3675636965473384,no,Low
2548,37,blue-collar,married,basic.4y,no,no,cellular,jul,1,999,0,nonexistent,0.36752131938484667,no,Low
2549,36,blue-collar,married,basic.6y,yes,yes,cellular,apr,1,999,0,nonexistent,0.36747486148761893,no,Low
2550,32,blue-collar,married,basic.9y,yes,no,cellular,may,2,999,0,nonexistent,0.3674669753823817,no,Low
2551,25,admin.,single,high.school,yes,no,cellular,jul,1,999,0,nonexistent,0.36746295364823073,no,Low
2552,29,admin.,single,university.degree,yes,yes,cellular,jul,6,999,0,nonexistent,0.3674627477564519,no,Low
2553,26,blue-collar,single,professional.course,yes,no,cellular,jul,2,999,0,nonexistent,0.36744785176739253,no,Low
2554,37,unemployed,married,university.degree,yes,no,telephone,may,2,999,0,nonexistent,0.36732472380576886,no,Low
2555,35,self-employed,single,university.degree,yes,no,cellular,jul,2,999,0,nonexistent,0.3672270924300823,no,Low
2556,43,admin.,married,high.school,no,no,cellular,jul,2,999,0,nonexistent,0.3671852406103967,no,Low
2557,35,entrepreneur,single,university.degree,no,no,cellular,jul,3,999,0,nonexistent,0.36713400414108416,no,Low
2558,35,self-employed,single,university.degree,no,yes,cellular,nov,1,3,1,success,0.36710966935905676,no,Low
2559,52,admin.,married,high.school,no,no,cellular,jul,7,999,0,nonexistent,0.36710336105679475,no,Low
2560,29,admin.,single,high.school,yes,no,cellular,jul,1,999,0,nonexistent,0.36708988684647287,no,Low
2561,27,technician,single,university.degree,yes,no,telephone,may,9,999,0,nonexistent,0.36703656030826626,no,Low
2562,37,entrepreneur,married,university.degree,yes,no,cellular,jul,2,999,0,nonexistent,0.3670232633459844,no,Low
2563,33,blue-collar,single,basic.6y,yes,yes,cellular,jul,2,999,0,nonexistent,0.3669263198280438,no,Low
2564,29,management,single,university.degree,yes,no,cellular,jul,3,999,0,nonexistent,0.3668876396327313,no,Low
2565,31,technician,single,professional.course,yes,yes,cellular,may,1,999,1,failure,0.36683984379528844,no,Low
2566,42,admin.,married,university.degree,no,no,cellular,jul,2,999,0,nonexistent,0.36682985479887525,no,Low
2567,54,housemaid,married,basic.4y,no,no,telephone,aug,6,999,0,nonexistent,0.3667899025456535,no,Low
2568,26,blue-collar,single,basic.9y,yes,no,cellular,jul,2,999,0,nonexistent,0.3667862523666335,no,Low
2569,35,blue-collar,married,basic.6y,no,no,cellular,may,2,999,1,failure,0.3667758586790025,no,Low
2570,36,admin.,divorced,high.school,yes,yes,cellular,jul,2,999,0,nonexistent,0.36674895984723394,no,Low
2571,31,unemployed,single,university.degree,yes,no,cellular,may,9,999,0,nonexistent,0.3667052890474606,no,Low
2572,38,services,married,high.school,no,no,cellular,jul,1,999,0,nonexistent,0.3666981841681095,no,Low
2573,30,management,single,high.school,no,yes,cellular,nov,1,999,0,nonexistent,0.3665646899306724,no,Low
2574,34,admin.,married,university.degree,yes,no,cellular,jul,1,999,0,nonexistent,0.3665573171581395,no,Low
2575,31,self-employed,single,high.school,no,no,cellular,jul,2,999,0,nonexistent,0.36655682006627766,no,Low
2576,30,admin.,single,basic.9y,no,no,telephone,nov,1,999,0,nonexistent,0.3665413755416874,no,Low
2577,51,blue-collar,married,basic.4y,no,no,cellular,jul,1,999,0,nonexistent,0.3664298705635094,no,Low
2578,33,blue-collar,married,basic.9y,no,no,cellular,jul,3,999,0,nonexistent,0.3664030353526264,no,Low
2579,57,management,married,university.degree,yes,yes,cellular,nov,2,999,1,failure,0.3663921642406375,no,Low
2580,24,services,single,high.school,no,no,cellular,jul,1,999,0,nonexistent,0.3662842776501703,no,Low
2581,35,blue-collar,married,unknown,yes,no,cellular,may,3,999,0,nonexistent,0.36616037404853163,no,Low
2582,26,services,single,high.school,no,no,cellular,jul,1,999,0,nonexistent,0.36614408333508186,no,Low
2583,29,admin.,divorced,unknown,no,no,cellular,jul,1,999,0,nonexistent,0.36611932508179734,no,Low
2584,31,technician,married,basic.9y,yes,no,cellular,jul,1,999,0,nonexistent,0.36609017647593955,no,Low
2585,32,technician,single,university.degree,yes,no,cellular,aug,3,999,0,nonexistent,0.3660046905751276,no,Low
2586,30,entrepreneur,single,university.degree,no,no,cellular,jul,2,999,0,nonexistent,0.365970055737253,no,Low
2587,33,blue-collar,married,basic.9y,yes,no,cellular,jul,11,999,0,nonexistent,0.365905275621011,no,Low
2588,25,student,single,high.school,yes,no,cellular,may,2,999,0,nonexistent,0.36587639927449556,no,Low
2589,30,admin.,single,high.school,yes,no,cellular,jul,1,999,0,nonexistent,0.36580595998407156,no,Low
2590,35,management,single,university.degree,no,yes,cellular,nov,1,999,0,nonexistent,0.36578899671110077,no,Low
2591,50,self-employed,married,basic.4y,no,no,telephone,aug,2,999,0,nonexistent,0.3657628719522232,no,Low
2592,41,admin.,married,university.degree,no,no,cellular,may,2,999,1,failure,0.3657584855744838,no,Low
2593,29,services,single,high.school,yes,no,cellular,nov,1,999,0,nonexistent,0.3657412749744501,no,Low
2594,31,entrepreneur,married,university.degree,no,no,cellular,jul,2,999,0,nonexistent,0.3656698237551143,no,Low
2595,29,technician,single,university.degree,yes,no,cellular,nov,1,999,1,failure,0.3656161381282233,no,Low
2596,52,admin.,married,basic.9y,no,no,cellular,jul,2,999,0,nonexistent,0.3655247442884033,no,Low
2597,32,technician,single,professional.course,yes,no,cellular,nov,1,999,0,nonexistent,0.3655238760620961,no,Low
2599,48,management,married,high.school,no,no,cellular,jul,1,999,0,nonexistent,0.36542630409049154,no,Low
2598,48,management,married,high.school,no,no,cellular,jul,1,999,0,nonexistent,0.36542630409049154,no,Low
2600,33,admin.,single,high.school,yes,no,cellular,nov,2,999,0,nonexistent,0.36528656789007896,no,Low
2601,31,admin.,single,high.school,no,no,cellular,nov,1,999,0,nonexistent,0.3652408534897378,no,Low
2602,28,technician,married,professional.course,yes,no,cellular,jul,2,999,0,nonexistent,0.36514390501824145,no,Low
2603,37,blue-collar,single,basic.6y,yes,yes,cellular,jul,1,999,0,nonexistent,0.36510002799705354,no,Low
2604,38,blue-collar,married,basic.9y,yes,no,cellular,may,1,999,0,nonexistent,0.365059908575214,no,Low
2605,31,self-employed,single,high.school,no,no,cellular,jul,3,999,0,nonexistent,0.36496497422358387,no,Low
2606,37,self-employed,married,basic.9y,yes,no,cellular,aug,2,999,0,nonexistent,0.3648750281152209,no,Low
2607,29,entrepreneur,married,high.school,yes,no,cellular,jul,1,999,0,nonexistent,0.3648608151981135,no,Low
2608,39,management,married,university.degree,yes,no,cellular,may,1,999,0,nonexistent,0.36483537475664546,no,Low
2609,33,technician,divorced,university.degree,yes,yes,cellular,jul,1,999,0,nonexistent,0.3647477478904913,no,Low
2610,23,blue-collar,married,basic.9y,yes,no,cellular,jul,1,999,0,nonexistent,0.3646673566681385,no,Low
2611,40,blue-collar,married,basic.6y,yes,no,cellular,may,1,999,0,nonexistent,0.3646668944531366,no,Low
2612,31,blue-collar,married,professional.course,yes,no,cellular,jul,2,999,0,nonexistent,0.3646515504558167,no,Low
2613,28,admin.,single,high.school,no,yes,cellular,jul,2,999,0,nonexistent,0.3646447732166676,no,Low
2614,25,admin.,single,high.school,no,no,cellular,jul,1,999,0,nonexistent,0.36464227989739406,no,Low
2615,28,blue-collar,single,unknown,no,no,cellular,jul,1,999,0,nonexistent,0.36463949277206315,no,Low
2616,48,services,single,basic.4y,yes,yes,cellular,may,2,999,0,nonexistent,0.36460290086714137,no,Low
2617,58,admin.,divorced,university.degree,no,no,cellular,nov,1,999,0,nonexistent,0.36460096565591693,no,Low
2618,42,blue-collar,married,basic.6y,no,no,cellular,jul,1,999,0,nonexistent,0.36457668071583255,no,Low
2619,33,admin.,married,university.degree,yes,yes,cellular,may,1,999,1,failure,0.3644375732209213,no,Low
2621,30,blue-collar,married,basic.9y,no,no,cellular,jul,4,999,0,nonexistent,0.36442599853199786,no,Low
2620,30,blue-collar,married,basic.9y,no,no,cellular,jul,4,999,0,nonexistent,0.36442599853199786,no,Low
2622,25,blue-collar,single,high.school,yes,no,cellular,jul,1,999,0,nonexistent,0.36438453130847603,no,Low
2623,28,admin.,single,high.school,no,no,cellular,jul,1,999,0,nonexistent,0.36435318329364497,no,Low
2624,40,management,married,university.degree,yes,no,cellular,may,1,999,0,nonexistent,0.3643234827932604,no,Low
2625,29,technician,single,professional.course,no,no,cellular,nov,5,999,0,nonexistent,0.36427822614563843,no,Low
2626,34,blue-collar,married,basic.9y,yes,no,cellular,jul,4,999,0,nonexistent,0.3642719242075507,no,Low
2627,28,self-employed,married,university.degree,yes,yes,cellular,jul,3,999,0,nonexistent,0.3642654486245989,no,Low
2628,29,services,single,basic.9y,yes,no,cellular,apr,2,999,0,nonexistent,0.36421633324012037,no,Low
2629,25,blue-collar,single,basic.9y,yes,no,cellular,jul,1,999,0,nonexistent,0.3641484132924295,no,Low
2630,26,technician,single,high.school,yes,no,cellular,jul,3,999,0,nonexistent,0.3641334512131576,no,Low
2631,25,services,single,high.school,yes,yes,cellular,jul,7,999,0,nonexistent,0.36405402977301404,no,Low
2632,40,management,single,university.degree,no,no,cellular,nov,1,999,0,nonexistent,0.36402633624079017,no,Low
2633,34,services,married,high.school,yes,no,cellular,jul,1,999,0,nonexistent,0.36401725681988245,no,Low
2634,35,blue-collar,married,basic.9y,no,no,cellular,may,1,999,0,nonexistent,0.36397657174284603,no,Low
2635,51,services,married,basic.4y,yes,no,cellular,jul,1,999,0,nonexistent,0.36394984775591693,no,Low
2636,32,technician,married,university.degree,no,no,cellular,jul,1,999,0,nonexistent,0.36385157919867067,no,Low
2637,43,management,married,university.degree,no,no,cellular,apr,2,999,1,failure,0.3637730334413652,no,Low
2638,56,retired,married,basic.4y,yes,yes,cellular,nov,1,999,0,nonexistent,0.3637109329544459,no,Low
2639,32,admin.,single,high.school,yes,no,cellular,nov,1,999,0,nonexistent,0.3636649124630995,no,Low
2640,37,technician,single,university.degree,yes,no,cellular,may,1,999,1,failure,0.36360910849235456,no,Low
2641,37,services,married,high.school,no,no,cellular,may,1,999,1,failure,0.36360263120462805,no,Low
2642,50,blue-collar,married,basic.4y,no,no,cellular,jul,3,999,0,nonexistent,0.3635443425256706,no,Low
2643,36,blue-collar,single,basic.6y,yes,no,cellular,jul,1,999,0,nonexistent,0.36352543128138426,no,Low
2644,29,management,married,university.degree,no,yes,cellular,aug,2,999,0,nonexistent,0.36350248057032986,no,Low
2645,53,management,married,university.degree,no,no,telephone,aug,1,999,0,nonexistent,0.36347416421446294,no,Low
2646,36,services,married,high.school,no,no,cellular,jul,3,999,0,nonexistent,0.36339812176682335,no,Low
2647,45,blue-collar,married,basic.6y,no,no,cellular,jul,2,999,0,nonexistent,0.3633864359165394,no,Low
2648,30,admin.,single,university.degree,no,no,cellular,nov,1,999,0,nonexistent,0.3633864034676674,no,Low
2649,29,admin.,single,university.degree,yes,yes,cellular,jul,1,999,0,nonexistent,0.36338351337803515,no,Low
2650,42,admin.,married,university.degree,no,yes,cellular,nov,1,999,0,nonexistent,0.3633815774888243,no,Low
2651,58,management,married,basic.9y,no,no,cellular,jul,3,999,0,nonexistent,0.36336301132871696,no,Low
2652,24,technician,single,university.degree,no,yes,cellular,jul,3,999,0,nonexistent,0.3632827243322392,no,Low
2653,37,blue-collar,married,basic.9y,yes,no,cellular,may,2,999,0,nonexistent,0.363215407654404,no,Low
2654,25,admin.,divorced,professional.course,no,no,cellular,jul,1,999,0,nonexistent,0.36318932505914686,no,Low
2655,31,management,married,university.degree,no,no,cellular,may,1,999,1,failure,0.3631375690456074,no,Low
2656,33,blue-collar,single,basic.6y,no,yes,cellular,jul,2,999,0,nonexistent,0.3630402666012421,no,Low
2657,25,blue-collar,married,basic.9y,no,no,cellular,jul,5,999,0,nonexistent,0.363015896895566,no,Low
2658,31,blue-collar,married,professional.course,yes,no,cellular,jul,1,999,0,nonexistent,0.3629960693177885,no,Low
2659,45,blue-collar,married,basic.4y,no,no,cellular,jul,2,999,0,nonexistent,0.3629681401578747,no,Low
2660,27,admin.,married,high.school,yes,no,cellular,jul,1,999,0,nonexistent,0.3629336566389652,no,Low
2661,37,self-employed,married,basic.9y,yes,no,cellular,aug,1,999,0,nonexistent,0.3628855203975151,no,Low
2662,36,admin.,single,high.school,no,no,cellular,jul,1,999,0,nonexistent,0.3628744809732475,no,Low
2663,39,blue-collar,married,university.degree,no,no,cellular,jul,1,999,0,nonexistent,0.3628675072841482,no,Low
2664,36,management,married,university.degree,no,no,cellular,may,4,999,0,nonexistent,0.3628304443756733,no,Low
2665,38,technician,married,professional.course,yes,no,cellular,aug,3,999,0,nonexistent,0.3628126877239845,no,Low
2666,38,services,single,university.degree,no,no,cellular,jul,4,999,0,nonexistent,0.36276470052479587,no,Low
2667,30,admin.,single,high.school,yes,no,cellular,jul,1,999,0,nonexistent,0.36265821524591807,no,Low
2668,24,blue-collar,single,basic.9y,yes,no,cellular,jul,3,999,0,nonexistent,0.36264526273168113,no,Low
2670,28,self-employed,married,university.degree,yes,no,cellular,jul,1,999,0,nonexistent,0.3626115504412893,no,Low
2669,28,self-employed,married,university.degree,yes,no,cellular,jul,1,999,0,nonexistent,0.3626115504412893,no,Low
2671,33,self-employed,married,basic.9y,yes,no,cellular,jul,2,999,0,nonexistent,0.36258778629021127,no,Low
2672,58,management,married,university.degree,yes,no,cellular,jul,1,999,0,nonexistent,0.3625537280862386,no,Low
2673,53,management,married,university.degree,no,no,cellular,aug,3,999,0,nonexistent,0.36254787919722503,no,Low
2674,37,technician,divorced,professional.course,no,yes,cellular,jul,2,999,0,nonexistent,0.36250183916868955,no,Low
2675,38,admin.,divorced,high.school,no,yes,cellular,jul,2,999,0,nonexistent,0.36243500652708793,no,Low
2676,29,admin.,married,high.school,yes,no,cellular,nov,1,999,0,nonexistent,0.36243149379615414,no,Low
2677,22,blue-collar,married,basic.9y,yes,no,cellular,jul,1,999,0,nonexistent,0.36242596906044944,no,Low
2678,42,services,single,high.school,no,no,cellular,apr,3,999,1,failure,0.3624013599060956,no,Low
2679,56,management,married,high.school,yes,no,cellular,jul,2,999,0,nonexistent,0.36234027440968264,no,Low
2680,30,technician,married,basic.9y,yes,no,cellular,jul,1,999,0,nonexistent,0.36233652307229114,no,Low
2681,36,management,single,university.degree,no,no,telephone,jun,6,999,0,nonexistent,0.36227456991964646,no,Low
2682,33,technician,married,university.degree,yes,no,cellular,aug,3,999,0,nonexistent,0.36225814049591215,no,Low
2683,49,retired,married,basic.4y,yes,no,cellular,may,1,999,0,nonexistent,0.36225747244274425,no,Low
2684,42,blue-collar,married,basic.4y,no,no,cellular,jul,1,999,0,nonexistent,0.36224903856670143,no,Low
2685,33,blue-collar,married,basic.9y,yes,no,cellular,jul,5,999,0,nonexistent,0.3622294585402077,no,Low
2686,32,technician,married,unknown,yes,no,cellular,jul,2,999,0,nonexistent,0.3622069153428442,no,Low
2687,28,self-employed,single,high.school,no,no,cellular,jul,6,999,0,nonexistent,0.3621975761709094,no,Low
2688,39,self-employed,married,basic.6y,yes,no,cellular,jul,1,999,0,nonexistent,0.3621917205494951,no,Low
2689,30,management,single,high.school,no,yes,cellular,nov,2,999,0,nonexistent,0.36213033440839426,no,Low
2690,45,entrepreneur,divorced,university.degree,no,no,telephone,may,4,999,0,nonexistent,0.3621235691460173,no,Low
2691,30,blue-collar,single,basic.9y,no,yes,telephone,nov,1,999,0,nonexistent,0.3619932149172412,no,Low
2692,34,technician,married,university.degree,yes,no,cellular,jul,2,999,0,nonexistent,0.36198412635760735,no,Low
2693,36,entrepreneur,married,university.degree,yes,no,telephone,may,1,999,0,nonexistent,0.36197590712983374,no,Low
2694,55,admin.,married,high.school,no,no,cellular,may,1,999,0,nonexistent,0.3619564042804079,no,Low
2696,60,retired,married,basic.6y,no,no,cellular,jul,1,999,0,nonexistent,0.3619260322277797,no,Low
2695,60,retired,married,basic.6y,no,no,cellular,jul,1,999,0,nonexistent,0.3619260322277797,no,Low
2697,31,admin.,single,university.degree,yes,no,cellular,nov,1,999,0,nonexistent,0.36189058631531795,no,Low
2698,32,technician,single,high.school,no,no,cellular,jul,1,999,0,nonexistent,0.3618827142108059,no,Low
2699,55,admin.,married,university.degree,no,no,cellular,jul,4,999,0,nonexistent,0.3618642478366271,no,Low
2700,40,services,married,high.school,no,no,cellular,jul,1,999,0,nonexistent,0.3618054742759666,no,Low
2701,41,self-employed,married,basic.9y,no,yes,cellular,aug,3,999,0,nonexistent,0.361782022036867,no,Low
2702,43,self-employed,married,professional.course,yes,no,cellular,may,2,999,0,nonexistent,0.36177129414339315,no,Low
2703,39,admin.,married,high.school,no,no,cellular,jul,6,999,0,nonexistent,0.3617505613009136,no,Low
2704,31,admin.,single,high.school,yes,no,cellular,nov,1,999,0,nonexistent,0.36170529157638476,no,Low
2705,29,admin.,single,university.degree,yes,no,cellular,jul,2,999,0,nonexistent,0.3617002765616476,no,Low
2706,29,admin.,single,university.degree,no,no,cellular,nov,4,999,0,nonexistent,0.3616972078964369,no,Low
2707,24,services,single,university.degree,no,no,cellular,jul,6,999,0,nonexistent,0.36154762054556555,no,Low
2708,36,self-employed,married,basic.9y,no,no,cellular,aug,1,999,0,nonexistent,0.36150026859221635,no,Low
2709,36,admin.,single,university.degree,yes,no,cellular,nov,1,999,0,nonexistent,0.36148974352370467,no,Low
2710,38,blue-collar,married,basic.9y,yes,no,cellular,jul,2,999,0,nonexistent,0.361469263753252,no,Low
2711,37,technician,single,university.degree,no,no,cellular,jul,3,999,0,nonexistent,0.3614582784503692,no,Low
2712,39,admin.,married,basic.9y,no,no,cellular,jul,1,999,0,nonexistent,0.36140219817643365,no,Low
2713,43,management,married,unknown,no,no,cellular,apr,1,999,0,nonexistent,0.3613571969435297,no,Low
2714,33,blue-collar,single,basic.4y,yes,no,cellular,may,2,999,1,failure,0.361331094464285,no,Low
2715,38,admin.,married,unknown,yes,no,cellular,jul,3,999,0,nonexistent,0.36125171362928316,no,Low
2716,40,retired,divorced,basic.4y,no,no,cellular,jul,1,999,0,nonexistent,0.3612460005257684,no,Low
2717,34,technician,single,university.degree,no,no,cellular,aug,2,999,0,nonexistent,0.36123718612787686,no,Low
2718,35,technician,single,university.degree,no,no,cellular,jul,2,999,0,nonexistent,0.3611045676146327,no,Low
2719,30,admin.,married,basic.9y,yes,yes,cellular,may,1,999,1,failure,0.3610577571685331,no,Low
2720,31,blue-collar,married,professional.course,no,no,cellular,nov,1,999,0,nonexistent,0.3610504343449838,no,Low
2721,25,student,single,high.school,no,yes,telephone,jun,2,999,0,nonexistent,0.36103564633132057,no,Low
2722,36,admin.,married,university.degree,yes,yes,cellular,jul,2,999,0,nonexistent,0.3610252909264658,no,Low
2723,25,services,single,professional.course,yes,no,cellular,jul,1,999,0,nonexistent,0.3609340235238545,no,Low
2724,31,entrepreneur,single,basic.9y,no,no,cellular,jul,3,999,0,nonexistent,0.3609243134623265,no,Low
2725,50,management,divorced,university.degree,no,no,cellular,jul,6,999,0,nonexistent,0.36091246202957683,no,Low
2726,55,admin.,married,university.degree,no,no,cellular,jul,1,999,0,nonexistent,0.36085168810914275,no,Low
2727,51,blue-collar,divorced,high.school,yes,yes,cellular,may,6,999,0,nonexistent,0.36075768057272567,no,Low
2728,38,admin.,married,university.degree,yes,yes,cellular,may,1,999,1,failure,0.36068459294505084,no,Low
2729,32,blue-collar,single,high.school,yes,no,cellular,may,3,999,0,nonexistent,0.36057425634702744,no,Low
2730,35,entrepreneur,single,university.degree,yes,no,cellular,jul,3,999,0,nonexistent,0.3605479750738905,no,Low
2731,30,technician,single,professional.course,yes,no,cellular,jul,1,999,0,nonexistent,0.36049304859175146,no,Low
2732,36,blue-collar,married,basic.4y,no,no,cellular,may,1,999,0,nonexistent,0.3604879566836544,no,Low
2733,31,management,single,university.degree,yes,no,cellular,jul,2,999,0,nonexistent,0.36044166881417405,no,Low
2734,40,blue-collar,married,basic.9y,yes,no,cellular,jul,2,999,0,nonexistent,0.36042325294116445,no,Low
2735,28,student,single,university.degree,no,no,cellular,may,4,999,0,nonexistent,0.36029761898964174,no,Low
2736,32,technician,married,professional.course,no,no,cellular,jul,2,999,0,nonexistent,0.3602681334212178,no,Low
2737,55,blue-collar,married,basic.4y,yes,no,telephone,aug,1,999,0,nonexistent,0.3602134213057258,no,Low
2738,36,services,divorced,basic.9y,no,no,cellular,may,5,999,0,nonexistent,0.36017936660095495,no,Low
2739,41,services,married,basic.9y,no,no,cellular,jul,3,999,0,nonexistent,0.3601055592870803,no,Low
2740,38,entrepreneur,married,unknown,yes,no,cellular,may,1,999,0,nonexistent,0.3598696413446256,no,Low
2741,45,management,married,university.degree,no,no,cellular,aug,5,999,0,nonexistent,0.3598521239281118,no,Low
2742,56,management,divorced,university.degree,no,no,cellular,nov,2,999,0,nonexistent,0.35976440921951386,no,Low
2743,30,management,single,university.degree,yes,no,cellular,jul,1,999,0,nonexistent,0.3597273728031032,no,Low
2744,47,technician,married,basic.9y,yes,no,cellular,apr,2,999,1,failure,0.35970684380093343,no,Low
2745,27,technician,single,professional.course,no,no,cellular,jul,2,999,0,nonexistent,0.3596642869023237,no,Low
2746,34,admin.,single,university.degree,no,no,telephone,aug,2,999,0,nonexistent,0.35958425531366617,no,Low
2747,38,entrepreneur,married,basic.9y,yes,no,cellular,jul,2,999,0,nonexistent,0.3595817642334376,no,Low
2748,34,technician,single,university.degree,yes,yes,cellular,aug,3,999,0,nonexistent,0.35944288378031275,no,Low
2749,33,self-employed,married,university.degree,yes,no,cellular,aug,3,999,0,nonexistent,0.3594389794871477,no,Low
2750,36,admin.,single,university.degree,yes,no,cellular,may,1,999,0,nonexistent,0.3592377043790627,no,Low
2751,39,unemployed,single,basic.9y,yes,no,telephone,may,2,999,0,nonexistent,0.35921332682247675,no,Low
2752,33,entrepreneur,married,university.degree,yes,yes,cellular,jul,2,999,0,nonexistent,0.35915445686200725,no,Low
2753,27,admin.,married,high.school,yes,no,cellular,jul,2,999,0,nonexistent,0.359144112764031,no,Low
2754,31,admin.,single,university.degree,yes,no,cellular,aug,1,999,0,nonexistent,0.3591300289208109,no,Low
2755,37,blue-collar,single,professional.course,no,no,cellular,jul,1,999,0,nonexistent,0.35905061890900986,no,Low
2756,42,admin.,married,university.degree,no,no,cellular,aug,2,999,0,nonexistent,0.35898458387704707,no,Low
2757,36,admin.,single,unknown,no,no,cellular,jul,1,999,0,nonexistent,0.3589207539293628,no,Low
2758,46,housemaid,married,basic.4y,yes,no,cellular,may,2,999,0,nonexistent,0.3588689177858948,no,Low
2759,29,services,married,basic.9y,no,no,cellular,nov,1,999,0,nonexistent,0.35885125438109455,no,Low
2760,44,self-employed,married,professional.course,yes,no,telephone,aug,5,999,0,nonexistent,0.358806784988552,no,Low
2761,48,services,single,high.school,yes,no,cellular,apr,2,999,1,failure,0.35880129647951164,no,Low
2762,51,admin.,married,university.degree,yes,no,cellular,aug,2,999,0,nonexistent,0.3587656997849277,no,Low
2763,35,management,divorced,university.degree,unknown,unknown,cellular,aug,3,999,0,nonexistent,0.3587509358963618,no,Low
2764,32,blue-collar,married,basic.9y,no,no,cellular,apr,1,999,1,failure,0.35871884528960224,no,Low
2765,36,blue-collar,married,basic.4y,no,no,cellular,may,1,999,1,failure,0.3586884076943229,no,Low
2766,50,management,divorced,high.school,no,no,cellular,jul,1,999,0,nonexistent,0.3586320887143045,no,Low
2767,39,technician,single,professional.course,no,no,cellular,jul,3,999,0,nonexistent,0.3585879876323537,no,Low
2768,23,blue-collar,single,basic.9y,no,no,cellular,jul,3,999,0,nonexistent,0.35858207975593154,no,Low
2769,37,services,divorced,basic.9y,yes,no,cellular,jul,1,999,0,nonexistent,0.3585795919606012,no,Low
2770,31,admin.,married,high.school,yes,yes,cellular,may,5,999,0,nonexistent,0.3584943719546813,no,Low
2771,32,student,single,university.degree,no,no,cellular,nov,1,999,0,nonexistent,0.35849222126815783,no,Low
2772,33,admin.,married,university.degree,yes,yes,cellular,nov,3,999,0,nonexistent,0.35847833820363095,no,Low
2773,37,blue-collar,married,basic.6y,yes,no,cellular,jul,1,999,0,nonexistent,0.35832989775714347,no,Low
2774,33,technician,married,professional.course,yes,yes,cellular,jul,5,999,0,nonexistent,0.3583095275049396,no,Low
2775,37,admin.,married,high.school,no,no,cellular,may,5,999,0,nonexistent,0.3582895420771934,no,Low
2776,50,services,single,basic.6y,no,no,cellular,apr,1,999,0,nonexistent,0.358289173058689,no,Low
2777,30,technician,divorced,high.school,no,no,cellular,aug,3,999,0,nonexistent,0.3582667092327681,no,Low
2778,25,admin.,single,high.school,yes,no,cellular,jul,4,999,0,nonexistent,0.35822828962070236,no,Low
2779,24,blue-collar,married,professional.course,no,no,cellular,jul,8,999,0,nonexistent,0.35813467690623974,no,Low
2780,32,technician,married,professional.course,yes,no,cellular,aug,2,999,0,nonexistent,0.3580400806326462,no,Low
2781,40,blue-collar,married,high.school,no,no,cellular,jul,2,999,0,nonexistent,0.35800490843840715,no,Low
2782,35,blue-collar,married,professional.course,yes,no,cellular,jul,2,999,0,nonexistent,0.3579544595059448,no,Low
2783,41,blue-collar,married,basic.6y,yes,no,cellular,may,1,999,0,nonexistent,0.3579429230773733,no,Low
2784,35,self-employed,married,basic.9y,yes,no,cellular,aug,4,999,0,nonexistent,0.3579212875817403,no,Low
2785,53,retired,divorced,university.degree,yes,no,cellular,jul,4,999,0,nonexistent,0.3579031812734979,no,Low
2786,42,blue-collar,married,basic.4y,no,no,cellular,jul,4,999,0,nonexistent,0.357867711857772,no,Low
2787,57,admin.,married,university.degree,yes,no,cellular,jul,2,999,0,nonexistent,0.357846123031814,no,Low
2788,57,management,married,university.degree,no,no,cellular,jul,2,999,0,nonexistent,0.35784407694590037,no,Low
2789,36,blue-collar,married,unknown,yes,no,cellular,may,1,999,0,nonexistent,0.357840492194779,no,Low
2790,35,technician,single,professional.course,yes,no,cellular,jul,3,999,0,nonexistent,0.3578282804820415,no,Low
2791,42,blue-collar,married,basic.9y,no,no,cellular,jul,3,999,0,nonexistent,0.357780258462773,no,Low
2792,34,self-employed,single,university.degree,yes,no,cellular,jul,1,999,0,nonexistent,0.35777745305670083,no,Low
2793,22,blue-collar,single,basic.9y,yes,no,cellular,jul,3,999,0,nonexistent,0.3577303940166537,no,Low
2794,32,admin.,married,high.school,yes,yes,telephone,apr,1,999,2,failure,0.3577197647759432,no,Low
2795,40,management,married,university.degree,yes,no,cellular,apr,2,999,0,nonexistent,0.3576386503331376,no,Low
2796,27,blue-collar,single,basic.9y,yes,yes,cellular,jul,3,999,0,nonexistent,0.35759265011239233,no,Low
2797,31,unemployed,single,university.degree,yes,no,cellular,nov,1,999,0,nonexistent,0.357458479175089,no,Low
2798,30,admin.,single,university.degree,no,no,cellular,aug,1,999,0,nonexistent,0.3574556861872344,no,Low
2799,31,admin.,single,university.degree,yes,no,cellular,jul,1,999,0,nonexistent,0.3573786167392337,no,Low
2800,27,admin.,single,university.degree,yes,yes,cellular,jul,1,999,0,nonexistent,0.3573555007450822,no,Low
2801,31,admin.,married,university.degree,yes,no,cellular,may,1,999,1,failure,0.35732382154084164,no,Low
2802,55,entrepreneur,married,professional.course,yes,no,cellular,jul,2,999,0,nonexistent,0.35731112564463985,no,Low
2803,48,blue-collar,married,basic.4y,no,no,cellular,jul,1,999,0,nonexistent,0.3572745568134415,no,Low
2804,57,self-employed,married,university.degree,no,no,cellular,jul,1,999,0,nonexistent,0.3572657572639901,no,Low
2805,51,admin.,married,university.degree,no,no,cellular,jul,3,999,0,nonexistent,0.3572325114495186,no,Low
2806,25,technician,divorced,high.school,yes,no,cellular,jul,2,999,0,nonexistent,0.3572305686391939,no,Low
2807,36,admin.,divorced,high.school,no,no,cellular,nov,1,999,0,nonexistent,0.35717822676664335,no,Low
2808,35,services,married,professional.course,yes,no,cellular,may,2,999,0,nonexistent,0.35709729652413447,no,Low
2809,29,blue-collar,married,unknown,yes,no,cellular,jul,1,999,0,nonexistent,0.3570851399631037,no,Low
2810,47,blue-collar,married,basic.6y,no,yes,cellular,jul,1,999,0,nonexistent,0.3570840051914028,no,Low
2811,31,unemployed,single,high.school,yes,no,cellular,jul,1,999,0,nonexistent,0.35705155198337324,no,Low
2812,58,management,divorced,university.degree,no,no,cellular,nov,1,5,1,success,0.35699126016916255,no,Low
2813,49,blue-collar,divorced,basic.6y,yes,no,cellular,jul,3,999,0,nonexistent,0.35697691384086544,no,Low
2814,50,admin.,divorced,basic.4y,yes,no,cellular,may,11,999,0,nonexistent,0.3569417232324131,no,Low
2815,31,admin.,single,university.degree,yes,no,cellular,jul,2,999,0,nonexistent,0.3569218498551359,no,Low
2816,46,self-employed,married,university.degree,yes,no,cellular,jul,4,999,0,nonexistent,0.3568844829016849,no,Low
2817,50,management,married,university.degree,no,no,cellular,jul,1,999,0,nonexistent,0.35680056838719787,no,Low
2818,51,management,married,basic.9y,yes,no,cellular,jul,4,999,0,nonexistent,0.3567714302424674,no,Low
2819,42,admin.,single,university.degree,no,no,cellular,aug,2,999,0,nonexistent,0.35671248908921965,no,Low
2820,30,blue-collar,single,basic.9y,no,no,cellular,jul,2,999,0,nonexistent,0.3566825213057234,no,Low
2821,26,admin.,married,high.school,yes,no,cellular,jul,4,999,0,nonexistent,0.3566221493528127,no,Low
2822,34,self-employed,single,university.degree,yes,no,cellular,jul,1,999,0,nonexistent,0.35660308397201607,no,Low
2823,28,services,married,high.school,yes,yes,cellular,may,1,999,1,failure,0.3565501936185606,no,Low
2824,30,blue-collar,married,basic.9y,no,no,cellular,nov,1,999,0,nonexistent,0.35651911394052616,no,Low
2825,35,self-employed,single,university.degree,yes,no,cellular,jul,1,999,0,nonexistent,0.35649956149415474,no,Low
2826,42,admin.,married,university.degree,yes,no,cellular,aug,2,999,0,nonexistent,0.35649075249101564,no,Low
2827,43,self-employed,married,high.school,yes,no,cellular,apr,2,999,0,nonexistent,0.35648213892513925,no,Low
2828,34,admin.,married,university.degree,yes,no,cellular,nov,2,999,0,nonexistent,0.3564577412401879,no,Low
2829,28,blue-collar,single,high.school,yes,no,cellular,jul,5,999,0,nonexistent,0.35640747083150504,no,Low
2830,44,services,divorced,high.school,no,no,cellular,jul,3,999,0,nonexistent,0.35633607944694756,no,Low
2831,28,technician,married,basic.9y,unknown,unknown,cellular,jul,2,999,0,nonexistent,0.3562639229871134,no,Low
2832,41,admin.,married,high.school,no,no,cellular,jul,4,999,0,nonexistent,0.3561439581088688,no,Low
2833,52,services,married,basic.6y,no,yes,cellular,jul,2,999,0,nonexistent,0.356097258424736,no,Low
2834,34,blue-collar,married,basic.9y,yes,yes,cellular,jul,1,999,0,nonexistent,0.3560605364872065,no,Low
2835,59,retired,married,basic.6y,yes,no,cellular,jul,1,999,0,nonexistent,0.35603571853392874,no,Low
2836,42,blue-collar,married,basic.4y,yes,no,cellular,apr,1,999,1,failure,0.35601107622677197,no,Low
2837,28,management,single,basic.9y,no,no,telephone,jun,2,999,0,nonexistent,0.3559623440812314,no,Low
2838,33,admin.,single,university.degree,unknown,unknown,cellular,may,1,999,1,failure,0.3558929407302257,no,Low
2839,52,technician,divorced,university.degree,no,no,cellular,nov,1,999,0,nonexistent,0.35588121737006007,no,Low
2840,48,blue-collar,married,basic.9y,no,no,cellular,apr,1,999,0,nonexistent,0.3558655694606106,no,Low
2841,38,admin.,single,university.degree,yes,yes,cellular,may,7,999,0,nonexistent,0.35580319717833575,no,Low
2842,57,admin.,divorced,university.degree,yes,no,cellular,nov,2,999,0,nonexistent,0.35574275936289984,no,Low
2843,43,technician,divorced,high.school,yes,yes,cellular,jul,1,999,0,nonexistent,0.35561549338818677,no,Low
2844,36,admin.,single,high.school,no,no,cellular,jul,1,999,0,nonexistent,0.3555112475108514,no,Low
2845,34,technician,married,high.school,no,no,cellular,may,1,999,1,failure,0.3554742110539772,no,Low
2846,33,technician,single,high.school,yes,no,cellular,jul,1,999,0,nonexistent,0.35541767284804093,no,Low
2847,30,blue-collar,married,basic.4y,no,no,cellular,apr,4,999,1,failure,0.355413412364624,no,Low
2848,39,technician,single,professional.course,no,no,cellular,jul,2,999,0,nonexistent,0.35538058695853697,no,Low
2849,29,entrepreneur,married,professional.course,yes,no,cellular,jul,1,999,0,nonexistent,0.3553769584514019,no,Low
2850,56,admin.,married,high.school,no,no,cellular,jul,4,999,0,nonexistent,0.35535047629486605,no,Low
2851,31,admin.,married,high.school,unknown,unknown,cellular,may,6,999,0,nonexistent,0.3551979133901305,no,Low
2852,32,self-employed,married,university.degree,yes,no,cellular,nov,1,999,0,nonexistent,0.35511051200599714,no,Low
2853,37,entrepreneur,divorced,high.school,no,yes,cellular,jul,1,999,0,nonexistent,0.35504537132616887,no,Low
2854,32,technician,single,high.school,yes,no,cellular,jul,1,999,0,nonexistent,0.35492864594214674,no,Low
2855,55,management,married,basic.9y,yes,no,cellular,jul,2,999,0,nonexistent,0.35491226282395516,no,Low
2856,52,blue-collar,married,basic.9y,yes,no,cellular,may,2,999,0,nonexistent,0.35488916929955566,no,Low
2857,31,admin.,single,university.degree,yes,yes,cellular,jul,1,999,0,nonexistent,0.3547792704081378,no,Low
2858,29,blue-collar,single,basic.6y,yes,no,cellular,jul,1,999,0,nonexistent,0.35477471611406536,no,Low
2859,31,admin.,single,university.degree,yes,no,cellular,jul,4,999,0,nonexistent,0.3547545224589074,no,Low
2860,32,blue-collar,single,university.degree,no,no,telephone,jun,1,999,0,nonexistent,0.35473757245010445,no,Low
2861,46,management,married,high.school,yes,yes,cellular,aug,3,999,0,nonexistent,0.35468566133154283,no,Low
2862,35,self-employed,married,university.degree,yes,no,cellular,jul,3,999,0,nonexistent,0.3546234057490462,no,Low
2863,40,entrepreneur,married,university.degree,no,no,cellular,jul,3,999,0,nonexistent,0.35460583806500734,no,Low
2864,30,admin.,single,university.degree,yes,no,cellular,may,1,999,1,failure,0.354603308222055,no,Low
2865,42,self-employed,married,university.degree,yes,no,cellular,aug,2,999,0,nonexistent,0.35458518954457885,no,Low
2866,31,blue-collar,married,high.school,no,yes,cellular,jul,3,999,0,nonexistent,0.35457143039586553,no,Low
2867,32,admin.,single,university.degree,no,no,cellular,aug,3,999,0,nonexistent,0.35454323722824893,no,Low
2868,22,unemployed,single,high.school,no,no,cellular,jul,6,999,0,nonexistent,0.354533678251033,no,Low
2869,43,management,married,unknown,no,no,cellular,apr,2,999,0,nonexistent,0.35451277525263053,no,Low
2870,39,blue-collar,married,high.school,yes,yes,cellular,may,1,999,1,failure,0.35450159758980065,no,Low
2871,31,admin.,single,high.school,yes,no,cellular,nov,1,999,0,nonexistent,0.35445219378973786,no,Low
2872,31,management,single,university.degree,yes,yes,cellular,jul,1,999,0,nonexistent,0.35442182373128805,no,Low
2873,52,admin.,single,unknown,yes,no,cellular,may,1,999,0,nonexistent,0.3543937262352616,no,Low
2874,28,services,single,high.school,yes,no,cellular,jul,1,999,0,nonexistent,0.35436196185667346,no,Low
2875,31,admin.,single,university.degree,no,no,cellular,jul,1,999,0,nonexistent,0.3543260398375673,no,Low
2876,53,unknown,single,unknown,yes,no,cellular,jul,1,999,0,nonexistent,0.35430746147601816,no,Low
2877,37,technician,divorced,high.school,yes,no,cellular,nov,1,999,0,nonexistent,0.35428044181841006,no,Low
2878,20,blue-collar,married,basic.4y,no,yes,cellular,jul,1,999,0,nonexistent,0.3542318288906516,no,Low
2879,32,admin.,single,university.degree,no,no,cellular,jul,6,999,0,nonexistent,0.3542138197281009,no,Low
2880,39,admin.,married,university.degree,yes,no,cellular,jul,1,999,0,nonexistent,0.35418593800286136,no,Low
2881,36,entrepreneur,divorced,high.school,yes,no,cellular,nov,3,999,0,nonexistent,0.35414738839136295,no,Low
2882,56,technician,married,professional.course,yes,no,cellular,jul,3,999,0,nonexistent,0.3541290375952415,no,Low
2883,59,retired,married,basic.9y,no,no,cellular,jul,3,999,0,nonexistent,0.3540461676155809,no,Low
2884,46,retired,married,basic.9y,yes,no,cellular,aug,3,999,0,nonexistent,0.35403737368373606,no,Low
2885,34,entrepreneur,married,university.degree,no,no,cellular,may,5,999,0,nonexistent,0.354028850680271,no,Low
2886,44,services,single,high.school,no,no,cellular,apr,2,999,1,failure,0.3539244180448891,no,Low
2887,34,blue-collar,divorced,basic.9y,yes,no,cellular,jul,1,999,0,nonexistent,0.35390168252692544,no,Low
2888,37,blue-collar,single,basic.9y,no,no,cellular,jul,1,999,0,nonexistent,0.3538508732138494,no,Low
2889,49,technician,married,professional.course,yes,no,cellular,may,1,999,1,failure,0.3538198428275978,no,Low
2890,51,entrepreneur,divorced,university.degree,yes,no,cellular,nov,1,999,0,nonexistent,0.35372796716380783,no,Low
2891,32,blue-collar,married,basic.9y,no,no,cellular,may,2,999,0,nonexistent,0.35367994419859444,no,Low
2892,29,technician,single,high.school,no,no,cellular,nov,2,999,0,nonexistent,0.3536677812716202,no,Low
2893,57,technician,married,high.school,no,yes,cellular,may,1,999,1,failure,0.3536126513509223,no,Low
2894,39,admin.,married,high.school,yes,no,cellular,jul,1,999,0,nonexistent,0.35354689586614396,no,Low
2895,59,management,married,basic.4y,unknown,unknown,cellular,may,4,999,1,failure,0.3535364992271786,no,Low
2896,44,admin.,married,university.degree,no,no,cellular,nov,1,999,0,nonexistent,0.3535361098978129,no,Low
2897,34,admin.,single,university.degree,yes,no,cellular,jul,1,999,0,nonexistent,0.3534805856722126,no,Low
2898,29,technician,single,professional.course,no,no,cellular,nov,1,999,0,nonexistent,0.35337530880629775,no,Low
2899,49,unemployed,unknown,high.school,yes,no,cellular,nov,1,999,0,nonexistent,0.35337311298308777,no,Low
2900,30,blue-collar,single,basic.9y,yes,yes,cellular,jul,1,999,0,nonexistent,0.3533707980864725,no,Low
2901,36,technician,married,professional.course,no,no,cellular,jul,3,999,0,nonexistent,0.3533619034935339,no,Low
2902,30,admin.,divorced,high.school,yes,no,cellular,nov,2,999,0,nonexistent,0.35331241441102107,no,Low
2903,37,blue-collar,married,basic.6y,no,yes,cellular,jul,1,999,0,nonexistent,0.35320345454120694,no,Low
2904,32,admin.,single,university.degree,no,no,cellular,may,5,999,0,nonexistent,0.35320159413286867,no,Low
2905,34,services,married,high.school,no,yes,cellular,may,5,999,0,nonexistent,0.3531988090090312,no,Low
2906,32,admin.,single,university.degree,yes,no,cellular,may,7,999,0,nonexistent,0.3531504522040321,no,Low
2907,49,blue-collar,divorced,basic.6y,yes,no,cellular,jul,4,999,0,nonexistent,0.35311733700324927,no,Low
2908,30,admin.,married,high.school,no,no,cellular,jul,1,999,0,nonexistent,0.35309029674521547,no,Low
2909,40,technician,married,basic.9y,no,no,telephone,nov,1,999,0,nonexistent,0.35295051250499215,no,Low
2910,54,retired,married,professional.course,no,yes,cellular,jul,3,999,0,nonexistent,0.35278442503048363,no,Low
2911,30,admin.,married,unknown,no,no,cellular,jul,3,999,0,nonexistent,0.3527516256372323,no,Low
2912,39,technician,married,university.degree,no,no,cellular,jul,2,999,0,nonexistent,0.3527331440045347,no,Low
2913,40,services,divorced,high.school,no,no,cellular,may,1,999,1,failure,0.352731360692937,no,Low
2914,59,retired,married,unknown,no,no,cellular,aug,2,999,0,nonexistent,0.3525632711972744,no,Low
2915,33,services,married,high.school,yes,no,cellular,may,2,999,1,failure,0.3524081907703954,no,Low
2916,33,services,divorced,high.school,yes,no,cellular,may,5,999,0,nonexistent,0.35239811160819984,no,Low
2917,36,services,divorced,high.school,yes,no,cellular,jul,1,999,0,nonexistent,0.3523472528024025,no,Low
2918,36,technician,married,professional.course,no,no,cellular,jul,2,999,0,nonexistent,0.35233111472290485,no,Low
2919,39,blue-collar,married,basic.9y,no,no,cellular,may,2,999,0,nonexistent,0.3523254990320495,no,Low
2920,30,blue-collar,married,basic.9y,yes,no,cellular,jul,3,999,0,nonexistent,0.3522079135945626,no,Low
2921,48,blue-collar,married,basic.4y,no,yes,cellular,jul,2,999,0,nonexistent,0.35215391563042403,no,Low
2922,48,services,married,basic.9y,no,no,cellular,jul,6,999,0,nonexistent,0.3521510296425191,no,Low
2923,35,technician,single,basic.9y,yes,yes,cellular,nov,1,999,0,nonexistent,0.35191398923624156,no,Low
2924,30,admin.,divorced,university.degree,yes,yes,cellular,nov,2,999,0,nonexistent,0.3518878882794417,no,Low
2925,30,technician,divorced,university.degree,no,no,cellular,aug,5,999,0,nonexistent,0.35188385537714106,no,Low
2926,43,entrepreneur,married,high.school,no,no,cellular,jul,1,999,0,nonexistent,0.35186924322318414,no,Low
2927,53,technician,divorced,high.school,no,no,cellular,nov,2,999,0,nonexistent,0.35184641686749113,no,Low
2928,41,blue-collar,single,basic.6y,no,no,cellular,may,1,999,0,nonexistent,0.3518448792186942,no,Low
2929,34,unemployed,married,high.school,no,no,cellular,jul,1,999,0,nonexistent,0.3517889570436413,no,Low
2930,55,services,divorced,professional.course,no,no,cellular,apr,1,999,1,failure,0.35171264893469345,no,Low
2931,27,technician,single,professional.course,yes,no,cellular,jul,3,999,0,nonexistent,0.35170095434356524,no,Low
2932,38,unknown,married,basic.6y,no,no,telephone,jun,3,999,0,nonexistent,0.3516753731858118,no,Low
2933,28,blue-collar,divorced,high.school,no,no,cellular,may,1,999,2,failure,0.3516542017345498,no,Low
2934,31,admin.,single,high.school,yes,no,cellular,nov,2,999,0,nonexistent,0.35156704419736623,no,Low
2935,53,admin.,married,university.degree,yes,no,cellular,jul,3,999,0,nonexistent,0.35146773103114926,no,Low
2936,35,services,married,high.school,yes,no,cellular,apr,1,999,1,failure,0.3514479530509419,no,Low
2937,35,services,married,high.school,yes,no,cellular,aug,1,999,0,nonexistent,0.3514100403548925,no,Low
2938,29,blue-collar,married,basic.9y,yes,no,cellular,jul,1,999,0,nonexistent,0.35139915803241784,no,Low
2939,30,services,single,high.school,yes,no,cellular,may,3,999,0,nonexistent,0.3513442682182506,no,Low
2940,28,admin.,single,high.school,yes,no,cellular,jul,1,999,0,nonexistent,0.35133447268516244,no,Low
2941,28,admin.,single,basic.9y,yes,no,cellular,jul,2,999,0,nonexistent,0.3513342439358228,no,Low
2942,43,blue-collar,divorced,basic.9y,yes,no,cellular,may,4,999,0,nonexistent,0.3511989781255098,no,Low
2943,30,admin.,married,high.school,yes,no,cellular,may,7,999,0,nonexistent,0.3511657290053673,no,Low
2944,51,blue-collar,married,basic.4y,no,no,cellular,may,1,999,1,failure,0.351135673487067,no,Low
2945,51,admin.,divorced,high.school,no,yes,cellular,nov,1,999,0,nonexistent,0.35109421700858967,no,Low
2946,36,blue-collar,married,high.school,no,no,cellular,nov,2,999,0,nonexistent,0.3510558300437822,no,Low
2947,39,blue-collar,married,basic.9y,no,no,cellular,jul,1,999,0,nonexistent,0.35104233827245584,no,Low
2948,36,technician,married,basic.9y,yes,no,cellular,apr,2,999,1,failure,0.3510365635611805,no,Low
2949,39,technician,married,professional.course,no,no,cellular,may,1,999,1,failure,0.35082564261459837,no,Low
2950,28,technician,divorced,university.degree,yes,no,cellular,jul,1,999,0,nonexistent,0.35082495854041984,no,Low
2951,33,blue-collar,single,basic.4y,no,yes,cellular,may,3,999,1,failure,0.3507576035504122,no,Low
2952,44,admin.,married,high.school,yes,no,cellular,jul,1,999,0,nonexistent,0.35073842887121043,no,Low
2953,43,admin.,single,university.degree,yes,no,cellular,nov,1,999,0,nonexistent,0.3506746435676799,no,Low
2954,36,admin.,single,high.school,no,yes,cellular,jul,2,999,0,nonexistent,0.3505806350664877,no,Low
2955,28,admin.,single,university.degree,no,no,cellular,jul,2,999,0,nonexistent,0.3505542465708451,no,Low
2956,24,blue-collar,single,basic.9y,yes,no,cellular,jul,1,999,0,nonexistent,0.3503434971817056,no,Low
2957,36,admin.,married,high.school,yes,no,cellular,jul,2,999,0,nonexistent,0.35024167971957837,no,Low
2958,57,management,married,unknown,no,no,cellular,jul,2,999,0,nonexistent,0.3502180673058256,no,Low
2959,50,admin.,married,university.degree,no,no,cellular,jul,1,999,0,nonexistent,0.3502006736268913,no,Low
2960,29,admin.,single,high.school,yes,yes,cellular,jul,3,999,0,nonexistent,0.35017678059723273,no,Low
2961,34,management,married,university.degree,yes,no,cellular,nov,1,999,0,nonexistent,0.3501699767439119,no,Low
2962,48,admin.,single,university.degree,yes,no,cellular,nov,2,999,0,nonexistent,0.35015812273677044,no,Low
2963,45,admin.,divorced,high.school,no,no,cellular,jul,1,999,0,nonexistent,0.35007325807884204,no,Low
2964,34,entrepreneur,married,professional.course,yes,no,cellular,jul,4,999,0,nonexistent,0.3500727086690501,no,Low
2965,35,services,divorced,high.school,yes,no,cellular,may,5,999,0,nonexistent,0.3500399075706709,no,Low
2966,28,blue-collar,married,basic.9y,yes,no,cellular,jul,3,999,0,nonexistent,0.3499695916718861,no,Low
2967,33,technician,single,professional.course,no,no,cellular,jul,1,999,0,nonexistent,0.3499538607453197,no,Low
2968,33,self-employed,married,basic.9y,no,no,cellular,jul,1,999,0,nonexistent,0.34994036337337964,no,Low
2969,29,entrepreneur,married,basic.4y,no,no,cellular,jul,4,999,0,nonexistent,0.3498630048866742,no,Low
2970,59,management,married,university.degree,no,no,cellular,aug,2,999,0,nonexistent,0.3498021677469641,no,Low
2971,46,blue-collar,married,basic.6y,no,no,cellular,jul,5,999,0,nonexistent,0.34974923235381455,no,Low
2972,45,services,divorced,basic.4y,no,yes,cellular,apr,1,999,1,failure,0.34970966199945447,no,Low
2973,47,management,married,university.degree,yes,yes,cellular,nov,4,999,0,nonexistent,0.34967670592918176,no,Low
2974,39,self-employed,married,university.degree,no,no,cellular,nov,1,999,0,nonexistent,0.3496725758250996,no,Low
2975,28,admin.,single,university.degree,no,no,cellular,jul,3,999,0,nonexistent,0.3496170147844106,no,Low
2976,31,blue-collar,married,high.school,yes,no,cellular,jul,7,999,0,nonexistent,0.3495312375248544,no,Low
2977,32,blue-collar,married,basic.9y,no,no,telephone,nov,2,999,0,nonexistent,0.3494680955351858,no,Low
2978,43,services,single,high.school,no,no,cellular,may,5,999,0,nonexistent,0.34944633363142824,no,Low
2979,58,blue-collar,married,basic.9y,no,no,cellular,jul,1,999,0,nonexistent,0.3494348905574717,no,Low
2980,43,services,married,high.school,yes,yes,cellular,jul,1,999,0,nonexistent,0.349391980080964,no,Low
2981,28,blue-collar,single,basic.4y,no,no,cellular,jul,3,999,0,nonexistent,0.3493060270904353,no,Low
2982,37,blue-collar,married,basic.9y,yes,no,cellular,jul,3,999,0,nonexistent,0.34927391363483806,no,Low
2983,24,technician,married,high.school,no,no,cellular,jul,4,999,0,nonexistent,0.34926464772511095,no,Low
2984,41,technician,married,basic.9y,yes,no,cellular,may,1,999,1,failure,0.34919186808050495,no,Low
2985,57,admin.,married,professional.course,yes,no,cellular,jul,1,999,0,nonexistent,0.3491869893234376,no,Low
2986,50,management,married,university.degree,yes,no,cellular,jul,2,999,0,nonexistent,0.3491229973252877,no,Low
2987,40,self-employed,single,university.degree,yes,no,cellular,jul,3,999,0,nonexistent,0.349100237558386,no,Low
2988,41,entrepreneur,married,basic.4y,no,no,cellular,jul,1,999,0,nonexistent,0.3490617005925905,no,Low
2989,34,technician,married,university.degree,no,yes,cellular,jul,2,999,0,nonexistent,0.34903096582437493,no,Low
2990,30,services,single,high.school,no,no,cellular,nov,1,999,0,nonexistent,0.34888953846427956,no,Low
2991,33,entrepreneur,married,university.degree,no,no,cellular,nov,1,999,0,nonexistent,0.34885959301528274,no,Low
2992,28,blue-collar,married,basic.6y,no,yes,cellular,may,3,999,0,nonexistent,0.34881739990931415,no,Low
2993,48,services,married,basic.9y,yes,no,cellular,jul,4,999,0,nonexistent,0.3488036187160596,no,Low
2994,33,management,married,university.degree,yes,no,cellular,may,6,999,0,nonexistent,0.34878365877748674,no,Low
2995,55,admin.,single,university.degree,no,yes,cellular,nov,1,999,0,nonexistent,0.3487817415059866,no,Low
2996,47,self-employed,single,unknown,yes,no,cellular,jul,1,999,0,nonexistent,0.34872011917014234,no,Low
2997,39,blue-collar,divorced,basic.9y,no,no,cellular,may,1,999,0,nonexistent,0.3487159432202667,no,Low
2998,34,management,single,university.degree,no,no,cellular,may,2,999,1,failure,0.3487155577454895,no,Low
2999,50,unemployed,married,basic.4y,yes,no,cellular,apr,1,999,0,nonexistent,0.34863936482049096,no,Low
3000,33,technician,married,professional.course,no,no,cellular,aug,3,999,0,nonexistent,0.3486314020389288,no,Low
3001,33,technician,married,professional.course,no,no,cellular,aug,3,999,0,nonexistent,0.3486314020389288,no,Low
3002,42,admin.,single,university.degree,no,no,cellular,nov,1,999,0,nonexistent,0.34862078613740466,no,Low
3003,42,self-employed,married,basic.4y,yes,no,cellular,jul,3,999,0,nonexistent,0.34857091740494067,no,Low
3004,36,admin.,married,high.school,no,no,cellular,nov,2,999,0,nonexistent,0.34851562423045346,no,Low
3005,25,blue-collar,married,high.school,yes,no,cellular,jul,4,999,0,nonexistent,0.3485078676685303,no,Low
3006,58,entrepreneur,married,university.degree,no,no,cellular,jul,1,999,0,nonexistent,0.3484882897827891,no,Low
3007,43,blue-collar,single,basic.6y,yes,no,telephone,nov,1,999,0,nonexistent,0.3484552980413355,no,Low
3008,39,services,divorced,high.school,no,yes,cellular,jul,1,999,0,nonexistent,0.34845315352121753,no,Low
3009,52,admin.,married,university.degree,no,no,cellular,may,3,999,1,failure,0.34844810183435,no,Low
3010,30,blue-collar,single,high.school,yes,no,cellular,jul,7,999,0,nonexistent,0.3484222634304789,no,Low
3011,56,management,divorced,university.degree,no,no,cellular,nov,3,999,0,nonexistent,0.3483526903100747,no,Low
3012,36,technician,single,professional.course,yes,no,cellular,nov,3,999,0,nonexistent,0.34810820616951854,no,Low
3013,43,admin.,married,high.school,yes,yes,cellular,jul,3,999,0,nonexistent,0.34806104720147135,no,Low
3014,39,blue-collar,single,university.degree,no,no,cellular,jul,7,999,0,nonexistent,0.3480515035361879,no,Low
3015,34,technician,married,professional.course,yes,no,cellular,jul,5,999,0,nonexistent,0.3480121753847774,no,Low
3016,39,blue-collar,married,basic.6y,no,yes,cellular,jul,1,999,0,nonexistent,0.34799149830301823,no,Low
3017,45,management,married,university.degree,no,no,cellular,jul,2,999,0,nonexistent,0.34798537184776945,no,Low
3018,45,admin.,married,university.degree,no,no,cellular,jul,2,999,0,nonexistent,0.34796813506299645,no,Low
3019,34,technician,married,professional.course,no,no,cellular,nov,1,999,0,nonexistent,0.34794444872057395,no,Low
3020,55,retired,married,basic.9y,no,no,cellular,aug,3,999,0,nonexistent,0.34790633396707005,no,Low
3021,37,services,married,high.school,no,yes,cellular,jul,3,999,0,nonexistent,0.3478360251035431,no,Low
3022,49,management,divorced,university.degree,no,no,cellular,nov,2,6,1,success,0.3477914685579425,no,Low
3023,52,blue-collar,married,basic.9y,yes,no,cellular,jul,2,999,0,nonexistent,0.3477797931675095,no,Low
3024,37,blue-collar,single,basic.9y,no,no,cellular,jul,2,999,0,nonexistent,0.34758015728468217,no,Low
3025,38,self-employed,married,basic.9y,yes,no,cellular,may,5,999,0,nonexistent,0.34752059296671894,no,Low
3026,30,blue-collar,single,university.degree,yes,no,cellular,nov,1,999,0,nonexistent,0.3475092968452076,no,Low
3027,52,blue-collar,married,basic.4y,yes,no,cellular,jul,1,999,0,nonexistent,0.34749878059640565,no,Low
3028,46,services,married,high.school,no,yes,cellular,jul,1,999,0,nonexistent,0.3474779014703087,no,Low
3029,41,technician,married,professional.course,yes,no,cellular,aug,2,999,0,nonexistent,0.347466524591878,no,Low
3030,35,entrepreneur,single,university.degree,yes,no,cellular,jul,5,999,0,nonexistent,0.347459374913075,no,Low
3031,39,self-employed,married,high.school,yes,no,cellular,may,6,999,0,nonexistent,0.3473846708052299,no,Low
3032,39,technician,married,high.school,yes,yes,cellular,aug,2,999,0,nonexistent,0.3473842598198135,no,Low
3033,41,admin.,married,high.school,yes,yes,cellular,jul,3,999,0,nonexistent,0.3473215644619886,no,Low
3034,36,admin.,married,university.degree,no,no,cellular,jul,5,999,0,nonexistent,0.34728447411484337,no,Low
3035,42,unknown,married,unknown,yes,no,cellular,jul,9,999,0,nonexistent,0.3472386710574086,no,Low
3036,36,blue-collar,married,basic.9y,unknown,unknown,cellular,may,5,999,0,nonexistent,0.34723025760568743,no,Low
3037,39,management,married,university.degree,yes,no,cellular,aug,2,999,0,nonexistent,0.34718016695288145,no,Low
3038,44,blue-collar,married,basic.4y,no,no,cellular,may,1,999,1,failure,0.3471790728464551,no,Low
3039,36,admin.,married,university.degree,no,no,cellular,aug,3,999,0,nonexistent,0.3471755073624213,no,Low
3040,50,services,married,high.school,no,no,cellular,jul,1,999,0,nonexistent,0.3471727750470141,no,Low
3041,32,management,single,professional.course,no,no,cellular,may,2,999,1,failure,0.34714138517215626,no,Low
3042,29,technician,single,university.degree,no,no,cellular,jul,1,999,0,nonexistent,0.3471255852167859,no,Low
3043,28,admin.,single,high.school,yes,no,cellular,jul,1,999,0,nonexistent,0.3471101507732487,no,Low
3044,43,services,divorced,high.school,no,no,cellular,jul,3,999,0,nonexistent,0.3471049276441322,no,Low
3045,32,admin.,single,university.degree,yes,no,telephone,sep,1,999,0,nonexistent,0.3470399639187307,no,Low
3046,38,admin.,divorced,university.degree,no,no,cellular,jul,3,999,0,nonexistent,0.34700832666331893,no,Low
3047,39,management,married,high.school,no,no,cellular,aug,1,999,0,nonexistent,0.3469652906121865,no,Low
3048,35,technician,married,professional.course,yes,yes,cellular,jul,3,999,0,nonexistent,0.3469552838436508,no,Low
3049,41,services,married,professional.course,yes,no,cellular,jul,2,999,0,nonexistent,0.3468825913192327,no,Low
3050,32,admin.,single,university.degree,no,no,cellular,aug,5,999,0,nonexistent,0.3468740316597693,no,Low
3051,37,technician,divorced,basic.9y,yes,no,cellular,apr,1,999,1,failure,0.34683835067322233,no,Low
3052,49,admin.,married,high.school,no,no,cellular,jul,1,999,0,nonexistent,0.34683489305335746,no,Low
3053,52,blue-collar,married,basic.9y,no,no,cellular,jul,6,999,0,nonexistent,0.34670292206956876,no,Low
3054,45,services,married,high.school,no,no,cellular,jul,1,999,0,nonexistent,0.3466580600370412,no,Low
3055,36,admin.,single,university.degree,yes,no,cellular,nov,4,999,0,nonexistent,0.3466242064208875,no,Low
3056,30,blue-collar,married,basic.9y,no,yes,cellular,may,6,999,0,nonexistent,0.34660042780890987,no,Low
3057,35,technician,married,professional.course,no,no,cellular,jul,8,999,0,nonexistent,0.34659752107420366,no,Low
3058,31,technician,single,high.school,no,no,cellular,aug,2,999,0,nonexistent,0.3465610976818386,no,Low
3059,40,blue-collar,married,basic.6y,yes,no,cellular,jul,3,999,0,nonexistent,0.3465221754465699,no,Low
3060,45,self-employed,divorced,university.degree,yes,no,cellular,jul,4,999,0,nonexistent,0.34649930872482815,no,Low
3061,30,admin.,married,high.school,yes,no,cellular,apr,1,999,0,nonexistent,0.3464129024791907,no,Low
3062,47,blue-collar,married,basic.4y,no,no,cellular,jul,1,999,0,nonexistent,0.34639058223408353,no,Low
3063,55,blue-collar,married,basic.6y,no,no,cellular,jul,4,999,0,nonexistent,0.34636826352860806,no,Low
3064,31,technician,single,university.degree,yes,no,cellular,jul,2,999,0,nonexistent,0.3463634593681746,no,Low
3065,44,management,married,university.degree,yes,no,cellular,aug,2,999,0,nonexistent,0.3462761367178376,no,Low
3066,30,admin.,single,university.degree,no,no,cellular,aug,4,999,0,nonexistent,0.34624933642179717,no,Low
3067,28,housemaid,married,high.school,no,no,cellular,jul,2,999,0,nonexistent,0.34624543900981775,no,Low
3068,45,admin.,married,high.school,yes,yes,cellular,jul,4,999,0,nonexistent,0.3461515672740524,no,Low
3069,58,services,married,basic.6y,no,no,cellular,may,1,999,0,nonexistent,0.34607304428509117,no,Low
3070,48,entrepreneur,married,basic.9y,yes,no,cellular,jul,2,999,0,nonexistent,0.3460340445366013,no,Low
3071,27,technician,married,professional.course,no,yes,cellular,may,2,999,1,failure,0.3460131312981164,no,Low
3072,40,services,divorced,basic.9y,yes,no,cellular,jul,2,999,0,nonexistent,0.3459978358743196,no,Low
3073,32,unemployed,single,high.school,yes,no,cellular,nov,4,999,0,nonexistent,0.3459972735638765,no,Low
3074,29,admin.,single,professional.course,yes,no,cellular,may,1,999,1,failure,0.34599713769932666,no,Low
3075,27,blue-collar,divorced,unknown,no,no,cellular,jul,5,999,0,nonexistent,0.3459573697733603,no,Low
3077,40,blue-collar,married,professional.course,no,no,cellular,jul,2,999,0,nonexistent,0.3458699731633559,no,Low
3076,40,blue-collar,married,professional.course,no,no,cellular,jul,2,999,0,nonexistent,0.3458699731633559,no,Low
3078,33,technician,single,university.degree,no,no,cellular,nov,1,999,0,nonexistent,0.3458421910879043,no,Low
3079,35,management,married,university.degree,yes,yes,cellular,jul,1,999,0,nonexistent,0.3458347408262182,no,Low
3080,49,admin.,married,basic.9y,yes,no,cellular,jul,2,999,0,nonexistent,0.3457608318038446,no,Low
3081,29,blue-collar,single,basic.4y,yes,no,cellular,may,9,999,1,failure,0.3457573505215424,no,Low
3082,50,management,married,professional.course,unknown,unknown,cellular,jul,2,999,0,nonexistent,0.34571942073318546,no,Low
3083,38,admin.,single,university.degree,yes,no,cellular,nov,2,999,0,nonexistent,0.3456573311861861,no,Low
3084,54,blue-collar,divorced,high.school,no,no,cellular,jul,2,999,0,nonexistent,0.34565415581011083,no,Low
3085,46,admin.,married,university.degree,no,no,cellular,aug,5,999,0,nonexistent,0.3456328674022032,no,Low
3086,55,blue-collar,married,basic.4y,yes,no,cellular,jul,2,999,0,nonexistent,0.34552666836447227,no,Low
3087,45,admin.,married,professional.course,no,no,cellular,jul,1,999,0,nonexistent,0.345505699267816,no,Low
3088,30,admin.,single,high.school,yes,no,cellular,aug,3,999,0,nonexistent,0.3454939516846596,no,Low
3089,32,admin.,married,university.degree,yes,no,cellular,jul,1,999,0,nonexistent,0.34545334551858287,no,Low
3090,56,blue-collar,married,basic.9y,yes,no,cellular,jul,3,999,0,nonexistent,0.3454506026296228,no,Low
3091,46,entrepreneur,married,high.school,yes,no,cellular,aug,5,999,0,nonexistent,0.34533453194924596,no,Low
3092,42,blue-collar,married,basic.4y,yes,no,cellular,jul,2,999,0,nonexistent,0.345331056122553,no,Low
3093,33,technician,married,high.school,yes,no,cellular,jul,9,999,0,nonexistent,0.34525363695126404,no,Low
3094,30,self-employed,married,university.degree,yes,no,cellular,jul,2,999,0,nonexistent,0.3452479193220173,no,Low
3095,35,admin.,married,high.school,yes,yes,telephone,may,10,999,0,nonexistent,0.3451613201750766,no,Low
3096,50,blue-collar,divorced,basic.9y,yes,no,cellular,jul,2,999,0,nonexistent,0.34513749483324846,no,Low
3097,27,unemployed,single,university.degree,yes,no,cellular,jul,1,999,0,nonexistent,0.34512331237244204,no,Low
3098,43,services,married,basic.6y,yes,no,cellular,jul,4,999,0,nonexistent,0.3451228166169042,no,Low
3099,48,admin.,married,university.degree,yes,yes,cellular,jul,2,999,0,nonexistent,0.3450623046235226,no,Low
3100,56,admin.,divorced,basic.6y,no,no,cellular,jul,5,999,0,nonexistent,0.3450505908983337,no,Low
3101,50,admin.,married,university.degree,yes,no,cellular,jul,1,999,0,nonexistent,0.3449397323009159,no,Low
3102,41,blue-collar,married,basic.9y,no,no,cellular,apr,3,999,1,failure,0.34493193669890204,no,Low
3103,36,self-employed,single,university.degree,no,no,cellular,jul,1,999,0,nonexistent,0.3449159084880091,no,Low
3104,39,blue-collar,married,basic.6y,yes,no,cellular,jul,1,999,0,nonexistent,0.34487978808283704,no,Low
3105,56,admin.,married,university.degree,yes,no,cellular,aug,4,999,0,nonexistent,0.344804984541749,no,Low
3106,28,services,single,high.school,yes,no,cellular,may,6,999,0,nonexistent,0.3447848333295418,no,Low
3107,35,services,married,high.school,yes,no,cellular,may,1,999,0,nonexistent,0.34476901490265777,no,Low
3108,52,admin.,married,basic.9y,no,no,cellular,may,1,999,1,failure,0.344756415979103,no,Low
3109,42,admin.,single,university.degree,no,no,cellular,aug,3,999,0,nonexistent,0.3447520136927081,no,Low
3110,44,self-employed,married,basic.9y,no,yes,cellular,aug,5,999,0,nonexistent,0.344732830054171,no,Low
3111,39,blue-collar,married,high.school,yes,no,cellular,jul,4,999,0,nonexistent,0.34467439110816467,no,Low
3112,44,services,divorced,high.school,no,no,cellular,jul,3,999,0,nonexistent,0.344652631520815,no,Low
3113,39,admin.,single,high.school,yes,no,cellular,jul,1,999,0,nonexistent,0.34465124663755975,no,Low
3114,34,technician,divorced,professional.course,yes,no,cellular,may,6,999,1,failure,0.34459930244294135,no,Low
3115,55,blue-collar,married,basic.4y,yes,no,cellular,may,1,999,0,nonexistent,0.3445758709969909,no,Low
3116,34,blue-collar,married,basic.9y,yes,no,cellular,apr,1,999,1,failure,0.3445486396565299,no,Low
3117,33,technician,single,professional.course,yes,no,cellular,may,2,999,2,failure,0.3445347698801553,no,Low
3118,25,technician,single,professional.course,yes,no,cellular,jul,1,999,0,nonexistent,0.3445070312603167,no,Low
3119,33,blue-collar,married,basic.9y,no,no,cellular,may,2,999,0,nonexistent,0.34450232506056705,no,Low
3120,31,blue-collar,married,basic.4y,yes,no,cellular,may,1,999,0,nonexistent,0.34446804015433885,no,Low
3121,24,technician,single,basic.6y,yes,no,cellular,jul,7,999,0,nonexistent,0.344428177847689,no,Low
3122,27,blue-collar,single,basic.9y,yes,no,cellular,may,1,999,1,failure,0.34442355858154866,no,Low
3123,44,services,married,high.school,yes,no,cellular,may,5,999,0,nonexistent,0.34440232070928645,no,Low
3124,35,technician,divorced,professional.course,no,no,cellular,aug,4,999,0,nonexistent,0.3443792538841103,no,Low
3125,55,management,married,university.degree,no,yes,cellular,nov,3,999,0,nonexistent,0.3443652619246048,no,Low
3126,34,services,married,high.school,yes,no,telephone,may,2,999,0,nonexistent,0.34428168279920496,no,Low
3127,26,technician,single,professional.course,yes,no,cellular,jul,7,999,0,nonexistent,0.34415783094612556,no,Low
3128,49,entrepreneur,married,basic.4y,yes,no,cellular,may,2,999,0,nonexistent,0.3441341512045996,no,Low
3129,29,admin.,single,university.degree,yes,no,cellular,nov,1,999,0,nonexistent,0.3440646818681077,no,Low
3130,35,technician,divorced,professional.course,yes,no,cellular,aug,2,999,0,nonexistent,0.3440499626527013,no,Low
3131,29,admin.,married,university.degree,yes,no,cellular,jul,1,999,0,nonexistent,0.3439886703784338,no,Low
3132,32,technician,single,university.degree,yes,no,cellular,nov,1,999,1,failure,0.34396950297694245,no,Low
3133,57,blue-collar,married,basic.4y,no,no,cellular,jul,1,999,0,nonexistent,0.34396490199346547,no,Low
3134,41,blue-collar,married,high.school,yes,yes,cellular,jul,3,999,0,nonexistent,0.3439168069187726,no,Low
3135,34,blue-collar,married,basic.9y,yes,yes,cellular,jul,3,999,0,nonexistent,0.3438800859543908,no,Low
3136,39,admin.,married,university.degree,no,no,cellular,may,5,999,1,failure,0.34387717448352506,no,Low
3137,52,blue-collar,married,basic.4y,no,no,cellular,may,4,999,1,failure,0.3438177053634705,no,Low
3138,35,services,divorced,high.school,no,no,cellular,nov,1,999,0,nonexistent,0.34380115784549997,no,Low
3139,35,admin.,married,professional.course,no,no,cellular,nov,2,999,0,nonexistent,0.3437368341094526,no,Low
3140,53,blue-collar,married,high.school,no,yes,cellular,jul,2,999,0,nonexistent,0.343696896803808,no,Low
3141,35,technician,married,professional.course,yes,no,cellular,jul,8,999,0,nonexistent,0.34367478307201427,no,Low
3142,42,technician,divorced,university.degree,no,yes,cellular,jul,2,999,0,nonexistent,0.34365496428631204,no,Low
3143,43,admin.,single,high.school,yes,no,cellular,jul,2,999,0,nonexistent,0.34362291210507706,no,Low
3144,29,admin.,single,basic.9y,no,no,cellular,may,4,999,1,failure,0.3435903384206564,no,Low
3145,50,services,married,high.school,yes,no,cellular,aug,2,999,0,nonexistent,0.343573210138669,no,Low
3146,47,admin.,married,high.school,yes,no,cellular,jul,2,999,0,nonexistent,0.34352249527826356,no,Low
3147,39,entrepreneur,married,university.degree,no,no,cellular,nov,2,999,0,nonexistent,0.34348660638784345,no,Low
3148,34,blue-collar,married,basic.4y,yes,no,cellular,may,3,999,0,nonexistent,0.34347718105172953,no,Low
3149,35,blue-collar,married,basic.9y,yes,no,telephone,nov,2,999,0,nonexistent,0.3434274896757241,no,Low
3150,31,technician,single,high.school,no,no,cellular,aug,5,999,0,nonexistent,0.3433773092627742,no,Low
3151,48,entrepreneur,married,basic.9y,yes,no,cellular,jul,7,999,0,nonexistent,0.3433260237329844,no,Low
3152,36,technician,single,unknown,no,no,cellular,jul,1,999,0,nonexistent,0.34332352897768637,no,Low
3153,38,unemployed,divorced,high.school,yes,no,cellular,may,3,999,0,nonexistent,0.34324463467805005,no,Low
3154,30,admin.,married,unknown,yes,no,cellular,nov,1,999,0,nonexistent,0.3432434702037399,no,Low
3155,37,management,married,unknown,yes,no,cellular,nov,2,999,0,nonexistent,0.3432067056533359,no,Low
3156,37,admin.,single,university.degree,no,yes,cellular,jul,5,999,0,nonexistent,0.3431988172394673,no,Low
3157,36,admin.,married,university.degree,yes,yes,cellular,jul,2,999,0,nonexistent,0.3431775058418083,no,Low
3158,44,admin.,married,high.school,yes,yes,cellular,jul,1,999,0,nonexistent,0.3431619646032214,no,Low
3159,29,admin.,single,unknown,yes,no,cellular,jul,4,999,0,nonexistent,0.3431311354552132,no,Low
3160,31,self-employed,divorced,university.degree,yes,no,cellular,jul,3,999,0,nonexistent,0.3431035488463499,no,Low
3161,30,technician,single,professional.course,yes,no,cellular,aug,1,999,0,nonexistent,0.3430581771931643,no,Low
3162,36,services,single,high.school,no,yes,cellular,jul,5,999,0,nonexistent,0.34291812347990597,no,Low
3163,57,retired,married,basic.4y,no,no,cellular,aug,2,999,0,nonexistent,0.34286294925953287,no,Low
3164,57,blue-collar,married,basic.6y,yes,no,cellular,jul,4,999,0,nonexistent,0.3428350836671651,no,Low
3165,35,blue-collar,married,unknown,yes,no,cellular,jul,4,999,0,nonexistent,0.3427390409912205,no,Low
3166,43,admin.,married,high.school,no,no,cellular,jul,5,999,0,nonexistent,0.34263936356711727,no,Low
3167,25,admin.,single,university.degree,yes,no,cellular,may,1,999,1,failure,0.3425891678933127,no,Low
3168,37,self-employed,married,university.degree,no,no,cellular,nov,2,999,0,nonexistent,0.3425432335824468,no,Low
3169,35,management,married,university.degree,yes,no,cellular,aug,2,999,0,nonexistent,0.34250548251457424,no,Low
3170,33,technician,married,high.school,yes,no,cellular,aug,1,999,0,nonexistent,0.3423848172250509,no,Low
3171,46,blue-collar,single,basic.6y,yes,no,cellular,jul,1,999,0,nonexistent,0.3423703028385275,no,Low
3172,35,management,married,university.degree,yes,no,cellular,nov,3,999,0,nonexistent,0.3423219047532374,no,Low
3173,35,services,single,basic.9y,yes,no,cellular,jul,5,999,0,nonexistent,0.3422951890308532,no,Low
3174,30,blue-collar,married,basic.6y,no,no,cellular,may,2,999,1,failure,0.34222096707143346,no,Low
3175,52,management,married,university.degree,yes,yes,cellular,jul,1,999,0,nonexistent,0.342218940837566,no,Low
3176,31,admin.,married,university.degree,no,no,cellular,nov,2,999,0,nonexistent,0.34220086291934293,no,Low
3177,46,management,single,university.degree,yes,no,cellular,jul,1,999,0,nonexistent,0.34216301262064086,no,Low
3178,37,blue-collar,married,high.school,yes,no,cellular,jul,1,999,0,nonexistent,0.3421350357836781,no,Low
3179,43,admin.,divorced,high.school,yes,no,cellular,jul,2,999,0,nonexistent,0.342123250994446,no,Low
3180,40,blue-collar,married,professional.course,yes,no,cellular,jul,3,999,0,nonexistent,0.3420506161021845,no,Low
3181,43,blue-collar,married,basic.9y,no,yes,cellular,apr,3,999,1,failure,0.3420375307353011,no,Low
3182,41,admin.,divorced,high.school,no,no,cellular,jul,1,999,0,nonexistent,0.34202807020205206,no,Low
3183,53,self-employed,married,basic.4y,yes,no,cellular,may,1,999,0,nonexistent,0.342022459396053,no,Low
3184,34,technician,married,high.school,yes,no,cellular,aug,3,999,0,nonexistent,0.3419757424100679,no,Low
3185,46,entrepreneur,divorced,high.school,yes,no,cellular,nov,1,999,0,nonexistent,0.34195822204163273,no,Low
3186,51,admin.,divorced,university.degree,yes,no,cellular,jul,2,999,0,nonexistent,0.3419160302178863,no,Low
3187,50,admin.,married,university.degree,no,no,cellular,aug,3,999,0,nonexistent,0.34188360956950586,no,Low
3188,50,admin.,single,university.degree,yes,no,cellular,nov,1,999,0,nonexistent,0.34186300758210914,no,Low
3189,27,admin.,married,professional.course,yes,no,cellular,may,1,999,1,failure,0.3417292470723901,no,Low
3190,30,blue-collar,single,basic.9y,yes,no,cellular,jul,1,999,0,nonexistent,0.3416786578734745,no,Low
3191,44,technician,single,university.degree,no,no,cellular,nov,1,999,0,nonexistent,0.3414927332262913,no,Low
3192,29,admin.,single,high.school,yes,yes,cellular,aug,1,999,0,nonexistent,0.3414926329206928,no,Low
3193,41,blue-collar,single,basic.6y,no,no,cellular,jul,1,999,0,nonexistent,0.3414487570865515,no,Low
3194,43,admin.,married,university.degree,yes,no,cellular,aug,8,999,0,nonexistent,0.3413603900050022,no,Low
3195,42,housemaid,married,university.degree,unknown,unknown,telephone,aug,9,999,0,nonexistent,0.3413565380600774,no,Low
3196,52,admin.,single,basic.9y,yes,no,cellular,nov,1,6,1,success,0.3413454347746154,no,Low
3197,33,blue-collar,married,high.school,no,no,cellular,apr,2,999,2,failure,0.34133507297432714,no,Low
3198,26,blue-collar,married,basic.9y,no,no,cellular,may,4,999,0,nonexistent,0.3413125664481161,no,Low
3199,28,technician,married,university.degree,yes,no,cellular,jul,1,999,0,nonexistent,0.34131092387029693,no,Low
3200,36,technician,married,professional.course,yes,no,cellular,may,1,999,1,failure,0.3412473089481315,no,Low
3201,43,admin.,single,high.school,yes,no,cellular,jul,1,999,0,nonexistent,0.34118034807602066,no,Low
3202,30,management,married,high.school,no,no,cellular,aug,2,999,0,nonexistent,0.3411352062269465,no,Low
3203,41,admin.,single,university.degree,yes,no,cellular,nov,1,999,0,nonexistent,0.3411148940361421,no,Low
3204,29,admin.,single,high.school,no,no,cellular,may,7,999,0,nonexistent,0.34106057716651944,no,Low
3205,33,self-employed,married,university.degree,no,no,cellular,aug,7,999,0,nonexistent,0.3410487234850797,no,Low
3206,40,entrepreneur,married,basic.9y,no,no,telephone,nov,1,999,0,nonexistent,0.3410362417435545,no,Low
3207,31,services,divorced,high.school,yes,no,cellular,may,1,999,0,nonexistent,0.3410255106216196,no,Low
3208,38,admin.,divorced,high.school,yes,no,cellular,nov,1,999,0,nonexistent,0.341020938219963,no,Low
3209,32,admin.,single,university.degree,yes,yes,cellular,may,2,999,1,failure,0.340949499443732,no,Low
3210,50,management,married,university.degree,yes,no,cellular,aug,4,999,0,nonexistent,0.34094367223181715,no,Low
3211,43,management,married,unknown,yes,yes,cellular,jul,1,999,0,nonexistent,0.34093823208609797,no,Low
3212,41,blue-collar,married,basic.9y,yes,no,cellular,may,1,999,1,failure,0.34092454543046524,no,Low
3213,24,technician,single,basic.9y,yes,no,cellular,may,6,999,0,nonexistent,0.34091508211340077,no,Low
3214,31,admin.,divorced,high.school,yes,no,cellular,may,2,999,1,failure,0.34089377268110627,no,Low
3215,50,entrepreneur,married,university.degree,no,no,cellular,jul,2,999,0,nonexistent,0.3408744728190063,no,Low
3216,46,admin.,single,university.degree,yes,yes,cellular,may,5,999,1,failure,0.3408726924437179,no,Low
3217,55,blue-collar,married,professional.course,yes,no,cellular,jul,2,999,0,nonexistent,0.340867162550754,no,Low
3218,33,blue-collar,married,basic.9y,yes,no,cellular,may,5,999,0,nonexistent,0.34086214274592175,no,Low
3219,42,admin.,married,university.degree,yes,no,cellular,aug,4,999,0,nonexistent,0.3407418837249629,no,Low
3220,47,management,single,university.degree,no,no,cellular,jul,3,999,0,nonexistent,0.3407196752525954,no,Low
3221,29,entrepreneur,single,professional.course,no,no,telephone,jun,1,999,0,nonexistent,0.34064886017201845,no,Low
3222,35,admin.,married,university.degree,yes,no,cellular,jul,1,999,0,nonexistent,0.34063773308466994,no,Low
3223,30,admin.,married,high.school,yes,yes,cellular,may,9,999,0,nonexistent,0.34060823036089566,no,Low
3224,49,admin.,divorced,high.school,no,no,cellular,jul,2,999,0,nonexistent,0.340454209228719,no,Low
3225,26,student,single,high.school,yes,no,cellular,may,1,999,0,nonexistent,0.34036966676221164,no,Low
3226,48,admin.,married,high.school,yes,no,cellular,aug,4,999,0,nonexistent,0.3403566502266453,no,Low
3227,37,entrepreneur,single,basic.9y,yes,no,cellular,jul,3,999,0,nonexistent,0.34032087775717174,no,Low
3228,27,blue-collar,single,basic.9y,yes,no,cellular,jul,1,999,0,nonexistent,0.3402699875285152,no,Low
3229,30,self-employed,married,professional.course,yes,no,cellular,nov,2,999,0,nonexistent,0.3402670571906633,no,Low
3230,41,blue-collar,single,university.degree,no,no,cellular,jul,1,999,0,nonexistent,0.3402634205152678,no,Low
3231,41,blue-collar,married,unknown,no,no,cellular,jul,1,999,0,nonexistent,0.34024138689301514,no,Low
3232,57,retired,married,basic.4y,yes,no,telephone,aug,1,999,0,nonexistent,0.34021813221824154,no,Low
3233,39,technician,married,university.degree,no,no,cellular,aug,5,999,0,nonexistent,0.34020910585023345,no,Low
3234,38,technician,single,professional.course,yes,no,cellular,nov,1,999,0,nonexistent,0.3401894340237876,no,Low
3235,38,admin.,married,high.school,yes,no,cellular,may,5,999,0,nonexistent,0.34015395446309377,no,Low
3236,40,services,married,high.school,yes,yes,cellular,jul,3,999,0,nonexistent,0.34011781493751014,no,Low
3237,39,admin.,single,university.degree,no,no,cellular,jul,1,999,0,nonexistent,0.3401108986516027,no,Low
3238,39,admin.,single,high.school,no,no,cellular,jul,2,999,0,nonexistent,0.3400669117095718,no,Low
3239,25,blue-collar,married,basic.4y,no,no,cellular,jul,2,999,0,nonexistent,0.34001395041716076,no,Low
3240,31,blue-collar,single,high.school,no,no,cellular,nov,1,999,0,nonexistent,0.33994065349165953,no,Low
3241,53,management,married,high.school,no,no,cellular,nov,1,999,0,nonexistent,0.33983787260492304,no,Low
3242,37,services,single,high.school,yes,no,cellular,jul,2,999,0,nonexistent,0.33983480003461963,no,Low
3243,55,entrepreneur,married,university.degree,yes,yes,cellular,nov,2,999,0,nonexistent,0.3398030587461567,no,Low
3244,50,admin.,married,university.degree,yes,no,cellular,aug,5,999,0,nonexistent,0.33977634869041357,no,Low
3245,41,blue-collar,married,basic.4y,yes,no,cellular,jul,3,999,0,nonexistent,0.33968463383152925,no,Low
3246,58,retired,married,basic.4y,yes,no,cellular,may,1,999,1,failure,0.33963514475120266,no,Low
3247,40,admin.,divorced,high.school,no,no,cellular,jul,3,999,0,nonexistent,0.33960473153303833,no,Low
3248,38,blue-collar,married,high.school,yes,no,cellular,may,1,999,0,nonexistent,0.3395518281531634,no,Low
3249,39,entrepreneur,married,high.school,yes,no,cellular,jul,1,999,0,nonexistent,0.33951634625217997,no,Low
3250,34,admin.,married,university.degree,yes,no,cellular,may,1,999,1,failure,0.3394216400550331,no,Low
3251,37,entrepreneur,single,professional.course,no,no,cellular,jul,5,999,0,nonexistent,0.3394205831843422,no,Low
3252,32,technician,single,university.degree,yes,no,cellular,jul,1,999,0,nonexistent,0.3394091579894526,no,Low
3253,29,self-employed,married,professional.course,yes,yes,cellular,jul,2,999,0,nonexistent,0.3393779833410343,no,Low
3254,53,admin.,married,university.degree,yes,yes,cellular,jul,2,999,0,nonexistent,0.33936579206869255,no,Low
3255,33,admin.,married,university.degree,yes,no,cellular,nov,2,999,0,nonexistent,0.33934816400597423,no,Low
3256,43,admin.,married,high.school,yes,no,cellular,jul,1,999,0,nonexistent,0.33930113860953875,no,Low
3257,34,blue-collar,single,basic.4y,yes,no,cellular,may,2,999,1,failure,0.33923465519066204,no,Low
3258,58,admin.,married,university.degree,yes,no,cellular,jul,4,999,0,nonexistent,0.3391822296711247,no,Low
3259,42,self-employed,married,university.degree,yes,no,cellular,aug,2,999,0,nonexistent,0.3391706926861117,no,Low
3260,44,admin.,married,unknown,no,no,cellular,jul,1,999,0,nonexistent,0.3391491872873306,no,Low
3261,35,blue-collar,married,basic.4y,yes,no,cellular,may,1,999,0,nonexistent,0.33912760713261436,no,Low
3262,43,admin.,single,university.degree,yes,yes,cellular,aug,3,999,0,nonexistent,0.33911769844748607,no,Low
3263,37,admin.,single,high.school,yes,no,cellular,jul,2,999,0,nonexistent,0.33907357753023465,no,Low
3264,43,services,married,university.degree,yes,no,cellular,jul,1,999,0,nonexistent,0.33903798476462566,no,Low
3265,34,admin.,single,university.degree,yes,no,cellular,jul,1,999,0,nonexistent,0.3390050088311184,no,Low
3266,39,blue-collar,divorced,basic.9y,no,no,cellular,may,1,999,1,failure,0.338962769632284,no,Low
3267,48,entrepreneur,divorced,university.degree,yes,no,cellular,nov,2,999,0,nonexistent,0.3389540563531074,no,Low
3268,43,technician,single,high.school,no,no,cellular,nov,2,999,0,nonexistent,0.33893665556653024,no,Low
3269,36,admin.,divorced,high.school,yes,no,cellular,nov,1,999,0,nonexistent,0.338922248068674,no,Low
3270,52,entrepreneur,divorced,university.degree,yes,no,telephone,apr,4,999,0,nonexistent,0.33890008564087887,no,Low
3271,32,technician,married,university.degree,yes,no,cellular,aug,2,999,0,nonexistent,0.3388997099201368,no,Low
3272,32,technician,married,university.degree,yes,no,cellular,aug,2,999,0,nonexistent,0.3388997099201368,no,Low
3273,60,retired,married,university.degree,no,no,cellular,aug,2,999,0,nonexistent,0.3388843546500474,no,Low
3274,27,blue-collar,single,high.school,yes,no,cellular,jul,1,999,0,nonexistent,0.3388480009125347,no,Low
3275,34,entrepreneur,married,university.degree,yes,no,cellular,aug,2,999,0,nonexistent,0.33883340671465506,no,Low
3276,43,technician,married,high.school,no,no,cellular,jul,4,999,0,nonexistent,0.33880447150735105,no,Low
3277,33,blue-collar,divorced,basic.9y,no,no,cellular,jul,5,999,0,nonexistent,0.33876047827546324,no,Low
3278,27,technician,married,professional.course,no,no,cellular,may,2,999,1,failure,0.3386891531180532,no,Low
3279,51,admin.,divorced,university.degree,no,no,cellular,nov,1,999,0,nonexistent,0.3386751549411157,no,Low
3280,30,admin.,single,university.degree,no,no,cellular,aug,5,999,0,nonexistent,0.3386584218879879,no,Low
3281,28,blue-collar,single,basic.6y,yes,no,cellular,may,3,999,0,nonexistent,0.33859038305896194,no,Low
3282,49,services,married,high.school,yes,no,cellular,aug,2,999,0,nonexistent,0.3385784528566319,no,Low
3283,32,blue-collar,single,high.school,yes,no,cellular,jul,3,999,0,nonexistent,0.3385766788860793,no,Low
3284,28,admin.,single,university.degree,yes,no,cellular,jul,3,999,0,nonexistent,0.33856473276552274,no,Low
3285,42,management,married,university.degree,no,no,telephone,jun,3,999,0,nonexistent,0.3385312325039276,no,Low
3286,28,admin.,single,university.degree,yes,no,cellular,jul,3,999,0,nonexistent,0.33851650584376664,no,Low
3287,37,admin.,single,high.school,yes,no,cellular,jul,4,999,0,nonexistent,0.33849390670231166,no,Low
3288,54,retired,married,high.school,no,no,cellular,aug,4,999,0,nonexistent,0.3384426663229025,no,Low
3289,38,blue-collar,married,basic.6y,yes,no,cellular,jul,1,999,0,nonexistent,0.3384306753978913,no,Low
3290,38,blue-collar,single,basic.4y,no,no,cellular,may,1,999,1,failure,0.3384276105864044,no,Low
3291,59,retired,married,professional.course,yes,yes,cellular,jul,4,999,0,nonexistent,0.33841908110096564,no,Low
3292,53,admin.,married,basic.9y,yes,no,cellular,aug,1,999,0,nonexistent,0.33838675120221573,no,Low
3293,37,services,single,high.school,yes,no,cellular,may,1,999,1,failure,0.33838352268952626,no,Low
3294,36,admin.,divorced,high.school,yes,no,cellular,nov,2,999,0,nonexistent,0.33837559618979973,no,Low
3295,43,blue-collar,married,high.school,no,no,cellular,jul,1,999,0,nonexistent,0.3382864751731895,no,Low
3296,48,admin.,married,university.degree,yes,no,cellular,aug,5,999,0,nonexistent,0.33823273786976604,no,Low
3297,43,technician,married,high.school,no,no,cellular,jul,3,999,0,nonexistent,0.3381874392895862,no,Low
3298,38,admin.,married,university.degree,yes,no,cellular,aug,2,999,0,nonexistent,0.3381486429320531,no,Low
3299,35,services,single,high.school,yes,no,cellular,may,1,999,1,failure,0.3381403522927233,no,Low
3300,36,admin.,married,high.school,yes,no,cellular,nov,1,999,0,nonexistent,0.33813635078248006,no,Low
3301,41,self-employed,married,university.degree,no,no,cellular,aug,2,999,0,nonexistent,0.3380169655045415,no,Low
3302,52,technician,divorced,university.degree,yes,no,cellular,nov,2,999,0,nonexistent,0.3380061073363015,no,Low
3303,46,admin.,married,basic.9y,no,no,cellular,aug,4,999,0,nonexistent,0.3380020664903834,no,Low
3304,48,entrepreneur,married,basic.9y,no,no,cellular,jul,1,999,0,nonexistent,0.33796856704609873,no,Low
3305,47,management,married,unknown,no,no,cellular,jul,1,999,0,nonexistent,0.3379221715792967,no,Low
3306,26,services,married,high.school,unknown,unknown,cellular,jul,6,999,0,nonexistent,0.3378238481802601,no,Low
3307,35,management,single,university.degree,no,no,telephone,nov,1,999,0,nonexistent,0.3378163431654876,no,Low
3308,33,technician,married,high.school,no,no,cellular,aug,2,999,0,nonexistent,0.3377660511777952,no,Low
3309,27,technician,married,professional.course,no,no,cellular,jul,9,999,0,nonexistent,0.3377604351818696,no,Low
3310,37,admin.,married,university.degree,yes,no,cellular,aug,2,999,0,nonexistent,0.3377211776058541,no,Low
3311,44,admin.,married,basic.9y,yes,no,cellular,aug,2,999,0,nonexistent,0.3376965843796939,no,Low
3312,44,self-employed,married,university.degree,no,no,cellular,aug,3,999,0,nonexistent,0.337691698286233,no,Low
3313,33,technician,single,professional.course,yes,no,cellular,aug,1,999,0,nonexistent,0.33768671382425147,no,Low
3314,53,blue-collar,divorced,basic.4y,no,no,cellular,jul,1,999,0,nonexistent,0.33767660457293547,no,Low
3315,43,blue-collar,married,basic.4y,yes,no,cellular,may,2,999,0,nonexistent,0.33763099756588894,no,Low
3316,29,admin.,married,high.school,no,no,cellular,aug,2,999,0,nonexistent,0.3375837809819247,no,Low
3317,41,services,single,high.school,no,no,cellular,may,1,999,1,failure,0.3375377656689345,no,Low
3318,36,management,married,basic.9y,no,no,cellular,may,1,999,1,failure,0.33748162101986734,no,Low
3319,27,blue-collar,single,basic.9y,yes,no,cellular,jul,3,999,0,nonexistent,0.3373645763223613,no,Low
3320,36,admin.,divorced,high.school,yes,no,cellular,may,1,999,1,failure,0.33732880095282364,no,Low
3321,30,admin.,married,university.degree,no,no,cellular,may,2,999,1,failure,0.3372821693113466,no,Low
3322,37,admin.,married,university.degree,yes,yes,cellular,may,1,999,1,failure,0.3372814650125732,no,Low
3323,38,admin.,married,basic.6y,no,no,cellular,jul,5,999,0,nonexistent,0.33726560482671936,no,Low
3324,31,blue-collar,married,basic.6y,no,no,cellular,may,3,999,1,failure,0.33724256224537785,no,Low
3325,34,technician,single,university.degree,no,no,cellular,aug,3,999,0,nonexistent,0.3372058988157657,no,Low
3326,43,blue-collar,married,basic.4y,yes,no,cellular,may,1,999,0,nonexistent,0.33719036975481964,no,Low
3327,48,blue-collar,married,basic.9y,yes,no,cellular,aug,3,999,0,nonexistent,0.3371386772329511,no,Low
3328,37,technician,married,high.school,yes,no,cellular,aug,2,999,0,nonexistent,0.3371123859614521,no,Low
3329,39,management,married,university.degree,no,no,cellular,aug,1,999,0,nonexistent,0.33709912447480467,no,Low
3330,32,technician,married,university.degree,no,no,cellular,nov,1,999,0,nonexistent,0.33704954244326685,no,Low
3331,44,technician,divorced,professional.course,yes,no,cellular,apr,3,999,1,failure,0.3369821377214257,no,Low
3332,40,blue-collar,married,basic.4y,no,yes,telephone,jun,2,999,0,nonexistent,0.3369407873092894,no,Low
3333,26,blue-collar,single,high.school,yes,no,cellular,jul,1,999,0,nonexistent,0.3369295125640777,no,Low
3334,43,blue-collar,married,basic.4y,unknown,unknown,cellular,may,2,999,0,nonexistent,0.3369098498181642,no,Low
3335,34,admin.,single,high.school,yes,no,cellular,may,1,999,1,failure,0.3369071829093509,no,Low
3336,38,technician,divorced,high.school,yes,no,cellular,aug,2,999,0,nonexistent,0.33690302262718513,no,Low
3337,51,admin.,married,university.degree,yes,no,cellular,aug,9,999,0,nonexistent,0.3367953846167892,no,Low
3338,57,admin.,married,university.degree,no,no,cellular,aug,3,999,0,nonexistent,0.33679002626620935,no,Low
3339,42,admin.,married,university.degree,no,no,cellular,aug,6,999,0,nonexistent,0.3367826001980222,no,Low
3340,43,blue-collar,married,basic.4y,yes,yes,cellular,may,1,999,0,nonexistent,0.33664976133092495,no,Low
3341,45,self-employed,divorced,university.degree,no,no,cellular,jul,8,999,0,nonexistent,0.3366043959489,no,Low
3342,45,technician,divorced,university.degree,yes,no,cellular,may,1,999,1,failure,0.3365295135573371,no,Low
3343,33,technician,married,professional.course,yes,no,cellular,aug,5,999,0,nonexistent,0.33652084447030695,no,Low
3344,51,blue-collar,married,basic.9y,no,yes,cellular,may,2,999,0,nonexistent,0.3365127885428527,no,Low
3345,29,self-employed,married,professional.course,no,no,cellular,jul,1,999,0,nonexistent,0.3364566638921985,no,Low
3346,36,technician,single,professional.course,unknown,unknown,cellular,aug,3,999,0,nonexistent,0.33630348952812805,no,Low
3347,47,admin.,married,university.degree,yes,no,cellular,jul,3,999,0,nonexistent,0.33627182020468016,no,Low
3348,47,technician,married,university.degree,yes,no,cellular,aug,7,999,0,nonexistent,0.33626164728898733,no,Low
3349,49,admin.,married,basic.9y,yes,yes,cellular,jul,4,999,0,nonexistent,0.3362229068536729,no,Low
3350,35,housemaid,single,basic.4y,yes,no,cellular,nov,2,3,1,success,0.33618990276371236,no,Low
3351,35,blue-collar,single,basic.4y,no,no,cellular,jul,4,999,0,nonexistent,0.33616712008568045,no,Low
3352,30,technician,single,university.degree,yes,no,cellular,jul,2,999,0,nonexistent,0.33615348072841994,no,Low
3353,33,admin.,single,university.degree,yes,yes,cellular,aug,1,999,0,nonexistent,0.3361195922551101,no,Low
3354,58,retired,married,basic.4y,no,no,cellular,aug,6,999,0,nonexistent,0.33607282318414844,no,Low
3355,40,management,married,university.degree,no,yes,cellular,jul,1,999,0,nonexistent,0.33604843450726746,no,Low
3356,54,self-employed,married,high.school,yes,no,cellular,aug,4,999,0,nonexistent,0.3360395987902037,no,Low
3357,60,retired,divorced,professional.course,no,no,cellular,jul,5,999,0,nonexistent,0.3360211797419659,no,Low
3358,51,entrepreneur,married,basic.6y,yes,yes,cellular,jul,2,999,0,nonexistent,0.3360176694231634,no,Low
3359,30,technician,married,professional.course,yes,no,cellular,aug,1,999,0,nonexistent,0.33596949040809554,no,Low
3360,29,unemployed,married,university.degree,yes,no,cellular,jul,3,999,0,nonexistent,0.33595351908874493,no,Low
3361,49,entrepreneur,married,university.degree,no,no,cellular,jul,3,999,0,nonexistent,0.33592942973293805,no,Low
3363,41,entrepreneur,single,high.school,no,no,cellular,jul,1,999,0,nonexistent,0.33592057174293677,no,Low
3362,41,entrepreneur,single,high.school,no,no,cellular,jul,1,999,0,nonexistent,0.33592057174293677,no,Low
3364,36,admin.,married,university.degree,yes,no,cellular,aug,3,999,0,nonexistent,0.3359021234590696,no,Low
3365,43,admin.,divorced,high.school,no,no,cellular,jul,4,999,0,nonexistent,0.33583409790611046,no,Low
3366,58,retired,married,basic.4y,yes,no,cellular,aug,3,999,0,nonexistent,0.3358331060961923,no,Low
3367,41,admin.,divorced,high.school,yes,no,cellular,nov,2,999,0,nonexistent,0.33558287989217483,no,Low
3368,33,admin.,married,university.degree,yes,no,cellular,jul,2,999,0,nonexistent,0.33545681132877275,no,Low
3369,45,admin.,married,basic.9y,no,no,cellular,aug,5,999,0,nonexistent,0.3354506725260004,no,Low
3370,32,management,divorced,university.degree,yes,no,cellular,jul,2,999,0,nonexistent,0.33540235991731726,no,Low
3371,34,admin.,single,university.degree,no,no,cellular,aug,2,999,0,nonexistent,0.33530415475854597,no,Low
3372,37,technician,married,professional.course,no,yes,cellular,jul,3,999,0,nonexistent,0.3352842462317684,no,Low
3373,47,blue-collar,married,basic.4y,yes,no,cellular,may,1,999,0,nonexistent,0.33521003065753874,no,Low
3374,34,blue-collar,divorced,basic.4y,yes,no,cellular,apr,1,999,1,failure,0.3351880046099819,no,Low
3375,45,self-employed,married,basic.9y,no,no,cellular,aug,1,999,0,nonexistent,0.3351008193493725,no,Low
3376,38,admin.,married,university.degree,no,no,cellular,aug,5,999,0,nonexistent,0.33505136503168953,no,Low
3377,35,blue-collar,single,high.school,yes,no,cellular,jul,5,999,0,nonexistent,0.33493813023008917,no,Low
3378,37,admin.,married,university.degree,yes,no,cellular,aug,3,999,0,nonexistent,0.33491655162216355,no,Low
3379,27,admin.,single,university.degree,yes,no,cellular,jul,1,999,0,nonexistent,0.3348864045203026,no,Low
3380,59,retired,married,unknown,no,no,cellular,jul,2,999,0,nonexistent,0.3348513324847492,no,Low
3381,51,admin.,married,professional.course,yes,no,cellular,jul,1,999,0,nonexistent,0.3348508894102714,no,Low
3382,32,technician,single,professional.course,yes,yes,cellular,jul,1,999,0,nonexistent,0.33475333426996207,no,Low
3383,31,services,single,high.school,no,no,cellular,nov,1,999,0,nonexistent,0.3347404914696297,no,Low
3385,39,housemaid,married,basic.4y,no,no,cellular,jul,1,999,0,nonexistent,0.3346756070951376,no,Low
3384,39,housemaid,married,basic.4y,no,no,cellular,jul,1,999,0,nonexistent,0.3346756070951376,no,Low
3386,35,technician,single,professional.course,no,no,cellular,aug,2,999,0,nonexistent,0.33465306502797615,no,Low
3387,50,blue-collar,married,unknown,no,no,cellular,jul,1,999,0,nonexistent,0.3346489524917504,no,Low
3388,35,admin.,married,university.degree,no,no,cellular,aug,1,999,0,nonexistent,0.33464546525940153,no,Low
3389,38,technician,single,professional.course,yes,no,cellular,jul,3,999,0,nonexistent,0.3346232542430025,no,Low
3390,28,technician,single,basic.9y,yes,no,cellular,may,2,999,1,failure,0.3346176331081386,no,Low
3392,38,admin.,married,university.degree,no,no,cellular,aug,2,999,0,nonexistent,0.3346004664287684,no,Low
3391,38,admin.,married,university.degree,no,no,cellular,aug,2,999,0,nonexistent,0.3346004664287684,no,Low
3393,32,admin.,single,professional.course,no,no,cellular,may,1,999,1,failure,0.3345961009037421,no,Low
3394,52,management,married,university.degree,no,no,cellular,aug,5,999,0,nonexistent,0.3345922254130031,no,Low
3395,32,technician,married,high.school,yes,no,cellular,aug,2,999,0,nonexistent,0.33454172018795736,no,Low
3396,39,blue-collar,married,basic.9y,yes,no,cellular,jul,1,999,0,nonexistent,0.3345069278766188,no,Low
3397,37,admin.,married,university.degree,yes,no,cellular,may,2,999,1,failure,0.33448489192640096,no,Low
3398,43,admin.,married,university.degree,yes,no,cellular,aug,3,999,0,nonexistent,0.33446884185426834,no,Low
3399,31,services,single,university.degree,yes,no,cellular,jul,9,999,0,nonexistent,0.3344428349292855,no,Low
3400,55,admin.,married,unknown,yes,yes,cellular,nov,3,999,0,nonexistent,0.3343881995081364,no,Low
3401,31,services,single,high.school,yes,no,cellular,nov,1,999,0,nonexistent,0.33431691482573944,no,Low
3402,39,technician,married,professional.course,no,no,telephone,nov,1,999,0,nonexistent,0.33430748158925444,no,Low
3403,29,technician,single,high.school,yes,no,cellular,nov,1,999,0,nonexistent,0.33428740734686574,no,Low
3404,29,admin.,married,university.degree,no,no,cellular,aug,2,999,0,nonexistent,0.3342863611446685,no,Low
3405,59,retired,married,basic.9y,yes,no,cellular,aug,1,999,0,nonexistent,0.3342262039718787,no,Low
3406,32,technician,single,professional.course,yes,no,cellular,aug,2,999,0,nonexistent,0.3341753169772424,no,Low
3407,31,admin.,married,university.degree,no,no,cellular,nov,1,999,0,nonexistent,0.33417053914561784,no,Low
3408,52,management,divorced,university.degree,no,no,cellular,may,1,999,1,failure,0.33416530996273264,no,Low
3409,31,admin.,single,university.degree,no,no,cellular,aug,4,999,0,nonexistent,0.3340782144147685,no,Low
3410,43,blue-collar,married,basic.9y,unknown,unknown,cellular,may,1,999,0,nonexistent,0.33404394362974893,no,Low
3411,29,technician,single,university.degree,yes,no,cellular,jul,1,999,0,nonexistent,0.3339960892235459,no,Low
3412,37,management,married,unknown,yes,no,cellular,nov,3,999,0,nonexistent,0.33395843399028435,no,Low
3413,45,blue-collar,married,basic.9y,no,no,cellular,aug,3,999,0,nonexistent,0.333957082996859,no,Low
3414,31,services,single,high.school,yes,no,cellular,jul,5,999,0,nonexistent,0.3339320535249034,no,Low
3415,56,blue-collar,married,basic.4y,yes,no,cellular,jul,3,999,0,nonexistent,0.3339133120392065,no,Low
3416,50,entrepreneur,married,university.degree,yes,no,cellular,nov,2,999,0,nonexistent,0.3338913123975118,no,Low
3417,38,self-employed,single,unknown,yes,yes,cellular,jul,3,999,0,nonexistent,0.33387520858795666,no,Low
3418,58,blue-collar,married,basic.4y,yes,no,cellular,jul,1,999,0,nonexistent,0.33385312986284554,no,Low
3419,51,admin.,divorced,university.degree,yes,no,cellular,jul,4,999,0,nonexistent,0.3338318122159994,no,Low
3420,30,services,single,university.degree,yes,no,telephone,sep,1,999,0,nonexistent,0.3337848490810465,no,Low
3421,53,technician,married,high.school,yes,no,cellular,aug,1,999,0,nonexistent,0.3336872958012112,no,Low
3422,45,blue-collar,married,basic.4y,no,no,cellular,jul,5,999,0,nonexistent,0.333646385858472,no,Low
3423,55,admin.,married,basic.9y,yes,yes,cellular,nov,2,999,0,nonexistent,0.3336042629666708,no,Low
3424,38,blue-collar,married,unknown,no,no,cellular,jul,3,999,0,nonexistent,0.333561103982811,no,Low
3425,34,admin.,married,university.degree,no,no,cellular,aug,1,999,0,nonexistent,0.3335327464024898,no,Low
3426,32,technician,single,university.degree,yes,no,cellular,jul,5,999,0,nonexistent,0.3335203644040299,no,Low
3427,32,admin.,single,university.degree,no,no,cellular,aug,2,999,0,nonexistent,0.33348305881639806,no,Low
3428,32,admin.,married,high.school,yes,no,cellular,may,1,999,1,failure,0.33345795500806846,no,Low
3429,35,admin.,married,university.degree,yes,no,cellular,nov,2,3,1,success,0.3333652560124147,no,Low
3430,31,services,married,high.school,no,yes,cellular,may,3,999,1,failure,0.33327298337328165,no,Low
3431,35,management,married,university.degree,no,no,cellular,aug,1,999,0,nonexistent,0.33323584456870464,no,Low
3432,30,technician,married,university.degree,yes,no,cellular,aug,2,999,0,nonexistent,0.33323362369395254,no,Low
3433,31,blue-collar,single,high.school,yes,no,telephone,jun,3,999,0,nonexistent,0.33321709957169504,no,Low
3434,32,entrepreneur,married,basic.4y,yes,no,telephone,nov,1,999,0,nonexistent,0.3331352894889114,no,Low
3435,29,admin.,single,university.degree,no,yes,telephone,jun,2,999,0,nonexistent,0.3331229378820176,no,Low
3436,43,management,married,university.degree,no,no,cellular,jul,2,999,0,nonexistent,0.33312206339687717,no,Low
3437,58,technician,divorced,university.degree,no,no,cellular,may,1,999,1,failure,0.33311106150846453,no,Low
3438,35,blue-collar,married,basic.9y,yes,no,cellular,nov,2,999,0,nonexistent,0.33311045667868044,no,Low
3439,58,management,married,university.degree,no,no,cellular,jul,2,999,0,nonexistent,0.3330893077791758,no,Low
3440,33,technician,married,high.school,no,no,cellular,apr,2,999,1,failure,0.33308301808256724,no,Low
3441,30,admin.,single,university.degree,no,no,cellular,aug,2,999,0,nonexistent,0.333074510122376,no,Low
3442,36,blue-collar,married,basic.4y,yes,no,cellular,jul,1,999,0,nonexistent,0.33301009424748557,no,Low
3443,33,blue-collar,married,basic.9y,yes,no,cellular,jul,9,999,0,nonexistent,0.3329716606325638,no,Low
3444,51,admin.,divorced,university.degree,no,no,cellular,nov,3,999,0,nonexistent,0.3329642530997295,no,Low
3445,38,blue-collar,divorced,basic.4y,yes,no,cellular,jul,3,999,0,nonexistent,0.33292360453598957,no,Low
3446,32,blue-collar,single,basic.4y,yes,no,cellular,may,2,999,1,failure,0.3329039490281152,no,Low
3447,34,technician,single,university.degree,yes,no,telephone,aug,1,999,0,nonexistent,0.33285410009419986,no,Low
3448,32,admin.,divorced,university.degree,yes,no,cellular,jul,1,999,0,nonexistent,0.3328360293060588,no,Low
3449,32,technician,married,university.degree,yes,no,cellular,nov,1,999,0,nonexistent,0.3328060540669905,no,Low
3450,30,admin.,single,university.degree,no,no,cellular,aug,1,999,0,nonexistent,0.33280603591417185,no,Low
3451,30,admin.,single,university.degree,no,no,cellular,aug,1,999,0,nonexistent,0.33280603591417185,no,Low
3452,29,unemployed,married,university.degree,unknown,unknown,cellular,jul,2,999,0,nonexistent,0.3327754108868694,no,Low
3453,37,admin.,married,basic.9y,yes,no,cellular,may,7,999,0,nonexistent,0.3327603871665956,no,Low
3454,31,services,single,high.school,no,yes,cellular,may,2,999,1,failure,0.33272483008475917,no,Low
3455,45,blue-collar,divorced,basic.4y,no,no,cellular,jul,1,999,0,nonexistent,0.33265960657787785,no,Low
3456,53,management,married,university.degree,no,no,cellular,nov,1,999,0,nonexistent,0.33265240133116636,no,Low
3457,29,admin.,single,university.degree,yes,no,cellular,aug,3,999,0,nonexistent,0.3326463610259678,no,Low
3458,32,technician,married,university.degree,yes,no,cellular,nov,2,999,0,nonexistent,0.3326289524854503,no,Low
3459,45,blue-collar,divorced,basic.9y,no,no,cellular,jul,4,999,0,nonexistent,0.33257015171347987,no,Low
3460,48,admin.,single,university.degree,no,no,cellular,jul,3,999,0,nonexistent,0.332556462849731,no,Low
3461,30,blue-collar,married,high.school,yes,no,cellular,jul,3,999,0,nonexistent,0.3325467482450582,no,Low
3462,29,self-employed,married,professional.course,no,no,telephone,jun,1,999,0,nonexistent,0.33254478322325365,no,Low
3463,36,admin.,married,university.degree,yes,no,cellular,aug,2,999,0,nonexistent,0.33254039555126474,no,Low
3464,46,admin.,married,university.degree,no,no,cellular,aug,2,999,0,nonexistent,0.3325383862998781,no,Low
3465,45,blue-collar,divorced,basic.9y,yes,no,cellular,jul,2,999,0,nonexistent,0.33252252960656076,no,Low
3466,35,unemployed,single,university.degree,yes,yes,cellular,nov,1,999,0,nonexistent,0.3324944632492311,no,Low
3467,42,technician,single,professional.course,yes,no,cellular,nov,1,999,1,failure,0.33237873606574925,no,Low
3468,49,admin.,divorced,high.school,yes,no,cellular,jul,4,999,0,nonexistent,0.33232421229195636,no,Low
3469,42,technician,married,professional.course,yes,no,cellular,aug,2,999,0,nonexistent,0.3323093244201495,no,Low
3470,57,blue-collar,married,basic.9y,yes,no,cellular,jul,2,999,0,nonexistent,0.33229874271745247,no,Low
3471,50,blue-collar,married,university.degree,no,no,cellular,nov,1,999,0,nonexistent,0.3322630698630215,no,Low
3472,34,admin.,single,university.degree,yes,no,cellular,aug,3,999,0,nonexistent,0.33224183434303706,no,Low
3473,55,admin.,divorced,high.school,yes,no,cellular,jul,1,999,0,nonexistent,0.332240326164541,no,Low
3474,38,entrepreneur,married,basic.9y,yes,no,cellular,apr,4,999,1,failure,0.3321549808371324,no,Low
3475,45,management,divorced,university.degree,yes,yes,cellular,jul,1,999,0,nonexistent,0.33209636271965626,no,Low
3476,35,services,married,high.school,yes,yes,cellular,may,1,999,0,nonexistent,0.33205248293366996,no,Low
3477,39,blue-collar,married,basic.4y,yes,no,cellular,jul,1,999,0,nonexistent,0.3320296733776538,no,Low
3478,52,admin.,married,university.degree,yes,no,cellular,nov,1,999,0,nonexistent,0.3319888048623255,no,Low
3479,43,admin.,single,university.degree,no,no,cellular,aug,5,999,0,nonexistent,0.331984687203872,no,Low
3480,46,blue-collar,married,high.school,no,no,cellular,may,1,999,1,failure,0.33196396029600184,no,Low
3481,37,technician,married,university.degree,yes,no,cellular,aug,11,999,0,nonexistent,0.3319142643201214,no,Low
3482,47,admin.,single,basic.9y,no,no,cellular,may,2,999,1,failure,0.3319074610580783,no,Low
3483,56,admin.,married,university.degree,yes,yes,cellular,jul,2,999,0,nonexistent,0.33190038942236544,no,Low
3484,36,admin.,single,university.degree,no,no,cellular,aug,1,999,0,nonexistent,0.3318948757080358,no,Low
3485,31,management,married,university.degree,yes,no,cellular,nov,1,999,0,nonexistent,0.331885644817449,no,Low
3486,39,services,married,high.school,yes,no,cellular,may,1,999,1,failure,0.3318809478258648,no,Low
3487,41,entrepreneur,divorced,basic.9y,yes,yes,cellular,jul,1,999,0,nonexistent,0.3318493323104585,no,Low
3488,44,unknown,married,unknown,yes,no,cellular,jul,6,999,0,nonexistent,0.3318390170550437,no,Low
3489,42,admin.,married,university.degree,no,no,cellular,jul,12,999,0,nonexistent,0.33182420736883683,no,Low
3490,36,admin.,married,high.school,no,no,cellular,aug,2,999,0,nonexistent,0.3318006389262692,no,Low
3491,38,self-employed,married,professional.course,yes,no,cellular,nov,1,999,0,nonexistent,0.33178166182068203,no,Low
3492,43,technician,married,university.degree,no,yes,cellular,nov,1,999,1,failure,0.33167283369187683,no,Low
3493,38,unemployed,married,basic.4y,no,no,cellular,jul,1,999,0,nonexistent,0.3316556689140947,no,Low
3494,49,blue-collar,married,basic.4y,no,no,telephone,jun,1,999,0,nonexistent,0.331644795293304,no,Low
3495,37,technician,married,professional.course,yes,no,cellular,aug,4,999,0,nonexistent,0.3316221883426864,no,Low
3496,45,self-employed,single,professional.course,no,no,cellular,nov,2,999,0,nonexistent,0.3315209818400633,no,Low
3497,41,blue-collar,married,basic.6y,yes,no,cellular,may,2,999,1,failure,0.3315050099346382,no,Low
3498,50,admin.,married,university.degree,no,no,cellular,aug,3,999,0,nonexistent,0.33150117986507893,no,Low
3499,50,technician,married,university.degree,no,yes,cellular,jul,2,999,0,nonexistent,0.3314824762216188,no,Low
3500,29,blue-collar,married,high.school,no,no,cellular,nov,2,999,0,nonexistent,0.3314714322686446,no,Low
3501,42,blue-collar,married,basic.9y,no,no,cellular,may,1,999,1,failure,0.33146238162351055,no,Low
3502,41,blue-collar,married,basic.9y,no,no,cellular,may,1,999,1,failure,0.33146238162351055,no,Low
3503,29,services,married,high.school,no,no,cellular,nov,1,999,0,nonexistent,0.33123241422581534,no,Low
3504,51,admin.,married,high.school,no,no,cellular,aug,4,999,0,nonexistent,0.33117134785532737,no,Low
3505,48,technician,married,high.school,no,no,cellular,aug,3,999,0,nonexistent,0.3311628295106209,no,Low
3506,53,technician,married,basic.6y,yes,no,cellular,may,4,999,0,nonexistent,0.33114834440473695,no,Low
3508,40,admin.,single,high.school,no,no,cellular,may,6,999,0,nonexistent,0.3311293298756437,no,Low
3507,40,admin.,single,high.school,no,no,cellular,may,6,999,0,nonexistent,0.3311293298756437,no,Low
3509,43,admin.,single,high.school,yes,yes,cellular,jul,2,999,0,nonexistent,0.33112331559793057,no,Low
3510,36,admin.,divorced,university.degree,yes,no,cellular,jul,3,999,0,nonexistent,0.33112317684979664,no,Low
3511,30,admin.,single,university.degree,yes,no,cellular,nov,1,999,0,nonexistent,0.3310500474843633,no,Low
3512,31,admin.,married,high.school,yes,no,cellular,may,2,999,1,failure,0.3310130575475015,no,Low
3513,54,admin.,married,university.degree,no,no,cellular,jul,3,999,0,nonexistent,0.3309980261356098,no,Low
3514,31,blue-collar,married,basic.4y,no,no,cellular,jul,2,999,0,nonexistent,0.33087756622045306,no,Low
3515,54,technician,married,high.school,yes,no,cellular,jul,4,999,0,nonexistent,0.33086454486957295,no,Low
3516,30,self-employed,single,high.school,no,no,cellular,nov,1,999,0,nonexistent,0.33075948245043696,no,Low
3517,35,admin.,single,high.school,no,no,telephone,jun,2,999,0,nonexistent,0.33072746523698643,no,Low
3518,31,technician,married,university.degree,no,no,cellular,aug,7,999,0,nonexistent,0.3307007952762396,no,Low
3519,48,services,married,basic.9y,yes,no,cellular,aug,2,999,0,nonexistent,0.33069268158152126,no,Low
3520,40,admin.,married,university.degree,yes,no,cellular,jul,1,999,0,nonexistent,0.3306758250962206,no,Low
3521,28,management,single,university.degree,no,no,telephone,jun,5,999,0,nonexistent,0.3306673168642184,no,Low
3522,57,retired,married,basic.6y,no,no,cellular,may,4,999,1,failure,0.3306671619979828,no,Low
3523,43,services,single,high.school,no,no,cellular,jul,4,999,0,nonexistent,0.3306522143381745,no,Low
3524,36,admin.,married,university.degree,no,no,cellular,may,6,999,0,nonexistent,0.3305922905433242,no,Low
3525,51,admin.,married,illiterate,no,no,cellular,jul,4,999,0,nonexistent,0.33055494515538925,no,Low
3526,31,technician,married,professional.course,yes,no,cellular,aug,10,999,0,nonexistent,0.33054851271121094,no,Low
3527,46,self-employed,married,university.degree,no,yes,cellular,aug,3,999,0,nonexistent,0.3304507422146637,no,Low
3528,33,technician,married,high.school,yes,yes,cellular,aug,3,999,0,nonexistent,0.3304249949473748,no,Low
3529,43,technician,married,professional.course,yes,no,cellular,aug,7,999,0,nonexistent,0.33038971858794114,no,Low
3530,48,services,divorced,high.school,yes,yes,cellular,jul,1,999,0,nonexistent,0.33029061339773,no,Low
3531,30,technician,single,professional.course,yes,no,cellular,nov,2,999,1,failure,0.33025164336776097,no,Low
3532,32,blue-collar,married,basic.4y,no,yes,cellular,jul,1,999,0,nonexistent,0.3302490211057855,no,Low
3533,32,technician,married,professional.course,yes,yes,cellular,nov,1,999,0,nonexistent,0.33023002103916976,no,Low
3534,35,technician,divorced,professional.course,no,no,cellular,aug,3,999,0,nonexistent,0.33012532757886376,no,Low
3535,58,unemployed,married,basic.9y,no,no,cellular,apr,1,999,0,nonexistent,0.329989223936391,no,Low
3536,42,technician,married,high.school,yes,no,cellular,aug,1,999,0,nonexistent,0.3299804317720622,no,Low
3537,36,entrepreneur,married,high.school,yes,no,cellular,may,1,999,1,failure,0.32996457374562654,no,Low
3538,48,admin.,divorced,university.degree,yes,no,cellular,aug,3,999,0,nonexistent,0.3299569125745071,no,Low
3539,53,services,married,high.school,no,yes,cellular,jul,3,999,0,nonexistent,0.3299477265674319,no,Low
3540,30,management,single,university.degree,yes,no,telephone,jun,1,999,0,nonexistent,0.3299236379335321,no,Low
3541,50,technician,married,university.degree,unknown,unknown,cellular,aug,2,999,0,nonexistent,0.32988756268899555,no,Low
3542,56,entrepreneur,married,university.degree,yes,no,cellular,nov,2,999,0,nonexistent,0.32973642637270106,no,Low
3543,34,admin.,divorced,high.school,no,no,cellular,aug,3,999,0,nonexistent,0.32967663820367893,no,Low
3544,37,technician,married,university.degree,no,no,cellular,jul,1,999,0,nonexistent,0.32965627659809627,no,Low
3545,30,technician,married,high.school,no,no,cellular,aug,1,999,0,nonexistent,0.32963441674110594,no,Low
3546,25,admin.,married,university.degree,yes,no,cellular,jul,5,999,0,nonexistent,0.3296194226293504,no,Low
3547,40,admin.,married,university.degree,no,no,cellular,aug,3,999,0,nonexistent,0.3296039479571034,no,Low
3548,53,services,married,high.school,yes,no,cellular,jul,1,999,0,nonexistent,0.32956560843825583,no,Low
3549,43,blue-collar,married,high.school,unknown,unknown,cellular,apr,1,999,1,failure,0.3295581738976307,no,Low
3550,40,entrepreneur,married,professional.course,yes,no,cellular,apr,1,999,1,failure,0.32945544509399954,no,Low
3551,41,admin.,married,unknown,no,no,cellular,jul,1,999,0,nonexistent,0.3294500003071344,no,Low
3552,44,services,divorced,basic.9y,no,no,cellular,jul,3,999,0,nonexistent,0.32933090878068816,no,Low
3553,43,blue-collar,divorced,basic.9y,yes,no,cellular,jul,2,999,0,nonexistent,0.32931428823526376,no,Low
3554,32,technician,single,university.degree,no,no,cellular,nov,1,999,1,failure,0.32931226444009754,no,Low
3555,35,blue-collar,married,high.school,yes,no,cellular,nov,1,999,0,nonexistent,0.3292852229470218,no,Low
3556,56,admin.,married,university.degree,no,no,cellular,aug,2,999,0,nonexistent,0.32926723880021314,no,Low
3557,41,blue-collar,married,unknown,no,no,cellular,jul,4,999,0,nonexistent,0.32926094578689524,no,Low
3558,30,services,married,high.school,yes,no,cellular,nov,2,999,0,nonexistent,0.32923444627919024,no,Low
3559,30,services,married,high.school,yes,no,cellular,nov,2,999,0,nonexistent,0.32923444627919024,no,Low
3560,36,technician,married,high.school,yes,no,cellular,aug,1,999,0,nonexistent,0.32918397565448654,no,Low
3561,33,services,single,high.school,no,no,cellular,nov,1,999,0,nonexistent,0.32917867578481774,no,Low
3562,35,admin.,divorced,university.degree,yes,no,cellular,aug,3,999,0,nonexistent,0.3290969252326796,no,Low
3563,51,technician,married,professional.course,yes,no,cellular,jul,2,999,0,nonexistent,0.32897035947122893,no,Low
3564,49,blue-collar,married,basic.9y,no,yes,cellular,may,1,999,0,nonexistent,0.32894426050339487,no,Low
3565,44,admin.,single,university.degree,yes,no,cellular,nov,4,999,0,nonexistent,0.32889899503962217,no,Low
3566,38,blue-collar,single,high.school,no,no,cellular,may,2,999,1,failure,0.3288936296572127,no,Low
3567,33,technician,married,high.school,yes,no,cellular,aug,1,999,0,nonexistent,0.32881374198268,no,Low
3568,36,management,single,university.degree,yes,yes,cellular,may,2,999,1,failure,0.3287933815010935,no,Low
3569,37,admin.,divorced,university.degree,no,no,cellular,aug,2,999,0,nonexistent,0.3287924144761839,no,Low
3570,45,management,married,professional.course,yes,no,cellular,nov,3,999,0,nonexistent,0.3287693370855016,no,Low
3571,31,admin.,single,university.degree,yes,no,cellular,aug,3,999,0,nonexistent,0.32873283800306086,no,Low
3572,47,self-employed,married,university.degree,yes,no,cellular,aug,7,999,0,nonexistent,0.3287213969988512,no,Low
3573,39,technician,married,high.school,no,no,cellular,jul,1,999,0,nonexistent,0.328676112196592,no,Low
3574,49,technician,married,professional.course,yes,no,cellular,jul,2,999,0,nonexistent,0.3286717802512485,no,Low
3575,36,admin.,married,university.degree,yes,no,cellular,jul,1,999,0,nonexistent,0.3286601952765023,no,Low
3576,48,management,married,university.degree,no,no,cellular,jul,4,999,0,nonexistent,0.32865550563722834,no,Low
3577,40,blue-collar,married,professional.course,yes,yes,cellular,jul,1,999,0,nonexistent,0.32865544898618665,no,Low
3578,42,blue-collar,married,basic.9y,yes,no,cellular,jul,3,999,0,nonexistent,0.3285947805086745,no,Low
3579,33,blue-collar,married,basic.6y,yes,yes,cellular,may,2,999,1,failure,0.32859336090681796,no,Low
3580,35,blue-collar,single,basic.6y,no,no,cellular,nov,1,999,0,nonexistent,0.3285794462325359,no,Low
3581,50,blue-collar,married,basic.4y,yes,no,cellular,aug,2,999,0,nonexistent,0.3285723011906378,no,Low
3582,39,technician,married,professional.course,yes,no,cellular,aug,3,999,0,nonexistent,0.3285310105228278,no,Low
3583,43,admin.,married,university.degree,yes,no,cellular,jul,1,999,0,nonexistent,0.32849869044173896,no,Low
3584,51,self-employed,married,university.degree,unknown,unknown,cellular,nov,2,999,0,nonexistent,0.32849674095440673,no,Low
3585,56,admin.,married,basic.4y,yes,no,cellular,jul,5,999,0,nonexistent,0.328488997913336,no,Low
3586,37,technician,married,high.school,yes,no,cellular,aug,2,999,0,nonexistent,0.32848570174934116,no,Low
3587,44,admin.,single,basic.9y,yes,no,cellular,jul,5,999,0,nonexistent,0.32846706163265155,no,Low
3588,31,admin.,married,university.degree,yes,no,cellular,nov,1,999,0,nonexistent,0.3284516296177482,no,Low
3589,27,admin.,married,high.school,no,no,cellular,may,1,999,1,failure,0.3283940234876545,no,Low
3590,35,admin.,single,high.school,no,no,cellular,may,2,999,1,failure,0.32839309546675594,no,Low
3591,42,management,married,high.school,yes,yes,cellular,nov,3,999,1,failure,0.32838077825525275,no,Low
3592,58,admin.,married,university.degree,yes,no,cellular,nov,2,999,0,nonexistent,0.32827540721177245,no,Low
3593,58,admin.,married,university.degree,yes,no,telephone,aug,1,999,0,nonexistent,0.32823765950674283,no,Low
3594,40,technician,married,professional.course,unknown,unknown,cellular,aug,7,999,0,nonexistent,0.3282052160987202,no,Low
3595,37,technician,married,professional.course,yes,no,cellular,aug,4,999,0,nonexistent,0.32819263876677557,no,Low
3596,38,admin.,married,university.degree,no,no,cellular,aug,4,999,0,nonexistent,0.32819118829157296,no,Low
3597,31,technician,married,professional.course,yes,no,cellular,nov,2,999,0,nonexistent,0.3281640925508144,no,Low
3598,59,blue-collar,divorced,basic.4y,yes,no,cellular,jul,3,999,0,nonexistent,0.3281129843090912,no,Low
3599,30,admin.,single,university.degree,yes,no,cellular,nov,1,999,0,nonexistent,0.3281006219221227,no,Low
3600,55,blue-collar,divorced,basic.4y,yes,no,cellular,jul,3,999,0,nonexistent,0.3280115807173395,no,Low
3601,34,technician,single,professional.course,yes,yes,cellular,aug,2,999,0,nonexistent,0.3280003712107761,no,Low
3602,32,unemployed,married,university.degree,yes,no,cellular,jul,2,999,0,nonexistent,0.3279486768902207,no,Low
3603,55,entrepreneur,divorced,university.degree,yes,no,cellular,jul,1,999,0,nonexistent,0.32791986543892976,no,Low
3604,37,admin.,married,basic.6y,yes,yes,cellular,jul,6,999,0,nonexistent,0.32791638019848673,no,Low
3605,42,admin.,divorced,university.degree,yes,no,cellular,aug,5,999,0,nonexistent,0.3278398998099519,no,Low
3606,37,admin.,single,high.school,no,no,cellular,jul,6,999,0,nonexistent,0.32783780283897596,no,Low
3607,34,admin.,married,professional.course,yes,no,cellular,aug,3,999,0,nonexistent,0.3278262839891339,no,Low
3608,37,entrepreneur,divorced,university.degree,yes,yes,telephone,may,1,999,0,nonexistent,0.3277604234915845,no,Low
3609,57,retired,married,basic.4y,no,no,cellular,aug,2,999,0,nonexistent,0.32774051859261377,no,Low
3610,30,technician,single,university.degree,no,no,telephone,jun,1,999,0,nonexistent,0.3277347710277801,no,Low
3611,41,admin.,married,high.school,no,no,cellular,may,1,999,1,failure,0.3277149879772765,no,Low
3612,45,self-employed,married,basic.4y,no,no,cellular,aug,2,999,0,nonexistent,0.3276939701350998,no,Low
3613,48,admin.,divorced,high.school,no,no,cellular,nov,3,999,0,nonexistent,0.3275913938844715,no,Low
3614,40,technician,married,professional.course,no,no,cellular,jul,1,999,0,nonexistent,0.3275906227583059,no,Low
3615,49,admin.,single,high.school,yes,no,cellular,jul,2,999,0,nonexistent,0.3275637407473121,no,Low
3616,56,blue-collar,married,basic.4y,no,no,cellular,jul,3,999,0,nonexistent,0.3275171138885474,no,Low
3617,30,admin.,married,university.degree,unknown,unknown,cellular,aug,5,999,0,nonexistent,0.32747274382805663,no,Low
3618,50,entrepreneur,married,basic.4y,no,no,cellular,jul,1,999,0,nonexistent,0.3274557307715779,no,Low
3619,44,admin.,married,high.school,no,no,cellular,aug,1,999,0,nonexistent,0.32744944263256087,no,Low
3620,31,admin.,married,university.degree,yes,yes,cellular,nov,1,999,0,nonexistent,0.32732577168411364,no,Low
3621,44,blue-collar,married,basic.9y,yes,no,cellular,jul,1,999,0,nonexistent,0.32729508775713806,no,Low
3622,39,admin.,single,unknown,no,no,cellular,nov,4,999,0,nonexistent,0.3272293181274521,no,Low
3623,34,blue-collar,married,basic.9y,no,no,cellular,may,2,999,1,failure,0.3272009751883265,no,Low
3624,36,management,married,university.degree,no,no,telephone,aug,4,999,0,nonexistent,0.3271928961716708,no,Low
3625,48,admin.,divorced,basic.9y,no,no,cellular,jul,4,999,0,nonexistent,0.32719285399478537,no,Low
3626,43,management,single,high.school,yes,no,cellular,nov,1,999,0,nonexistent,0.32715136434692615,no,Low
3627,45,blue-collar,married,basic.4y,yes,no,cellular,aug,2,999,0,nonexistent,0.3271461195486749,no,Low
3628,34,technician,married,university.degree,no,no,cellular,nov,1,999,0,nonexistent,0.3271415946951258,no,Low
3629,50,management,divorced,university.degree,yes,no,cellular,nov,1,999,1,failure,0.32713253299938394,no,Low
3630,32,technician,married,professional.course,unknown,unknown,telephone,aug,2,999,0,nonexistent,0.327059272603417,no,Low
3631,48,admin.,single,professional.course,yes,no,cellular,nov,1,999,0,nonexistent,0.3270333156184418,no,Low
3632,32,technician,divorced,high.school,yes,yes,cellular,aug,2,999,0,nonexistent,0.32700642487964443,no,Low
3633,45,admin.,divorced,university.degree,yes,no,cellular,aug,5,999,0,nonexistent,0.3270015256401431,no,Low
3634,35,blue-collar,married,basic.4y,yes,no,cellular,jul,1,999,0,nonexistent,0.32699662707902705,no,Low
3635,37,management,married,university.degree,yes,yes,cellular,nov,2,999,0,nonexistent,0.3268582492642885,no,Low
3636,29,entrepreneur,married,basic.9y,yes,no,cellular,nov,1,999,0,nonexistent,0.32683869541979416,no,Low
3637,52,technician,married,professional.course,no,no,cellular,jul,2,999,0,nonexistent,0.32679641186076946,no,Low
3638,45,technician,divorced,professional.course,yes,yes,cellular,nov,1,999,0,nonexistent,0.3267550303869175,no,Low
3639,36,blue-collar,married,basic.4y,yes,no,cellular,may,1,999,1,failure,0.32667607323918735,no,Low
3640,37,admin.,single,high.school,yes,no,cellular,jul,5,999,0,nonexistent,0.3265938505007251,no,Low
3641,50,services,single,high.school,no,no,cellular,jul,1,999,0,nonexistent,0.3265361816885493,no,Low
3642,32,admin.,single,university.degree,no,no,cellular,nov,2,999,1,failure,0.3264786595760568,no,Low
3643,44,blue-collar,married,basic.4y,yes,no,cellular,jul,5,999,0,nonexistent,0.32646132866954297,no,Low
3644,47,retired,single,basic.6y,yes,no,cellular,jul,3,999,0,nonexistent,0.32643030264540956,no,Low
3645,40,admin.,single,professional.course,yes,no,cellular,may,1,999,1,failure,0.32642008060267247,no,Low
3646,50,technician,married,university.degree,yes,no,cellular,jul,1,999,0,nonexistent,0.32640303494635664,no,Low
3647,43,blue-collar,married,high.school,yes,no,cellular,jul,1,999,0,nonexistent,0.32639447240072583,no,Low
3648,38,self-employed,divorced,basic.9y,yes,yes,cellular,jul,3,999,0,nonexistent,0.326313493321077,no,Low
3649,33,technician,divorced,professional.course,no,yes,cellular,aug,1,999,0,nonexistent,0.3262977335930105,no,Low
3650,35,management,married,university.degree,no,yes,cellular,aug,9,999,0,nonexistent,0.3262644724327568,no,Low
3651,34,admin.,married,university.degree,no,no,telephone,aug,1,999,0,nonexistent,0.3262188865751568,no,Low
3652,47,admin.,married,university.degree,no,no,cellular,aug,1,999,0,nonexistent,0.3261620021635702,no,Low
3653,32,technician,divorced,university.degree,yes,yes,cellular,aug,3,999,0,nonexistent,0.3261301778303326,no,Low
3654,46,entrepreneur,married,basic.9y,no,no,cellular,aug,1,999,0,nonexistent,0.32606162171877645,no,Low
3655,34,management,married,university.degree,yes,no,telephone,nov,1,999,0,nonexistent,0.326006769764816,no,Low
3656,54,blue-collar,married,basic.4y,no,no,cellular,jul,3,999,0,nonexistent,0.3259493980687664,no,Low
3657,49,admin.,married,university.degree,yes,no,cellular,aug,1,999,0,nonexistent,0.3259074130331255,no,Low
3658,32,technician,single,university.degree,yes,yes,cellular,aug,3,999,0,nonexistent,0.3258960172462258,no,Low
3659,40,admin.,married,university.degree,yes,no,cellular,jul,1,999,0,nonexistent,0.32588129750288486,no,Low
3660,30,admin.,married,university.degree,yes,no,cellular,nov,3,999,0,nonexistent,0.32579325395740616,no,Low
3661,58,admin.,divorced,university.degree,yes,no,cellular,jul,5,999,0,nonexistent,0.3257236600490954,no,Low
3662,33,blue-collar,single,basic.9y,yes,no,cellular,nov,1,999,0,nonexistent,0.32570246572711875,no,Low
3663,58,retired,married,high.school,yes,no,cellular,nov,1,999,0,nonexistent,0.3256801104033068,no,Low
3664,51,services,married,high.school,yes,no,cellular,aug,3,999,0,nonexistent,0.325657815796981,no,Low
3665,51,admin.,divorced,basic.9y,yes,no,cellular,nov,2,999,0,nonexistent,0.3256178445551747,no,Low
3666,55,services,married,high.school,yes,no,cellular,aug,4,999,0,nonexistent,0.32561512956007305,no,Low
3667,58,retired,married,basic.4y,no,no,cellular,jul,1,999,0,nonexistent,0.3256038126817017,no,Low
3668,42,admin.,married,high.school,yes,no,cellular,may,1,999,1,failure,0.3255792947105678,no,Low
3669,47,blue-collar,single,unknown,yes,no,cellular,jul,2,999,0,nonexistent,0.32553330082356835,no,Low
3670,37,admin.,single,university.degree,yes,no,cellular,jul,2,999,0,nonexistent,0.3255247848488889,no,Low
3671,32,technician,single,university.degree,yes,no,cellular,aug,5,999,0,nonexistent,0.3254965430953747,no,Low
3672,32,blue-collar,married,basic.4y,yes,no,cellular,jul,4,999,0,nonexistent,0.3254814166549916,no,Low
3673,35,blue-collar,married,basic.9y,no,no,cellular,may,1,999,1,failure,0.3254619063242975,no,Low
3674,35,technician,single,high.school,yes,no,cellular,jul,1,999,0,nonexistent,0.3254524128764428,no,Low
3675,43,housemaid,married,basic.9y,no,no,cellular,jul,1,999,0,nonexistent,0.32544925666207053,no,Low
3676,38,technician,married,high.school,yes,no,cellular,aug,3,999,0,nonexistent,0.3253876407743761,no,Low
3677,35,entrepreneur,single,professional.course,no,no,telephone,jun,1,999,0,nonexistent,0.32535649224913415,no,Low
3678,28,technician,single,university.degree,no,no,telephone,jun,2,999,0,nonexistent,0.3252950279605113,no,Low
3679,38,technician,married,professional.course,no,no,cellular,jul,3,999,0,nonexistent,0.3252932303923164,no,Low
3680,56,admin.,married,high.school,yes,no,cellular,aug,1,999,0,nonexistent,0.3252930904345565,no,Low
3681,36,management,married,university.degree,yes,no,cellular,nov,3,999,0,nonexistent,0.32525397549811874,no,Low
3682,48,admin.,single,university.degree,yes,no,cellular,aug,2,999,0,nonexistent,0.32521042813583745,no,Low
3683,37,technician,married,professional.course,yes,no,cellular,jul,6,999,0,nonexistent,0.3252069442937869,no,Low
3684,46,admin.,single,university.degree,unknown,unknown,cellular,aug,5,999,0,nonexistent,0.32520074838264246,no,Low
3685,39,management,married,university.degree,no,no,cellular,may,2,999,0,nonexistent,0.32512672180522223,no,Low
3686,48,technician,married,basic.6y,no,no,cellular,jul,5,999,0,nonexistent,0.3250689383490787,no,Low
3687,31,entrepreneur,married,professional.course,yes,no,telephone,jun,2,999,0,nonexistent,0.32501048561404067,no,Low
3688,48,admin.,married,high.school,no,no,cellular,aug,2,999,0,nonexistent,0.3249458208883849,no,Low
3689,55,admin.,married,university.degree,unknown,unknown,cellular,nov,2,999,0,nonexistent,0.32491699950011116,no,Low
3691,53,technician,married,high.school,yes,no,cellular,aug,1,999,0,nonexistent,0.3248389744861739,no,Low
3690,53,technician,married,high.school,yes,no,cellular,aug,1,999,0,nonexistent,0.3248389744861739,no,Low
3692,45,entrepreneur,single,university.degree,no,no,cellular,jul,5,999,0,nonexistent,0.32482332378999174,no,Low
3693,56,admin.,married,university.degree,yes,yes,cellular,nov,2,999,0,nonexistent,0.3248202559693813,no,Low
3694,56,services,divorced,university.degree,no,no,cellular,jul,3,999,0,nonexistent,0.324788053428849,no,Low
3696,54,admin.,married,university.degree,no,no,cellular,aug,3,999,0,nonexistent,0.32470025874081815,no,Low
3695,54,admin.,married,university.degree,no,no,cellular,aug,3,999,0,nonexistent,0.32470025874081815,no,Low
3697,29,blue-collar,married,basic.9y,no,no,cellular,apr,1,999,1,failure,0.32469094824451494,no,Low
3698,52,housemaid,married,basic.4y,no,no,cellular,jul,1,999,0,nonexistent,0.3246753997149472,no,Low
3699,54,services,married,high.school,yes,no,cellular,aug,5,999,0,nonexistent,0.32465346273178963,no,Low
3700,36,admin.,married,university.degree,yes,no,cellular,jul,3,999,0,nonexistent,0.32459507866473103,no,Low
3701,39,admin.,married,high.school,yes,no,cellular,nov,1,999,0,nonexistent,0.32457399651670166,no,Low
3702,42,technician,divorced,university.degree,yes,no,cellular,aug,2,999,0,nonexistent,0.3245568639868303,no,Low
3703,51,admin.,married,university.degree,no,no,cellular,aug,2,999,0,nonexistent,0.32455292889200044,no,Low
3704,41,blue-collar,single,basic.4y,yes,no,cellular,may,1,999,0,nonexistent,0.32449636373620144,no,Low
3705,47,blue-collar,divorced,basic.9y,yes,yes,cellular,jul,3,999,0,nonexistent,0.32448866613720717,no,Low
3706,42,blue-collar,married,basic.4y,yes,no,cellular,jul,4,999,0,nonexistent,0.3244794316847027,no,Low
3707,32,admin.,married,high.school,yes,yes,cellular,aug,3,999,0,nonexistent,0.3244773635122805,no,Low
3708,32,technician,single,professional.course,yes,yes,cellular,nov,1,999,0,nonexistent,0.32447057239651506,no,Low
3709,31,admin.,single,university.degree,yes,no,cellular,aug,1,999,0,nonexistent,0.3243939952497044,no,Low
3710,47,blue-collar,married,basic.9y,no,no,cellular,may,1,999,0,nonexistent,0.3243655897893213,no,Low
3711,50,blue-collar,married,basic.6y,no,no,cellular,may,6,999,0,nonexistent,0.32435753848850835,no,Low
3712,33,admin.,married,university.degree,no,no,cellular,aug,2,999,0,nonexistent,0.3242778666497894,no,Low
3713,51,technician,married,high.school,yes,no,cellular,aug,2,999,0,nonexistent,0.32426466708523044,no,Low
3714,42,admin.,married,university.degree,no,no,cellular,aug,1,999,0,nonexistent,0.32423459485601713,no,Low
3715,32,management,married,university.degree,no,no,cellular,aug,4,999,0,nonexistent,0.3242295971746558,no,Low
3716,48,blue-collar,married,basic.9y,no,no,cellular,aug,3,999,0,nonexistent,0.32420953832145716,no,Low
3717,38,technician,divorced,professional.course,yes,yes,cellular,may,2,999,1,failure,0.32419925888735773,no,Low
3718,38,blue-collar,divorced,basic.6y,yes,yes,cellular,apr,1,999,1,failure,0.3241440334559801,no,Low
3719,43,blue-collar,married,basic.6y,no,no,telephone,jun,1,999,0,nonexistent,0.32410654020209806,no,Low
3720,35,services,married,high.school,yes,no,cellular,may,1,999,0,nonexistent,0.32408136085418404,no,Low
3721,44,unemployed,divorced,basic.9y,no,no,telephone,may,3,999,0,nonexistent,0.32406705924560936,no,Low
3722,46,services,divorced,high.school,yes,no,cellular,jul,1,999,0,nonexistent,0.32405875649068333,no,Low
3723,32,technician,married,professional.course,yes,yes,cellular,may,7,999,0,nonexistent,0.3240552536852278,no,Low
3724,33,admin.,single,high.school,yes,no,telephone,apr,5,999,0,nonexistent,0.32402424644843136,no,Low
3725,51,housemaid,married,basic.4y,no,no,cellular,jul,1,999,0,nonexistent,0.32400417939407583,no,Low
3726,39,blue-collar,married,high.school,yes,no,cellular,nov,1,999,0,nonexistent,0.3240035463764335,no,Low
3727,55,management,married,university.degree,yes,no,cellular,nov,2,999,0,nonexistent,0.32389551445395454,no,Low
3728,47,blue-collar,divorced,basic.9y,yes,no,cellular,jul,1,999,0,nonexistent,0.32389410004246016,no,Low
3729,33,admin.,single,university.degree,yes,yes,cellular,may,2,999,1,failure,0.3238806154275427,no,Low
3730,36,technician,married,professional.course,no,no,cellular,aug,3,999,0,nonexistent,0.32385678871804446,no,Low
3731,32,admin.,married,university.degree,yes,no,cellular,jul,1,999,0,nonexistent,0.3238079643838644,no,Low
3732,47,management,married,university.degree,no,no,cellular,aug,1,999,0,nonexistent,0.32379404687724134,no,Low
3733,32,technician,married,university.degree,no,yes,cellular,aug,1,999,0,nonexistent,0.32377238485622384,no,Low
3734,47,self-employed,married,university.degree,unknown,unknown,cellular,aug,4,999,0,nonexistent,0.32376887665995224,no,Low
3735,47,technician,married,professional.course,yes,no,cellular,jul,2,999,0,nonexistent,0.32375192597585684,no,Low
3736,51,blue-collar,married,basic.4y,no,no,cellular,jul,2,999,0,nonexistent,0.3237194208900719,no,Low
3737,39,admin.,married,university.degree,yes,no,cellular,nov,1,999,0,nonexistent,0.3236589040738167,no,Low
3738,57,admin.,single,unknown,yes,no,cellular,jul,2,999,0,nonexistent,0.3236429864831866,no,Low
3739,47,services,married,high.school,yes,no,cellular,aug,1,999,0,nonexistent,0.32359306342971667,no,Low
3740,47,services,single,basic.9y,no,no,cellular,jul,2,999,0,nonexistent,0.3235855885207872,no,Low
3741,41,blue-collar,married,basic.4y,unknown,unknown,cellular,may,1,999,0,nonexistent,0.32355639228191635,no,Low
3742,50,blue-collar,married,professional.course,yes,no,cellular,jul,3,999,0,nonexistent,0.32348151841083267,no,Low
3743,23,technician,single,university.degree,yes,yes,cellular,jul,11,999,0,nonexistent,0.3234804175511085,no,Low
3744,28,admin.,single,university.degree,no,no,telephone,jun,5,999,0,nonexistent,0.32345840228912764,no,Low
3745,31,admin.,single,university.degree,no,no,cellular,nov,2,999,1,failure,0.32344313298544036,no,Low
3746,45,admin.,married,basic.9y,yes,yes,cellular,aug,3,999,0,nonexistent,0.3234251077796457,no,Low
3747,47,admin.,married,basic.9y,yes,no,cellular,aug,1,999,0,nonexistent,0.32338526931474154,no,Low
3748,39,blue-collar,single,basic.4y,no,no,cellular,jul,7,999,0,nonexistent,0.3233852545780305,no,Low
3749,49,technician,married,high.school,no,no,cellular,aug,6,999,0,nonexistent,0.32327354253086676,no,Low
3750,46,blue-collar,married,basic.9y,yes,no,cellular,aug,1,999,0,nonexistent,0.32326434209265303,no,Low
3751,59,blue-collar,married,basic.9y,no,no,cellular,may,2,999,1,failure,0.32323712568808,no,Low
3752,45,blue-collar,single,basic.6y,no,no,telephone,jun,2,999,0,nonexistent,0.32319905273905497,no,Low
3753,53,technician,married,professional.course,yes,yes,cellular,jul,2,999,0,nonexistent,0.32316662279524216,no,Low
3754,32,blue-collar,married,basic.6y,yes,no,cellular,nov,2,999,0,nonexistent,0.32316206184502544,no,Low
3755,31,blue-collar,married,basic.6y,no,no,telephone,jun,1,999,0,nonexistent,0.3231306053465908,no,Low
3756,34,admin.,divorced,university.degree,yes,no,cellular,aug,2,999,0,nonexistent,0.3231274083054505,no,Low
3757,45,unknown,married,unknown,no,yes,telephone,jun,1,999,0,nonexistent,0.32306121546216543,no,Low
3758,31,blue-collar,married,basic.9y,yes,no,cellular,may,1,999,1,failure,0.32304898999563786,no,Low
3759,60,blue-collar,married,basic.4y,yes,no,cellular,apr,1,999,0,nonexistent,0.32303784430805943,no,Low
3760,38,technician,divorced,university.degree,yes,no,cellular,jul,2,999,0,nonexistent,0.3229474399886305,no,Low
3761,55,entrepreneur,divorced,university.degree,no,no,cellular,may,1,999,1,failure,0.3228756507285539,no,Low
3762,49,admin.,single,high.school,yes,no,cellular,jul,1,999,0,nonexistent,0.3228290233397994,no,Low
3763,42,admin.,married,university.degree,no,no,cellular,may,2,999,1,failure,0.32281568828795826,no,Low
3764,39,management,married,university.degree,no,no,cellular,aug,1,999,0,nonexistent,0.32278099805798544,no,Low
3765,44,management,married,high.school,yes,no,cellular,jul,1,999,0,nonexistent,0.32277344784217993,no,Low
3766,33,technician,single,professional.course,unknown,unknown,cellular,nov,1,999,0,nonexistent,0.32270572408222936,no,Low
3767,25,blue-collar,single,basic.9y,no,no,telephone,jun,2,999,0,nonexistent,0.32268496386345225,no,Low
3768,34,admin.,married,university.degree,no,no,cellular,aug,3,999,0,nonexistent,0.32268192886101665,no,Low
3769,39,entrepreneur,married,university.degree,yes,no,cellular,nov,1,999,0,nonexistent,0.3226802017936889,no,Low
3770,54,admin.,married,university.degree,no,no,cellular,jul,5,999,0,nonexistent,0.3226274708115299,no,Low
3771,41,admin.,married,university.degree,no,no,telephone,jun,4,999,0,nonexistent,0.32259472279999934,no,Low
3772,32,admin.,married,university.degree,yes,no,cellular,aug,3,999,0,nonexistent,0.32254191934910786,no,Low
3773,30,management,single,university.degree,no,yes,cellular,may,1,999,1,failure,0.3225241061722271,no,Low
3774,30,admin.,married,high.school,yes,no,cellular,aug,1,999,0,nonexistent,0.32246445990030553,no,Low
3775,56,management,married,university.degree,no,no,cellular,nov,2,999,0,nonexistent,0.32238366721864975,no,Low
3776,32,admin.,married,university.degree,yes,no,cellular,nov,3,999,0,nonexistent,0.32237659044434985,no,Low
3777,38,technician,single,university.degree,yes,no,cellular,may,13,999,0,nonexistent,0.32226713548138813,no,Low
3778,40,technician,divorced,professional.course,no,no,cellular,jul,2,999,0,nonexistent,0.3222274928817375,no,Low
3779,58,retired,married,professional.course,no,no,cellular,aug,7,999,0,nonexistent,0.3221590358467455,no,Low
3780,46,management,married,high.school,yes,no,cellular,apr,4,999,0,nonexistent,0.3221532739110827,no,Low
3781,54,blue-collar,married,high.school,yes,no,cellular,may,1,999,0,nonexistent,0.3221484649855939,no,Low
3782,29,services,single,high.school,no,no,cellular,apr,2,999,1,failure,0.3221339711076956,no,Low
3783,30,technician,single,university.degree,no,no,telephone,jun,2,999,0,nonexistent,0.32212593112596527,no,Low
3784,31,services,married,high.school,yes,no,cellular,nov,1,999,0,nonexistent,0.32206254672140106,no,Low
3785,56,admin.,divorced,university.degree,no,no,cellular,jul,1,999,0,nonexistent,0.3220516344107074,no,Low
3786,37,self-employed,single,university.degree,no,yes,telephone,jun,4,999,0,nonexistent,0.3220230336714029,no,Low
3787,25,blue-collar,married,basic.4y,yes,yes,cellular,jul,2,999,0,nonexistent,0.3220048574262574,no,Low
3788,29,admin.,single,university.degree,yes,no,cellular,may,1,999,1,failure,0.32196661573969193,no,Low
3789,30,admin.,single,basic.9y,no,no,cellular,nov,2,999,1,failure,0.32196072304128315,no,Low
3790,42,technician,divorced,professional.course,yes,yes,cellular,jul,5,999,0,nonexistent,0.3219081365678243,no,Low
3791,34,admin.,single,university.degree,no,no,cellular,aug,3,999,0,nonexistent,0.32187719410188076,no,Low
3792,41,technician,divorced,university.degree,yes,no,cellular,aug,1,999,0,nonexistent,0.321827213723209,no,Low
3793,47,admin.,divorced,high.school,no,no,cellular,aug,6,999,0,nonexistent,0.3218063234499318,no,Low
3794,30,admin.,married,university.degree,no,no,cellular,aug,5,999,0,nonexistent,0.3217474421023938,no,Low
3795,49,admin.,married,basic.9y,yes,no,cellular,aug,4,999,0,nonexistent,0.3217419271096679,no,Low
3796,46,blue-collar,married,basic.9y,no,no,cellular,aug,2,999,0,nonexistent,0.32172476187514343,no,Low
3797,51,blue-collar,divorced,basic.4y,yes,no,cellular,jul,1,999,0,nonexistent,0.321677871742939,no,Low
3798,42,technician,married,high.school,yes,no,cellular,jul,1,999,0,nonexistent,0.32167547246306943,no,Low
3799,54,services,divorced,university.degree,yes,no,cellular,may,1,999,1,failure,0.32167477075838574,no,Low
3800,46,admin.,married,university.degree,yes,no,cellular,aug,1,999,0,nonexistent,0.3216535262694411,no,Low
3801,32,technician,single,professional.course,yes,no,cellular,aug,1,999,0,nonexistent,0.3216429640502827,no,Low
3802,46,housemaid,married,basic.4y,no,no,cellular,jul,1,999,0,nonexistent,0.3216327163156909,no,Low
3803,34,technician,married,professional.course,yes,no,cellular,aug,1,999,0,nonexistent,0.32160089052620605,no,Low
3804,34,technician,married,professional.course,yes,no,cellular,aug,1,999,0,nonexistent,0.32160089052620605,no,Low
3805,41,admin.,married,university.degree,yes,no,cellular,aug,1,999,0,nonexistent,0.3215572465494114,no,Low
3806,24,services,single,high.school,yes,yes,cellular,may,1,999,1,failure,0.3215068202093027,no,Low
3807,41,admin.,single,university.degree,no,yes,cellular,may,2,999,1,failure,0.32132960325858406,no,Low
3808,34,management,married,university.degree,yes,no,cellular,nov,6,999,0,nonexistent,0.3212694299771693,no,Low
3809,58,retired,married,professional.course,no,no,cellular,nov,2,999,0,nonexistent,0.3212574976467119,no,Low
3810,34,admin.,married,university.degree,no,no,cellular,aug,1,999,0,nonexistent,0.3212473569874143,no,Low
3811,51,blue-collar,married,basic.9y,no,no,cellular,apr,2,999,1,failure,0.32118117391520895,no,Low
3812,38,entrepreneur,married,basic.4y,no,no,cellular,may,1,999,1,failure,0.32117195679870214,no,Low
3813,38,blue-collar,divorced,basic.9y,unknown,unknown,cellular,jul,2,999,0,nonexistent,0.32116726178206195,no,Low
3814,30,technician,single,university.degree,no,yes,cellular,aug,1,999,0,nonexistent,0.32115479569818767,no,Low
3815,39,technician,married,high.school,no,no,cellular,jul,1,999,0,nonexistent,0.32113047711090753,no,Low
3816,39,technician,married,high.school,no,no,cellular,jul,1,999,0,nonexistent,0.32113047711090753,no,Low
3817,38,admin.,married,university.degree,no,no,cellular,aug,1,999,0,nonexistent,0.32107545300863305,no,Low
3818,56,retired,divorced,university.degree,yes,no,cellular,nov,2,999,0,nonexistent,0.3210677350470283,no,Low
3819,33,management,married,university.degree,no,yes,cellular,nov,1,999,1,failure,0.32105608282123865,no,Low
3820,36,blue-collar,married,basic.6y,no,no,telephone,jun,4,999,0,nonexistent,0.3210194169282112,no,Low
3821,36,self-employed,divorced,professional.course,yes,yes,cellular,jul,4,999,0,nonexistent,0.320997780882304,no,Low
3822,42,blue-collar,single,basic.4y,yes,no,cellular,jul,2,999,0,nonexistent,0.32097775322431116,no,Low
3823,48,admin.,married,university.degree,yes,no,cellular,nov,1,999,0,nonexistent,0.3209545322528841,no,Low
3824,48,services,married,high.school,no,no,cellular,jul,1,999,0,nonexistent,0.320950303604341,no,Low
3825,52,blue-collar,married,basic.9y,yes,yes,cellular,jul,1,999,0,nonexistent,0.3209499973206249,no,Low
3826,29,blue-collar,married,basic.4y,yes,yes,cellular,jul,1,999,0,nonexistent,0.3209218836074927,no,Low
3827,58,self-employed,married,university.degree,yes,no,cellular,aug,3,999,0,nonexistent,0.32090888964715186,no,Low
3828,42,blue-collar,married,basic.9y,yes,no,cellular,jul,5,999,0,nonexistent,0.32086402857957913,no,Low
3829,52,blue-collar,married,basic.9y,unknown,unknown,cellular,aug,2,999,0,nonexistent,0.3208272503224157,no,Low
3830,41,management,married,basic.9y,no,no,cellular,nov,2,999,0,nonexistent,0.3208070599319935,no,Low
3831,58,self-employed,married,university.degree,no,no,cellular,aug,3,999,0,nonexistent,0.3207928121039627,no,Low
3832,47,services,single,high.school,no,no,cellular,jul,1,999,0,nonexistent,0.3206997577396429,no,Low
3833,28,admin.,single,university.degree,yes,yes,cellular,jul,3,999,0,nonexistent,0.32055439450900325,no,Low
3834,36,management,married,university.degree,yes,no,cellular,aug,1,999,0,nonexistent,0.32053983233597144,no,Low
3835,29,admin.,single,university.degree,yes,no,cellular,aug,1,999,0,nonexistent,0.3205373809009731,no,Low
3836,42,unemployed,married,high.school,no,no,cellular,jul,3,999,0,nonexistent,0.3205362783239545,no,Low
3837,51,services,married,high.school,no,no,cellular,aug,3,999,0,nonexistent,0.320471223625124,no,Low
3838,32,entrepreneur,married,high.school,yes,no,telephone,nov,2,999,0,nonexistent,0.3203740745518703,no,Low
3839,50,admin.,married,high.school,no,no,cellular,aug,1,999,0,nonexistent,0.3203516381879974,no,Low
3840,43,admin.,married,university.degree,yes,yes,cellular,jul,1,999,0,nonexistent,0.32034971573447185,no,Low
3841,33,admin.,married,university.degree,no,no,cellular,aug,1,999,0,nonexistent,0.32033829884301834,no,Low
3842,45,blue-collar,married,basic.9y,no,no,cellular,aug,1,999,0,nonexistent,0.3203372892999479,no,Low
3843,33,blue-collar,married,basic.4y,no,no,cellular,nov,1,999,0,nonexistent,0.3203287463709026,no,Low
3844,45,blue-collar,married,basic.4y,yes,no,cellular,jul,3,999,0,nonexistent,0.3202806649654228,no,Low
3845,32,admin.,divorced,university.degree,yes,no,telephone,aug,7,999,0,nonexistent,0.32026018604409057,no,Low
3846,46,blue-collar,married,basic.9y,yes,no,cellular,aug,1,999,0,nonexistent,0.3202451124161567,no,Low
3847,37,admin.,single,university.degree,no,no,cellular,aug,1,999,0,nonexistent,0.3202275155595146,no,Low
3848,34,admin.,divorced,high.school,no,no,cellular,aug,3,999,0,nonexistent,0.32020936428825164,no,Low
3849,35,admin.,single,university.degree,yes,no,cellular,aug,4,999,0,nonexistent,0.3201879432876845,no,Low
3850,26,blue-collar,single,basic.9y,yes,no,cellular,jul,4,999,0,nonexistent,0.32012397601866666,no,Low
3851,29,technician,single,university.degree,yes,no,telephone,aug,3,999,0,nonexistent,0.320086640506145,no,Low
3852,29,technician,single,university.degree,yes,no,telephone,aug,3,999,0,nonexistent,0.320086640506145,no,Low
3853,56,blue-collar,single,basic.4y,yes,no,cellular,jul,1,999,0,nonexistent,0.320074065136739,no,Low
3854,50,admin.,divorced,university.degree,yes,no,cellular,jul,2,999,0,nonexistent,0.32006215651324066,no,Low
3855,51,admin.,married,university.degree,yes,no,cellular,nov,1,999,0,nonexistent,0.3200339417116039,no,Low
3856,44,self-employed,married,basic.9y,yes,no,cellular,jul,1,999,0,nonexistent,0.3200227675928731,no,Low
3857,29,management,married,basic.9y,yes,no,cellular,nov,1,999,0,nonexistent,0.32001162614085243,no,Low
3858,42,admin.,married,university.degree,yes,no,cellular,nov,2,999,0,nonexistent,0.3199033970664848,no,Low
3859,55,blue-collar,divorced,basic.9y,yes,yes,cellular,jul,1,999,0,nonexistent,0.31987128400126463,no,Low
3860,33,technician,married,university.degree,no,no,telephone,nov,2,999,0,nonexistent,0.31985890821413054,no,Low
3861,35,unknown,single,high.school,yes,no,cellular,jul,3,999,0,nonexistent,0.3198112134444996,no,Low
3862,32,services,married,professional.course,yes,no,cellular,nov,1,999,0,nonexistent,0.3197912954279275,no,Low
3863,40,technician,married,university.degree,yes,no,cellular,aug,2,999,0,nonexistent,0.3197855771222459,no,Low
3864,36,technician,married,unknown,yes,no,cellular,jul,1,999,0,nonexistent,0.31974646532246914,no,Low
3865,27,blue-collar,single,basic.9y,no,no,cellular,may,6,999,0,nonexistent,0.31972495932849515,no,Low
3866,55,admin.,single,university.degree,yes,no,cellular,nov,1,999,0,nonexistent,0.31959325230262126,no,Low
3867,34,admin.,married,university.degree,no,no,telephone,may,4,999,0,nonexistent,0.31959187911386444,no,Low
3868,38,entrepreneur,married,basic.4y,yes,no,cellular,apr,1,999,0,nonexistent,0.31958514670620686,no,Low
3869,47,self-employed,married,university.degree,no,no,cellular,aug,5,999,0,nonexistent,0.31957801905118677,no,Low
3870,49,retired,divorced,professional.course,yes,yes,telephone,aug,8,999,0,nonexistent,0.3195579411335629,no,Low
3871,32,admin.,married,university.degree,yes,no,cellular,aug,1,999,0,nonexistent,0.3195381606663397,no,Low
3872,48,services,married,basic.6y,yes,no,cellular,jul,6,999,0,nonexistent,0.31949692505108745,no,Low
3873,38,technician,married,professional.course,no,yes,cellular,aug,1,999,0,nonexistent,0.3194301611983477,no,Low
3874,40,blue-collar,single,professional.course,yes,no,cellular,jul,1,999,0,nonexistent,0.31941886286965004,no,Low
3875,34,blue-collar,divorced,basic.4y,yes,no,cellular,jul,2,999,0,nonexistent,0.319412336270706,no,Low
3876,47,technician,married,professional.course,no,no,cellular,jul,10,999,0,nonexistent,0.31938812125077304,no,Low
3877,47,blue-collar,married,basic.9y,no,no,cellular,may,2,999,1,failure,0.3193856916406434,no,Low
3878,32,blue-collar,married,basic.6y,no,yes,telephone,jul,2,999,0,nonexistent,0.3193532952280005,no,Low
3879,35,admin.,single,university.degree,no,no,cellular,aug,1,999,0,nonexistent,0.319348536645208,no,Low
3880,39,technician,married,university.degree,yes,no,cellular,aug,1,999,0,nonexistent,0.3193443142266051,no,Low
3881,45,admin.,divorced,university.degree,yes,no,cellular,aug,2,999,0,nonexistent,0.31933603046294534,no,Low
3882,33,technician,married,university.degree,no,no,cellular,jul,4,999,0,nonexistent,0.3193256042748863,no,Low
3883,47,blue-collar,single,basic.6y,no,no,cellular,may,2,999,2,failure,0.31930372205092616,no,Low
3884,56,admin.,married,university.degree,yes,no,cellular,aug,4,999,0,nonexistent,0.3192560667541143,no,Low
3885,31,services,married,high.school,unknown,unknown,cellular,jul,1,999,0,nonexistent,0.3192469143128451,no,Low
3886,48,entrepreneur,married,university.degree,no,no,cellular,aug,1,999,0,nonexistent,0.3192463375841502,no,Low
3887,33,admin.,single,university.degree,yes,no,cellular,aug,2,999,0,nonexistent,0.31924514691279376,no,Low
3889,26,student,single,high.school,no,no,telephone,jun,1,999,0,nonexistent,0.31917533978164203,no,Low
3888,26,student,single,high.school,no,no,telephone,jun,1,999,0,nonexistent,0.31917533978164203,no,Low
3890,42,blue-collar,married,basic.4y,no,no,cellular,may,2,999,1,failure,0.31915970487764855,no,Low
3891,38,admin.,married,high.school,no,no,telephone,jun,2,999,0,nonexistent,0.3191425780875482,no,Low
3892,47,technician,married,professional.course,yes,no,cellular,aug,3,999,0,nonexistent,0.31908028375634795,no,Low
3893,54,blue-collar,married,basic.9y,yes,no,cellular,aug,5,999,0,nonexistent,0.3190468388141143,no,Low
3894,57,technician,married,professional.course,yes,no,cellular,jul,2,999,0,nonexistent,0.3190430909501114,no,Low
3895,59,blue-collar,married,basic.9y,yes,no,cellular,jul,4,999,0,nonexistent,0.3190363355678378,no,Low
3896,45,admin.,divorced,university.degree,yes,no,cellular,jul,2,999,0,nonexistent,0.31902274681505854,no,Low
3897,56,self-employed,married,basic.9y,yes,no,cellular,aug,5,999,0,nonexistent,0.3190135828983082,no,Low
3898,53,management,married,university.degree,yes,no,cellular,nov,2,999,0,nonexistent,0.3189770469972019,no,Low
3899,39,entrepreneur,divorced,basic.4y,yes,yes,cellular,jul,2,999,0,nonexistent,0.3189408756932457,no,Low
3900,30,self-employed,single,university.degree,yes,no,cellular,nov,1,999,1,failure,0.31893944158244625,no,Low
3901,37,blue-collar,married,basic.6y,no,no,cellular,may,7,999,0,nonexistent,0.3189103272713926,no,Low
3902,41,admin.,single,university.degree,no,no,cellular,aug,1,999,0,nonexistent,0.31889195350013094,no,Low
3903,54,blue-collar,married,basic.4y,yes,no,cellular,aug,3,999,0,nonexistent,0.31887924895705133,no,Low
3904,34,blue-collar,married,basic.6y,no,no,cellular,may,2,999,1,failure,0.3188720164560035,no,Low
3906,49,services,married,high.school,no,no,cellular,aug,1,999,0,nonexistent,0.3188692145605298,no,Low
3905,49,services,married,high.school,no,no,cellular,aug,1,999,0,nonexistent,0.3188692145605298,no,Low
3907,49,blue-collar,divorced,unknown,no,no,cellular,jul,2,999,0,nonexistent,0.318802018210831,no,Low
3908,34,technician,divorced,unknown,yes,yes,cellular,jul,4,999,0,nonexistent,0.31878033001200956,no,Low
3909,33,admin.,married,high.school,yes,yes,cellular,may,1,999,1,failure,0.3187437883925277,no,Low
3910,34,admin.,married,high.school,no,no,cellular,may,1,999,1,failure,0.3187353923157675,no,Low
3911,29,admin.,single,university.degree,yes,yes,cellular,aug,3,999,0,nonexistent,0.3187083874968452,no,Low
3912,32,admin.,single,university.degree,yes,no,cellular,aug,1,999,0,nonexistent,0.3186946420244477,no,Low
3913,49,admin.,single,university.degree,no,no,cellular,jul,3,999,0,nonexistent,0.31868093502515066,no,Low
3914,60,blue-collar,married,basic.4y,yes,no,cellular,jul,5,999,0,nonexistent,0.3186678515037826,no,Low
3915,35,technician,divorced,professional.course,no,no,cellular,may,1,999,1,failure,0.3186538265589371,no,Low
3916,37,technician,single,professional.course,no,no,cellular,jul,1,999,0,nonexistent,0.3186036170211103,no,Low
3917,28,technician,single,professional.course,no,no,cellular,jul,5,999,0,nonexistent,0.31855448606712716,no,Low
3918,34,technician,married,professional.course,no,no,telephone,jun,2,999,0,nonexistent,0.3184509108876154,no,Low
3919,38,technician,single,professional.course,yes,no,cellular,aug,1,999,0,nonexistent,0.31838171215824157,no,Low
3920,56,management,married,basic.4y,yes,no,cellular,jul,1,999,0,nonexistent,0.3183135854316598,no,Low
3921,38,technician,married,high.school,yes,no,cellular,jul,8,999,0,nonexistent,0.3182913765416535,no,Low
3922,28,admin.,married,high.school,yes,yes,cellular,jul,3,999,0,nonexistent,0.3182828268061086,no,Low
3923,29,technician,single,professional.course,yes,no,cellular,aug,1,999,0,nonexistent,0.31817267381788905,no,Low
3924,48,technician,divorced,professional.course,yes,yes,cellular,jul,1,999,0,nonexistent,0.318169554959047,no,Low
3925,50,admin.,married,basic.9y,yes,no,cellular,aug,1,999,0,nonexistent,0.3181617967381723,no,Low
3926,34,admin.,single,university.degree,yes,no,cellular,aug,1,999,0,nonexistent,0.31813401804912317,no,Low
3927,41,technician,single,university.degree,no,no,cellular,jul,3,999,0,nonexistent,0.3180614782805954,no,Low
3928,39,admin.,divorced,high.school,yes,no,cellular,jul,5,999,0,nonexistent,0.31803346642021046,no,Low
3929,39,admin.,single,university.degree,no,no,cellular,may,1,999,1,failure,0.31803137703083434,no,Low
3930,39,technician,divorced,professional.course,yes,no,cellular,aug,1,999,0,nonexistent,0.3180220192557339,no,Low
3931,31,admin.,married,university.degree,yes,no,cellular,aug,3,999,0,nonexistent,0.31800137534371603,no,Low
3932,38,entrepreneur,single,university.degree,no,no,cellular,aug,2,999,0,nonexistent,0.31783479128692893,no,Low
3933,43,technician,married,professional.course,yes,no,cellular,aug,7,999,0,nonexistent,0.3178253671538885,no,Low
3934,51,management,married,university.degree,no,yes,telephone,jun,1,999,0,nonexistent,0.31778381502562025,no,Low
3935,39,blue-collar,married,basic.6y,no,no,cellular,may,2,999,1,failure,0.31777651956859315,no,Low
3936,35,admin.,married,university.degree,no,no,cellular,nov,2,999,0,nonexistent,0.31775661449822323,no,Low
3937,33,management,single,professional.course,yes,no,cellular,nov,6,999,0,nonexistent,0.31774170676577235,no,Low
3938,37,technician,single,professional.course,yes,no,cellular,aug,2,999,0,nonexistent,0.31774064753012776,no,Low
3939,32,management,single,university.degree,no,no,cellular,aug,1,999,0,nonexistent,0.3177318253776764,no,Low
3940,50,blue-collar,married,basic.9y,no,yes,cellular,may,2,999,1,failure,0.31770488515208617,no,Low
3941,46,blue-collar,married,basic.4y,no,no,cellular,jul,4,999,0,nonexistent,0.31769442957143357,no,Low
3942,52,retired,married,university.degree,no,no,cellular,nov,1,999,0,nonexistent,0.31769226781594595,no,Low
3943,38,blue-collar,married,basic.6y,no,no,telephone,jun,1,999,0,nonexistent,0.31767828125741676,no,Low
3944,35,entrepreneur,married,basic.6y,no,no,telephone,jun,5,999,0,nonexistent,0.3176401292875497,no,Low
3945,35,blue-collar,married,basic.9y,no,no,cellular,may,1,999,1,failure,0.31755452556827685,no,Low
3946,33,admin.,divorced,high.school,yes,no,cellular,aug,3,999,0,nonexistent,0.3174583172114149,no,Low
3947,43,blue-collar,married,unknown,yes,no,cellular,jul,3,999,0,nonexistent,0.3174121184681764,no,Low
3948,38,blue-collar,single,high.school,no,no,cellular,aug,2,999,0,nonexistent,0.317402934434973,no,Low
3949,36,technician,married,professional.course,yes,no,cellular,aug,5,999,0,nonexistent,0.31737162463286817,no,Low
3950,56,blue-collar,married,basic.9y,yes,no,cellular,may,1,999,0,nonexistent,0.3173682738006591,no,Low
3951,50,self-employed,married,university.degree,yes,no,cellular,aug,1,999,0,nonexistent,0.31734668927337656,no,Low
3952,27,blue-collar,single,high.school,yes,no,telephone,jun,5,999,0,nonexistent,0.3172704643627506,no,Low
3953,49,management,married,university.degree,no,yes,cellular,aug,2,999,0,nonexistent,0.3172309569107678,no,Low
3954,36,technician,married,professional.course,no,no,telephone,jun,9,999,0,nonexistent,0.31719056388405864,no,Low
3955,32,admin.,married,university.degree,no,no,cellular,aug,2,999,0,nonexistent,0.31716578763789466,no,Low
3956,44,blue-collar,married,basic.6y,no,no,cellular,aug,2,999,0,nonexistent,0.3171529141397405,no,Low
3957,40,technician,divorced,professional.course,yes,no,cellular,aug,8,999,0,nonexistent,0.3170948395929344,no,Low
3958,51,admin.,married,university.degree,yes,no,cellular,nov,1,999,0,nonexistent,0.3170920113003152,no,Low
3959,47,blue-collar,married,basic.4y,no,yes,cellular,jul,1,999,0,nonexistent,0.3170858309680082,no,Low
3960,42,self-employed,married,university.degree,yes,no,cellular,nov,3,999,0,nonexistent,0.3170757964876405,no,Low
3961,48,technician,single,high.school,no,yes,cellular,jul,2,999,0,nonexistent,0.3170701345134836,no,Low
3962,41,blue-collar,married,basic.4y,yes,no,cellular,may,1,999,0,nonexistent,0.31701799938344005,no,Low
3963,30,admin.,single,university.degree,yes,yes,cellular,may,2,999,1,failure,0.3169867593851366,no,Low
3964,30,blue-collar,married,basic.9y,yes,no,cellular,jul,1,999,0,nonexistent,0.3169855964648925,no,Low
3965,54,retired,married,basic.4y,yes,yes,cellular,jul,1,999,0,nonexistent,0.31696910198079353,no,Low
3966,49,admin.,married,high.school,yes,no,cellular,aug,8,999,0,nonexistent,0.3169288159317379,no,Low
3967,41,blue-collar,married,basic.4y,no,no,telephone,jun,2,999,0,nonexistent,0.3168551302728825,no,Low
3968,29,admin.,married,university.degree,no,yes,cellular,aug,5,999,0,nonexistent,0.31679800553449455,no,Low
3969,57,blue-collar,married,basic.9y,yes,no,cellular,aug,1,999,0,nonexistent,0.3167879781450653,no,Low
3970,48,blue-collar,married,basic.9y,yes,no,cellular,aug,3,999,0,nonexistent,0.3166521796928861,no,Low
3971,30,admin.,single,university.degree,no,no,cellular,nov,1,999,1,failure,0.31664982493116234,no,Low
3972,41,blue-collar,married,professional.course,yes,no,cellular,apr,2,999,1,failure,0.31661814668284305,no,Low
3973,47,admin.,married,professional.course,yes,no,cellular,aug,2,999,0,nonexistent,0.3166121197752106,no,Low
3974,52,blue-collar,married,basic.4y,no,no,cellular,aug,2,999,0,nonexistent,0.3166009324909505,no,Low
3975,34,admin.,married,university.degree,yes,no,cellular,aug,4,999,0,nonexistent,0.3165886990250282,no,Low
3976,49,entrepreneur,married,university.degree,yes,no,telephone,may,2,999,0,nonexistent,0.3165419525962478,no,Low
3977,44,blue-collar,married,basic.9y,yes,no,cellular,aug,3,999,0,nonexistent,0.3165024187303904,no,Low
3978,31,blue-collar,single,high.school,yes,no,telephone,jun,2,999,0,nonexistent,0.31649569900108765,no,Low
3979,29,entrepreneur,single,basic.4y,no,no,cellular,nov,1,999,0,nonexistent,0.31647160051794415,no,Low
3980,46,services,married,unknown,no,no,cellular,aug,1,999,0,nonexistent,0.31643734787434186,no,Low
3981,33,blue-collar,married,basic.6y,yes,no,cellular,jul,11,999,0,nonexistent,0.31643459625484716,no,Low
3982,54,blue-collar,divorced,basic.4y,no,no,cellular,jul,1,999,0,nonexistent,0.31642387041881403,no,Low
3983,40,services,married,high.school,no,no,cellular,apr,6,999,1,failure,0.3164235953464923,no,Low
3984,34,technician,divorced,university.degree,no,no,cellular,jul,10,999,0,nonexistent,0.3163777069660446,no,Low
3985,47,admin.,divorced,university.degree,no,no,cellular,aug,7,999,0,nonexistent,0.31632761183356795,no,Low
3986,34,admin.,single,university.degree,yes,no,cellular,aug,3,999,0,nonexistent,0.3162764565638859,no,Low
3987,36,admin.,single,university.degree,yes,no,cellular,aug,1,999,0,nonexistent,0.31627282986347144,no,Low
3988,52,admin.,married,university.degree,no,no,cellular,jul,7,999,0,nonexistent,0.31626799388189725,no,Low
3989,44,admin.,married,high.school,no,no,cellular,may,1,999,1,failure,0.31622697661680954,no,Low
3990,57,technician,single,high.school,yes,no,cellular,aug,2,999,0,nonexistent,0.316226388313513,no,Low
3991,52,housemaid,married,basic.6y,yes,no,cellular,aug,1,999,0,nonexistent,0.31621688479080867,no,Low
3992,48,blue-collar,married,basic.9y,yes,no,cellular,aug,1,999,0,nonexistent,0.3161935496706074,no,Low
3993,30,self-employed,married,professional.course,yes,no,cellular,nov,2,999,0,nonexistent,0.3161679379166675,no,Low
3994,40,blue-collar,married,basic.6y,yes,no,cellular,apr,1,999,1,failure,0.3161454411394485,no,Low
3995,26,admin.,single,high.school,no,yes,telephone,may,2,999,0,nonexistent,0.316133507507049,no,Low
3996,33,technician,married,high.school,no,yes,cellular,aug,1,999,0,nonexistent,0.3160764565573746,no,Low
3997,32,technician,married,university.degree,no,no,cellular,aug,1,999,0,nonexistent,0.3160159894545219,no,Low
3998,29,student,married,university.degree,yes,no,cellular,jul,7,999,0,nonexistent,0.31595244897417113,no,Low
3999,32,services,married,high.school,no,yes,cellular,nov,1,999,0,nonexistent,0.3159197164930437,no,Low
4000,57,admin.,married,basic.9y,no,no,cellular,jul,3,999,0,nonexistent,0.31581450453940435,no,Low
4001,50,admin.,single,university.degree,yes,no,cellular,aug,1,999,0,nonexistent,0.3157733269686759,no,Low
4002,56,technician,married,professional.course,no,no,cellular,nov,2,999,0,nonexistent,0.31576530168731526,no,Low
4003,40,blue-collar,married,basic.9y,yes,no,cellular,apr,1,999,1,failure,0.31564736427453033,no,Low
4004,31,unemployed,single,professional.course,no,no,cellular,nov,1,999,1,failure,0.31557072553138593,no,Low
4005,39,technician,married,professional.course,unknown,unknown,cellular,jul,3,999,0,nonexistent,0.31553361025074356,no,Low
4006,38,blue-collar,divorced,unknown,no,no,cellular,nov,1,999,0,nonexistent,0.31552161053416566,no,Low
4007,58,retired,married,basic.4y,no,no,cellular,aug,1,999,0,nonexistent,0.3155111156191257,no,Low
4008,29,unemployed,divorced,university.degree,yes,no,cellular,jul,2,999,0,nonexistent,0.3154273149316904,no,Low
4009,42,services,divorced,high.school,yes,no,cellular,jul,3,999,0,nonexistent,0.31541767373054164,no,Low
4010,36,student,single,basic.9y,yes,yes,cellular,may,3,999,0,nonexistent,0.3153830281927077,no,Low
4011,38,entrepreneur,divorced,basic.9y,yes,yes,cellular,nov,1,999,0,nonexistent,0.31533682992478185,no,Low
4012,37,blue-collar,single,unknown,no,no,telephone,jun,10,999,0,nonexistent,0.31533069936825237,no,Low
4013,33,management,married,university.degree,yes,no,cellular,aug,3,999,0,nonexistent,0.31531496118843466,no,Low
4014,36,services,married,university.degree,yes,no,cellular,nov,2,999,0,nonexistent,0.3153121162793839,no,Low
4015,51,blue-collar,married,basic.4y,yes,no,cellular,jul,2,999,0,nonexistent,0.3152839037433089,no,Low
4016,44,unemployed,married,high.school,yes,no,cellular,jul,3,999,0,nonexistent,0.31528046996568465,no,Low
4017,48,self-employed,married,high.school,yes,no,cellular,aug,1,999,0,nonexistent,0.3152799967128037,no,Low
4018,51,services,married,high.school,yes,no,cellular,aug,4,999,0,nonexistent,0.3151721647091868,no,Low
4019,35,admin.,single,university.degree,yes,no,cellular,aug,6,999,0,nonexistent,0.3151510866011075,no,Low
4020,39,blue-collar,single,high.school,yes,no,cellular,jul,6,999,0,nonexistent,0.3151315441901681,no,Low
4021,32,admin.,single,university.degree,no,no,cellular,aug,3,999,0,nonexistent,0.3151228250071656,no,Low
4022,56,housemaid,married,basic.9y,no,no,cellular,nov,1,999,0,nonexistent,0.31510339043619356,no,Low
4023,44,admin.,married,university.degree,yes,no,cellular,nov,2,999,0,nonexistent,0.3150370896572076,no,Low
4024,29,technician,single,high.school,no,no,cellular,aug,9,999,0,nonexistent,0.315026776557626,no,Low
4025,37,technician,married,professional.course,yes,yes,cellular,aug,1,999,0,nonexistent,0.3150114918622547,no,Low
4026,32,admin.,divorced,university.degree,no,no,telephone,jun,10,999,0,nonexistent,0.31494626960553573,no,Low
4027,28,blue-collar,single,basic.9y,no,no,telephone,jun,1,999,0,nonexistent,0.31492801052166514,no,Low
4028,48,self-employed,married,high.school,no,no,cellular,aug,3,999,0,nonexistent,0.3149175913583889,no,Low
4029,48,admin.,married,university.degree,no,no,cellular,nov,1,999,0,nonexistent,0.3148922960193807,no,Low
4030,40,admin.,married,university.degree,no,yes,cellular,aug,3,999,0,nonexistent,0.3148922831531934,no,Low
4031,32,blue-collar,single,basic.9y,yes,no,cellular,nov,2,999,0,nonexistent,0.3148810100584087,no,Low
4032,40,management,married,university.degree,yes,no,cellular,nov,2,999,0,nonexistent,0.3148555589718209,no,Low
4033,58,technician,married,professional.course,unknown,unknown,cellular,aug,2,999,0,nonexistent,0.31482995394226276,no,Low
4034,38,management,divorced,high.school,yes,no,telephone,nov,3,999,0,nonexistent,0.3148129090206661,no,Low
4035,33,admin.,married,professional.course,yes,no,cellular,aug,2,999,0,nonexistent,0.31480479622472063,no,Low
4036,55,housemaid,married,basic.4y,no,no,cellular,jul,1,999,0,nonexistent,0.3147513451176644,no,Low
4037,30,admin.,single,university.degree,yes,no,cellular,jul,8,999,0,nonexistent,0.3147512737360115,no,Low
4038,49,technician,divorced,high.school,no,no,cellular,jul,2,999,0,nonexistent,0.31471116520162046,no,Low
4039,36,services,married,high.school,yes,no,cellular,apr,1,999,1,failure,0.3146665629993898,no,Low
4040,39,technician,single,university.degree,no,no,cellular,aug,1,999,0,nonexistent,0.3146600626330552,no,Low
4041,56,retired,married,basic.4y,no,no,cellular,aug,2,999,0,nonexistent,0.31465664435888285,no,Low
4042,29,admin.,single,university.degree,no,no,telephone,jun,2,999,0,nonexistent,0.31464974619105496,no,Low
4043,47,management,married,university.degree,yes,yes,cellular,aug,2,999,0,nonexistent,0.31460681069113994,no,Low
4044,58,self-employed,married,university.degree,yes,yes,cellular,aug,4,999,0,nonexistent,0.3145820170709332,no,Low
4046,36,blue-collar,married,basic.9y,yes,no,cellular,jul,1,999,0,nonexistent,0.31452404999891426,no,Low
4045,36,blue-collar,married,basic.9y,yes,no,cellular,jul,1,999,0,nonexistent,0.31452404999891426,no,Low
4047,49,unemployed,married,high.school,yes,no,cellular,jul,1,999,0,nonexistent,0.3144809488873784,no,Low
4048,41,technician,single,university.degree,no,no,cellular,jul,2,999,0,nonexistent,0.3143651644611128,no,Low
4049,41,technician,single,university.degree,no,no,cellular,jul,2,999,0,nonexistent,0.3143651644611128,no,Low
4050,29,admin.,single,university.degree,yes,no,cellular,aug,1,999,0,nonexistent,0.3143333139829206,no,Low
4051,52,admin.,married,university.degree,yes,no,cellular,aug,1,999,0,nonexistent,0.3142922179800834,no,Low
4052,36,management,divorced,professional.course,no,no,cellular,nov,2,999,0,nonexistent,0.3141564044935374,no,Low
4053,29,admin.,single,high.school,unknown,unknown,cellular,jul,1,999,0,nonexistent,0.314131583725865,no,Low
4054,35,technician,married,professional.course,yes,yes,telephone,aug,3,999,0,nonexistent,0.3140973053753618,no,Low
4055,31,blue-collar,married,basic.9y,yes,yes,cellular,nov,1,999,0,nonexistent,0.3140858971066002,no,Low
4056,28,blue-collar,married,basic.9y,yes,no,cellular,may,2,999,1,failure,0.31393738240740454,no,Low
4057,40,services,married,basic.4y,yes,no,cellular,jul,1,999,0,nonexistent,0.3139152038124372,no,Low
4058,42,technician,married,university.degree,no,yes,cellular,jul,2,999,0,nonexistent,0.31390394354849704,no,Low
4059,46,blue-collar,married,basic.4y,no,yes,telephone,jun,1,999,0,nonexistent,0.31386877824256904,no,Low
4060,50,technician,single,university.degree,yes,no,cellular,jul,2,999,0,nonexistent,0.31384860449096785,no,Low
4061,30,admin.,single,university.degree,no,no,cellular,aug,2,999,0,nonexistent,0.3138451913128278,no,Low
4062,31,technician,single,high.school,no,no,cellular,aug,3,999,0,nonexistent,0.313827861932821,no,Low
4063,47,blue-collar,married,basic.6y,yes,no,cellular,aug,2,999,0,nonexistent,0.3138121750966317,no,Low
4064,46,blue-collar,married,basic.9y,no,no,cellular,aug,1,999,0,nonexistent,0.3137934040256435,no,Low
4065,52,services,divorced,basic.6y,yes,no,cellular,aug,2,999,0,nonexistent,0.31374790391073676,no,Low
4066,56,services,married,high.school,no,no,cellular,aug,5,999,0,nonexistent,0.3137421841158659,no,Low
4067,38,admin.,married,university.degree,no,no,cellular,aug,1,999,0,nonexistent,0.3137322941227203,no,Low
4068,48,technician,divorced,professional.course,no,no,cellular,jul,2,999,0,nonexistent,0.3136955766017038,no,Low
4069,31,blue-collar,married,basic.4y,yes,no,cellular,jul,3,999,0,nonexistent,0.31367404726890397,no,Low
4071,32,blue-collar,married,basic.4y,yes,no,cellular,jul,1,999,0,nonexistent,0.31365775387045747,no,Low
4070,32,blue-collar,married,basic.4y,yes,no,cellular,jul,1,999,0,nonexistent,0.31365775387045747,no,Low
4072,45,admin.,single,high.school,no,no,cellular,may,5,999,1,failure,0.3136328506234706,no,Low
4073,43,unemployed,married,professional.course,no,no,telephone,aug,12,999,0,nonexistent,0.3136016914140257,no,Low
4074,30,blue-collar,married,basic.9y,yes,no,cellular,may,2,999,1,failure,0.31353501124572036,no,Low
4075,58,admin.,married,high.school,yes,no,cellular,jul,1,999,0,nonexistent,0.3135207853960167,no,Low
4076,44,self-employed,divorced,professional.course,yes,no,cellular,may,2,999,2,failure,0.3134767568309801,no,Low
4077,33,admin.,single,university.degree,yes,yes,cellular,aug,2,999,0,nonexistent,0.3134701333842635,no,Low
4078,46,technician,married,professional.course,no,no,cellular,aug,5,999,0,nonexistent,0.3134582112227503,no,Low
4079,34,technician,divorced,basic.9y,no,no,telephone,jun,3,999,0,nonexistent,0.3134365453655447,no,Low
4080,36,housemaid,married,basic.4y,no,no,cellular,jul,4,999,0,nonexistent,0.3134313401835511,no,Low
4081,35,technician,married,professional.course,no,no,cellular,jul,3,999,0,nonexistent,0.3134116105616812,no,Low
4082,37,admin.,married,high.school,yes,no,cellular,may,4,999,1,failure,0.3134108159691721,no,Low
4083,41,self-employed,divorced,university.degree,no,yes,cellular,jul,6,999,0,nonexistent,0.31338803197666004,no,Low
4084,50,management,married,basic.9y,yes,yes,cellular,jul,9,999,0,nonexistent,0.31334181652025056,no,Low
4085,31,unemployed,single,university.degree,yes,no,cellular,aug,2,999,0,nonexistent,0.3133349534918148,no,Low
4086,37,technician,married,high.school,no,yes,cellular,may,6,999,0,nonexistent,0.31331844739573167,no,Low
4087,46,blue-collar,married,basic.4y,yes,no,cellular,may,1,999,1,failure,0.31331819901313473,no,Low
4088,41,admin.,married,university.degree,yes,no,cellular,nov,1,999,0,nonexistent,0.3132890670904538,no,Low
4089,35,technician,married,professional.course,yes,no,cellular,aug,1,999,0,nonexistent,0.31328723133101166,no,Low
4090,44,admin.,married,university.degree,no,no,cellular,nov,4,999,0,nonexistent,0.3132167089821451,no,Low
4091,57,admin.,single,university.degree,yes,no,cellular,jul,1,999,0,nonexistent,0.3132154150392228,no,Low
4092,35,services,married,unknown,yes,yes,cellular,jul,9,999,0,nonexistent,0.31319229520743314,no,Low
4093,51,technician,divorced,high.school,no,no,cellular,jul,4,999,0,nonexistent,0.3131829165218672,no,Low
4094,57,technician,married,professional.course,yes,no,cellular,jul,1,999,0,nonexistent,0.3131811191371976,no,Low
4095,26,management,single,university.degree,no,no,telephone,jun,1,999,0,nonexistent,0.3130048893392269,no,Low
4096,33,admin.,divorced,university.degree,no,yes,cellular,may,8,999,0,nonexistent,0.31299348571136765,no,Low
4097,29,admin.,married,university.degree,yes,no,cellular,aug,2,999,0,nonexistent,0.312921947316847,no,Low
4098,37,admin.,married,university.degree,no,no,cellular,nov,1,999,0,nonexistent,0.3128983952614049,no,Low
4099,35,admin.,married,university.degree,yes,no,cellular,aug,1,999,0,nonexistent,0.31287100863297757,no,Low
4100,45,admin.,single,high.school,yes,no,cellular,may,1,999,1,failure,0.3128533327508915,no,Low
4101,57,technician,married,professional.course,yes,no,cellular,nov,4,999,0,nonexistent,0.3127839229196727,no,Low
4102,42,admin.,single,high.school,yes,no,cellular,jul,3,999,0,nonexistent,0.3126912033855877,no,Low
4103,50,retired,married,university.degree,no,no,cellular,nov,3,999,0,nonexistent,0.3126881505383141,no,Low
4104,46,entrepreneur,married,university.degree,unknown,unknown,cellular,nov,1,999,0,nonexistent,0.3126302721601081,no,Low
4105,30,technician,single,high.school,no,no,cellular,aug,1,999,0,nonexistent,0.3126071374787673,no,Low
4106,46,blue-collar,married,basic.9y,no,no,cellular,aug,1,999,0,nonexistent,0.3125722771400399,no,Low
4107,48,management,married,university.degree,yes,no,cellular,nov,1,4,1,success,0.3125608958630597,no,Low
4108,31,blue-collar,married,basic.6y,no,no,cellular,aug,1,999,0,nonexistent,0.31255260605146284,no,Low
4109,41,self-employed,married,professional.course,yes,no,cellular,aug,3,999,0,nonexistent,0.3125314724510669,no,Low
4110,58,admin.,married,university.degree,no,no,cellular,jul,6,999,0,nonexistent,0.31252618754744677,no,Low
4111,43,technician,divorced,professional.course,yes,no,telephone,apr,5,999,1,failure,0.312507117008072,no,Low
4112,23,self-employed,single,basic.9y,no,no,cellular,may,11,999,0,nonexistent,0.31247808549630274,no,Low
4113,29,admin.,single,university.degree,yes,no,cellular,aug,7,999,0,nonexistent,0.31245974904609697,no,Low
4114,56,admin.,married,university.degree,no,no,telephone,jun,1,999,0,nonexistent,0.31245881532092495,no,Low
4115,49,blue-collar,married,basic.4y,yes,no,telephone,jun,2,999,0,nonexistent,0.3123267364240885,no,Low
4116,37,technician,single,university.degree,no,no,telephone,jun,3,999,0,nonexistent,0.31231457871032986,no,Low
4117,26,admin.,single,high.school,no,no,telephone,jun,3,999,0,nonexistent,0.3123041296589724,no,Low
4118,46,admin.,single,university.degree,yes,yes,cellular,jul,1,999,0,nonexistent,0.31224655620924974,no,Low
4119,40,entrepreneur,married,basic.4y,yes,no,cellular,jul,2,999,0,nonexistent,0.31222663174703325,no,Low
4120,33,admin.,married,university.degree,no,no,cellular,aug,9,999,0,nonexistent,0.31216102219908476,no,Low
4121,34,technician,married,high.school,yes,no,cellular,aug,3,999,0,nonexistent,0.31211393276785504,no,Low
4122,37,unemployed,married,basic.6y,yes,no,cellular,may,1,999,1,failure,0.3120417034413262,no,Low
4123,44,technician,married,professional.course,no,no,cellular,jul,1,999,0,nonexistent,0.3120152256797426,no,Low
4124,32,services,single,university.degree,yes,no,telephone,nov,2,999,0,nonexistent,0.312001158916541,no,Low
4125,41,technician,married,professional.course,yes,no,cellular,aug,2,999,0,nonexistent,0.311991013120214,no,Low
4126,41,admin.,divorced,university.degree,yes,no,cellular,aug,2,999,0,nonexistent,0.3119822398963097,no,Low
4127,32,blue-collar,married,high.school,yes,no,cellular,nov,1,999,0,nonexistent,0.3119723816708517,no,Low
4128,50,management,married,university.degree,no,no,cellular,aug,6,999,0,nonexistent,0.3119552851227088,no,Low
4129,38,blue-collar,divorced,basic.4y,yes,no,cellular,jul,5,999,0,nonexistent,0.3118860665275379,no,Low
4130,35,admin.,single,high.school,no,no,cellular,jul,12,999,0,nonexistent,0.31184738794513184,no,Low
4131,43,management,married,university.degree,no,no,cellular,aug,1,999,0,nonexistent,0.31184234516452025,no,Low
4132,46,blue-collar,divorced,professional.course,yes,no,cellular,aug,2,999,0,nonexistent,0.31177993698635426,no,Low
4133,47,management,married,university.degree,yes,no,cellular,nov,1,999,0,nonexistent,0.3117792685472492,no,Low
4134,42,blue-collar,married,high.school,no,yes,cellular,apr,5,999,1,failure,0.3117724779875667,no,Low
4135,36,technician,married,university.degree,no,no,cellular,nov,4,999,0,nonexistent,0.3117153251454469,no,Low
4136,35,technician,married,university.degree,yes,no,cellular,aug,1,999,0,nonexistent,0.311670715474031,no,Low
4137,50,admin.,divorced,university.degree,yes,no,cellular,aug,9,999,0,nonexistent,0.31162537319857675,no,Low
4138,52,services,married,basic.6y,no,yes,cellular,apr,2,999,2,failure,0.31161634272766203,no,Low
4139,39,services,married,unknown,yes,yes,cellular,jul,6,999,0,nonexistent,0.31160549809636906,no,Low
4140,45,technician,married,professional.course,yes,yes,cellular,aug,6,999,0,nonexistent,0.31154812659256426,no,Low
4141,51,entrepreneur,married,basic.9y,no,no,cellular,aug,1,999,0,nonexistent,0.3115059582078862,no,Low
4142,32,admin.,single,university.degree,no,no,cellular,aug,1,999,0,nonexistent,0.31149440985028687,no,Low
4143,39,technician,married,professional.course,no,no,cellular,aug,1,999,0,nonexistent,0.3114310707031967,no,Low
4144,49,self-employed,married,university.degree,no,no,cellular,nov,3,999,0,nonexistent,0.31135576254382413,no,Low
4145,27,blue-collar,single,basic.9y,yes,no,cellular,may,1,999,0,nonexistent,0.3113400091782754,no,Low
4146,41,blue-collar,married,basic.4y,yes,no,cellular,apr,1,999,1,failure,0.3113343658790331,no,Low
4147,53,blue-collar,married,basic.9y,no,no,cellular,nov,2,999,0,nonexistent,0.31126893064681127,no,Low
4148,53,retired,married,high.school,no,no,cellular,nov,3,999,0,nonexistent,0.31125383833442005,no,Low
4149,56,admin.,married,university.degree,yes,no,cellular,aug,6,999,0,nonexistent,0.31117457518563474,no,Low
4150,37,entrepreneur,married,basic.9y,yes,no,cellular,may,2,999,1,failure,0.31112525662680013,no,Low
4151,31,admin.,married,university.degree,no,no,cellular,aug,1,999,0,nonexistent,0.31100457438148216,no,Low
4152,60,retired,divorced,high.school,yes,yes,cellular,jul,2,999,0,nonexistent,0.3110010706538173,no,Low
4153,36,blue-collar,married,high.school,yes,no,cellular,nov,1,999,0,nonexistent,0.31095439614804427,no,Low
4154,45,technician,divorced,university.degree,no,no,cellular,aug,2,999,0,nonexistent,0.3108835342030541,no,Low
4155,36,management,married,unknown,yes,no,cellular,jul,1,999,0,nonexistent,0.3108538225503293,no,Low
4156,39,entrepreneur,married,professional.course,yes,no,cellular,nov,2,999,0,nonexistent,0.31085259085748335,no,Low
4157,39,services,married,basic.9y,yes,yes,telephone,apr,2,999,0,nonexistent,0.3108506888121746,no,Low
4158,57,self-employed,married,university.degree,yes,no,cellular,aug,2,999,0,nonexistent,0.31079884457636536,no,Low
4159,43,technician,married,basic.9y,yes,no,cellular,jul,1,999,0,nonexistent,0.3107906228216286,no,Low
4160,32,technician,married,university.degree,yes,yes,cellular,aug,3,999,0,nonexistent,0.31073391688503205,no,Low
4161,40,blue-collar,married,basic.4y,yes,no,cellular,jul,1,999,0,nonexistent,0.31071584122065105,no,Low
4162,54,admin.,divorced,high.school,no,yes,cellular,jul,4,999,0,nonexistent,0.31071314695886615,no,Low
4163,50,blue-collar,divorced,basic.4y,no,no,cellular,jul,5,999,0,nonexistent,0.31070863363978035,no,Low
4164,36,self-employed,married,high.school,no,no,cellular,aug,5,999,0,nonexistent,0.3106963763751224,no,Low
4165,30,admin.,single,university.degree,yes,no,cellular,aug,1,999,0,nonexistent,0.3106687910384808,no,Low
4166,39,services,married,unknown,unknown,unknown,cellular,jul,2,999,0,nonexistent,0.31061869495706984,no,Low
4167,33,management,married,university.degree,no,yes,telephone,jun,2,999,0,nonexistent,0.31055551689340927,no,Low
4168,34,admin.,married,university.degree,yes,no,cellular,aug,1,999,0,nonexistent,0.31053865756135834,no,Low
4169,34,admin.,married,university.degree,yes,no,cellular,aug,1,999,0,nonexistent,0.31053865756135834,no,Low
4170,42,blue-collar,married,basic.4y,no,no,cellular,jul,10,999,0,nonexistent,0.3105382546639874,no,Low
4171,48,technician,divorced,professional.course,yes,no,cellular,jul,4,999,0,nonexistent,0.31053625331976015,no,Low
4172,48,admin.,married,university.degree,yes,no,cellular,aug,9,999,0,nonexistent,0.31052502901532586,no,Low
4173,41,entrepreneur,divorced,professional.course,yes,no,cellular,jul,1,999,0,nonexistent,0.3105146775747639,no,Low
4174,28,admin.,single,high.school,yes,no,telephone,may,1,999,0,nonexistent,0.31050220156282793,no,Low
4175,49,technician,married,professional.course,yes,no,cellular,jul,1,999,0,nonexistent,0.3104814025829911,no,Low
4176,48,management,divorced,university.degree,no,no,cellular,may,2,999,1,failure,0.3104290548052834,no,Low
4177,60,management,married,university.degree,yes,no,cellular,jul,1,999,0,nonexistent,0.31041321602177646,no,Low
4178,48,blue-collar,married,basic.9y,yes,no,cellular,aug,3,999,0,nonexistent,0.310404713128601,no,Low
4179,52,admin.,married,university.degree,no,no,cellular,aug,1,999,0,nonexistent,0.3102457953655403,no,Low
4180,54,blue-collar,married,basic.4y,yes,no,cellular,aug,1,999,0,nonexistent,0.3102360735386105,no,Low
4181,54,blue-collar,married,basic.4y,yes,no,cellular,aug,1,999,0,nonexistent,0.3102360735386105,no,Low
4182,39,blue-collar,divorced,basic.9y,yes,no,cellular,may,1,999,0,nonexistent,0.3102297988713611,no,Low
4183,48,blue-collar,married,basic.4y,no,no,cellular,aug,7,999,0,nonexistent,0.31013549902835913,no,Low
4184,35,management,married,university.degree,unknown,unknown,cellular,aug,1,999,0,nonexistent,0.31012527880569873,no,Low
4185,53,self-employed,married,university.degree,yes,no,cellular,nov,4,999,0,nonexistent,0.31011955848492456,no,Low
4186,32,technician,single,professional.course,yes,no,cellular,jul,1,999,0,nonexistent,0.3101111793580737,no,Low
4187,33,technician,divorced,professional.course,yes,yes,cellular,aug,1,999,0,nonexistent,0.31006925572177035,no,Low
4188,29,technician,married,professional.course,yes,no,cellular,nov,2,999,0,nonexistent,0.31002024162245234,no,Low
4189,41,self-employed,married,university.degree,no,no,cellular,aug,3,999,0,nonexistent,0.3100040949271124,no,Low
4190,52,services,married,basic.9y,yes,yes,cellular,aug,5,999,0,nonexistent,0.30992961209216274,no,Low
4191,53,blue-collar,married,basic.4y,yes,no,cellular,aug,1,999,0,nonexistent,0.309911875556689,no,Low
4192,49,blue-collar,married,basic.9y,no,no,cellular,aug,5,999,0,nonexistent,0.30989911205456294,no,Low
4193,37,blue-collar,single,basic.9y,yes,no,cellular,may,1,999,1,failure,0.30987454306307155,no,Low
4194,52,services,married,high.school,yes,no,telephone,nov,1,999,0,nonexistent,0.30981081601195576,no,Low
4195,34,self-employed,married,university.degree,yes,no,cellular,nov,5,999,0,nonexistent,0.30978096856378134,no,Low
4196,37,blue-collar,divorced,basic.9y,yes,no,cellular,jul,4,999,0,nonexistent,0.30977340202741566,no,Low
4197,57,entrepreneur,married,unknown,no,no,cellular,jul,4,999,0,nonexistent,0.3097035363196221,no,Low
4198,44,technician,married,professional.course,no,no,cellular,aug,9,999,0,nonexistent,0.30963929437040005,no,Low
4199,50,admin.,married,basic.9y,no,no,cellular,nov,3,999,0,nonexistent,0.3096350114775837,no,Low
4200,56,technician,married,professional.course,yes,no,cellular,jul,1,999,0,nonexistent,0.309605938373629,no,Low
4201,35,admin.,single,university.degree,no,no,cellular,aug,1,999,0,nonexistent,0.3095890860041395,no,Low
4202,33,admin.,married,university.degree,no,no,cellular,aug,1,999,0,nonexistent,0.30955974794961977,no,Low
4203,37,entrepreneur,married,university.degree,no,no,cellular,nov,4,999,0,nonexistent,0.3095420604844148,no,Low
4204,56,self-employed,married,high.school,yes,no,cellular,aug,2,999,0,nonexistent,0.30953650729263865,no,Low
4205,53,entrepreneur,married,university.degree,yes,no,cellular,jul,1,999,0,nonexistent,0.309506586447051,no,Low
4206,30,unemployed,married,high.school,no,no,cellular,nov,1,999,0,nonexistent,0.3094908221170352,no,Low
4207,43,admin.,married,university.degree,no,no,cellular,aug,1,999,0,nonexistent,0.3093722267351267,no,Low
4208,39,technician,divorced,high.school,yes,no,cellular,may,8,999,1,failure,0.3093247993542392,no,Low
4209,59,admin.,divorced,basic.4y,yes,yes,cellular,jul,6,999,0,nonexistent,0.3093146430850219,no,Low
4210,45,blue-collar,married,basic.4y,no,no,cellular,aug,1,999,0,nonexistent,0.3093087355421966,no,Low
4211,39,self-employed,single,basic.9y,yes,no,cellular,jul,4,999,0,nonexistent,0.30929128440266135,no,Low
4212,38,entrepreneur,divorced,basic.9y,no,no,cellular,nov,2,999,0,nonexistent,0.3092740011947676,no,Low
4213,38,blue-collar,single,basic.9y,yes,no,cellular,jul,3,999,0,nonexistent,0.30922999925129496,no,Low
4214,36,admin.,married,university.degree,no,no,cellular,nov,2,999,0,nonexistent,0.309212267735008,no,Low
4215,29,unemployed,single,university.degree,yes,no,telephone,jun,2,999,0,nonexistent,0.30916118934978293,no,Low
4216,41,self-employed,married,basic.4y,no,no,cellular,jul,1,999,0,nonexistent,0.3091570931511327,no,Low
4217,48,blue-collar,married,basic.6y,no,no,telephone,jun,2,999,0,nonexistent,0.30911514737017226,no,Low
4218,40,services,married,basic.4y,no,no,cellular,may,1,999,1,failure,0.30911355675739405,no,Low
4219,31,admin.,single,high.school,yes,no,cellular,aug,3,999,0,nonexistent,0.3091047517771374,no,Low
4220,28,admin.,single,high.school,no,no,telephone,jun,8,999,0,nonexistent,0.30908133677577293,no,Low
4221,59,admin.,married,unknown,yes,no,cellular,jul,2,999,0,nonexistent,0.30904723580136784,no,Low
4222,44,management,married,high.school,yes,no,cellular,jul,6,999,0,nonexistent,0.3090435702729378,no,Low
4223,35,technician,married,professional.course,no,no,cellular,aug,6,999,0,nonexistent,0.3090076262960596,no,Low
4224,45,management,married,unknown,no,no,cellular,jul,3,999,0,nonexistent,0.30899474083749634,no,Low
4225,54,services,married,high.school,no,no,cellular,aug,4,999,0,nonexistent,0.30899255669990744,no,Low
4226,32,management,married,university.degree,no,no,telephone,jun,4,999,0,nonexistent,0.3089572597707484,no,Low
4227,31,technician,single,professional.course,unknown,unknown,cellular,aug,7,999,0,nonexistent,0.3088686334518526,no,Low
4228,37,admin.,married,university.degree,yes,yes,cellular,aug,2,999,0,nonexistent,0.3088538997764592,no,Low
4229,36,admin.,married,university.degree,yes,no,cellular,aug,1,999,0,nonexistent,0.3088176708092414,no,Low
4230,36,admin.,married,university.degree,no,no,cellular,aug,3,999,0,nonexistent,0.3088109197482961,no,Low
4231,49,services,married,high.school,no,no,cellular,aug,1,999,0,nonexistent,0.3088018535659609,no,Low
4232,46,admin.,married,university.degree,yes,no,cellular,jul,11,999,0,nonexistent,0.3087735754653567,no,Low
4233,46,blue-collar,married,basic.9y,no,no,cellular,aug,1,999,0,nonexistent,0.3087665303571618,no,Low
4234,53,self-employed,married,university.degree,yes,no,cellular,nov,4,999,0,nonexistent,0.30874300387809617,no,Low
4235,52,management,married,university.degree,yes,no,cellular,nov,3,999,0,nonexistent,0.3086894839563617,no,Low
4236,34,blue-collar,married,unknown,no,no,cellular,may,6,999,0,nonexistent,0.30866790470462685,no,Low
4237,37,blue-collar,married,basic.9y,no,no,telephone,jun,2,999,0,nonexistent,0.3086657444999388,no,Low
4238,34,technician,single,high.school,no,no,telephone,aug,2,999,0,nonexistent,0.3085068106004192,no,Low
4239,37,admin.,married,university.degree,no,no,cellular,aug,1,999,0,nonexistent,0.3084950251262763,no,Low
4240,38,blue-collar,single,university.degree,yes,no,telephone,jun,2,999,0,nonexistent,0.3084629520990827,no,Low
4241,46,admin.,married,university.degree,yes,no,cellular,aug,2,999,0,nonexistent,0.30845272576536253,no,Low
4242,36,admin.,married,university.degree,yes,no,cellular,aug,1,999,0,nonexistent,0.3084460419420283,no,Low
4243,43,entrepreneur,married,university.degree,yes,no,cellular,jul,1,999,0,nonexistent,0.30837644148628335,no,Low
4244,23,blue-collar,single,basic.9y,yes,no,telephone,jun,2,999,0,nonexistent,0.30829062121357453,no,Low
4245,35,technician,divorced,professional.course,no,no,cellular,nov,1,999,0,nonexistent,0.30826825663003066,no,Low
4246,52,admin.,married,unknown,no,no,cellular,aug,1,999,0,nonexistent,0.3082520113701338,no,Low
4247,55,self-employed,married,university.degree,no,no,cellular,may,3,999,1,failure,0.30825154503104074,no,Low
4248,47,blue-collar,married,basic.4y,yes,yes,cellular,may,1,999,0,nonexistent,0.3082434011474904,no,Low
4249,29,admin.,married,university.degree,no,no,telephone,jun,4,999,0,nonexistent,0.3082114035376497,no,Low
4250,25,blue-collar,married,basic.4y,yes,no,cellular,jul,1,999,0,nonexistent,0.30817182154924877,no,Low
4251,40,self-employed,married,university.degree,no,no,cellular,aug,2,999,0,nonexistent,0.3081297096428039,no,Low
4252,52,admin.,married,university.degree,yes,no,cellular,aug,11,999,0,nonexistent,0.30812116906068854,no,Low
4253,32,services,married,high.school,no,no,cellular,nov,1,999,0,nonexistent,0.3080788601776575,no,Low
4254,46,management,married,university.degree,yes,yes,cellular,may,4,999,0,nonexistent,0.308038097005501,no,Low
4255,38,blue-collar,married,basic.9y,no,no,telephone,jun,2,999,0,nonexistent,0.30801477099507757,no,Low
4256,30,technician,single,university.degree,yes,no,cellular,aug,2,999,0,nonexistent,0.3079896026397207,no,Low
4257,54,admin.,single,university.degree,no,no,cellular,aug,2,999,0,nonexistent,0.30798173922124344,no,Low
4258,48,blue-collar,married,unknown,yes,no,cellular,aug,10,999,0,nonexistent,0.30797455426839887,no,Low
4259,52,services,married,basic.6y,no,no,cellular,apr,1,999,1,failure,0.30796793989737914,no,Low
4260,32,admin.,single,university.degree,yes,yes,cellular,aug,2,999,0,nonexistent,0.3079181024757051,no,Low
4261,55,blue-collar,married,basic.9y,no,no,cellular,jul,3,999,0,nonexistent,0.30774363877524685,no,Low
4262,60,management,married,unknown,no,no,cellular,jul,1,999,0,nonexistent,0.30770086656208423,no,Low
4263,50,services,single,high.school,no,no,cellular,jul,7,999,0,nonexistent,0.30757916709097716,no,Low
4264,36,technician,divorced,university.degree,yes,no,cellular,aug,1,999,0,nonexistent,0.3075495386760951,no,Low
4265,48,entrepreneur,married,university.degree,yes,no,cellular,jul,1,999,0,nonexistent,0.30753170241578803,no,Low
4266,44,technician,married,professional.course,no,no,cellular,aug,6,999,0,nonexistent,0.30750187374040633,no,Low
4267,42,admin.,divorced,university.degree,yes,no,cellular,aug,3,999,0,nonexistent,0.3075004823431663,no,Low
4268,34,admin.,married,university.degree,no,no,cellular,aug,1,999,0,nonexistent,0.30746738293848297,no,Low
4269,43,management,married,university.degree,yes,no,cellular,aug,7,999,0,nonexistent,0.3074476702456173,no,Low
4270,45,admin.,married,high.school,yes,no,cellular,aug,1,999,0,nonexistent,0.3074081556906637,no,Low
4271,49,technician,married,university.degree,yes,no,cellular,jul,2,999,0,nonexistent,0.3073913374400686,no,Low
4272,51,blue-collar,married,basic.4y,yes,no,cellular,aug,2,999,0,nonexistent,0.30737519342241426,no,Low
4273,45,blue-collar,married,basic.4y,no,no,cellular,jul,5,999,0,nonexistent,0.3073257094428057,no,Low
4274,46,blue-collar,married,basic.6y,yes,no,cellular,aug,2,999,0,nonexistent,0.3073160133602319,no,Low
4275,48,blue-collar,single,basic.4y,no,yes,cellular,jul,1,999,0,nonexistent,0.30727801638331564,no,Low
4276,29,admin.,single,university.degree,no,no,telephone,jun,6,999,0,nonexistent,0.30722688227331335,no,Low
4277,31,management,married,university.degree,yes,no,cellular,aug,2,999,0,nonexistent,0.3071955009140318,no,Low
4278,35,entrepreneur,married,high.school,yes,no,cellular,nov,2,999,0,nonexistent,0.3071458909165059,no,Low
4279,46,technician,single,university.degree,no,no,cellular,aug,3,999,0,nonexistent,0.307130976422676,no,Low
4280,33,admin.,divorced,university.degree,no,no,cellular,aug,2,999,0,nonexistent,0.3070860717683125,no,Low
4281,34,admin.,single,university.degree,no,yes,cellular,aug,3,999,0,nonexistent,0.307046280061194,no,Low
4282,39,technician,married,professional.course,no,no,cellular,aug,1,999,0,nonexistent,0.3069756738414521,no,Low
4283,57,technician,divorced,professional.course,unknown,unknown,cellular,nov,1,999,0,nonexistent,0.30695726579545535,no,Low
4284,33,blue-collar,married,high.school,no,no,cellular,may,5,999,1,failure,0.30686679456010374,no,Low
4285,58,blue-collar,married,basic.4y,yes,no,cellular,jul,6,999,0,nonexistent,0.30686010424178556,no,Low
4286,24,technician,single,professional.course,yes,no,telephone,jun,2,999,0,nonexistent,0.30685075595929034,no,Low
4287,31,technician,married,professional.course,yes,no,cellular,aug,2,999,0,nonexistent,0.30678871928354423,no,Low
4288,31,admin.,married,university.degree,no,no,cellular,aug,5,999,0,nonexistent,0.30674341822607704,no,Low
4289,51,admin.,single,university.degree,yes,no,cellular,aug,11,999,0,nonexistent,0.3067431745755738,no,Low
4290,35,admin.,married,university.degree,no,no,cellular,aug,5,999,0,nonexistent,0.3067388981869151,no,Low
4291,36,admin.,single,high.school,yes,no,cellular,may,1,999,1,failure,0.30671685452769315,no,Low
4292,53,blue-collar,married,basic.4y,yes,no,cellular,aug,2,999,0,nonexistent,0.30667807243876727,no,Low
4293,39,technician,married,high.school,yes,no,cellular,jul,4,999,0,nonexistent,0.3066576552194464,no,Low
4294,32,admin.,married,university.degree,yes,yes,cellular,aug,1,999,0,nonexistent,0.30663141377581143,no,Low
4295,59,retired,divorced,university.degree,yes,no,cellular,jul,1,999,0,nonexistent,0.30663027612397864,no,Low
4296,34,admin.,married,university.degree,yes,no,cellular,aug,1,999,0,nonexistent,0.3066157202683187,no,Low
4297,31,technician,single,university.degree,no,no,telephone,jun,2,999,0,nonexistent,0.3065496478803129,no,Low
4298,55,blue-collar,married,basic.6y,unknown,unknown,cellular,jul,1,999,0,nonexistent,0.3064944237967882,no,Low
4299,47,retired,single,basic.6y,yes,yes,cellular,jul,3,999,0,nonexistent,0.30643041651230873,no,Low
4300,40,blue-collar,single,basic.9y,yes,yes,cellular,may,7,999,0,nonexistent,0.30636181938609364,no,Low
4301,34,technician,married,high.school,yes,no,cellular,aug,1,999,0,nonexistent,0.3063328965483651,no,Low
4302,31,unemployed,single,university.degree,no,no,cellular,aug,2,999,0,nonexistent,0.30631530302273124,no,Low
4303,26,blue-collar,married,basic.9y,no,no,cellular,may,2,999,2,failure,0.3062528608807088,no,Low
4304,31,blue-collar,married,basic.9y,yes,no,telephone,jun,2,999,0,nonexistent,0.3062428707703049,no,Low
4305,31,admin.,single,university.degree,yes,no,telephone,nov,1,999,0,nonexistent,0.306129255535421,no,Low
4306,58,retired,married,high.school,no,no,cellular,nov,1,999,0,nonexistent,0.3060668349040275,no,Low
4307,46,technician,divorced,university.degree,no,no,cellular,jul,2,999,0,nonexistent,0.3060283344686244,no,Low
4308,33,admin.,married,university.degree,yes,no,cellular,aug,1,999,0,nonexistent,0.3060263558471298,no,Low
4309,48,admin.,married,university.degree,yes,yes,cellular,aug,4,999,0,nonexistent,0.3059650089099725,no,Low
4310,39,admin.,single,high.school,no,no,cellular,aug,1,999,0,nonexistent,0.3059516945279211,no,Low
4311,30,admin.,single,university.degree,yes,no,cellular,aug,3,999,0,nonexistent,0.30594048027386206,no,Low
4312,40,unemployed,divorced,university.degree,yes,no,cellular,jul,2,999,0,nonexistent,0.3059362669708489,no,Low
4313,28,blue-collar,single,basic.9y,yes,no,telephone,jun,1,999,0,nonexistent,0.3058636533371587,no,Low
4314,50,technician,married,high.school,yes,no,cellular,aug,3,999,0,nonexistent,0.3058613544974008,no,Low
4315,35,blue-collar,married,basic.9y,yes,no,cellular,may,1,999,1,failure,0.30583243793707693,no,Low
4316,34,admin.,single,unknown,yes,no,cellular,may,1,999,1,failure,0.30580891904728813,no,Low
4317,36,technician,married,high.school,yes,no,cellular,aug,2,999,0,nonexistent,0.30578899038094154,no,Low
4318,49,admin.,married,university.degree,no,yes,cellular,aug,2,999,0,nonexistent,0.3057815565215789,no,Low
4319,36,technician,single,university.degree,no,no,cellular,aug,2,999,0,nonexistent,0.30575780036443306,no,Low
4320,30,technician,single,university.degree,yes,no,cellular,may,3,999,0,nonexistent,0.30571803888420024,no,Low
4321,38,technician,married,university.degree,no,no,telephone,jun,4,999,0,nonexistent,0.3056844613959368,no,Low
4322,45,blue-collar,married,basic.4y,yes,no,cellular,jul,2,999,0,nonexistent,0.30567336799844164,no,Low
4323,35,admin.,single,university.degree,yes,no,cellular,may,2,999,1,failure,0.3056579332892679,no,Low
4324,52,services,married,high.school,yes,no,cellular,jul,2,999,0,nonexistent,0.30564833503947286,no,Low
4325,57,admin.,single,unknown,no,no,cellular,jul,7,999,0,nonexistent,0.3056360257409723,no,Low
4326,25,admin.,single,high.school,yes,no,cellular,jul,11,999,0,nonexistent,0.3055732094403462,no,Low
4327,50,technician,married,high.school,no,no,cellular,jul,1,999,0,nonexistent,0.3055711671140605,no,Low
4328,59,retired,married,high.school,yes,no,cellular,aug,2,999,0,nonexistent,0.3055176875276058,no,Low
4329,29,technician,single,professional.course,no,no,cellular,aug,1,999,0,nonexistent,0.3054246602792918,no,Low
4330,41,technician,divorced,university.degree,yes,no,cellular,aug,4,999,0,nonexistent,0.3054182000195532,no,Low
4331,41,admin.,married,university.degree,no,yes,cellular,aug,3,999,0,nonexistent,0.3053933358340794,no,Low
4332,47,admin.,married,university.degree,no,no,cellular,aug,1,999,0,nonexistent,0.3053770861379568,no,Low
4333,34,admin.,single,university.degree,no,no,cellular,aug,1,999,0,nonexistent,0.3052903350711868,no,Low
4334,41,blue-collar,married,basic.9y,yes,no,cellular,may,4,999,1,failure,0.30521798663065886,no,Low
4335,34,self-employed,married,university.degree,no,no,telephone,jun,2,999,0,nonexistent,0.30519730200940204,no,Low
4336,48,blue-collar,married,basic.4y,yes,no,cellular,aug,3,999,0,nonexistent,0.3051850251346125,no,Low
4337,32,housemaid,single,high.school,no,no,telephone,jun,2,999,0,nonexistent,0.3051601336820697,no,Low
4338,36,self-employed,married,basic.6y,no,no,cellular,aug,7,999,0,nonexistent,0.30515377263468396,no,Low
4339,54,admin.,married,high.school,yes,no,cellular,aug,1,999,0,nonexistent,0.30512627796756725,no,Low
4340,33,admin.,single,university.degree,yes,no,cellular,aug,3,999,0,nonexistent,0.30505612674484167,no,Low
4341,47,admin.,married,university.degree,yes,no,cellular,aug,1,999,0,nonexistent,0.3050444335920632,no,Low
4342,31,admin.,divorced,university.degree,no,no,cellular,aug,1,999,0,nonexistent,0.30499304620805034,no,Low
4343,54,housemaid,married,basic.9y,yes,yes,cellular,nov,2,999,0,nonexistent,0.3049801387086127,no,Low
4344,45,services,married,high.school,no,no,cellular,aug,2,999,0,nonexistent,0.3048476464756614,no,Low
4345,37,management,married,university.degree,no,no,telephone,jun,1,999,0,nonexistent,0.3047964275418303,no,Low
4346,39,admin.,single,high.school,no,yes,cellular,aug,1,999,0,nonexistent,0.30479232837100534,no,Low
4347,57,technician,divorced,professional.course,yes,yes,cellular,jul,1,999,0,nonexistent,0.3047813707416895,no,Low
4348,39,admin.,single,university.degree,no,no,telephone,jun,2,999,0,nonexistent,0.30477114454206106,no,Low
4349,38,technician,married,professional.course,no,no,cellular,aug,2,999,0,nonexistent,0.30475439368128227,no,Low
4350,32,technician,married,university.degree,yes,no,cellular,aug,2,999,0,nonexistent,0.30466724696846476,no,Low
4351,29,admin.,single,university.degree,yes,no,cellular,aug,1,999,0,nonexistent,0.3046603739623364,no,Low
4352,47,technician,divorced,high.school,no,yes,cellular,jul,5,999,0,nonexistent,0.3046598768701588,no,Low
4353,48,blue-collar,married,basic.9y,yes,yes,cellular,may,1,999,1,failure,0.3046462330065485,no,Low
4354,33,admin.,married,high.school,no,no,telephone,jun,4,999,0,nonexistent,0.3046340342553849,no,Low
4355,56,retired,married,basic.4y,no,no,telephone,jun,2,999,0,nonexistent,0.30459117529104657,no,Low
4356,35,entrepreneur,married,university.degree,no,no,telephone,jun,1,999,0,nonexistent,0.3045232533117686,no,Low
4357,57,technician,married,basic.9y,yes,yes,cellular,jul,6,999,0,nonexistent,0.30447123067096804,no,Low
4358,41,technician,single,university.degree,no,no,cellular,nov,3,999,1,failure,0.30444383935530844,no,Low
4359,38,blue-collar,single,basic.9y,no,no,telephone,jun,2,999,0,nonexistent,0.30441153878629723,no,Low
4360,39,services,single,university.degree,yes,no,cellular,nov,3,999,0,nonexistent,0.30437272611408406,no,Low
4361,35,admin.,married,high.school,no,no,cellular,nov,1,999,0,nonexistent,0.3043016679071618,no,Low
4362,35,admin.,married,university.degree,yes,no,cellular,aug,3,999,0,nonexistent,0.30429915248581235,no,Low
4363,49,blue-collar,married,basic.4y,yes,no,cellular,aug,1,999,0,nonexistent,0.30429628984888407,no,Low
4365,47,technician,divorced,high.school,yes,no,cellular,jul,2,999,0,nonexistent,0.304284973981794,no,Low
4364,47,technician,divorced,high.school,yes,no,cellular,jul,2,999,0,nonexistent,0.304284973981794,no,Low
4366,48,blue-collar,married,basic.9y,no,no,cellular,aug,3,999,0,nonexistent,0.3042565327546957,no,Low
4367,33,unknown,married,unknown,yes,no,cellular,aug,2,999,0,nonexistent,0.3041676369025069,no,Low
4368,38,admin.,married,university.degree,no,no,telephone,jun,2,999,0,nonexistent,0.3041114861926144,no,Low
4369,44,management,married,university.degree,yes,no,cellular,aug,5,999,0,nonexistent,0.30409587758186274,no,Low
4370,29,services,single,university.degree,no,yes,telephone,jun,1,999,0,nonexistent,0.3040445337342453,no,Low
4371,30,blue-collar,married,basic.9y,yes,no,cellular,may,1,999,0,nonexistent,0.30397231377756534,no,Low
4372,24,student,single,high.school,no,no,cellular,jul,1,999,0,nonexistent,0.3039678022144563,no,Low
4373,35,technician,married,professional.course,yes,no,cellular,aug,3,999,0,nonexistent,0.30395055465125814,no,Low
4374,29,self-employed,single,university.degree,yes,no,cellular,nov,4,999,1,failure,0.3039261168295154,no,Low
4375,50,management,married,university.degree,unknown,unknown,cellular,jul,2,999,0,nonexistent,0.30391476730057043,no,Low
4376,41,blue-collar,married,basic.9y,no,yes,cellular,apr,1,999,1,failure,0.30390884679603364,no,Low
4377,55,services,married,basic.4y,yes,no,cellular,aug,1,999,0,nonexistent,0.30388938415088573,no,Low
4378,45,technician,married,professional.course,yes,no,cellular,aug,4,999,0,nonexistent,0.3038363493686465,no,Low
4379,46,blue-collar,single,basic.9y,no,no,cellular,jul,1,999,0,nonexistent,0.3037997760944369,no,Low
4380,52,admin.,married,high.school,no,no,cellular,nov,2,999,0,nonexistent,0.3037450060800972,no,Low
4381,48,admin.,single,university.degree,no,no,cellular,nov,1,999,0,nonexistent,0.3037102654464161,no,Low
4382,44,technician,married,professional.course,unknown,unknown,cellular,aug,3,999,0,nonexistent,0.30370422284679904,no,Low
4383,39,entrepreneur,married,high.school,no,yes,telephone,may,3,999,0,nonexistent,0.30365453696152894,no,Low
4384,49,technician,married,professional.course,yes,yes,cellular,jul,1,999,0,nonexistent,0.3036054219835799,no,Low
4385,57,services,married,professional.course,yes,no,cellular,aug,3,999,0,nonexistent,0.3035674810596539,no,Low
4386,44,blue-collar,married,basic.9y,no,no,cellular,aug,3,999,0,nonexistent,0.30351531667864307,no,Low
4387,30,admin.,single,university.degree,no,yes,cellular,aug,2,999,0,nonexistent,0.303411736920058,no,Low
4388,35,technician,single,university.degree,no,no,cellular,aug,1,999,0,nonexistent,0.3034042630705084,no,Low
4389,33,admin.,married,university.degree,yes,no,cellular,aug,3,999,0,nonexistent,0.3033762179847749,no,Low
4390,52,retired,married,basic.4y,unknown,unknown,cellular,jul,4,999,0,nonexistent,0.30335816266544624,no,Low
4391,45,management,married,basic.9y,yes,no,cellular,may,1,999,0,nonexistent,0.30325758947913994,no,Low
4392,35,technician,married,high.school,no,no,cellular,aug,1,999,0,nonexistent,0.30322775069869184,no,Low
4393,36,admin.,single,high.school,yes,yes,cellular,jul,5,999,0,nonexistent,0.30321219394384696,no,Low
4394,29,admin.,single,university.degree,no,no,cellular,aug,3,999,0,nonexistent,0.30317135922028093,no,Low
4395,47,self-employed,married,university.degree,yes,no,cellular,aug,1,999,0,nonexistent,0.303104554611729,no,Low
4396,55,admin.,married,professional.course,no,no,cellular,aug,4,999,0,nonexistent,0.30306771862508247,no,Low
4397,54,management,married,basic.6y,no,no,telephone,jun,3,999,0,nonexistent,0.3030650085333311,no,Low
4398,55,blue-collar,married,basic.9y,yes,no,cellular,aug,4,999,0,nonexistent,0.3030504145817042,no,Low
4399,53,blue-collar,married,basic.6y,yes,no,cellular,aug,6,999,0,nonexistent,0.30300350420774896,no,Low
4400,34,admin.,single,university.degree,no,no,cellular,aug,3,999,0,nonexistent,0.3030022865370988,no,Low
4401,32,admin.,married,university.degree,yes,yes,cellular,aug,2,999,0,nonexistent,0.30299467831610893,no,Low
4402,45,admin.,married,high.school,yes,yes,cellular,aug,3,999,0,nonexistent,0.3029788132437894,no,Low
4403,58,unemployed,divorced,high.school,no,no,cellular,jul,4,999,0,nonexistent,0.30297542490037493,no,Low
4404,35,technician,single,professional.course,yes,no,cellular,aug,1,999,0,nonexistent,0.30291048338523696,no,Low
4405,44,blue-collar,married,basic.4y,yes,no,cellular,jul,1,999,0,nonexistent,0.30286766106090246,no,Low
4406,29,admin.,single,university.degree,no,no,cellular,aug,1,999,0,nonexistent,0.3028668180093631,no,Low
4407,29,admin.,single,university.degree,yes,no,cellular,aug,4,999,0,nonexistent,0.30281624399163,no,Low
4408,30,blue-collar,married,basic.9y,no,no,cellular,nov,2,999,0,nonexistent,0.3027699881480964,no,Low
4409,45,services,married,basic.9y,no,yes,cellular,jul,1,999,0,nonexistent,0.3027305550746053,no,Low
4410,44,blue-collar,married,basic.4y,yes,no,cellular,aug,1,999,0,nonexistent,0.30272051538453026,no,Low
4411,34,blue-collar,married,basic.6y,no,no,telephone,jun,3,999,0,nonexistent,0.3026964725378309,no,Low
4412,53,admin.,married,high.school,no,no,cellular,nov,2,999,0,nonexistent,0.30269529344228724,no,Low
4413,57,blue-collar,married,basic.4y,no,no,telephone,jun,2,999,0,nonexistent,0.30269279784827974,no,Low
4414,59,blue-collar,married,basic.9y,yes,no,cellular,aug,2,999,0,nonexistent,0.3026170525384226,no,Low
4415,31,technician,married,university.degree,yes,no,telephone,may,4,999,0,nonexistent,0.3026028083138291,no,Low
4416,35,admin.,single,high.school,yes,yes,cellular,may,1,999,1,failure,0.30260108453044215,no,Low
4417,41,technician,divorced,university.degree,no,no,cellular,aug,1,999,0,nonexistent,0.30258194427905466,no,Low
4418,49,technician,married,professional.course,no,no,cellular,aug,2,999,0,nonexistent,0.30258190377411814,no,Low
4419,41,admin.,married,university.degree,no,no,cellular,aug,5,999,0,nonexistent,0.30257710414628114,no,Low
4420,30,technician,single,professional.course,yes,no,cellular,aug,5,999,0,nonexistent,0.3025229792251669,no,Low
4421,46,management,single,university.degree,no,yes,cellular,nov,8,999,0,nonexistent,0.302510515190516,no,Low
4422,34,technician,single,professional.course,yes,no,cellular,may,6,999,0,nonexistent,0.3025016105335835,no,Low
4423,41,services,single,high.school,unknown,unknown,cellular,may,2,999,1,failure,0.3024900504383425,no,Low
4424,38,entrepreneur,married,basic.9y,no,yes,cellular,jul,2,999,0,nonexistent,0.3024583240270058,no,Low
4425,30,blue-collar,married,basic.6y,yes,no,telephone,may,3,999,0,nonexistent,0.30245540496065604,no,Low
4426,55,unknown,married,basic.4y,no,no,telephone,jun,7,999,0,nonexistent,0.3024467698246886,no,Low
4427,30,blue-collar,married,basic.4y,yes,no,cellular,jul,5,999,0,nonexistent,0.30241384128932636,no,Low
4428,35,admin.,married,university.degree,no,no,telephone,jun,3,999,0,nonexistent,0.30241359712862265,no,Low
4429,38,blue-collar,married,basic.9y,no,no,telephone,jun,1,999,0,nonexistent,0.30240466801664795,no,Low
4430,42,entrepreneur,married,professional.course,yes,no,cellular,jul,7,999,0,nonexistent,0.30239237442209715,no,Low
4431,47,admin.,married,high.school,yes,yes,cellular,aug,6,999,0,nonexistent,0.30239213701886525,no,Low
4432,36,technician,married,high.school,yes,no,cellular,aug,1,999,0,nonexistent,0.3023034781656926,no,Low
4433,29,technician,married,university.degree,yes,yes,cellular,aug,2,999,0,nonexistent,0.30225753362593705,no,Low
4434,49,entrepreneur,married,university.degree,yes,yes,cellular,may,3,999,0,nonexistent,0.302255521290709,no,Low
4435,46,admin.,divorced,basic.6y,no,no,cellular,may,7,999,1,failure,0.30224466108857945,no,Low
4436,53,admin.,married,university.degree,no,no,cellular,aug,1,999,0,nonexistent,0.30222911316734236,no,Low
4437,33,unemployed,married,high.school,yes,yes,cellular,jul,8,999,0,nonexistent,0.3022175647149693,no,Low
4438,34,management,married,university.degree,no,no,cellular,may,8,999,0,nonexistent,0.3022081118434939,no,Low
4439,41,admin.,single,high.school,yes,yes,telephone,may,2,999,0,nonexistent,0.3022035776874638,no,Low
4440,29,admin.,single,university.degree,no,yes,cellular,aug,1,999,0,nonexistent,0.30219562322658633,no,Low
4441,42,management,married,basic.9y,yes,no,cellular,jul,1,999,0,nonexistent,0.3021864164283169,no,Low
4442,43,management,married,university.degree,no,no,cellular,may,2,999,1,failure,0.3021663300652253,no,Low
4443,29,admin.,single,high.school,yes,yes,telephone,may,3,999,0,nonexistent,0.3021607217898652,no,Low
4444,40,technician,married,professional.course,no,no,cellular,aug,3,999,0,nonexistent,0.3021464517154353,no,Low
4445,40,admin.,divorced,university.degree,yes,yes,cellular,aug,1,999,0,nonexistent,0.30213021533282386,no,Low
4446,39,technician,married,professional.course,yes,no,cellular,may,2,999,0,nonexistent,0.30207723635016753,no,Low
4447,36,technician,single,professional.course,yes,no,cellular,aug,1,999,0,nonexistent,0.3020704691028939,no,Low
4448,35,technician,married,professional.course,yes,no,cellular,aug,2,999,0,nonexistent,0.30188595978941263,no,Low
4449,28,services,single,high.school,no,no,telephone,jun,3,999,0,nonexistent,0.30186145016219557,no,Low
4450,38,admin.,married,university.degree,no,no,telephone,may,6,999,0,nonexistent,0.301850387122027,no,Low
4451,54,admin.,single,university.degree,no,no,cellular,nov,1,999,0,nonexistent,0.30183212430107137,no,Low
4452,27,self-employed,single,university.degree,no,yes,telephone,jun,4,999,0,nonexistent,0.30176390409004333,no,Low
4453,35,admin.,married,university.degree,yes,no,cellular,nov,1,999,0,nonexistent,0.30175571878862384,no,Low
4454,31,admin.,single,university.degree,unknown,unknown,cellular,jul,2,999,0,nonexistent,0.30174774391504494,no,Low
4455,45,management,divorced,high.school,no,yes,cellular,aug,1,999,0,nonexistent,0.3017332483442102,no,Low
4456,31,blue-collar,married,basic.9y,no,yes,cellular,nov,1,999,0,nonexistent,0.3017111405513793,no,Low
4457,46,admin.,single,university.degree,yes,no,cellular,jul,1,999,0,nonexistent,0.3016749950148706,no,Low
4458,33,services,married,high.school,yes,no,cellular,nov,2,999,0,nonexistent,0.3016532527075485,no,Low
4460,33,admin.,single,university.degree,no,no,cellular,aug,1,999,0,nonexistent,0.3016167918865573,no,Low
4459,33,admin.,single,university.degree,no,no,cellular,aug,1,999,0,nonexistent,0.3016167918865573,no,Low
4461,32,services,married,basic.6y,yes,no,telephone,nov,2,999,0,nonexistent,0.30156582683054667,no,Low
4462,48,blue-collar,married,basic.9y,yes,yes,cellular,may,4,999,1,failure,0.30154844917091056,no,Low
4463,31,blue-collar,married,basic.6y,no,no,telephone,jun,5,999,0,nonexistent,0.30154086401984936,no,Low
4464,43,technician,married,professional.course,yes,no,cellular,aug,2,999,0,nonexistent,0.30150266033730305,no,Low
4465,31,technician,single,university.degree,yes,no,cellular,aug,4,999,0,nonexistent,0.3014702129952307,no,Low
4466,33,blue-collar,married,basic.9y,yes,no,cellular,may,1,999,0,nonexistent,0.30146529827798363,no,Low
4467,47,retired,married,high.school,yes,no,cellular,nov,1,999,0,nonexistent,0.30146424490909907,no,Low
4468,47,technician,single,high.school,no,no,cellular,aug,1,999,0,nonexistent,0.30144927452226367,no,Low
4469,42,self-employed,single,university.degree,no,no,cellular,nov,4,999,0,nonexistent,0.3013782577474775,no,Low
4471,39,management,married,university.degree,no,no,cellular,nov,1,999,0,nonexistent,0.3013370280012134,no,Low
4470,39,management,married,university.degree,no,no,cellular,nov,1,999,0,nonexistent,0.3013370280012134,no,Low
4472,52,blue-collar,married,basic.9y,no,no,cellular,aug,1,999,0,nonexistent,0.3013060386970185,no,Low
4473,37,technician,single,professional.course,yes,no,cellular,aug,1,999,0,nonexistent,0.3012777831591887,no,Low
4474,45,services,married,high.school,yes,yes,telephone,aug,2,999,0,nonexistent,0.3012443845581729,no,Low
4475,30,technician,single,university.degree,no,no,cellular,aug,5,999,0,nonexistent,0.3012278228655036,no,Low
4476,36,technician,single,university.degree,no,no,telephone,nov,1,999,0,nonexistent,0.30122352169704997,no,Low
4477,56,blue-collar,married,basic.4y,no,no,telephone,jun,1,999,0,nonexistent,0.3011950803323586,no,Low
4478,50,technician,married,university.degree,yes,no,cellular,nov,2,999,0,nonexistent,0.3011866710558871,no,Low
4479,39,technician,married,high.school,yes,no,cellular,nov,3,999,0,nonexistent,0.3011725724439195,no,Low
4480,30,technician,married,high.school,yes,no,cellular,aug,5,999,0,nonexistent,0.3011272848258624,no,Low
4481,38,management,single,basic.9y,yes,no,cellular,nov,2,999,0,nonexistent,0.30095479611371073,no,Low
4482,30,self-employed,married,professional.course,no,no,cellular,aug,1,999,0,nonexistent,0.3009050687349057,no,Low
4483,42,admin.,married,high.school,yes,no,cellular,nov,2,999,0,nonexistent,0.30089159896200207,no,Low
4484,48,admin.,married,high.school,yes,no,cellular,aug,1,999,0,nonexistent,0.30082652679340854,no,Low
4485,35,technician,married,university.degree,yes,no,cellular,nov,2,999,0,nonexistent,0.30082411537404286,no,Low
4486,37,unemployed,single,university.degree,yes,yes,cellular,nov,1,999,0,nonexistent,0.3008017432981868,no,Low
4487,40,technician,single,professional.course,yes,no,cellular,may,3,999,0,nonexistent,0.3008006018236165,no,Low
4488,37,blue-collar,married,high.school,yes,no,cellular,may,1,999,1,failure,0.3007890146729959,no,Low
4489,35,technician,single,professional.course,yes,no,cellular,aug,1,999,0,nonexistent,0.30075197136010495,no,Low
4490,35,technician,single,professional.course,yes,no,cellular,aug,1,999,0,nonexistent,0.30075197136010495,no,Low
4491,32,technician,married,high.school,yes,no,cellular,aug,3,999,0,nonexistent,0.30057398886755654,no,Low
4492,32,technician,married,high.school,yes,no,cellular,aug,3,999,0,nonexistent,0.30057398886755654,no,Low
4493,25,admin.,single,high.school,yes,no,telephone,jun,3,999,0,nonexistent,0.3005376111435756,no,Low
4494,32,unemployed,married,university.degree,yes,no,cellular,aug,4,999,0,nonexistent,0.3005269903694068,no,Low
4495,34,technician,single,professional.course,yes,no,cellular,aug,1,999,0,nonexistent,0.3004963892835334,no,Low
4496,35,entrepreneur,married,basic.6y,yes,no,telephone,jun,2,999,0,nonexistent,0.3004647793091197,no,Low
4497,38,technician,married,university.degree,no,no,cellular,aug,1,999,0,nonexistent,0.3004317782527923,no,Low
4498,32,blue-collar,married,high.school,yes,no,telephone,nov,1,999,0,nonexistent,0.300378919528805,no,Low
4499,50,admin.,married,university.degree,no,yes,cellular,aug,4,999,0,nonexistent,0.30037074441001965,no,Low
4500,59,management,married,university.degree,no,no,cellular,aug,1,999,0,nonexistent,0.3003386473910789,no,Low
4501,55,blue-collar,married,basic.9y,unknown,unknown,cellular,aug,2,999,0,nonexistent,0.30030144384902935,no,Low
4502,43,entrepreneur,married,professional.course,no,no,cellular,nov,1,999,0,nonexistent,0.30029899096638507,no,Low
4503,33,blue-collar,single,professional.course,no,no,cellular,may,6,999,0,nonexistent,0.30025918834022625,no,Low
4504,32,admin.,single,university.degree,no,no,cellular,aug,1,999,0,nonexistent,0.30023669779028284,no,Low
4505,49,blue-collar,married,basic.4y,yes,no,cellular,jul,3,999,0,nonexistent,0.3002146851656454,no,Low
4506,47,admin.,married,high.school,yes,yes,cellular,aug,1,999,0,nonexistent,0.30020332742422057,no,Low
4507,40,admin.,divorced,university.degree,unknown,unknown,cellular,jul,1,999,0,nonexistent,0.3001762159880546,no,Low
4508,34,admin.,married,university.degree,yes,no,cellular,nov,1,999,0,nonexistent,0.30015088893132646,no,Low
4509,33,technician,single,basic.9y,no,no,cellular,nov,3,999,0,nonexistent,0.3000552607452913,no,Low
4510,29,admin.,married,university.degree,yes,yes,cellular,aug,1,999,0,nonexistent,0.3000455350228369,no,Low
4511,24,admin.,single,high.school,yes,no,cellular,jul,1,999,0,nonexistent,0.3000384009072245,no,Low
4512,46,self-employed,married,university.degree,yes,no,cellular,aug,3,999,0,nonexistent,0.299883986140082,no,Low
4513,39,blue-collar,married,basic.6y,no,no,telephone,jun,1,999,0,nonexistent,0.2998364587610752,no,Low
4514,43,admin.,married,unknown,yes,no,cellular,jul,1,999,0,nonexistent,0.29982437918268956,no,Low
4515,41,blue-collar,married,unknown,yes,no,cellular,jul,1,999,0,nonexistent,0.2998224825912628,no,Low
4516,39,blue-collar,married,basic.6y,no,no,telephone,jun,1,999,0,nonexistent,0.2997955239658908,no,Low
4517,42,admin.,married,university.degree,yes,no,cellular,aug,2,999,0,nonexistent,0.2996467509668284,no,Low
4518,50,unemployed,married,basic.9y,yes,no,telephone,aug,1,999,0,nonexistent,0.2996124436477693,no,Low
4519,40,technician,married,professional.course,no,no,telephone,jun,6,999,0,nonexistent,0.2995739194006402,no,Low
4520,45,blue-collar,married,basic.4y,yes,no,cellular,jul,3,999,0,nonexistent,0.2995471541254874,no,Low
4521,59,management,married,university.degree,no,no,cellular,aug,3,999,0,nonexistent,0.29953644385592043,no,Low
4522,42,technician,single,university.degree,yes,yes,cellular,aug,8,999,0,nonexistent,0.2995335519963065,no,Low
4523,32,blue-collar,married,basic.9y,no,no,cellular,nov,2,999,0,nonexistent,0.29953202631696235,no,Low
4524,39,blue-collar,married,basic.6y,no,no,telephone,jun,4,999,0,nonexistent,0.2995283204140908,no,Low
4525,46,blue-collar,married,basic.4y,no,no,telephone,may,2,999,0,nonexistent,0.2994239298220167,no,Low
4526,30,technician,single,university.degree,no,no,cellular,aug,2,999,0,nonexistent,0.2994197855301624,no,Low
4527,44,blue-collar,married,basic.4y,yes,yes,cellular,aug,1,999,0,nonexistent,0.2993945987372227,no,Low
4528,53,admin.,married,high.school,yes,no,cellular,nov,2,999,0,nonexistent,0.29937133969167007,no,Low
4529,58,retired,married,unknown,yes,no,cellular,jul,1,999,0,nonexistent,0.29934839850270895,no,Low
4530,42,blue-collar,married,basic.9y,no,no,telephone,jun,1,999,0,nonexistent,0.29930533622927324,no,Low
4531,36,technician,married,basic.9y,no,no,telephone,jun,4,999,0,nonexistent,0.29930252448685135,no,Low
4532,54,technician,married,professional.course,no,no,cellular,aug,3,999,0,nonexistent,0.299244958729644,no,Low
4533,37,admin.,single,university.degree,yes,no,cellular,aug,7,999,0,nonexistent,0.29913510758054024,no,Low
4534,38,unknown,married,unknown,yes,no,cellular,aug,3,999,0,nonexistent,0.2990596805812233,no,Low
4535,32,technician,single,high.school,yes,no,cellular,aug,2,999,0,nonexistent,0.2990376736680715,no,Low
4536,50,unemployed,married,high.school,no,no,cellular,nov,3,999,0,nonexistent,0.29900889053615753,no,Low
4537,55,housemaid,married,high.school,yes,no,cellular,may,8,999,2,failure,0.2990057987419388,no,Low
4538,47,technician,married,high.school,yes,no,cellular,jul,3,999,0,nonexistent,0.29896807792330726,no,Low
4539,32,admin.,single,university.degree,no,no,cellular,aug,3,999,0,nonexistent,0.2989538175562286,no,Low
4540,49,blue-collar,married,basic.9y,no,no,cellular,may,2,999,2,failure,0.2988736256490205,no,Low
4541,50,unknown,married,basic.4y,no,yes,cellular,may,4,999,1,failure,0.2988731878174799,no,Low
4542,51,management,married,high.school,no,no,cellular,aug,1,999,0,nonexistent,0.2988665958748396,no,Low
4543,46,technician,married,professional.course,no,no,cellular,nov,2,999,0,nonexistent,0.2987667198282666,no,Low
4544,33,unemployed,married,high.school,yes,no,cellular,jul,9,999,0,nonexistent,0.2987250067123085,no,Low
4545,53,technician,married,professional.course,no,yes,cellular,jul,11,999,0,nonexistent,0.29870074626338633,no,Low
4546,48,management,married,unknown,yes,yes,cellular,nov,3,999,0,nonexistent,0.2986792766696576,no,Low
4547,53,management,married,high.school,no,no,cellular,nov,1,999,1,failure,0.29866993877596343,no,Low
4548,39,admin.,divorced,university.degree,no,no,cellular,aug,1,999,0,nonexistent,0.29865827472755546,no,Low
4549,58,blue-collar,married,basic.4y,yes,no,cellular,may,2,999,1,failure,0.298586915450397,no,Low
4550,51,admin.,married,university.degree,yes,no,cellular,nov,3,999,0,nonexistent,0.2985678056525085,no,Low
4551,27,blue-collar,single,high.school,unknown,unknown,cellular,jul,3,999,0,nonexistent,0.2985261474265139,no,Low
4552,35,technician,married,professional.course,no,no,cellular,nov,3,999,0,nonexistent,0.29845904733643486,no,Low
4553,27,blue-collar,single,basic.6y,yes,yes,telephone,jun,3,999,0,nonexistent,0.29845869669587577,no,Low
4554,29,admin.,single,university.degree,no,no,telephone,jun,1,999,0,nonexistent,0.29843574260132694,no,Low
4555,39,admin.,single,university.degree,yes,no,cellular,aug,1,999,0,nonexistent,0.29843560364143523,no,Low
4556,41,technician,divorced,professional.course,yes,no,cellular,aug,4,999,0,nonexistent,0.2984010537095593,no,Low
4557,40,unemployed,divorced,university.degree,yes,no,cellular,jul,1,999,0,nonexistent,0.2983946948624362,no,Low
4558,45,blue-collar,married,basic.4y,yes,no,cellular,aug,7,999,0,nonexistent,0.298285852780126,no,Low
4559,32,admin.,married,university.degree,yes,no,cellular,aug,1,999,0,nonexistent,0.29824733996833164,no,Low
4560,32,technician,married,university.degree,yes,no,cellular,jul,6,999,0,nonexistent,0.2981969546227029,no,Low
4561,36,technician,single,university.degree,no,no,cellular,aug,5,999,0,nonexistent,0.2981835251890607,no,Low
4562,39,technician,married,university.degree,no,no,cellular,aug,1,999,0,nonexistent,0.2981216144627213,no,Low
4563,29,admin.,married,high.school,yes,no,cellular,nov,1,999,0,nonexistent,0.2981145307315124,no,Low
4564,56,technician,married,unknown,yes,no,cellular,jul,4,999,0,nonexistent,0.2980643068495121,no,Low
4565,33,technician,married,high.school,yes,no,cellular,aug,1,999,0,nonexistent,0.2979828749463996,no,Low
4566,46,entrepreneur,married,university.degree,yes,no,cellular,nov,2,999,0,nonexistent,0.29791980633264664,no,Low
4567,47,technician,single,unknown,no,no,cellular,jul,2,999,0,nonexistent,0.2977886880835168,no,Low
4568,39,admin.,married,university.degree,no,no,cellular,nov,2,999,0,nonexistent,0.2977702234748457,no,Low
4569,48,technician,married,university.degree,yes,no,cellular,aug,2,999,0,nonexistent,0.29776414914205723,no,Low
4570,35,blue-collar,married,high.school,yes,yes,cellular,nov,2,999,0,nonexistent,0.29775740903026693,no,Low
4571,40,blue-collar,single,basic.6y,yes,no,cellular,apr,3,999,1,failure,0.29773253310568837,no,Low
4572,29,admin.,single,university.degree,no,no,cellular,aug,4,999,0,nonexistent,0.29766646254804047,no,Low
4573,32,student,single,high.school,yes,no,cellular,jul,2,999,0,nonexistent,0.29765846068281465,no,Low
4574,36,blue-collar,single,basic.9y,yes,no,cellular,may,4,999,0,nonexistent,0.29758914776472,no,Low
4575,32,technician,single,university.degree,yes,no,cellular,aug,4,999,0,nonexistent,0.29753672894273353,no,Low
4576,47,blue-collar,married,basic.4y,no,no,cellular,aug,1,999,0,nonexistent,0.2974968302850539,no,Low
4577,37,blue-collar,single,basic.6y,no,no,telephone,jul,1,999,0,nonexistent,0.2974953104202871,no,Low
4578,33,admin.,married,high.school,yes,no,cellular,aug,1,999,0,nonexistent,0.2974323769131546,no,Low
4579,54,admin.,married,university.degree,no,yes,cellular,nov,4,999,0,nonexistent,0.2973079096175137,no,Low
4580,34,technician,single,university.degree,yes,yes,cellular,aug,1,999,0,nonexistent,0.29730649461262454,no,Low
4581,48,technician,married,high.school,yes,no,cellular,aug,3,999,0,nonexistent,0.2972676712806011,no,Low
4582,39,housemaid,married,basic.4y,no,no,cellular,jul,5,999,0,nonexistent,0.2972148343467588,no,Low
4583,31,services,single,high.school,yes,no,cellular,nov,1,999,1,failure,0.29714180571915944,no,Low
4584,35,blue-collar,single,basic.6y,no,no,telephone,jun,2,999,0,nonexistent,0.2971309600602311,no,Low
4585,32,technician,single,university.degree,yes,no,cellular,aug,4,999,0,nonexistent,0.2970611386853803,no,Low
4586,29,technician,single,university.degree,no,no,cellular,aug,6,999,0,nonexistent,0.2970420361398134,no,Low
4587,36,admin.,single,university.degree,yes,no,cellular,jul,7,999,0,nonexistent,0.2970178002624881,no,Low
4588,28,blue-collar,married,high.school,no,no,telephone,jun,4,999,0,nonexistent,0.2970130975596878,no,Low
4589,36,unemployed,single,basic.9y,yes,no,cellular,nov,4,999,0,nonexistent,0.29698388004119763,no,Low
4590,37,student,married,professional.course,no,no,cellular,aug,1,999,0,nonexistent,0.29697698513560233,no,Low
4591,41,services,divorced,high.school,yes,no,cellular,jul,1,999,0,nonexistent,0.2969462403309872,no,Low
4592,37,blue-collar,married,basic.9y,no,no,cellular,may,2,999,1,failure,0.2969436133115799,no,Low
4593,47,entrepreneur,divorced,high.school,no,no,cellular,may,7,999,0,nonexistent,0.29690613936666616,no,Low
4594,33,admin.,single,university.degree,unknown,unknown,cellular,aug,2,999,0,nonexistent,0.2968292558286938,no,Low
4595,28,admin.,single,high.school,no,no,telephone,may,2,999,0,nonexistent,0.2967347862238376,no,Low
4596,50,admin.,divorced,university.degree,yes,no,telephone,nov,1,999,0,nonexistent,0.29669002100231834,no,Low
4597,37,services,single,high.school,yes,no,cellular,nov,1,999,0,nonexistent,0.2966780557750193,no,Low
4598,33,technician,single,professional.course,no,no,cellular,aug,2,999,0,nonexistent,0.29667508467455894,no,Low
4599,57,technician,married,high.school,no,no,cellular,aug,1,999,0,nonexistent,0.2966421230308152,no,Low
4601,33,technician,married,university.degree,yes,no,cellular,jul,7,999,0,nonexistent,0.29657733401873343,no,Low
4600,33,technician,married,university.degree,yes,no,cellular,jul,7,999,0,nonexistent,0.29657733401873343,no,Low
4602,39,admin.,married,university.degree,no,no,telephone,jun,9,999,0,nonexistent,0.2965481334529987,no,Low
4603,30,unknown,divorced,university.degree,no,yes,cellular,aug,1,999,0,nonexistent,0.2965027142203016,no,Low
4604,50,entrepreneur,married,professional.course,yes,yes,cellular,aug,1,999,0,nonexistent,0.2964617244946131,no,Low
4605,33,self-employed,married,university.degree,yes,no,cellular,nov,2,999,0,nonexistent,0.2964335348823347,no,Low
4606,29,admin.,single,university.degree,yes,no,cellular,aug,5,999,0,nonexistent,0.2963906618060906,no,Low
4607,30,technician,single,professional.course,no,no,cellular,aug,3,999,0,nonexistent,0.2963836464347903,no,Low
4608,45,blue-collar,married,basic.6y,no,no,telephone,jun,1,999,0,nonexistent,0.29637688662346434,no,Low
4609,42,blue-collar,single,basic.4y,no,no,cellular,jul,6,999,0,nonexistent,0.29634399695760605,no,Low
4610,41,technician,married,professional.course,no,no,cellular,aug,1,999,0,nonexistent,0.29630355962031907,no,Low
4611,38,blue-collar,married,basic.4y,yes,no,cellular,apr,1,999,1,failure,0.29619020062629375,no,Low
4612,33,blue-collar,married,basic.4y,yes,yes,cellular,nov,1,999,0,nonexistent,0.29616464852639607,no,Low
4613,26,blue-collar,single,basic.4y,yes,yes,cellular,jul,3,999,0,nonexistent,0.296119644633611,no,Low
4614,38,admin.,single,university.degree,no,no,cellular,aug,3,999,0,nonexistent,0.2960920499298781,no,Low
4615,33,admin.,single,professional.course,yes,no,telephone,nov,2,999,0,nonexistent,0.2960460707400887,no,Low
4616,32,management,married,university.degree,no,no,cellular,nov,5,999,0,nonexistent,0.29604458805564093,no,Low
4617,58,blue-collar,married,basic.9y,no,no,cellular,may,2,999,1,failure,0.29602841879887815,no,Low
4618,35,admin.,single,high.school,yes,no,cellular,nov,1,999,0,nonexistent,0.29601051094648995,no,Low
4619,44,technician,married,professional.course,no,no,cellular,aug,3,999,0,nonexistent,0.2960045071032877,no,Low
4620,55,services,married,high.school,no,no,cellular,aug,1,999,0,nonexistent,0.2959916115145685,no,Low
4621,35,admin.,single,university.degree,yes,yes,cellular,aug,1,999,0,nonexistent,0.29599053485331417,no,Low
4622,44,blue-collar,married,basic.4y,yes,no,cellular,aug,3,999,0,nonexistent,0.2959761264099587,no,Low
4623,44,admin.,divorced,university.degree,yes,no,cellular,aug,1,999,0,nonexistent,0.2959690586219856,no,Low
4624,31,technician,divorced,high.school,yes,no,cellular,aug,3,999,0,nonexistent,0.29595268058061985,no,Low
4625,41,admin.,married,university.degree,yes,no,cellular,aug,2,999,0,nonexistent,0.2959219139868459,no,Low
4626,30,technician,single,university.degree,no,no,cellular,aug,5,999,0,nonexistent,0.29589477104252815,no,Low
4627,32,technician,single,university.degree,no,no,cellular,aug,1,999,0,nonexistent,0.2958939113389923,no,Low
4628,31,management,single,university.degree,no,no,telephone,jun,3,999,0,nonexistent,0.2958721824251352,no,Low
4629,37,admin.,single,university.degree,no,yes,cellular,aug,8,999,0,nonexistent,0.2958022693529244,no,Low
4630,60,admin.,married,basic.9y,yes,no,cellular,aug,2,999,0,nonexistent,0.2957325873842253,no,Low
4631,33,admin.,married,high.school,no,no,cellular,aug,1,999,0,nonexistent,0.2957166460451202,no,Low
4632,41,technician,married,professional.course,no,no,cellular,aug,1,999,0,nonexistent,0.2956842944882976,no,Low
4633,32,services,married,basic.4y,no,no,cellular,nov,2,999,0,nonexistent,0.2956603225952513,no,Low
4634,40,technician,married,professional.course,no,no,telephone,jun,5,999,0,nonexistent,0.2956541595396101,no,Low
4635,42,management,married,university.degree,yes,no,cellular,aug,2,999,0,nonexistent,0.29560155872401883,no,Low
4636,43,services,divorced,unknown,yes,no,cellular,jul,3,999,0,nonexistent,0.2955964261934519,no,Low
4637,58,services,divorced,high.school,yes,no,cellular,may,6,999,0,nonexistent,0.2955863510515393,no,Low
4638,35,unemployed,single,basic.6y,yes,no,cellular,nov,1,999,0,nonexistent,0.2955575957009604,no,Low
4639,48,blue-collar,married,basic.9y,yes,no,cellular,may,1,999,0,nonexistent,0.29553380853625766,no,Low
4640,29,management,single,university.degree,yes,no,cellular,aug,2,999,0,nonexistent,0.2955193160378533,no,Low
4641,41,entrepreneur,divorced,professional.course,no,no,cellular,jul,5,999,0,nonexistent,0.29550302060898187,no,Low
4643,33,admin.,married,university.degree,yes,no,cellular,nov,1,999,0,nonexistent,0.29540081211116537,no,Low
4642,33,admin.,married,university.degree,yes,no,cellular,nov,1,999,0,nonexistent,0.29540081211116537,no,Low
4644,48,admin.,married,high.school,yes,no,cellular,jul,2,999,0,nonexistent,0.2953917037372657,no,Low
4645,34,technician,single,university.degree,yes,no,cellular,aug,1,999,0,nonexistent,0.29533006094379693,no,Low
4646,31,blue-collar,married,professional.course,no,no,telephone,jun,8,999,0,nonexistent,0.29529319121269193,no,Low
4647,45,services,married,professional.course,unknown,unknown,cellular,aug,3,999,0,nonexistent,0.29521521874948176,no,Low
4648,34,admin.,single,university.degree,yes,no,cellular,aug,1,999,0,nonexistent,0.2952028372712965,no,Low
4649,52,admin.,married,high.school,yes,no,cellular,nov,1,999,0,nonexistent,0.29517932569131455,no,Low
4650,31,technician,married,high.school,yes,no,cellular,aug,2,999,0,nonexistent,0.2951747425312461,no,Low
4651,35,technician,married,professional.course,no,no,cellular,nov,6,999,0,nonexistent,0.29515941881661073,no,Low
4652,25,admin.,single,high.school,no,no,telephone,jun,7,999,0,nonexistent,0.2951145006102995,no,Low
4653,32,admin.,divorced,university.degree,no,yes,cellular,aug,2,999,0,nonexistent,0.29507056678989957,no,Low
4654,35,management,married,university.degree,yes,no,cellular,aug,4,999,0,nonexistent,0.29505149145794307,no,Low
4655,50,blue-collar,married,basic.4y,no,no,cellular,aug,2,999,0,nonexistent,0.2950219584544547,no,Low
4656,36,admin.,married,university.degree,yes,no,cellular,aug,1,999,0,nonexistent,0.295002615729303,no,Low
4657,43,technician,married,professional.course,no,no,cellular,aug,2,999,0,nonexistent,0.29499500238459464,no,Low
4658,50,blue-collar,married,basic.9y,yes,no,telephone,jun,2,999,0,nonexistent,0.2949751903357441,no,Low
4659,37,technician,married,university.degree,no,no,cellular,aug,3,999,0,nonexistent,0.2949424685090325,no,Low
4660,39,admin.,married,university.degree,yes,yes,cellular,aug,2,999,0,nonexistent,0.2949419051757189,no,Low
4661,30,technician,single,professional.course,yes,no,cellular,aug,6,999,0,nonexistent,0.29492877097405407,no,Low
4662,29,admin.,divorced,basic.9y,yes,no,cellular,may,3,999,1,failure,0.29480193473817323,no,Low
4663,46,admin.,married,high.school,yes,no,cellular,aug,11,999,0,nonexistent,0.29479937747907137,no,Low
4664,33,technician,single,professional.course,no,yes,cellular,aug,5,999,0,nonexistent,0.2947666645162172,no,Low
4665,28,admin.,single,high.school,no,yes,cellular,jul,12,999,0,nonexistent,0.2947595000788172,no,Low
4666,33,technician,single,university.degree,no,no,cellular,aug,3,999,0,nonexistent,0.2947557895528515,no,Low
4667,45,technician,married,professional.course,no,no,cellular,aug,1,999,0,nonexistent,0.2947517601614348,no,Low
4668,30,admin.,single,high.school,no,no,cellular,aug,1,999,0,nonexistent,0.29474883806357005,no,Low
4669,30,blue-collar,married,basic.9y,yes,no,cellular,nov,1,999,0,nonexistent,0.29473822902265406,no,Low
4670,44,technician,married,university.degree,no,no,cellular,aug,2,999,0,nonexistent,0.29468557436446297,no,Low
4671,53,services,married,high.school,no,no,cellular,aug,2,999,0,nonexistent,0.2946067420099727,no,Low
4672,44,technician,married,university.degree,no,no,telephone,jun,4,999,0,nonexistent,0.2945086361397548,no,Low
4673,31,management,married,university.degree,no,no,cellular,nov,1,999,0,nonexistent,0.29444327587840885,no,Low
4674,41,blue-collar,married,professional.course,yes,no,telephone,jun,6,999,0,nonexistent,0.2944291094800932,no,Low
4675,34,technician,divorced,unknown,yes,no,cellular,jul,6,999,0,nonexistent,0.2944072654825977,no,Low
4676,45,technician,divorced,professional.course,no,no,cellular,aug,10,999,0,nonexistent,0.2943317371515136,no,Low
4677,47,management,married,university.degree,yes,no,telephone,nov,1,999,0,nonexistent,0.2943035506786705,no,Low
4678,52,entrepreneur,married,university.degree,no,no,telephone,jun,2,999,0,nonexistent,0.2942982929634509,no,Low
4679,34,technician,married,university.degree,yes,yes,cellular,aug,5,999,0,nonexistent,0.2941550289754004,no,Low
4680,54,self-employed,married,basic.9y,no,yes,cellular,nov,1,999,0,nonexistent,0.2940614736154399,no,Low
4681,58,blue-collar,married,basic.6y,yes,no,cellular,aug,3,999,0,nonexistent,0.2940551748582109,no,Low
4682,45,blue-collar,divorced,professional.course,no,no,cellular,jul,1,999,0,nonexistent,0.29403732450329906,no,Low
4683,53,self-employed,married,university.degree,yes,no,cellular,aug,2,999,0,nonexistent,0.29400464398450354,no,Low
4684,46,blue-collar,married,basic.4y,no,no,cellular,aug,1,999,0,nonexistent,0.29395779220884793,no,Low
4685,48,services,married,high.school,yes,yes,cellular,aug,1,999,0,nonexistent,0.29395515738512545,no,Low
4686,46,blue-collar,married,basic.6y,no,no,telephone,jun,3,999,0,nonexistent,0.2939454997537492,no,Low
4687,44,entrepreneur,married,university.degree,yes,no,cellular,nov,4,999,0,nonexistent,0.29390898163134144,no,Low
4688,52,technician,married,basic.9y,yes,no,cellular,nov,1,999,0,nonexistent,0.293874355026643,no,Low
4689,31,services,married,basic.6y,no,no,cellular,nov,3,999,0,nonexistent,0.29387410925705015,no,Low
4690,31,blue-collar,married,basic.6y,yes,no,telephone,may,3,999,0,nonexistent,0.29384995271718534,no,Low
4691,45,technician,married,university.degree,no,no,telephone,jun,3,999,0,nonexistent,0.29384325672914385,no,Low
4692,43,blue-collar,married,basic.9y,no,no,telephone,jun,2,999,0,nonexistent,0.29384192693562494,no,Low
4693,40,technician,married,professional.course,no,no,cellular,aug,1,999,0,nonexistent,0.29382836224588343,no,Low
4694,41,unknown,married,unknown,no,no,cellular,aug,2,999,0,nonexistent,0.2937785883372565,no,Low
4695,44,technician,married,professional.course,no,no,cellular,aug,2,999,0,nonexistent,0.2937373246758299,no,Low
4696,36,blue-collar,married,basic.4y,yes,yes,cellular,jul,1,999,0,nonexistent,0.29373233392134296,no,Low
4697,44,services,married,professional.course,no,no,cellular,aug,2,999,0,nonexistent,0.29372239790775434,no,Low
4698,34,blue-collar,married,basic.6y,no,no,telephone,jun,1,999,0,nonexistent,0.29369774509530405,no,Low
4699,26,admin.,single,high.school,no,no,telephone,jun,1,999,0,nonexistent,0.29369748755085695,no,Low
4700,30,technician,single,professional.course,no,no,telephone,jun,4,999,0,nonexistent,0.29368176418823905,no,Low
4701,29,management,single,university.degree,no,no,cellular,aug,1,999,0,nonexistent,0.2936677147496109,no,Low
4702,30,blue-collar,single,basic.4y,no,no,telephone,jun,1,999,0,nonexistent,0.29364200944430285,no,Low
4703,31,technician,married,university.degree,yes,no,cellular,aug,3,999,0,nonexistent,0.2935820649489977,no,Low
4704,39,admin.,single,high.school,yes,yes,cellular,nov,2,999,1,failure,0.2935335831318532,no,Low
4705,39,services,married,high.school,no,yes,cellular,nov,1,999,0,nonexistent,0.29349720212298547,no,Low
4706,30,admin.,married,university.degree,no,yes,cellular,aug,2,999,0,nonexistent,0.2934599614874342,no,Low
4707,49,admin.,married,high.school,yes,yes,cellular,aug,4,999,0,nonexistent,0.29336990135169133,no,Low
4708,22,technician,single,professional.course,no,no,telephone,jun,4,999,0,nonexistent,0.29333971521713753,no,Low
4709,31,self-employed,single,university.degree,yes,no,cellular,nov,1,999,0,nonexistent,0.2933358002230769,no,Low
4710,59,retired,married,basic.4y,no,no,telephone,jul,2,999,0,nonexistent,0.2933078541049454,no,Low
4711,37,admin.,single,university.degree,no,no,cellular,aug,1,999,0,nonexistent,0.2932444338408027,no,Low
4712,37,blue-collar,married,high.school,no,no,cellular,may,1,999,2,failure,0.2931617991997895,no,Low
4713,54,admin.,married,university.degree,no,no,cellular,aug,1,999,0,nonexistent,0.2931228415921705,no,Low
4714,32,admin.,divorced,university.degree,no,no,cellular,aug,5,999,0,nonexistent,0.29311519313812373,no,Low
4715,40,management,married,high.school,yes,no,cellular,nov,4,999,0,nonexistent,0.29310971696481125,no,Low
4716,53,blue-collar,married,basic.4y,no,no,cellular,aug,1,999,0,nonexistent,0.2931093604270628,no,Low
4717,48,technician,married,professional.course,yes,no,cellular,aug,2,999,0,nonexistent,0.2930201796270852,no,Low
4718,59,retired,married,basic.4y,yes,yes,cellular,aug,1,999,0,nonexistent,0.2930174110664541,no,Low
4719,29,admin.,divorced,basic.9y,no,no,cellular,may,3,999,1,failure,0.29299627725273064,no,Low
4720,31,blue-collar,single,basic.9y,no,no,cellular,nov,1,999,0,nonexistent,0.29290052010332146,no,Low
4721,40,management,married,university.degree,yes,no,cellular,aug,2,999,0,nonexistent,0.292878200191534,no,Low
4722,27,blue-collar,single,basic.9y,yes,yes,cellular,may,1,999,0,nonexistent,0.292867822554517,no,Low
4723,56,retired,married,basic.4y,no,no,cellular,aug,2,999,0,nonexistent,0.29281514480618126,no,Low
4724,34,blue-collar,married,basic.9y,no,no,telephone,jun,10,999,0,nonexistent,0.2926845738023668,no,Low
4725,40,housemaid,divorced,basic.9y,yes,no,cellular,aug,1,999,0,nonexistent,0.2926829770114319,no,Low
4726,38,blue-collar,married,basic.6y,no,no,telephone,jun,2,999,0,nonexistent,0.2926334113198883,no,Low
4727,26,admin.,single,high.school,yes,no,cellular,jul,6,999,0,nonexistent,0.2926261184111538,no,Low
4728,40,unemployed,divorced,university.degree,no,no,cellular,nov,3,999,0,nonexistent,0.2925991501318226,no,Low
4729,27,admin.,single,professional.course,yes,no,cellular,jul,2,999,0,nonexistent,0.29259814610511437,no,Low
4730,35,admin.,married,university.degree,yes,yes,cellular,aug,7,999,0,nonexistent,0.2925810935035291,no,Low
4731,33,unemployed,single,university.degree,no,no,cellular,nov,1,999,1,failure,0.2925746814210098,no,Low
4732,36,unemployed,single,professional.course,yes,no,cellular,apr,1,999,0,nonexistent,0.2924871409106519,no,Low
4733,51,blue-collar,married,basic.4y,no,no,cellular,aug,1,999,0,nonexistent,0.2924798559023695,no,Low
4734,51,admin.,married,university.degree,yes,no,cellular,aug,1,999,0,nonexistent,0.2924765602088973,no,Low
4735,54,admin.,married,high.school,no,yes,cellular,aug,2,999,0,nonexistent,0.29244278791293454,no,Low
4736,39,technician,single,professional.course,yes,no,telephone,jun,4,999,0,nonexistent,0.29241941717185627,no,Low
4737,40,technician,married,high.school,yes,no,cellular,nov,1,999,0,nonexistent,0.2924003906894339,no,Low
4738,32,admin.,single,university.degree,yes,no,cellular,aug,1,999,0,nonexistent,0.2923276153897355,no,Low
4739,31,admin.,single,university.degree,yes,no,telephone,jun,1,999,0,nonexistent,0.29229371806709437,no,Low
4740,28,blue-collar,single,high.school,yes,no,telephone,jun,2,999,0,nonexistent,0.2922856463937487,no,Low
4741,31,admin.,single,university.degree,no,no,telephone,jun,3,999,0,nonexistent,0.29227099156401254,no,Low
4742,32,admin.,married,university.degree,yes,no,cellular,aug,1,999,0,nonexistent,0.29225500426478324,no,Low
4743,50,technician,divorced,professional.course,no,no,cellular,aug,2,999,0,nonexistent,0.2922448849708648,no,Low
4744,42,blue-collar,married,basic.4y,yes,yes,cellular,may,3,999,0,nonexistent,0.29223231436140235,no,Low
4745,60,retired,married,professional.course,yes,no,cellular,aug,3,999,0,nonexistent,0.2922009988332586,no,Low
4746,37,blue-collar,married,professional.course,no,no,telephone,jun,7,999,0,nonexistent,0.29211729015153093,no,Low
4747,36,technician,single,professional.course,no,no,cellular,jul,4,999,0,nonexistent,0.29204086329517515,no,Low
4748,30,admin.,single,university.degree,yes,no,cellular,aug,9,999,0,nonexistent,0.29201806574138306,no,Low
4749,38,admin.,single,university.degree,yes,no,cellular,aug,2,999,0,nonexistent,0.2920019814501608,no,Low
4750,47,blue-collar,married,basic.4y,no,no,cellular,aug,2,999,0,nonexistent,0.2919987164409399,no,Low
4751,40,blue-collar,single,basic.9y,yes,no,cellular,jul,5,999,0,nonexistent,0.2919906760789412,no,Low
4752,35,technician,single,high.school,no,no,cellular,aug,1,999,0,nonexistent,0.29197736563750193,no,Low
4753,38,blue-collar,married,basic.9y,no,no,telephone,jun,3,999,0,nonexistent,0.29196183198572,no,Low
4754,48,blue-collar,married,basic.4y,yes,no,cellular,aug,1,999,0,nonexistent,0.29193668624205954,no,Low
4755,24,blue-collar,married,professional.course,no,no,cellular,apr,2,999,0,nonexistent,0.29193653151411664,no,Low
4756,31,services,married,professional.course,no,yes,cellular,aug,2,999,0,nonexistent,0.29188325288273836,no,Low
4757,33,blue-collar,married,basic.9y,no,no,telephone,jun,3,999,0,nonexistent,0.29183842539806354,no,Low
4758,49,blue-collar,married,basic.6y,no,no,cellular,aug,2,999,0,nonexistent,0.29183408874105043,no,Low
4759,42,management,married,basic.6y,no,no,cellular,nov,1,999,0,nonexistent,0.29182800732137276,no,Low
4760,59,blue-collar,married,basic.9y,no,no,cellular,aug,1,999,0,nonexistent,0.2918138522589895,no,Low
4761,54,technician,married,university.degree,yes,no,cellular,aug,2,999,0,nonexistent,0.2917936350656242,no,Low
4762,50,services,married,basic.6y,yes,no,cellular,aug,1,999,0,nonexistent,0.29179119314675994,no,Low
4763,36,blue-collar,married,basic.9y,yes,no,cellular,may,1,999,1,failure,0.2917692330238578,no,Low
4764,45,entrepreneur,married,university.degree,yes,yes,cellular,jul,1,999,0,nonexistent,0.29176839738318433,no,Low
4765,35,blue-collar,married,basic.9y,no,no,telephone,jun,3,999,0,nonexistent,0.2917620833868318,no,Low
4766,37,management,married,unknown,no,no,cellular,nov,2,999,1,failure,0.2917183563376294,no,Low
4767,50,unknown,married,unknown,yes,no,cellular,jul,1,999,0,nonexistent,0.29170286087153746,no,Low
4768,34,blue-collar,married,basic.9y,no,no,telephone,jun,2,999,0,nonexistent,0.2917022500156037,no,Low
4769,34,admin.,single,basic.6y,no,no,cellular,may,11,999,0,nonexistent,0.2916575487211065,no,Low
4770,29,admin.,single,high.school,yes,no,telephone,jun,2,999,0,nonexistent,0.29165183803660183,no,Low
4771,47,technician,married,professional.course,yes,no,cellular,jul,2,999,0,nonexistent,0.2916511271529486,no,Low
4772,46,technician,married,professional.course,no,yes,cellular,aug,2,999,0,nonexistent,0.2916345744496756,no,Low
4773,54,services,married,high.school,yes,no,cellular,aug,9,999,0,nonexistent,0.2916109491097939,no,Low
4774,59,retired,married,basic.6y,no,no,telephone,jun,5,999,0,nonexistent,0.2915692364538728,no,Low
4775,58,retired,married,basic.9y,yes,no,telephone,jun,1,999,0,nonexistent,0.29155211540258485,no,Low
4776,50,management,married,university.degree,no,no,telephone,jun,2,999,0,nonexistent,0.2915384767121117,no,Low
4777,51,blue-collar,married,basic.4y,no,yes,cellular,jul,1,999,0,nonexistent,0.29147044367584307,no,Low
4778,33,technician,married,university.degree,no,no,telephone,jun,3,999,0,nonexistent,0.29145202028746514,no,Low
4779,59,admin.,married,high.school,yes,no,cellular,aug,2,999,0,nonexistent,0.2914344394397089,no,Low
4780,49,services,married,high.school,no,no,cellular,aug,1,999,0,nonexistent,0.2913579271623364,no,Low
4781,33,admin.,single,professional.course,yes,no,cellular,aug,1,999,0,nonexistent,0.29133178557717104,no,Low
4782,29,admin.,single,basic.9y,no,yes,telephone,jun,2,999,0,nonexistent,0.291311860427879,no,Low
4783,57,management,married,university.degree,yes,no,cellular,aug,2,999,0,nonexistent,0.2913016989117446,no,Low
4784,33,technician,married,professional.course,no,no,cellular,aug,5,999,0,nonexistent,0.291283381360737,no,Low
4785,54,technician,married,university.degree,yes,no,telephone,aug,2,999,0,nonexistent,0.29124019296858794,no,Low
4786,30,technician,married,university.degree,yes,no,cellular,aug,1,999,0,nonexistent,0.29112771000483134,no,Low
4787,60,admin.,married,university.degree,no,no,telephone,jun,11,999,0,nonexistent,0.2910985033853811,no,Low
4788,56,admin.,married,basic.9y,no,yes,cellular,aug,3,999,0,nonexistent,0.29105326622110067,no,Low
4789,36,technician,married,professional.course,no,no,cellular,aug,1,999,0,nonexistent,0.29101816789452545,no,Low
4790,43,blue-collar,divorced,basic.9y,no,yes,telephone,jun,2,999,0,nonexistent,0.29099745066851684,no,Low
4791,35,admin.,married,unknown,yes,no,cellular,nov,2,999,0,nonexistent,0.29097190053230626,no,Low
4792,39,admin.,single,high.school,no,no,telephone,jun,1,999,0,nonexistent,0.29092746800581104,no,Low
4793,46,management,married,basic.9y,no,no,cellular,jul,7,999,0,nonexistent,0.29092725950016946,no,Low
4794,43,blue-collar,married,unknown,yes,no,cellular,may,7,999,0,nonexistent,0.2909262485893153,no,Low
4795,33,blue-collar,married,basic.9y,yes,no,telephone,jun,8,999,0,nonexistent,0.29090234722423547,no,Low
4796,35,technician,single,professional.course,no,no,cellular,aug,1,999,0,nonexistent,0.29074948419899066,no,Low
4797,39,self-employed,married,university.degree,yes,no,cellular,nov,1,999,0,nonexistent,0.2907415705690121,no,Low
4798,30,admin.,single,university.degree,no,no,cellular,aug,1,999,0,nonexistent,0.2906889066357918,no,Low
4799,42,blue-collar,divorced,basic.4y,no,no,telephone,jun,3,999,0,nonexistent,0.2906806331834881,no,Low
4800,36,blue-collar,married,unknown,no,no,telephone,jun,3,999,0,nonexistent,0.2906517674456957,no,Low
4801,39,blue-collar,married,basic.4y,no,no,cellular,may,3,999,1,failure,0.2906344637287074,no,Low
4802,39,entrepreneur,married,high.school,no,no,telephone,jun,1,999,0,nonexistent,0.2906246535064298,no,Low
4803,47,admin.,married,university.degree,no,no,cellular,aug,2,999,0,nonexistent,0.29058546686530007,no,Low
4804,54,admin.,married,high.school,yes,no,cellular,aug,1,999,0,nonexistent,0.29055503188338144,no,Low
4805,31,technician,married,professional.course,no,no,cellular,aug,1,999,0,nonexistent,0.29053981191486655,no,Low
4806,48,technician,single,professional.course,yes,no,cellular,jul,1,999,0,nonexistent,0.2905229497402689,no,Low
4807,33,services,married,high.school,yes,no,cellular,nov,3,999,0,nonexistent,0.2904707195685488,no,Low
4808,42,management,married,university.degree,no,no,cellular,aug,1,999,0,nonexistent,0.2904531374746446,no,Low
4809,31,technician,married,professional.course,yes,no,cellular,aug,3,999,0,nonexistent,0.29044802179161505,no,Low
4810,28,blue-collar,single,basic.9y,yes,no,cellular,may,6,999,0,nonexistent,0.29037567767649314,no,Low
4811,53,management,married,university.degree,no,no,cellular,nov,1,999,0,nonexistent,0.2903304375356421,no,Low
4812,27,technician,single,high.school,no,no,telephone,jun,2,999,0,nonexistent,0.2903006907271896,no,Low
4813,37,management,divorced,unknown,no,yes,cellular,nov,1,999,1,failure,0.2902490066691719,no,Low
4814,30,blue-collar,single,basic.9y,yes,no,cellular,nov,2,999,0,nonexistent,0.2902111439249737,no,Low
4815,33,technician,single,professional.course,no,no,telephone,jun,2,999,0,nonexistent,0.29018526376890524,no,Low
4816,44,technician,married,professional.course,yes,no,cellular,aug,1,999,0,nonexistent,0.29016960523237667,no,Low
4817,34,technician,divorced,professional.course,yes,no,cellular,aug,8,999,0,nonexistent,0.2901652548744868,no,Low
4818,29,admin.,single,university.degree,yes,no,cellular,aug,1,999,0,nonexistent,0.2900133422757066,no,Low
4819,37,admin.,single,university.degree,yes,no,cellular,aug,7,999,0,nonexistent,0.28983503070512945,no,Low
4820,33,blue-collar,married,basic.9y,yes,no,cellular,may,3,999,0,nonexistent,0.28981771386211463,no,Low
4821,41,services,married,university.degree,yes,no,cellular,nov,1,999,0,nonexistent,0.2898068774414057,no,Low
4822,35,technician,married,professional.course,no,no,cellular,aug,1,999,0,nonexistent,0.28973542508197886,no,Low
4823,41,technician,married,university.degree,yes,no,cellular,aug,2,999,0,nonexistent,0.2897315180833288,no,Low
4824,29,unemployed,married,basic.4y,yes,no,cellular,nov,3,999,0,nonexistent,0.28968350413073546,no,Low
4825,33,technician,married,professional.course,no,no,telephone,jun,4,999,0,nonexistent,0.28967514566029967,no,Low
4826,45,services,married,professional.course,no,no,telephone,aug,18,999,0,nonexistent,0.2896454133030049,no,Low
4827,32,admin.,single,university.degree,no,no,telephone,nov,2,999,0,nonexistent,0.28962085236865187,no,Low
4828,35,blue-collar,married,basic.9y,yes,no,cellular,may,1,999,0,nonexistent,0.2896037745388097,no,Low
4829,30,self-employed,single,university.degree,yes,no,cellular,nov,3,999,1,failure,0.2896012344358317,no,Low
4830,47,technician,married,professional.course,yes,no,cellular,may,1,999,0,nonexistent,0.2895715202721991,no,Low
4831,33,admin.,single,university.degree,no,no,cellular,aug,3,999,0,nonexistent,0.2895338554580872,no,Low
4832,49,technician,married,professional.course,no,no,cellular,jul,2,999,0,nonexistent,0.2894664819376108,no,Low
4833,29,technician,single,professional.course,yes,no,cellular,aug,1,999,0,nonexistent,0.289450249353103,no,Low
4834,38,management,married,high.school,no,yes,telephone,jun,2,999,0,nonexistent,0.2894221452605886,no,Low
4835,45,technician,married,professional.course,yes,yes,cellular,nov,2,999,0,nonexistent,0.2894134670147384,no,Low
4836,31,admin.,married,university.degree,no,no,cellular,aug,4,999,0,nonexistent,0.2894056028858805,no,Low
4837,26,admin.,single,high.school,yes,yes,telephone,jun,1,999,0,nonexistent,0.289388886171817,no,Low
4838,32,unemployed,married,university.degree,no,no,cellular,nov,1,999,0,nonexistent,0.2893515417197639,no,Low
4839,49,management,married,high.school,yes,no,cellular,nov,1,999,0,nonexistent,0.2893102250742271,no,Low
4840,54,blue-collar,married,basic.4y,yes,no,cellular,aug,2,999,0,nonexistent,0.2893047900010227,no,Low
4841,31,admin.,single,university.degree,no,no,cellular,aug,1,999,0,nonexistent,0.2892777023754306,no,Low
4842,60,retired,single,high.school,no,no,telephone,jun,4,999,0,nonexistent,0.289274225506383,no,Low
4843,55,technician,married,professional.course,yes,yes,cellular,jul,5,999,0,nonexistent,0.2892584913439492,no,Low
4844,25,blue-collar,single,high.school,yes,no,telephone,jun,3,999,0,nonexistent,0.28922846261088914,no,Low
4845,45,services,divorced,high.school,no,no,cellular,may,9,999,1,failure,0.2892189724227119,no,Low
4846,56,management,married,university.degree,no,no,cellular,nov,1,999,0,nonexistent,0.28921471616896416,no,Low
4847,29,admin.,married,high.school,no,yes,telephone,jun,8,999,0,nonexistent,0.289191390701419,no,Low
4848,30,blue-collar,married,high.school,yes,yes,cellular,nov,5,999,0,nonexistent,0.2891364146522768,no,Low
4849,38,unknown,married,unknown,yes,no,cellular,aug,10,999,0,nonexistent,0.2891073931787563,no,Low
4850,58,retired,married,basic.4y,yes,no,cellular,aug,3,999,0,nonexistent,0.28909842423672666,no,Low
4851,41,self-employed,married,professional.course,no,no,cellular,aug,1,999,0,nonexistent,0.2890842296957517,no,Low
4852,50,technician,married,professional.course,yes,no,cellular,aug,2,999,0,nonexistent,0.2890145075025309,no,Low
4853,38,admin.,married,university.degree,no,no,cellular,aug,1,999,0,nonexistent,0.2890108528694883,no,Low
4854,32,admin.,single,university.degree,unknown,unknown,cellular,jul,2,999,0,nonexistent,0.2889886397887525,no,Low
4855,46,admin.,single,high.school,yes,no,cellular,nov,1,999,1,failure,0.28895867989822327,no,Low
4856,50,blue-collar,married,basic.9y,yes,no,cellular,jul,1,999,0,nonexistent,0.28895684029891827,no,Low
4857,29,blue-collar,single,basic.4y,yes,no,cellular,may,1,999,1,failure,0.2888475342630196,no,Low
4858,47,blue-collar,married,basic.6y,yes,no,cellular,aug,2,999,0,nonexistent,0.2888308083389409,no,Low
4859,32,admin.,married,university.degree,yes,yes,cellular,aug,1,999,0,nonexistent,0.2887984631794544,no,Low
4860,31,technician,single,professional.course,yes,no,cellular,aug,3,999,0,nonexistent,0.2887820789628406,no,Low
4861,48,technician,married,university.degree,yes,no,cellular,aug,1,999,0,nonexistent,0.2887730797802215,no,Low
4862,31,unemployed,married,basic.6y,yes,no,telephone,jun,1,999,0,nonexistent,0.2887685620097978,no,Low
4863,36,admin.,married,university.degree,yes,no,cellular,aug,11,999,0,nonexistent,0.28875597679286186,no,Low
4864,42,blue-collar,married,basic.9y,no,no,telephone,jun,3,999,0,nonexistent,0.28860802612633346,no,Low
4865,32,admin.,single,university.degree,yes,no,cellular,aug,6,999,0,nonexistent,0.2885273825440921,no,Low
4866,27,blue-collar,married,high.school,no,no,cellular,may,5,999,1,failure,0.2884896016659679,no,Low
4867,39,technician,married,unknown,yes,no,cellular,jul,4,999,0,nonexistent,0.2884566128923097,no,Low
4868,45,blue-collar,married,basic.4y,yes,yes,telephone,jun,3,999,0,nonexistent,0.288430913286302,no,Low
4869,31,blue-collar,divorced,basic.9y,yes,yes,telephone,jun,2,999,0,nonexistent,0.28842374482783595,no,Low
4870,30,entrepreneur,divorced,university.degree,no,no,telephone,jun,5,999,0,nonexistent,0.2883344436609285,no,Low
4871,40,technician,divorced,high.school,yes,yes,cellular,nov,2,999,1,failure,0.2882931487636012,no,Low
4872,37,admin.,married,university.degree,no,no,cellular,aug,12,999,0,nonexistent,0.2882788111926415,no,Low
4873,54,management,married,university.degree,no,yes,cellular,aug,1,999,0,nonexistent,0.28826344053385167,no,Low
4874,42,blue-collar,married,unknown,no,no,telephone,jun,7,999,0,nonexistent,0.28822089020040326,no,Low
4875,54,blue-collar,married,basic.4y,yes,no,cellular,aug,1,999,0,nonexistent,0.2882131254460197,no,Low
4876,28,blue-collar,single,basic.6y,yes,yes,cellular,may,6,999,0,nonexistent,0.28817993899007144,no,Low
4877,52,blue-collar,divorced,unknown,no,no,cellular,jul,8,999,0,nonexistent,0.2881605732692453,no,Low
4878,32,blue-collar,married,basic.9y,no,no,telephone,jun,2,999,0,nonexistent,0.2881239526295563,no,Low
4879,48,blue-collar,married,professional.course,yes,no,cellular,jul,5,999,0,nonexistent,0.28811949942902504,no,Low
4880,31,technician,single,university.degree,no,no,cellular,aug,4,999,0,nonexistent,0.28808183441797114,no,Low
4881,31,technician,married,university.degree,no,no,cellular,aug,2,999,0,nonexistent,0.2880458097986422,no,Low
4882,46,admin.,married,university.degree,yes,yes,cellular,aug,1,999,0,nonexistent,0.28803955046982205,no,Low
4883,33,admin.,married,university.degree,unknown,unknown,cellular,aug,2,999,0,nonexistent,0.2879726604234472,no,Low
4884,43,admin.,married,university.degree,yes,yes,cellular,aug,1,999,0,nonexistent,0.28797211993163374,no,Low
4885,42,blue-collar,single,basic.6y,unknown,unknown,telephone,jun,3,999,0,nonexistent,0.28794027059624017,no,Low
4886,48,blue-collar,married,basic.9y,yes,no,cellular,jul,1,999,0,nonexistent,0.28793589605043624,no,Low
4887,45,management,married,high.school,yes,no,cellular,aug,1,999,0,nonexistent,0.28790995617753745,no,Low
4888,35,admin.,divorced,high.school,unknown,unknown,cellular,jul,2,999,0,nonexistent,0.2879054422950519,no,Low
4889,28,admin.,single,university.degree,yes,no,telephone,jun,1,999,0,nonexistent,0.28790342621166576,no,Low
4890,31,admin.,married,university.degree,yes,no,cellular,aug,1,999,0,nonexistent,0.2878997901841424,no,Low
4891,33,blue-collar,married,basic.9y,no,no,cellular,nov,1,999,0,nonexistent,0.287894561813118,no,Low
4892,57,housemaid,married,basic.4y,yes,no,cellular,nov,1,999,0,nonexistent,0.2878888264430501,no,Low
4894,31,blue-collar,single,basic.4y,yes,no,cellular,jul,1,999,0,nonexistent,0.28788534212739547,no,Low
4893,31,blue-collar,single,basic.4y,yes,no,cellular,jul,1,999,0,nonexistent,0.28788534212739547,no,Low
4895,35,admin.,single,university.degree,no,no,cellular,aug,1,999,0,nonexistent,0.28784895796300225,no,Low
4896,39,services,married,high.school,yes,yes,cellular,may,6,999,0,nonexistent,0.28784140548300474,no,Low
4897,38,management,married,professional.course,yes,no,cellular,nov,3,999,0,nonexistent,0.2877882274841701,no,Low
4898,31,admin.,single,university.degree,no,no,telephone,jun,1,999,0,nonexistent,0.28778191939657666,no,Low
4899,35,admin.,single,high.school,no,no,telephone,jun,5,999,0,nonexistent,0.2877777059983353,no,Low
4900,60,admin.,married,basic.9y,no,no,cellular,aug,11,999,0,nonexistent,0.28777148187118234,no,Low
4901,39,admin.,single,unknown,yes,no,telephone,jun,2,999,0,nonexistent,0.28776771658407063,no,Low
4902,59,admin.,married,university.degree,yes,no,cellular,aug,5,999,0,nonexistent,0.28771829643299246,no,Low
4903,42,blue-collar,married,basic.6y,no,no,cellular,nov,2,999,0,nonexistent,0.28770654601177453,no,Low
4904,31,admin.,married,basic.9y,yes,no,cellular,nov,3,999,0,nonexistent,0.28765404263959155,no,Low
4905,30,blue-collar,single,basic.9y,yes,no,telephone,jun,2,999,0,nonexistent,0.28761612357701455,no,Low
4906,46,student,single,unknown,yes,no,cellular,jul,5,999,0,nonexistent,0.2875000419630374,no,Low
4907,46,services,divorced,high.school,no,no,cellular,apr,2,999,1,failure,0.2874202313220372,no,Low
4908,53,admin.,divorced,high.school,yes,yes,telephone,nov,2,999,0,nonexistent,0.287354195917382,no,Low
4909,60,retired,married,basic.6y,no,no,cellular,aug,1,999,0,nonexistent,0.2873060777521368,no,Low
4910,45,services,married,basic.9y,yes,no,cellular,jul,1,999,0,nonexistent,0.287246439994385,no,Low
4911,39,management,married,university.degree,no,no,cellular,nov,1,999,0,nonexistent,0.2872303069934203,no,Low
4912,32,blue-collar,married,basic.9y,no,no,cellular,nov,1,999,0,nonexistent,0.2872140405814022,no,Low
4913,46,services,married,unknown,unknown,unknown,cellular,aug,3,999,0,nonexistent,0.28717620446211206,no,Low
4914,48,technician,divorced,professional.course,yes,no,cellular,aug,1,999,0,nonexistent,0.2871637191543002,no,Low
4915,30,admin.,single,high.school,no,no,telephone,jun,2,999,0,nonexistent,0.28707367473050477,no,Low
4916,42,admin.,divorced,university.degree,no,no,cellular,aug,7,999,0,nonexistent,0.28705594341675433,no,Low
4917,34,admin.,married,university.degree,yes,no,telephone,jun,4,999,0,nonexistent,0.28698243215734975,no,Low
4918,54,management,married,university.degree,no,no,cellular,nov,3,999,0,nonexistent,0.2869801170338238,no,Low
4919,27,housemaid,married,high.school,yes,no,cellular,jul,3,999,0,nonexistent,0.28690470102457427,no,Low
4920,53,admin.,divorced,university.degree,no,no,cellular,aug,1,999,0,nonexistent,0.2868921546446097,no,Low
4921,39,technician,married,professional.course,no,no,cellular,aug,1,999,0,nonexistent,0.2868882045253174,no,Low
4922,36,blue-collar,married,basic.9y,no,yes,cellular,nov,3,999,0,nonexistent,0.2868557860940136,no,Low
4923,31,technician,single,professional.course,yes,no,cellular,aug,3,999,0,nonexistent,0.2868436677149953,no,Low
4924,36,services,single,high.school,yes,no,telephone,may,4,999,0,nonexistent,0.2867855321678332,no,Low
4925,46,management,married,high.school,yes,yes,cellular,nov,2,999,0,nonexistent,0.2867756894383536,no,Low
4926,41,blue-collar,single,basic.4y,yes,no,cellular,jul,6,999,0,nonexistent,0.2867419211219504,no,Low
4927,45,management,married,university.degree,no,no,cellular,nov,2,999,0,nonexistent,0.2867282093593591,no,Low
4928,42,admin.,married,university.degree,unknown,unknown,cellular,aug,1,999,0,nonexistent,0.28672220372428203,no,Low
4929,38,admin.,single,university.degree,yes,no,cellular,nov,6,999,0,nonexistent,0.2867086772286949,no,Low
4930,51,admin.,married,university.degree,no,no,cellular,nov,1,999,0,nonexistent,0.28665315842796124,no,Low
4931,31,blue-collar,married,basic.9y,yes,yes,cellular,jul,3,999,0,nonexistent,0.28663506504076214,no,Low
4932,46,technician,divorced,professional.course,yes,yes,cellular,aug,5,999,0,nonexistent,0.28662120636562577,no,Low
4933,60,self-employed,married,university.degree,no,no,cellular,aug,1,999,0,nonexistent,0.2865791838528905,no,Low
4934,60,self-employed,married,university.degree,no,no,cellular,aug,1,999,0,nonexistent,0.2865791838528905,no,Low
4935,47,management,married,university.degree,no,no,cellular,nov,2,999,0,nonexistent,0.28654058740474697,no,Low
4936,36,admin.,divorced,university.degree,yes,no,cellular,aug,10,999,0,nonexistent,0.2865361339991025,no,Low
4937,38,admin.,married,university.degree,no,no,telephone,jun,2,999,0,nonexistent,0.28651381659731284,no,Low
4938,54,technician,married,university.degree,no,no,cellular,nov,2,999,0,nonexistent,0.2865102460397208,no,Low
4939,55,services,married,basic.4y,no,yes,cellular,aug,1,999,0,nonexistent,0.28643806600301325,no,Low
4940,40,technician,divorced,university.degree,no,no,cellular,aug,3,999,0,nonexistent,0.2864223776058248,no,Low
4941,32,technician,divorced,professional.course,yes,no,cellular,nov,1,999,0,nonexistent,0.28639614732244595,no,Low
4942,56,blue-collar,married,basic.4y,yes,no,cellular,aug,3,999,0,nonexistent,0.2863705144566244,no,Low
4943,40,blue-collar,married,basic.9y,no,no,cellular,may,4,999,2,failure,0.2863465852189185,no,Low
4944,24,student,single,high.school,no,no,cellular,jul,1,999,0,nonexistent,0.28632973744462165,no,Low
4945,37,admin.,single,university.degree,yes,no,telephone,jun,8,999,0,nonexistent,0.28628976230521064,no,Low
4946,48,technician,married,university.degree,no,no,cellular,aug,6,999,0,nonexistent,0.2862805819225253,no,Low
4947,30,admin.,divorced,high.school,no,no,telephone,jun,10,999,0,nonexistent,0.2862286897646432,no,Low
4948,36,admin.,single,university.degree,yes,no,cellular,aug,1,999,0,nonexistent,0.2862174535407102,no,Low
4949,36,admin.,single,university.degree,yes,no,cellular,aug,1,999,0,nonexistent,0.2862123301852117,no,Low
4950,52,unemployed,married,university.degree,no,yes,cellular,jul,2,999,0,nonexistent,0.2861801088971649,no,Low
4951,34,admin.,married,university.degree,no,no,telephone,jun,2,999,0,nonexistent,0.2861060060315302,no,Low
4952,35,admin.,married,high.school,yes,no,telephone,jun,2,999,0,nonexistent,0.2860973096283098,no,Low
4953,33,unemployed,married,high.school,unknown,unknown,cellular,jul,1,999,0,nonexistent,0.2860795929715512,no,Low
4954,52,admin.,divorced,basic.9y,yes,no,telephone,may,1,999,0,nonexistent,0.2860329713126116,no,Low
4955,30,services,married,high.school,yes,no,telephone,nov,7,999,0,nonexistent,0.285991394842658,no,Low
4956,30,blue-collar,married,basic.9y,no,yes,telephone,jun,2,999,0,nonexistent,0.28598359545770435,no,Low
4957,52,blue-collar,married,unknown,no,yes,cellular,jul,11,999,0,nonexistent,0.2859327376114753,no,Low
4958,37,admin.,married,university.degree,no,no,telephone,jun,6,999,0,nonexistent,0.2858569314436289,no,Low
4959,38,blue-collar,married,basic.6y,yes,no,telephone,jun,2,999,0,nonexistent,0.2857703974513818,no,Low
4960,41,admin.,married,university.degree,yes,no,cellular,aug,5,999,0,nonexistent,0.28576736193959046,no,Low
4961,46,admin.,divorced,university.degree,yes,yes,cellular,nov,2,999,1,failure,0.28572828715790316,no,Low
4962,43,technician,single,professional.course,yes,no,telephone,jun,3,999,0,nonexistent,0.28571758007621767,no,Low
4963,48,self-employed,married,university.degree,no,no,cellular,nov,1,999,0,nonexistent,0.28570977573673545,no,Low
4964,23,blue-collar,single,basic.9y,no,no,telephone,jun,1,999,0,nonexistent,0.28570470648467783,no,Low
4965,33,admin.,single,university.degree,yes,yes,cellular,aug,1,999,0,nonexistent,0.2856737675373878,no,Low
4966,32,admin.,married,high.school,no,no,cellular,nov,3,999,0,nonexistent,0.2856659734462864,no,Low
4967,33,admin.,married,professional.course,no,no,telephone,jun,3,999,0,nonexistent,0.28561628453286747,no,Low
4968,31,admin.,single,university.degree,yes,no,cellular,aug,6,999,0,nonexistent,0.2855927825594505,no,Low
4969,35,blue-collar,single,basic.4y,yes,no,cellular,may,5,999,0,nonexistent,0.28552187922288297,no,Low
4970,34,admin.,single,university.degree,yes,no,cellular,aug,1,999,0,nonexistent,0.2854943825815459,no,Low
4971,34,admin.,single,university.degree,yes,no,cellular,aug,1,999,0,nonexistent,0.2854943825815459,no,Low
4972,29,management,single,university.degree,no,yes,cellular,aug,1,999,0,nonexistent,0.28546150860585084,no,Low
4973,36,admin.,single,university.degree,yes,no,cellular,aug,1,999,0,nonexistent,0.28545672225233104,no,Low
4974,39,blue-collar,married,basic.6y,yes,no,cellular,may,9,999,0,nonexistent,0.2854028943667035,no,Low
4975,31,admin.,single,university.degree,yes,no,cellular,aug,1,999,0,nonexistent,0.28540253441164276,no,Low
4976,43,admin.,divorced,university.degree,no,no,telephone,jun,2,999,0,nonexistent,0.28536220200411433,no,Low
4977,31,management,married,university.degree,yes,no,cellular,nov,2,999,0,nonexistent,0.285342095382501,no,Low
4978,54,admin.,married,basic.9y,yes,yes,cellular,nov,2,999,0,nonexistent,0.28529511422433784,no,Low
4979,59,retired,married,basic.4y,yes,no,cellular,aug,1,999,0,nonexistent,0.28527073722140245,no,Low
4980,32,management,single,university.degree,yes,no,cellular,aug,1,999,0,nonexistent,0.28524802450005643,no,Low
4981,36,technician,single,high.school,yes,no,cellular,aug,1,999,0,nonexistent,0.2851996022269436,no,Low
4982,54,technician,divorced,professional.course,yes,no,cellular,aug,4,999,0,nonexistent,0.2851694917273418,no,Low
4983,53,retired,married,basic.4y,yes,no,cellular,nov,1,999,0,nonexistent,0.28502505471696543,no,Low
4984,36,blue-collar,single,basic.9y,no,no,telephone,jun,2,999,0,nonexistent,0.28493398232892453,no,Low
4985,33,technician,single,professional.course,no,yes,cellular,aug,1,999,0,nonexistent,0.28487504811656855,no,Low
4986,41,self-employed,married,basic.9y,yes,no,telephone,jun,7,999,0,nonexistent,0.2848707492909369,no,Low
4987,43,technician,married,high.school,yes,no,cellular,aug,1,999,0,nonexistent,0.2848405457634854,no,Low
4988,47,blue-collar,married,basic.4y,yes,no,cellular,may,1,999,1,failure,0.28477968112241514,no,Low
4989,34,technician,married,university.degree,no,no,cellular,aug,8,999,0,nonexistent,0.28476822670640595,no,Low
4990,50,technician,single,university.degree,yes,no,cellular,aug,2,999,0,nonexistent,0.28474275837831403,no,Low
4991,35,blue-collar,married,basic.6y,no,no,cellular,nov,1,999,0,nonexistent,0.2847255579814293,no,Low
4992,36,self-employed,married,university.degree,yes,no,cellular,nov,3,999,0,nonexistent,0.2847179309279769,no,Low
4993,46,blue-collar,married,basic.6y,yes,no,cellular,aug,1,999,0,nonexistent,0.28461607883263407,no,Low
4994,55,technician,married,professional.course,yes,no,telephone,aug,7,999,0,nonexistent,0.28459901900462836,no,Low
4995,31,admin.,married,university.degree,no,no,telephone,jun,2,999,0,nonexistent,0.2845810455545644,no,Low
4996,47,admin.,married,high.school,no,no,cellular,aug,8,999,0,nonexistent,0.2845724119558921,no,Low
4997,46,admin.,married,professional.course,no,no,cellular,aug,1,999,0,nonexistent,0.2845058888615266,no,Low
4998,39,technician,married,professional.course,yes,no,telephone,jun,2,999,0,nonexistent,0.28445426615482566,no,Low
5000,44,blue-collar,married,basic.4y,yes,no,cellular,aug,1,999,0,nonexistent,0.28444913607865924,no,Low
4999,44,blue-collar,married,basic.4y,yes,no,cellular,aug,1,999,0,nonexistent,0.28444913607865924,no,Low
5001,41,blue-collar,married,unknown,yes,no,cellular,nov,4,999,0,nonexistent,0.28443533784814123,no,Low
5002,43,admin.,single,university.degree,yes,no,cellular,aug,2,999,0,nonexistent,0.28440929599913156,no,Low
5003,29,technician,single,university.degree,yes,no,cellular,aug,1,999,0,nonexistent,0.2843455491109195,no,Low
5004,36,technician,married,high.school,no,no,cellular,nov,3,999,0,nonexistent,0.2842850618945216,no,Low
5005,39,entrepreneur,married,university.degree,yes,no,telephone,jun,1,999,0,nonexistent,0.28422810710670543,no,Low
5006,32,admin.,married,high.school,yes,no,telephone,jun,7,999,0,nonexistent,0.2842153783029514,no,Low
5007,34,technician,married,university.degree,no,no,telephone,jun,1,999,0,nonexistent,0.28420693418308246,no,Low
5008,31,self-employed,married,university.degree,yes,no,cellular,aug,1,999,0,nonexistent,0.2842063817821476,no,Low
5009,54,admin.,married,university.degree,no,no,cellular,nov,1,999,0,nonexistent,0.28417551630970206,no,Low
5010,45,technician,divorced,university.degree,yes,no,cellular,nov,4,999,1,failure,0.2841624683962137,no,Low
5011,45,admin.,married,unknown,yes,no,cellular,jul,1,999,0,nonexistent,0.2841611389632102,no,Low
5012,34,technician,divorced,professional.course,yes,no,cellular,aug,4,999,0,nonexistent,0.2841286168946971,no,Low
5013,50,admin.,married,basic.9y,yes,no,telephone,may,4,999,0,nonexistent,0.28397120015076566,no,Low
5014,32,entrepreneur,married,university.degree,yes,no,cellular,aug,9,999,0,nonexistent,0.2839005585633837,no,Low
5015,32,admin.,married,university.degree,yes,yes,cellular,aug,2,999,0,nonexistent,0.28387965425861855,no,Low
5016,45,admin.,divorced,professional.course,no,yes,cellular,may,1,999,1,failure,0.2838247236695558,no,Low
5017,30,blue-collar,married,basic.4y,no,no,telephone,jun,4,999,0,nonexistent,0.2838030312856931,no,Low
5018,52,admin.,married,unknown,no,no,cellular,aug,1,999,0,nonexistent,0.28378510831059695,no,Low
5019,39,technician,married,professional.course,yes,no,cellular,aug,1,999,0,nonexistent,0.28371469813891415,no,Low
5020,34,admin.,single,high.school,no,no,telephone,jun,3,999,0,nonexistent,0.28367980596482295,no,Low
5021,31,blue-collar,married,basic.9y,no,no,telephone,jun,2,999,0,nonexistent,0.28360140526900435,no,Low
5022,33,admin.,married,university.degree,yes,no,telephone,jun,1,999,0,nonexistent,0.283575631127765,no,Low
5023,48,technician,married,university.degree,no,no,cellular,nov,1,999,0,nonexistent,0.28356672567483115,no,Low
5024,53,housemaid,married,unknown,no,no,cellular,aug,2,999,0,nonexistent,0.28354344558241745,no,Low
5025,30,admin.,married,high.school,no,no,telephone,jun,3,999,0,nonexistent,0.283440070445362,no,Low
5026,50,admin.,divorced,university.degree,no,no,cellular,aug,4,999,0,nonexistent,0.28343974900024294,no,Low
5027,36,admin.,married,university.degree,yes,no,telephone,jun,1,999,0,nonexistent,0.2833432875906903,no,Low
5029,51,admin.,married,university.degree,yes,no,cellular,aug,1,999,0,nonexistent,0.2833066306285595,no,Low
5028,51,admin.,married,university.degree,yes,no,cellular,aug,1,999,0,nonexistent,0.2833066306285595,no,Low
5030,41,blue-collar,married,basic.9y,no,no,telephone,jun,3,999,0,nonexistent,0.28328495766855954,no,Low
5031,41,blue-collar,married,basic.9y,no,no,telephone,jun,3,999,0,nonexistent,0.28328495766855954,no,Low
5032,50,unknown,single,unknown,yes,no,telephone,jun,1,999,0,nonexistent,0.2832809788684862,no,Low
5033,40,admin.,married,university.degree,no,no,telephone,jun,3,999,0,nonexistent,0.28326836367841557,no,Low
5034,36,blue-collar,single,professional.course,yes,no,cellular,may,1,999,0,nonexistent,0.28322914332861476,no,Low
5035,43,blue-collar,married,basic.9y,yes,no,cellular,may,6,999,0,nonexistent,0.2832175102307437,no,Low
5036,36,technician,single,high.school,yes,yes,cellular,aug,7,999,0,nonexistent,0.2831280652470449,no,Low
5037,48,management,married,university.degree,no,no,cellular,aug,1,999,0,nonexistent,0.28309514363846294,no,Low
5038,35,entrepreneur,married,professional.course,yes,no,telephone,may,5,999,0,nonexistent,0.2830671876050769,no,Low
5039,32,technician,single,professional.course,unknown,unknown,cellular,aug,4,999,0,nonexistent,0.2829943212416222,no,Low
5040,34,technician,single,university.degree,yes,no,cellular,aug,1,999,0,nonexistent,0.28297574768440914,no,Low
5041,52,blue-collar,married,basic.4y,no,no,telephone,jun,2,999,0,nonexistent,0.2829609523190997,no,Low
5042,35,blue-collar,married,basic.9y,no,no,telephone,jun,2,999,0,nonexistent,0.2828976581706687,no,Low
5043,44,blue-collar,married,basic.6y,yes,yes,cellular,nov,2,999,0,nonexistent,0.28289463955146277,no,Low
5044,31,blue-collar,single,basic.9y,yes,no,cellular,may,8,999,0,nonexistent,0.28287963237673014,no,Low
5045,35,technician,single,professional.course,no,yes,cellular,aug,1,999,0,nonexistent,0.2828504109685826,no,Low
5046,33,admin.,single,university.degree,yes,yes,cellular,aug,4,999,0,nonexistent,0.28284593518836787,no,Low
5047,48,admin.,divorced,university.degree,yes,no,cellular,aug,6,999,0,nonexistent,0.2828408344201666,no,Low
5048,30,technician,single,university.degree,yes,no,cellular,aug,3,999,0,nonexistent,0.28283234566405785,no,Low
5049,42,admin.,single,university.degree,no,no,cellular,aug,1,999,0,nonexistent,0.28274575500253474,no,Low
5050,34,technician,married,university.degree,yes,no,cellular,aug,2,999,0,nonexistent,0.2827193367542586,no,Low
5051,37,housemaid,single,professional.course,no,yes,cellular,jul,1,999,0,nonexistent,0.2826183935392784,no,Low
5052,27,technician,single,professional.course,no,no,telephone,jun,1,999,0,nonexistent,0.28255284792028607,no,Low
5053,43,admin.,married,high.school,yes,no,telephone,jun,1,999,0,nonexistent,0.2825327724223665,no,Low
5054,34,technician,married,high.school,no,no,cellular,aug,1,999,0,nonexistent,0.28250284399483333,no,Low
5055,33,technician,married,professional.course,yes,no,cellular,may,7,999,1,failure,0.2824851481149917,no,Low
5056,46,blue-collar,married,basic.6y,no,no,cellular,aug,1,999,0,nonexistent,0.2823672296779081,no,Low
5057,33,blue-collar,married,basic.9y,no,yes,telephone,jun,1,999,0,nonexistent,0.28233155896030715,no,Low
5058,29,admin.,unknown,professional.course,yes,no,cellular,nov,1,999,1,failure,0.28226797997675956,no,Low
5059,32,technician,married,professional.course,no,no,cellular,aug,3,999,0,nonexistent,0.2822556178700296,no,Low
5060,31,technician,married,university.degree,no,no,telephone,jun,1,999,0,nonexistent,0.2821581219803227,no,Low
5061,40,blue-collar,married,basic.4y,no,no,telephone,jun,7,999,0,nonexistent,0.28214324531709006,no,Low
5062,59,retired,married,university.degree,no,no,cellular,aug,1,999,0,nonexistent,0.282140303866506,no,Low
5063,60,retired,divorced,university.degree,yes,no,telephone,jun,4,999,0,nonexistent,0.2820908141743856,no,Low
5064,32,admin.,single,university.degree,yes,yes,cellular,aug,1,999,0,nonexistent,0.2820554628992351,no,Low
5065,36,blue-collar,married,basic.9y,yes,yes,telephone,jun,4,999,0,nonexistent,0.2820431436185106,no,Low
5066,45,entrepreneur,married,unknown,no,no,telephone,jun,5,999,0,nonexistent,0.2820248246454084,no,Low
5067,30,technician,married,university.degree,no,no,cellular,nov,6,999,0,nonexistent,0.2820036572284341,no,Low
5068,40,blue-collar,married,basic.6y,no,no,telephone,jun,2,999,0,nonexistent,0.2819935966045333,no,Low
5069,59,retired,married,unknown,yes,yes,cellular,aug,2,999,0,nonexistent,0.2819782723011392,no,Low
5070,56,retired,divorced,university.degree,no,no,cellular,aug,2,999,0,nonexistent,0.2819694729626039,no,Low
5071,52,admin.,married,high.school,yes,no,cellular,aug,1,999,0,nonexistent,0.2819417620617921,no,Low
5072,58,blue-collar,married,high.school,no,no,telephone,jun,3,999,0,nonexistent,0.281928897413487,no,Low
5073,54,blue-collar,married,university.degree,yes,no,cellular,aug,2,999,0,nonexistent,0.28191096129197357,no,Low
5074,43,blue-collar,single,professional.course,no,no,telephone,jun,1,999,0,nonexistent,0.2819028679692621,no,Low
5075,38,technician,married,professional.course,yes,no,cellular,aug,1,999,0,nonexistent,0.28189143060401717,no,Low
5076,45,unknown,married,unknown,no,no,telephone,jun,4,999,0,nonexistent,0.28185400631110413,no,Low
5077,26,blue-collar,single,basic.9y,no,no,telephone,jun,3,999,0,nonexistent,0.2818524368933923,no,Low
5078,46,blue-collar,married,basic.4y,no,no,telephone,jun,2,999,0,nonexistent,0.28183655788285067,no,Low
5079,31,technician,single,university.degree,yes,yes,cellular,aug,1,999,0,nonexistent,0.2818113877644932,no,Low
5080,34,technician,divorced,unknown,no,no,cellular,jul,7,999,0,nonexistent,0.2818066451191046,no,Low
5081,41,management,married,basic.6y,no,yes,telephone,jun,2,999,0,nonexistent,0.2818039904545241,no,Low
5082,59,housemaid,married,basic.4y,yes,no,cellular,aug,1,999,0,nonexistent,0.2817971825779768,no,Low
5083,50,management,married,professional.course,no,no,cellular,aug,4,999,0,nonexistent,0.28177900299562014,no,Low
5084,33,admin.,single,university.degree,yes,yes,cellular,aug,6,999,0,nonexistent,0.281762109230929,no,Low
5085,47,services,married,high.school,yes,no,cellular,aug,1,999,0,nonexistent,0.2817410083522907,no,Low
5086,49,technician,divorced,university.degree,yes,no,telephone,nov,1,999,0,nonexistent,0.28173305066239174,no,Low
5087,55,admin.,married,university.degree,no,no,telephone,jun,4,999,0,nonexistent,0.2817036677931339,no,Low
5088,38,technician,single,university.degree,no,no,telephone,jun,1,999,0,nonexistent,0.2816537850865339,no,Low
5089,51,management,married,university.degree,yes,no,cellular,aug,1,999,0,nonexistent,0.2816398895440625,no,Low
5090,53,retired,divorced,basic.4y,no,yes,cellular,jul,3,999,0,nonexistent,0.2815694877166004,no,Low
5091,35,blue-collar,married,basic.4y,yes,no,cellular,may,1,999,1,failure,0.2815527198491715,no,Low
5092,42,blue-collar,married,basic.6y,no,yes,cellular,may,1,999,1,failure,0.2814836917347858,no,Low
5093,31,admin.,married,university.degree,yes,no,cellular,nov,5,999,0,nonexistent,0.2814646144269692,no,Low
5094,53,admin.,divorced,university.degree,yes,no,cellular,nov,1,999,0,nonexistent,0.28142764232623,no,Low
5095,40,blue-collar,married,basic.9y,yes,yes,telephone,jun,2,999,0,nonexistent,0.28139594617735925,no,Low
5096,38,services,divorced,high.school,yes,no,cellular,apr,2,999,1,failure,0.28130720774087387,no,Low
5097,57,blue-collar,married,basic.4y,no,no,cellular,aug,1,999,0,nonexistent,0.2813049270318384,no,Low
5098,30,services,married,high.school,no,yes,cellular,nov,4,999,0,nonexistent,0.2812774816228885,no,Low
5099,36,services,single,basic.6y,no,no,telephone,jun,1,999,0,nonexistent,0.2812755127310445,no,Low
5100,49,technician,married,professional.course,yes,no,cellular,nov,2,999,0,nonexistent,0.2812673708495867,no,Low
5101,29,admin.,married,university.degree,no,yes,telephone,jun,3,999,0,nonexistent,0.2812550674005319,no,Low
5102,52,blue-collar,married,basic.4y,yes,no,telephone,jun,2,999,0,nonexistent,0.2811380155081416,no,Low
5103,35,admin.,divorced,high.school,yes,no,cellular,nov,1,999,0,nonexistent,0.2810965739712396,no,Low
5104,52,admin.,married,university.degree,yes,no,cellular,aug,1,999,0,nonexistent,0.2809853508618277,no,Low
5105,22,blue-collar,single,unknown,no,no,telephone,jul,4,999,0,nonexistent,0.28096260524610306,no,Low
5106,35,student,single,university.degree,no,no,telephone,jun,1,999,0,nonexistent,0.2809623084060543,no,Low
5107,43,management,married,university.degree,yes,no,cellular,nov,1,999,1,failure,0.28091503316559463,no,Low
5108,41,admin.,single,university.degree,yes,no,cellular,jul,5,999,0,nonexistent,0.28081258682664223,no,Low
5109,55,technician,divorced,university.degree,yes,no,cellular,aug,1,999,0,nonexistent,0.28076517830314585,no,Low
5111,30,technician,married,high.school,no,no,cellular,aug,1,999,0,nonexistent,0.28073654700247225,no,Low
5110,30,technician,married,high.school,no,no,cellular,aug,1,999,0,nonexistent,0.28073654700247225,no,Low
5112,26,self-employed,married,university.degree,yes,no,telephone,jun,1,999,0,nonexistent,0.28067748285068733,no,Low
5113,50,entrepreneur,married,university.degree,no,no,telephone,jun,2,999,0,nonexistent,0.2806649995381838,no,Low
5114,25,admin.,married,high.school,yes,no,telephone,jun,2,999,0,nonexistent,0.2806479274188933,no,Low
5115,32,unemployed,married,basic.9y,no,no,telephone,jun,2,999,0,nonexistent,0.2806248174137701,no,Low
5116,54,services,married,high.school,yes,no,cellular,aug,2,999,0,nonexistent,0.28061329735569296,no,Low
5117,51,housemaid,married,high.school,yes,no,cellular,jul,3,999,0,nonexistent,0.2805838423539061,no,Low
5118,57,unknown,married,unknown,no,no,cellular,jul,4,999,0,nonexistent,0.28049081099217293,no,Low
5119,34,technician,married,professional.course,no,no,cellular,aug,3,999,0,nonexistent,0.2804675797088738,no,Low
5120,39,unemployed,married,professional.course,yes,no,telephone,jun,4,999,0,nonexistent,0.28045286015013776,no,Low
5121,38,admin.,single,basic.9y,no,yes,telephone,jun,3,999,0,nonexistent,0.2804525830643928,no,Low
5122,30,admin.,married,university.degree,yes,no,cellular,aug,2,999,0,nonexistent,0.28045040832291035,no,Low
5123,35,admin.,married,high.school,yes,no,cellular,nov,1,999,0,nonexistent,0.28039342375836435,no,Low
5124,28,blue-collar,single,basic.9y,no,no,telephone,jun,1,999,0,nonexistent,0.2803631211081671,no,Low
5125,32,blue-collar,single,basic.9y,yes,no,cellular,may,8,999,0,nonexistent,0.28034029324017096,no,Low
5126,49,blue-collar,married,basic.6y,yes,no,telephone,may,2,999,0,nonexistent,0.2802550601421436,no,Low
5127,26,student,single,university.degree,yes,no,cellular,jul,3,999,0,nonexistent,0.28024786654565,no,Low
5128,31,admin.,married,university.degree,yes,no,cellular,aug,5,999,0,nonexistent,0.2802178695175946,no,Low
5129,33,admin.,single,high.school,unknown,unknown,cellular,aug,3,999,0,nonexistent,0.28018956421017643,no,Low
5130,50,admin.,divorced,university.degree,no,no,cellular,aug,11,999,0,nonexistent,0.280189000480558,no,Low
5131,52,technician,divorced,professional.course,yes,no,cellular,aug,10,999,0,nonexistent,0.2801558455254477,no,Low
5132,33,technician,single,university.degree,no,no,cellular,aug,1,999,0,nonexistent,0.28008157674089273,no,Low
5133,33,technician,single,university.degree,no,no,cellular,aug,1,999,0,nonexistent,0.28008157674089273,no,Low
5134,36,blue-collar,married,basic.4y,no,no,telephone,jun,1,999,0,nonexistent,0.2800467725484553,no,Low
5135,31,technician,single,professional.course,yes,no,cellular,aug,1,999,0,nonexistent,0.2800071690493345,no,Low
5136,26,student,single,university.degree,no,yes,cellular,jul,2,999,0,nonexistent,0.27994902306662084,no,Low
5137,31,management,married,university.degree,yes,no,cellular,nov,1,999,0,nonexistent,0.2798682776089494,no,Low
5138,33,technician,married,professional.course,no,no,cellular,aug,3,999,0,nonexistent,0.2798329029051746,no,Low
5139,29,blue-collar,single,basic.6y,yes,no,telephone,jun,1,999,0,nonexistent,0.27981438731898034,no,Low
5141,51,technician,married,university.degree,yes,yes,cellular,jul,1,999,0,nonexistent,0.27979744019277103,no,Low
5140,51,technician,married,university.degree,yes,yes,cellular,jul,1,999,0,nonexistent,0.27979744019277103,no,Low
5142,32,admin.,divorced,university.degree,no,no,cellular,aug,6,999,0,nonexistent,0.27975158521364935,no,Low
5143,30,student,single,basic.9y,no,no,telephone,may,1,999,0,nonexistent,0.27973715733183463,no,Low
5144,30,services,married,university.degree,yes,no,cellular,nov,1,999,0,nonexistent,0.27967705699479084,no,Low
5145,51,entrepreneur,married,university.degree,yes,no,cellular,nov,1,999,0,nonexistent,0.27965761117474003,no,Low
5146,41,blue-collar,married,basic.9y,yes,no,cellular,may,1,999,2,failure,0.27963119696027827,no,Low
5147,46,blue-collar,married,basic.6y,no,no,telephone,jun,1,999,0,nonexistent,0.27962304474506,no,Low
5148,41,management,married,university.degree,yes,no,cellular,nov,2,999,0,nonexistent,0.27952958192537264,no,Low
5149,42,admin.,married,university.degree,yes,no,cellular,aug,1,999,0,nonexistent,0.27949743651227993,no,Low
5150,45,admin.,married,unknown,yes,yes,cellular,aug,3,999,0,nonexistent,0.2794944327625031,no,Low
5151,36,admin.,married,high.school,yes,yes,telephone,jun,1,999,0,nonexistent,0.2794789645810691,no,Low
5152,33,technician,single,university.degree,no,no,cellular,aug,6,999,0,nonexistent,0.279445602826403,no,Low
5153,41,blue-collar,married,basic.9y,yes,yes,telephone,jun,3,999,0,nonexistent,0.2794189271447178,no,Low
5154,58,housemaid,married,basic.4y,yes,no,cellular,jul,3,999,0,nonexistent,0.279409463122918,no,Low
5155,43,unemployed,divorced,basic.9y,no,no,cellular,jul,9,999,0,nonexistent,0.2793343243072228,no,Low
5156,36,admin.,divorced,university.degree,yes,no,cellular,aug,2,999,0,nonexistent,0.2793266609430224,no,Low
5157,44,technician,divorced,professional.course,no,no,cellular,aug,2,999,0,nonexistent,0.2792981484868058,no,Low
5158,36,blue-collar,married,basic.9y,yes,no,cellular,nov,3,999,0,nonexistent,0.27928543878514744,no,Low
5159,30,blue-collar,married,unknown,no,yes,telephone,jun,2,999,0,nonexistent,0.2792577442020324,no,Low
5160,35,admin.,divorced,high.school,yes,no,cellular,nov,2,999,0,nonexistent,0.27923636203581276,no,Low
5161,33,technician,married,high.school,no,yes,telephone,jun,9,999,0,nonexistent,0.27923005168154885,no,Low
5162,56,admin.,married,basic.4y,yes,no,cellular,nov,3,999,0,nonexistent,0.2791609466415044,no,Low
5163,45,entrepreneur,married,basic.9y,no,no,telephone,jun,1,999,0,nonexistent,0.2791485969473038,no,Low
5164,38,technician,married,professional.course,no,no,cellular,nov,1,999,0,nonexistent,0.2791029686699137,no,Low
5165,60,retired,married,professional.course,no,no,telephone,may,5,999,0,nonexistent,0.2790956002829469,no,Low
5166,32,technician,married,professional.course,yes,no,cellular,aug,6,999,0,nonexistent,0.27909181307002384,no,Low
5167,34,technician,married,university.degree,yes,no,telephone,jun,2,999,0,nonexistent,0.2790621667701828,no,Low
5168,47,technician,married,professional.course,no,no,cellular,jul,1,999,0,nonexistent,0.2790460912259601,no,Low
5169,48,blue-collar,married,basic.4y,yes,no,cellular,aug,1,999,0,nonexistent,0.279029488786201,no,Low
5170,36,admin.,married,university.degree,yes,no,cellular,aug,1,999,0,nonexistent,0.2790277515001246,no,Low
5171,46,blue-collar,married,basic.6y,no,no,cellular,nov,3,999,0,nonexistent,0.2790100346673657,no,Low
5172,58,housemaid,married,professional.course,yes,no,cellular,aug,10,999,0,nonexistent,0.2788433620439073,no,Low
5173,35,entrepreneur,divorced,professional.course,unknown,unknown,cellular,aug,3,999,0,nonexistent,0.27882128969419345,no,Low
5174,58,admin.,divorced,university.degree,yes,no,cellular,aug,4,999,0,nonexistent,0.2787984842711665,no,Low
5175,37,self-employed,married,basic.9y,no,no,telephone,jun,1,999,0,nonexistent,0.2786726212817035,no,Low
5176,58,self-employed,married,university.degree,no,no,telephone,jun,4,999,0,nonexistent,0.27865711730193915,no,Low
5177,29,technician,single,professional.course,no,no,cellular,aug,3,999,0,nonexistent,0.2786542341869229,no,Low
5178,27,blue-collar,married,basic.9y,yes,yes,telephone,may,2,999,0,nonexistent,0.27864651010126973,no,Low
5179,40,technician,single,professional.course,yes,no,telephone,jun,4,999,0,nonexistent,0.2786445355938094,no,Low
5180,57,housemaid,married,basic.4y,no,no,cellular,nov,1,999,0,nonexistent,0.2786096997911107,no,Low
5181,57,housemaid,married,unknown,no,no,cellular,aug,2,999,0,nonexistent,0.2785311869814903,no,Low
5182,44,housemaid,married,high.school,yes,yes,cellular,jul,1,999,0,nonexistent,0.2785259751360851,no,Low
5183,31,technician,single,professional.course,yes,no,cellular,aug,3,999,0,nonexistent,0.27850760617904796,no,Low
5184,45,blue-collar,married,high.school,no,no,telephone,jun,4,999,0,nonexistent,0.2784948764085437,no,Low
5185,28,entrepreneur,married,basic.9y,no,no,telephone,may,1,999,0,nonexistent,0.2784703965729575,no,Low
5186,39,blue-collar,married,basic.9y,no,yes,telephone,jun,1,999,0,nonexistent,0.27842619791724926,no,Low
5187,51,housemaid,married,basic.9y,yes,no,cellular,jul,1,999,0,nonexistent,0.2784185503052767,no,Low
5188,45,blue-collar,married,basic.6y,no,no,cellular,aug,1,999,0,nonexistent,0.27840034318518825,no,Low
5189,56,housemaid,married,basic.4y,no,no,telephone,jun,1,999,0,nonexistent,0.27835037965259574,no,Low
5190,55,management,married,basic.9y,no,no,cellular,nov,2,999,1,failure,0.2782805780402846,no,Low
5191,41,technician,single,professional.course,no,no,cellular,nov,1,999,0,nonexistent,0.2782479160213037,no,Low
5192,36,blue-collar,married,basic.9y,yes,no,cellular,may,5,999,0,nonexistent,0.27824058354034714,no,Low
5193,33,self-employed,single,university.degree,no,no,telephone,jun,1,999,0,nonexistent,0.2781078300375546,no,Low
5194,47,management,married,university.degree,no,no,cellular,nov,1,999,0,nonexistent,0.2780789734800292,no,Low
5195,58,admin.,divorced,university.degree,yes,no,cellular,aug,2,999,0,nonexistent,0.27804910209634937,no,Low
5196,31,unemployed,divorced,basic.4y,yes,no,telephone,jun,1,999,0,nonexistent,0.2780264648403063,no,Low
5197,34,services,single,high.school,no,no,cellular,nov,2,999,0,nonexistent,0.27798694967255044,no,Low
5198,30,technician,married,professional.course,yes,no,cellular,aug,1,999,0,nonexistent,0.2779595013256216,no,Low
5199,30,technician,married,professional.course,yes,no,cellular,aug,1,999,0,nonexistent,0.2779595013256216,no,Low
5200,53,unknown,married,basic.4y,no,no,cellular,aug,5,999,0,nonexistent,0.27791566528706657,no,Low
5201,34,admin.,married,university.degree,no,no,telephone,jun,3,999,0,nonexistent,0.277874918688255,no,Low
5202,30,services,married,high.school,yes,no,cellular,nov,1,999,0,nonexistent,0.27785827370616795,no,Low
5203,54,blue-collar,married,basic.9y,no,no,telephone,jun,1,999,0,nonexistent,0.27784586937607786,no,Low
5204,39,blue-collar,single,basic.9y,yes,no,cellular,may,1,999,0,nonexistent,0.27768188047798315,no,Low
5205,37,management,married,university.degree,no,no,cellular,aug,1,999,0,nonexistent,0.2776772370518889,no,Low
5206,52,management,married,university.degree,no,no,telephone,jun,2,999,0,nonexistent,0.2776482030789465,no,Low
5207,31,admin.,single,university.degree,no,no,cellular,aug,6,999,0,nonexistent,0.2775552752302349,no,Low
5208,37,admin.,single,high.school,yes,no,telephone,jun,1,999,0,nonexistent,0.2775480446788057,no,Low
5209,30,self-employed,single,university.degree,no,no,cellular,aug,1,999,0,nonexistent,0.27746715179188475,no,Low
5210,32,services,single,high.school,no,no,telephone,jun,2,999,0,nonexistent,0.2774561009197336,no,Low
5211,52,entrepreneur,married,university.degree,yes,no,cellular,nov,2,999,0,nonexistent,0.27743380127220035,no,Low
5212,36,blue-collar,married,unknown,yes,no,cellular,may,1,999,1,failure,0.2773948826282833,no,Low
5213,30,admin.,single,university.degree,yes,yes,telephone,aug,9,999,0,nonexistent,0.27738880610843925,no,Low
5214,36,technician,married,high.school,yes,no,telephone,jun,2,999,0,nonexistent,0.27738529945312834,no,Low
5215,34,technician,divorced,professional.course,yes,no,cellular,aug,1,999,0,nonexistent,0.2773292686909025,no,Low
5216,38,blue-collar,married,professional.course,no,no,telephone,jun,3,999,0,nonexistent,0.2772808431427817,no,Low
5217,36,admin.,married,university.degree,no,no,telephone,jun,1,999,0,nonexistent,0.27726224743331235,no,Low
5218,41,blue-collar,married,basic.9y,no,no,cellular,may,1,999,2,failure,0.27721616783303804,no,Low
5219,42,blue-collar,married,basic.4y,no,no,telephone,jun,1,999,0,nonexistent,0.2772136358161608,no,Low
5220,40,technician,divorced,professional.course,unknown,unknown,cellular,aug,3,999,0,nonexistent,0.2772129080922747,no,Low
5221,28,self-employed,married,university.degree,yes,no,telephone,nov,1,999,1,failure,0.2772076454600852,no,Low
5222,41,blue-collar,married,basic.9y,yes,no,telephone,jun,1,999,0,nonexistent,0.2771308967162355,no,Low
5223,55,blue-collar,divorced,basic.6y,yes,no,cellular,nov,3,999,0,nonexistent,0.27711325988460817,no,Low
5224,56,blue-collar,divorced,basic.9y,yes,no,cellular,nov,3,999,0,nonexistent,0.27708850471699126,no,Low
5225,59,technician,married,unknown,no,no,telephone,jun,4,999,0,nonexistent,0.2770604703213433,no,Low
5226,50,services,married,unknown,yes,no,cellular,nov,3,999,0,nonexistent,0.27697859948860243,no,Low
5227,44,services,married,high.school,yes,no,cellular,nov,1,999,0,nonexistent,0.276933208365963,no,Low
5228,49,housemaid,married,basic.4y,yes,no,cellular,aug,1,999,0,nonexistent,0.27692364242029976,no,Low
5229,36,admin.,married,university.degree,yes,no,telephone,jun,8,999,0,nonexistent,0.27689184039932924,no,Low
5230,31,student,single,university.degree,yes,no,cellular,jul,1,999,0,nonexistent,0.27686845772328744,no,Low
5231,35,technician,married,professional.course,no,no,cellular,aug,2,999,0,nonexistent,0.2768554604771377,no,Low
5232,31,blue-collar,married,basic.9y,yes,yes,cellular,nov,2,999,0,nonexistent,0.27685529847016904,no,Low
5233,22,technician,married,basic.9y,no,no,telephone,jun,1,999,0,nonexistent,0.2768546165250106,no,Low
5234,36,admin.,single,high.school,yes,no,telephone,jun,1,999,0,nonexistent,0.2768530130070752,no,Low
5235,44,admin.,single,university.degree,yes,no,telephone,may,2,999,0,nonexistent,0.27677731904606034,no,Low
5236,29,technician,married,professional.course,yes,no,cellular,aug,2,999,0,nonexistent,0.2767300425089615,no,Low
5237,43,technician,divorced,high.school,yes,no,cellular,aug,1,999,0,nonexistent,0.2767129464406579,no,Low
5238,29,admin.,divorced,university.degree,no,no,telephone,jun,3,999,0,nonexistent,0.27668301582107907,no,Low
5239,55,retired,married,basic.9y,no,no,cellular,jul,5,999,0,nonexistent,0.2766687731515813,no,Low
5240,58,technician,married,unknown,no,no,cellular,jul,4,999,0,nonexistent,0.2766360974268971,no,Low
5241,55,technician,divorced,university.degree,no,no,cellular,aug,1,999,0,nonexistent,0.2766149535732711,no,Low
5242,39,management,single,university.degree,yes,no,telephone,jun,6,999,0,nonexistent,0.27655467243657295,no,Low
5243,55,blue-collar,married,basic.9y,no,no,cellular,nov,1,999,0,nonexistent,0.2765386905946375,no,Low
5244,55,blue-collar,married,basic.9y,no,no,cellular,nov,1,999,0,nonexistent,0.2765386905946375,no,Low
5245,32,admin.,divorced,university.degree,yes,no,cellular,aug,2,999,0,nonexistent,0.27650628599496296,no,Low
5246,39,technician,divorced,high.school,yes,no,cellular,aug,1,999,0,nonexistent,0.2764824926878863,no,Low
5247,43,admin.,married,university.degree,no,no,telephone,jun,4,999,0,nonexistent,0.2764260985736427,no,Low
5248,50,technician,married,professional.course,no,yes,cellular,nov,1,999,0,nonexistent,0.27636766254233325,no,Low
5249,56,technician,married,professional.course,no,no,telephone,jun,2,999,0,nonexistent,0.2763497451734152,no,Low
5250,59,admin.,married,high.school,yes,no,cellular,aug,1,999,0,nonexistent,0.2763303846089997,no,Low
5251,45,unknown,married,high.school,yes,no,cellular,aug,1,999,0,nonexistent,0.2763262951817084,no,Low
5252,44,blue-collar,married,basic.6y,no,no,cellular,aug,1,999,0,nonexistent,0.27625229036907384,no,Low
5253,54,blue-collar,married,basic.4y,yes,no,telephone,may,5,999,0,nonexistent,0.27602103666608907,no,Low
5254,32,services,married,university.degree,no,no,telephone,jul,10,999,0,nonexistent,0.276010813187399,no,Low
5255,52,blue-collar,married,basic.4y,yes,no,telephone,jun,2,999,0,nonexistent,0.2760074991752244,no,Low
5256,49,blue-collar,divorced,professional.course,yes,no,cellular,may,10,999,0,nonexistent,0.2759845932924942,no,Low
5257,39,blue-collar,married,basic.9y,yes,no,cellular,nov,1,999,0,nonexistent,0.27595259682388934,no,Low
5258,39,management,married,high.school,no,no,cellular,nov,2,999,0,nonexistent,0.27590170520008656,no,Low
5259,53,blue-collar,married,basic.4y,no,no,telephone,jun,1,999,0,nonexistent,0.27583486348841707,no,Low
5260,23,services,single,high.school,no,no,telephone,jun,10,999,0,nonexistent,0.27583344617626404,no,Low
5261,39,admin.,married,university.degree,yes,no,cellular,nov,1,999,0,nonexistent,0.275811102553499,no,Low
5262,33,blue-collar,single,basic.9y,yes,no,telephone,jun,3,999,0,nonexistent,0.2757986017882508,no,Low
5263,32,management,single,university.degree,yes,no,telephone,jun,2,999,0,nonexistent,0.2757598358913725,no,Low
5264,33,admin.,married,university.degree,yes,no,telephone,jun,10,999,0,nonexistent,0.27574379138577093,no,Low
5265,49,blue-collar,married,unknown,no,no,telephone,jun,4,999,0,nonexistent,0.2756461008485201,no,Low
5266,48,unemployed,married,basic.4y,no,no,cellular,jul,6,999,0,nonexistent,0.27563950870143716,no,Low
5267,32,technician,married,university.degree,yes,no,cellular,aug,1,999,0,nonexistent,0.27562530855181655,no,Low
5268,31,technician,single,professional.course,no,yes,cellular,aug,1,999,0,nonexistent,0.2756169953979186,no,Low
5269,41,self-employed,married,basic.9y,yes,no,cellular,nov,2,999,0,nonexistent,0.27554320860104664,no,Low
5270,31,housemaid,married,basic.4y,no,yes,cellular,aug,6,999,0,nonexistent,0.27552864602099175,no,Low
5271,51,blue-collar,married,basic.6y,yes,no,cellular,aug,1,999,0,nonexistent,0.2754896742881107,no,Low
5272,34,technician,married,professional.course,yes,no,cellular,aug,4,999,0,nonexistent,0.2753460709593059,no,Low
5273,32,technician,married,professional.course,yes,no,cellular,aug,6,999,0,nonexistent,0.2753074316776829,no,Low
5274,26,blue-collar,married,basic.4y,yes,no,cellular,jul,3,999,0,nonexistent,0.2752274811041984,no,Low
5275,45,services,married,professional.course,yes,no,cellular,aug,4,999,0,nonexistent,0.2752225468782593,no,Low
5276,40,services,single,high.school,yes,yes,telephone,may,1,999,0,nonexistent,0.2751785048269939,no,Low
5277,53,entrepreneur,divorced,university.degree,no,no,telephone,nov,1,999,0,nonexistent,0.2751251402328176,no,Low
5278,50,technician,married,professional.course,no,yes,cellular,jul,1,999,0,nonexistent,0.275113055549461,no,Low
5279,35,services,single,high.school,yes,no,telephone,may,1,999,0,nonexistent,0.2750864057176125,no,Low
5280,43,blue-collar,married,basic.9y,yes,no,cellular,may,3,999,1,failure,0.27504398321448353,no,Low
5281,30,blue-collar,married,basic.9y,yes,no,cellular,jul,11,999,0,nonexistent,0.2750180864477009,no,Low
5282,37,blue-collar,married,basic.9y,no,no,telephone,jun,2,999,0,nonexistent,0.275015774358195,no,Low
5283,38,technician,single,university.degree,yes,no,telephone,jun,2,999,0,nonexistent,0.27497406287937004,no,Low
5284,60,retired,married,university.degree,no,no,cellular,aug,1,999,0,nonexistent,0.2749537230585412,no,Low
5285,38,student,single,unknown,yes,yes,cellular,jul,4,999,0,nonexistent,0.27490505261218257,no,Low
5286,31,services,single,high.school,no,no,telephone,may,3,999,0,nonexistent,0.2749039695437223,no,Low
5287,43,technician,married,professional.course,no,no,cellular,aug,2,999,0,nonexistent,0.2748469598144636,no,Low
5288,37,admin.,single,university.degree,yes,no,telephone,jun,3,999,0,nonexistent,0.27481666810386873,no,Low
5289,49,blue-collar,married,basic.4y,yes,no,cellular,aug,1,999,0,nonexistent,0.27473020100293216,no,Low
5290,52,housemaid,married,basic.4y,yes,no,cellular,jul,1,999,0,nonexistent,0.2747154444996892,no,Low
5291,30,blue-collar,married,basic.4y,no,yes,telephone,jun,8,999,0,nonexistent,0.2747001769492086,no,Low
5292,57,blue-collar,married,basic.4y,no,no,cellular,aug,6,999,0,nonexistent,0.27466103328874186,no,Low
5293,33,management,married,high.school,yes,yes,telephone,jun,1,999,0,nonexistent,0.27464023889993683,no,Low
5294,28,services,single,basic.9y,no,no,telephone,jun,2,999,0,nonexistent,0.27460390527979633,no,Low
5295,48,unknown,married,unknown,yes,no,cellular,jul,4,999,0,nonexistent,0.27458852345430274,no,Low
5296,42,admin.,married,professional.course,yes,no,cellular,aug,1,999,0,nonexistent,0.2745574449886868,no,Low
5297,42,admin.,married,professional.course,yes,no,cellular,aug,1,999,0,nonexistent,0.2745574449886868,no,Low
5299,27,student,single,university.degree,yes,no,cellular,jul,1,999,0,nonexistent,0.2745464309164591,no,Low
5298,27,student,single,university.degree,yes,no,cellular,jul,1,999,0,nonexistent,0.2745464309164591,no,Low
5300,44,blue-collar,married,unknown,yes,no,cellular,aug,2,999,0,nonexistent,0.27453352183367224,no,Low
5301,49,blue-collar,married,basic.4y,no,no,telephone,jun,2,999,0,nonexistent,0.27453203829011946,no,Low
5302,58,admin.,single,university.degree,no,no,telephone,may,3,999,0,nonexistent,0.2745176751235274,no,Low
5303,46,self-employed,married,university.degree,no,yes,cellular,jul,12,999,0,nonexistent,0.2744890042401668,no,Low
5304,36,housemaid,married,basic.6y,no,no,cellular,aug,2,999,0,nonexistent,0.2744655347504939,no,Low
5305,47,admin.,married,basic.9y,yes,no,telephone,jun,7,999,0,nonexistent,0.2744562203011427,no,Low
5306,32,technician,single,professional.course,yes,yes,cellular,aug,2,999,0,nonexistent,0.274445225470171,no,Low
5307,25,blue-collar,single,high.school,yes,no,telephone,may,3,999,0,nonexistent,0.2744180912281746,no,Low
5308,46,blue-collar,married,basic.6y,yes,no,cellular,aug,1,999,0,nonexistent,0.27436348066634436,no,Low
5309,48,management,married,university.degree,yes,no,cellular,aug,1,999,0,nonexistent,0.27431783346276345,no,Low
5310,33,services,married,high.school,no,no,cellular,nov,6,999,0,nonexistent,0.27424795525729595,no,Low
5311,30,admin.,married,university.degree,no,no,telephone,jun,1,999,0,nonexistent,0.27423293242422686,no,Low
5312,41,technician,single,professional.course,unknown,unknown,cellular,aug,1,999,0,nonexistent,0.2742209148158428,no,Low
5313,44,blue-collar,married,basic.6y,yes,no,cellular,nov,2,999,0,nonexistent,0.27418478332557056,no,Low
5314,36,blue-collar,married,unknown,no,no,cellular,may,4,999,1,failure,0.27409390304717984,no,Low
5315,37,technician,single,university.degree,yes,no,cellular,aug,2,999,0,nonexistent,0.2740751172053175,no,Low
5316,32,services,married,professional.course,yes,yes,cellular,nov,1,999,0,nonexistent,0.27406091909431707,no,Low
5317,43,entrepreneur,married,high.school,no,no,telephone,jun,6,999,0,nonexistent,0.2740535400875545,no,Low
5318,31,entrepreneur,married,university.degree,yes,no,telephone,jun,2,999,0,nonexistent,0.27399347524673073,no,Low
5319,26,services,single,basic.9y,yes,no,cellular,may,1,999,1,failure,0.2739444679766548,no,Low
5320,33,admin.,married,university.degree,yes,yes,cellular,aug,1,999,0,nonexistent,0.27390260612302203,no,Low
5321,43,entrepreneur,married,basic.9y,no,no,telephone,jun,1,999,0,nonexistent,0.27387854699886216,no,Low
5322,33,blue-collar,married,basic.9y,yes,yes,cellular,nov,1,999,0,nonexistent,0.2738729271847254,no,Low
5323,37,entrepreneur,married,university.degree,yes,no,telephone,jun,2,999,0,nonexistent,0.273863986501144,no,Low
5324,48,blue-collar,single,basic.9y,no,no,cellular,nov,2,999,0,nonexistent,0.27382918471375484,no,Low
5325,45,technician,married,professional.course,yes,yes,cellular,aug,2,999,0,nonexistent,0.2738191312595816,no,Low
5326,36,admin.,divorced,high.school,no,no,cellular,may,1,999,1,failure,0.2737968395047157,no,Low
5327,38,technician,single,professional.course,no,no,cellular,jul,6,999,0,nonexistent,0.2737684458117568,no,Low
5328,30,blue-collar,single,basic.9y,yes,no,cellular,apr,4,999,0,nonexistent,0.2736942701556849,no,Low
5330,31,technician,married,university.degree,yes,no,cellular,aug,1,999,0,nonexistent,0.27369266997832253,no,Low
5329,31,technician,married,university.degree,yes,no,cellular,aug,1,999,0,nonexistent,0.27369266997832253,no,Low
5331,31,technician,single,professional.course,yes,no,cellular,aug,3,999,0,nonexistent,0.2735550332215034,no,Low
5332,41,management,married,unknown,no,no,telephone,jun,4,999,0,nonexistent,0.27341111106319266,no,Low
5333,57,self-employed,married,university.degree,no,yes,cellular,aug,2,999,0,nonexistent,0.27333084700475807,no,Low
5334,44,technician,married,professional.course,yes,no,cellular,aug,1,999,0,nonexistent,0.2732643280011052,no,Low
5335,54,admin.,divorced,high.school,no,no,cellular,nov,6,999,0,nonexistent,0.27324564500880355,no,Low
5336,46,self-employed,single,high.school,no,no,telephone,jun,1,999,0,nonexistent,0.27324513753819807,no,Low
5337,50,management,married,university.degree,yes,no,telephone,jun,1,999,0,nonexistent,0.27322770758406884,no,Low
5338,29,admin.,married,university.degree,yes,yes,telephone,jun,3,999,0,nonexistent,0.27321525430257515,no,Low
5339,40,admin.,single,high.school,no,yes,telephone,jun,1,999,0,nonexistent,0.273203488615183,no,Low
5340,53,admin.,married,professional.course,yes,yes,cellular,nov,2,999,0,nonexistent,0.27317919449375533,no,Low
5341,25,services,single,professional.course,no,no,telephone,jun,4,999,0,nonexistent,0.2731721142873603,no,Low
5342,50,housemaid,single,unknown,no,yes,telephone,jun,1,999,0,nonexistent,0.27311517406638885,no,Low
5343,39,technician,married,university.degree,yes,no,cellular,aug,4,999,0,nonexistent,0.2730704194793532,no,Low
5344,35,admin.,married,high.school,no,no,telephone,jun,2,999,0,nonexistent,0.2730470068547662,no,Low
5345,41,technician,married,basic.9y,no,no,telephone,jun,1,999,0,nonexistent,0.2730329076673796,no,Low
5346,31,technician,divorced,professional.course,yes,no,cellular,aug,1,999,0,nonexistent,0.2730307497293586,no,Low
5347,42,admin.,married,university.degree,no,yes,cellular,aug,7,999,0,nonexistent,0.2730106256591655,no,Low
5348,53,services,married,basic.9y,no,no,cellular,aug,1,999,0,nonexistent,0.27294830718003715,no,Low
5349,57,retired,divorced,professional.course,no,no,telephone,jun,1,999,0,nonexistent,0.27286986515625755,no,Low
5350,43,blue-collar,married,basic.9y,yes,no,telephone,jun,6,999,0,nonexistent,0.27282716027481296,no,Low
5351,56,blue-collar,married,basic.4y,yes,no,cellular,aug,1,999,0,nonexistent,0.2728165658821345,no,Low
5352,36,admin.,single,university.degree,yes,yes,telephone,may,2,999,0,nonexistent,0.272723528528561,no,Low
5353,44,unemployed,married,high.school,yes,no,cellular,aug,1,999,0,nonexistent,0.27272210086854365,no,Low
5354,33,technician,single,university.degree,yes,no,cellular,aug,1,999,0,nonexistent,0.2727018319526192,no,Low
5355,41,admin.,divorced,university.degree,no,no,cellular,aug,1,999,0,nonexistent,0.2726805230937616,no,Low
5356,31,technician,single,university.degree,yes,no,cellular,aug,5,999,0,nonexistent,0.2726698970843854,no,Low
5357,47,retired,married,basic.4y,no,no,telephone,jun,2,999,0,nonexistent,0.27255879618278533,no,Low
5358,49,technician,married,professional.course,yes,no,cellular,aug,1,999,0,nonexistent,0.27254406508666945,no,Low
5359,29,blue-collar,single,basic.9y,no,no,telephone,jun,1,999,0,nonexistent,0.2725403207875468,no,Low
5360,51,housemaid,divorced,high.school,yes,yes,cellular,jul,1,999,0,nonexistent,0.2725381763832187,no,Low
5361,57,services,married,high.school,yes,no,cellular,apr,2,999,0,nonexistent,0.2725373994527206,no,Low
5362,26,services,single,basic.9y,yes,no,cellular,may,2,999,1,failure,0.27252957102711134,no,Low
5363,45,admin.,married,high.school,no,no,telephone,jun,8,999,0,nonexistent,0.2724187528545281,no,Low
5364,35,blue-collar,married,basic.9y,no,yes,telephone,jun,1,999,0,nonexistent,0.27240648480355345,no,Low
5365,48,services,married,high.school,no,no,cellular,aug,1,999,0,nonexistent,0.27237220014557884,no,Low
5367,43,admin.,married,university.degree,no,no,telephone,jun,2,999,0,nonexistent,0.2723690191156528,no,Low
5366,43,admin.,married,university.degree,no,no,telephone,jun,2,999,0,nonexistent,0.2723690191156528,no,Low
5368,51,unemployed,divorced,high.school,yes,no,cellular,nov,2,999,0,nonexistent,0.2723286168102968,no,Low
5369,35,unemployed,single,university.degree,no,no,cellular,aug,2,999,0,nonexistent,0.2723191090675755,no,Low
5370,25,services,single,high.school,no,no,telephone,jun,1,999,0,nonexistent,0.27225078211371184,no,Low
5371,31,admin.,single,university.degree,no,yes,cellular,aug,1,999,0,nonexistent,0.27218312456592053,no,Low
5372,40,technician,married,professional.course,no,no,telephone,jun,2,999,0,nonexistent,0.27205400673400076,no,Low
5373,57,admin.,divorced,university.degree,yes,no,cellular,nov,7,999,0,nonexistent,0.2720520243972711,no,Low
5374,37,blue-collar,married,basic.6y,yes,no,telephone,jun,1,999,0,nonexistent,0.27187496417533047,no,Low
5375,50,technician,single,university.degree,yes,no,cellular,aug,1,999,0,nonexistent,0.27186451732065575,no,Low
5376,40,admin.,single,university.degree,no,no,telephone,jun,2,999,0,nonexistent,0.27185151015977654,no,Low
5377,49,technician,married,professional.course,no,no,cellular,jul,6,999,0,nonexistent,0.2718145402066527,no,Low
5378,31,housemaid,married,high.school,yes,no,cellular,jul,8,999,0,nonexistent,0.27181294068296497,no,Low
5379,42,blue-collar,married,basic.9y,yes,no,telephone,jun,5,999,0,nonexistent,0.271727993684562,no,Low
5380,38,technician,divorced,high.school,no,no,telephone,nov,5,999,0,nonexistent,0.2716790819357476,no,Low
5381,58,technician,divorced,professional.course,no,no,cellular,aug,7,999,0,nonexistent,0.2716628583495076,no,Low
5382,45,unemployed,married,high.school,no,no,cellular,aug,2,999,0,nonexistent,0.27166079250663516,no,Low
5383,34,admin.,single,university.degree,no,no,cellular,nov,6,999,1,failure,0.2716333153620278,no,Low
5384,30,technician,married,high.school,yes,no,telephone,jun,1,999,0,nonexistent,0.27162676699174293,no,Low
5385,42,technician,married,university.degree,yes,no,cellular,aug,1,999,0,nonexistent,0.271548517846496,no,Low
5386,59,retired,married,professional.course,yes,no,telephone,jun,8,999,0,nonexistent,0.2715342321820558,no,Low
5387,48,blue-collar,married,basic.9y,no,no,telephone,jun,3,999,0,nonexistent,0.2715072446176167,no,Low
5388,52,technician,divorced,university.degree,no,yes,cellular,aug,1,999,0,nonexistent,0.2714496290510274,no,Low
5389,57,retired,single,unknown,yes,yes,cellular,jul,6,999,0,nonexistent,0.2714227216568925,no,Low
5390,39,blue-collar,married,basic.4y,yes,yes,cellular,jul,5,999,0,nonexistent,0.27138250791723445,no,Low
5391,36,blue-collar,married,basic.4y,yes,no,telephone,jun,3,999,0,nonexistent,0.27138083950735126,no,Low
5392,45,technician,married,professional.course,yes,no,cellular,aug,1,999,0,nonexistent,0.27131058624420634,no,Low
5393,57,technician,married,professional.course,yes,no,cellular,aug,1,999,0,nonexistent,0.2712672333086009,no,Low
5394,32,technician,married,university.degree,yes,no,cellular,aug,1,999,0,nonexistent,0.27126208290358,no,Low
5395,41,admin.,divorced,university.degree,no,no,cellular,aug,1,999,0,nonexistent,0.2712444322707655,no,Low
5396,43,admin.,divorced,university.degree,no,no,telephone,jun,3,999,0,nonexistent,0.2712173833897447,no,Low
5397,33,technician,married,basic.9y,no,no,telephone,jun,1,999,0,nonexistent,0.2711787670945737,no,Low
5398,45,entrepreneur,married,university.degree,no,no,telephone,jun,9,999,0,nonexistent,0.27115448966411343,no,Low
5399,31,blue-collar,single,unknown,yes,no,telephone,jun,1,999,0,nonexistent,0.2711025625854026,no,Low
5400,54,management,married,university.degree,no,no,cellular,aug,1,999,0,nonexistent,0.2710562313250847,no,Low
5401,25,services,single,high.school,no,no,telephone,jun,1,999,0,nonexistent,0.2709921398302341,no,Low
5402,38,technician,divorced,professional.course,yes,no,telephone,jun,8,999,0,nonexistent,0.27095106776927885,no,Low
5403,60,retired,married,high.school,no,no,telephone,may,1,999,0,nonexistent,0.27088671714474744,no,Low
5404,55,management,single,basic.4y,no,no,telephone,jun,4,999,0,nonexistent,0.2708431035904302,no,Low
5405,38,blue-collar,married,high.school,no,no,telephone,jun,3,999,0,nonexistent,0.2707741227106956,no,Low
5406,37,self-employed,single,university.degree,yes,no,cellular,aug,1,999,0,nonexistent,0.2707094246219984,no,Low
5407,41,blue-collar,married,basic.4y,yes,no,telephone,nov,3,999,0,nonexistent,0.270676256840922,no,Low
5408,51,housemaid,divorced,high.school,yes,yes,cellular,jul,1,999,0,nonexistent,0.27065501367952743,no,Low
5409,38,student,single,university.degree,unknown,unknown,telephone,jun,1,999,0,nonexistent,0.2706113989157818,no,Low
5410,38,housemaid,married,basic.4y,no,no,cellular,aug,1,999,0,nonexistent,0.27056271235937013,no,Low
5411,30,technician,divorced,professional.course,yes,no,telephone,jun,3,999,0,nonexistent,0.27054754177533036,no,Low
5412,34,technician,married,university.degree,yes,no,cellular,aug,1,999,0,nonexistent,0.2705286002547079,no,Low
5413,40,blue-collar,divorced,basic.9y,no,no,cellular,nov,1,999,0,nonexistent,0.2703724383155534,no,Low
5414,36,blue-collar,married,basic.9y,yes,no,telephone,jun,2,999,0,nonexistent,0.27036151737124525,no,Low
5415,50,blue-collar,married,basic.9y,no,no,cellular,nov,1,999,0,nonexistent,0.2703480052355,no,Low
5416,38,services,married,basic.6y,yes,no,cellular,nov,2,999,0,nonexistent,0.27028883629567524,no,Low
5417,30,services,married,high.school,no,no,telephone,jun,3,999,0,nonexistent,0.2702062644746678,no,Low
5418,39,management,single,high.school,no,yes,cellular,may,6,999,1,failure,0.2702027202097285,no,Low
5419,34,admin.,single,basic.9y,yes,no,telephone,jun,5,999,0,nonexistent,0.27018023218115705,no,Low
5420,45,admin.,divorced,university.degree,no,no,telephone,may,2,999,0,nonexistent,0.2701644166025838,no,Low
5421,37,management,married,university.degree,no,no,cellular,nov,5,999,0,nonexistent,0.2700757890260198,no,Low
5422,31,technician,single,university.degree,yes,no,telephone,jun,2,999,0,nonexistent,0.270067854818534,no,Low
5423,59,housemaid,divorced,basic.4y,no,no,cellular,jul,1,999,0,nonexistent,0.2700656646003722,no,Low
5424,51,technician,married,basic.6y,no,no,telephone,jun,2,999,0,nonexistent,0.2700396078491684,no,Low
5425,35,blue-collar,married,basic.4y,no,no,telephone,jun,1,999,0,nonexistent,0.27001026164402325,no,Low
5426,40,blue-collar,divorced,basic.9y,no,no,telephone,jun,1,999,0,nonexistent,0.2700092713405084,no,Low
5427,41,housemaid,married,university.degree,yes,no,cellular,aug,1,999,0,nonexistent,0.2699839487939179,no,Low
5428,42,entrepreneur,single,university.degree,yes,no,telephone,jun,1,999,0,nonexistent,0.26995590506585976,no,Low
5429,32,technician,married,professional.course,yes,no,cellular,aug,1,999,0,nonexistent,0.2699259673964477,no,Low
5430,54,technician,married,professional.course,yes,yes,cellular,aug,2,999,0,nonexistent,0.26992528568038165,no,Low
5431,52,technician,married,professional.course,no,no,cellular,aug,2,999,0,nonexistent,0.2698821391644714,no,Low
5432,36,blue-collar,married,high.school,no,yes,telephone,jun,3,999,0,nonexistent,0.269865122392901,no,Low
5433,28,services,single,high.school,no,no,telephone,jun,3,999,0,nonexistent,0.26984259980764447,no,Low
5434,45,management,married,university.degree,yes,no,telephone,jun,7,999,0,nonexistent,0.2698414877736008,no,Low
5435,42,admin.,single,high.school,no,no,telephone,jun,3,999,0,nonexistent,0.2697705028217006,no,Low
5436,56,technician,married,basic.4y,no,no,telephone,jun,1,999,0,nonexistent,0.2697681077232043,no,Low
5437,53,blue-collar,married,basic.4y,no,yes,cellular,jul,2,999,0,nonexistent,0.26973524075539046,no,Low
5438,53,services,divorced,high.school,yes,no,cellular,apr,1,999,0,nonexistent,0.2697272356065673,no,Low
5439,30,technician,single,professional.course,no,no,cellular,aug,1,999,0,nonexistent,0.26970567309711263,no,Low
5440,54,technician,married,professional.course,yes,no,telephone,jun,6,999,0,nonexistent,0.2696980355887224,no,Low
5441,49,blue-collar,single,unknown,yes,no,cellular,may,1,999,1,failure,0.2696686888092561,no,Low
5442,50,housemaid,married,basic.4y,no,no,cellular,aug,2,999,0,nonexistent,0.26961332133773125,no,Low
5443,25,services,married,high.school,yes,yes,telephone,may,2,999,0,nonexistent,0.2695961273056341,no,Low
5444,48,blue-collar,married,basic.6y,no,no,telephone,may,6,999,0,nonexistent,0.2695945309623122,no,Low
5445,35,blue-collar,married,professional.course,yes,no,telephone,jun,2,999,0,nonexistent,0.2695761819338439,no,Low
5446,46,housemaid,married,basic.4y,no,no,cellular,aug,1,999,0,nonexistent,0.26955085527873224,no,Low
5447,51,services,divorced,high.school,no,no,cellular,may,1,999,2,failure,0.2694959628949473,no,Low
5448,42,technician,married,university.degree,yes,no,cellular,aug,1,999,0,nonexistent,0.2694723623826482,no,Low
5449,54,admin.,married,university.degree,yes,no,cellular,jul,3,999,0,nonexistent,0.2694708322020478,no,Low
5450,35,blue-collar,single,basic.4y,no,no,telephone,jun,2,999,0,nonexistent,0.2694696202245906,no,Low
5451,47,admin.,married,university.degree,yes,no,cellular,nov,1,999,0,nonexistent,0.26946655340318443,no,Low
5452,43,services,divorced,high.school,no,no,cellular,nov,1,999,0,nonexistent,0.26946157713799046,no,Low
5453,39,housemaid,married,basic.9y,yes,yes,cellular,nov,1,999,0,nonexistent,0.26944145680811626,no,Low
5454,42,blue-collar,married,basic.9y,yes,no,telephone,jun,2,999,0,nonexistent,0.26939525286936006,no,Low
5455,52,self-employed,married,university.degree,no,no,cellular,aug,1,999,0,nonexistent,0.26930386152324554,no,Low
5456,34,technician,married,university.degree,yes,yes,cellular,aug,1,999,0,nonexistent,0.2692416237833013,no,Low
5457,49,technician,married,professional.course,yes,no,telephone,jun,2,999,0,nonexistent,0.26918396219791063,no,Low
5458,36,housemaid,married,basic.4y,no,no,cellular,aug,2,999,0,nonexistent,0.26917861013251787,no,Low
5459,53,housemaid,married,university.degree,no,no,cellular,nov,1,999,0,nonexistent,0.2691551645811564,no,Low
5460,48,blue-collar,married,basic.9y,yes,no,cellular,aug,2,999,0,nonexistent,0.2690571013620566,no,Low
5461,33,blue-collar,married,basic.9y,no,no,telephone,jun,2,999,0,nonexistent,0.26900500982509484,no,Low
5462,44,blue-collar,married,basic.9y,yes,yes,telephone,jun,2,999,0,nonexistent,0.26899324365635713,no,Low
5463,42,housemaid,married,basic.4y,yes,no,cellular,aug,1,999,0,nonexistent,0.26884918926407164,no,Low
5464,26,admin.,married,high.school,yes,yes,telephone,jun,2,999,0,nonexistent,0.26884013520536526,no,Low
5465,46,housemaid,divorced,basic.4y,no,yes,cellular,jul,1,999,0,nonexistent,0.26882580421171615,no,Low
5466,40,entrepreneur,married,high.school,no,no,telephone,jun,1,999,0,nonexistent,0.2686928774845232,no,Low
5467,42,admin.,married,university.degree,yes,no,cellular,nov,5,999,0,nonexistent,0.2686267717876013,no,Low
5468,51,blue-collar,married,basic.4y,yes,yes,cellular,aug,1,999,0,nonexistent,0.26856104878624953,no,Low
5469,36,technician,married,professional.course,no,no,cellular,nov,2,999,0,nonexistent,0.26851845419855197,no,Low
5470,30,admin.,single,high.school,yes,no,telephone,jun,1,999,0,nonexistent,0.26847412693402,no,Low
5471,27,blue-collar,single,basic.4y,yes,no,cellular,jul,11,999,0,nonexistent,0.268452914303784,no,Low
5472,44,admin.,married,university.degree,yes,yes,cellular,aug,1,999,0,nonexistent,0.2684521263634944,no,Low
5473,40,technician,single,professional.course,yes,no,telephone,jun,3,999,0,nonexistent,0.26845072446184615,no,Low
5474,40,blue-collar,married,basic.9y,yes,no,telephone,nov,2,999,0,nonexistent,0.2684092294936321,no,Low
5475,44,blue-collar,married,basic.4y,no,no,telephone,jun,1,999,0,nonexistent,0.2683887678559872,no,Low
5476,37,admin.,married,university.degree,no,no,telephone,jul,5,999,0,nonexistent,0.2683505462004588,no,Low
5477,37,technician,single,professional.course,no,yes,telephone,jun,3,999,0,nonexistent,0.26832881423839244,no,Low
5478,59,housemaid,married,basic.4y,yes,yes,cellular,jul,1,999,0,nonexistent,0.26830796887900465,no,Low
5479,32,entrepreneur,single,high.school,yes,yes,cellular,nov,6,999,0,nonexistent,0.2682335802524685,no,Low
5480,33,self-employed,married,basic.9y,yes,no,telephone,jun,3,999,0,nonexistent,0.26812122834781543,no,Low
5481,22,blue-collar,single,basic.6y,no,yes,telephone,may,1,999,0,nonexistent,0.26812022106910244,no,Low
5482,36,blue-collar,married,basic.4y,no,no,cellular,apr,2,999,0,nonexistent,0.2681068111545834,no,Low
5483,31,technician,single,university.degree,yes,no,cellular,aug,9,999,0,nonexistent,0.26807684783102637,no,Low
5486,43,housemaid,married,basic.4y,yes,no,cellular,jul,1,999,0,nonexistent,0.2680416849464304,no,Low
5485,43,housemaid,married,basic.4y,yes,no,cellular,jul,1,999,0,nonexistent,0.2680416849464304,no,Low
5484,43,housemaid,married,basic.4y,yes,no,cellular,jul,1,999,0,nonexistent,0.2680416849464304,no,Low
5487,48,technician,married,unknown,no,no,cellular,nov,1,999,0,nonexistent,0.2679769801644877,no,Low
5488,41,blue-collar,married,basic.4y,no,no,telephone,jun,1,999,0,nonexistent,0.2679666925798157,no,Low
5489,50,self-employed,married,university.degree,yes,no,telephone,jun,2,999,0,nonexistent,0.2679049926201799,no,Low
5490,36,admin.,married,high.school,no,no,telephone,may,1,999,0,nonexistent,0.2678803087490685,no,Low
5491,54,admin.,married,basic.9y,no,no,cellular,nov,2,999,0,nonexistent,0.26784422415969045,no,Low
5492,59,technician,single,university.degree,yes,no,cellular,aug,1,999,0,nonexistent,0.26782555769472854,no,Low
5493,42,blue-collar,married,basic.9y,yes,no,cellular,may,5,999,0,nonexistent,0.26772753723470955,no,Low
5494,58,housemaid,married,basic.4y,no,no,cellular,aug,5,999,0,nonexistent,0.2675823161760445,no,Low
5495,55,retired,married,basic.6y,yes,yes,cellular,jul,2,999,0,nonexistent,0.26757394636642406,no,Low
5496,41,unknown,married,unknown,yes,no,cellular,aug,1,999,0,nonexistent,0.2675653047523772,no,Low
5497,51,admin.,married,university.degree,no,no,telephone,jun,3,999,0,nonexistent,0.26755945144857773,no,Low
5498,42,admin.,divorced,university.degree,yes,no,cellular,aug,1,999,0,nonexistent,0.26751497088704895,no,Low
5499,54,technician,single,basic.9y,no,no,telephone,jun,3,999,0,nonexistent,0.2675130739172184,no,Low
5500,33,unemployed,single,university.degree,yes,yes,cellular,aug,1,999,0,nonexistent,0.267500444819192,no,Low
5501,42,technician,divorced,professional.course,yes,no,cellular,aug,1,999,0,nonexistent,0.26744617727425357,no,Low
5502,45,blue-collar,married,unknown,yes,no,cellular,apr,1,999,0,nonexistent,0.2673928345118454,no,Low
5503,36,admin.,single,high.school,no,no,telephone,jun,1,999,0,nonexistent,0.2673389601708397,no,Low
5504,53,technician,married,professional.course,yes,no,cellular,nov,7,999,0,nonexistent,0.26732238659666574,no,Low
5505,25,services,married,high.school,yes,no,telephone,jun,9,999,0,nonexistent,0.2672555285438272,no,Low
5506,46,admin.,married,university.degree,yes,no,telephone,jun,7,999,0,nonexistent,0.26725144975755505,no,Low
5507,31,technician,divorced,university.degree,yes,no,cellular,aug,1,999,0,nonexistent,0.2672496348704235,no,Low
5508,38,admin.,married,university.degree,yes,no,telephone,jun,6,999,0,nonexistent,0.2672310860140366,no,Low
5509,41,services,married,high.school,yes,no,cellular,nov,2,999,0,nonexistent,0.267214628747975,no,Low
5510,38,admin.,married,university.degree,yes,no,cellular,aug,12,999,0,nonexistent,0.2671889901598901,no,Low
5511,40,technician,married,professional.course,yes,no,cellular,aug,8,999,0,nonexistent,0.2671475868990341,no,Low
5512,51,housemaid,married,basic.4y,yes,no,cellular,jul,3,999,0,nonexistent,0.267040644336554,no,Low
5513,53,management,married,university.degree,no,no,telephone,jun,1,999,0,nonexistent,0.26691939940029474,no,Low
5514,45,self-employed,divorced,university.degree,no,no,cellular,nov,1,999,0,nonexistent,0.26689052144086534,no,Low
5515,45,technician,married,professional.course,no,no,telephone,jun,3,999,0,nonexistent,0.2668857473795222,no,Low
5517,31,technician,married,professional.course,yes,no,cellular,aug,1,999,0,nonexistent,0.26686590907016855,no,Low
5516,31,technician,married,professional.course,yes,no,cellular,aug,1,999,0,nonexistent,0.26686590907016855,no,Low
5518,33,technician,married,professional.course,yes,no,telephone,jun,1,999,0,nonexistent,0.26671650215565246,no,Low
5519,44,admin.,married,university.degree,no,no,cellular,nov,5,999,0,nonexistent,0.2666626356227057,no,Low
5520,35,self-employed,married,basic.9y,yes,no,telephone,jun,2,999,0,nonexistent,0.26662528023408566,no,Low
5521,52,admin.,married,university.degree,yes,yes,cellular,nov,1,999,1,failure,0.2665928121224875,no,Low
5522,41,entrepreneur,married,basic.9y,yes,no,telephone,may,2,999,0,nonexistent,0.2665858503946127,no,Low
5523,31,housemaid,married,basic.4y,no,no,telephone,jun,3,999,0,nonexistent,0.26654576822608556,no,Low
5524,30,blue-collar,divorced,basic.9y,yes,no,telephone,jun,3,999,0,nonexistent,0.2665346620846336,no,Low
5525,34,entrepreneur,single,professional.course,no,yes,telephone,jun,4,999,0,nonexistent,0.2664929969653142,no,Low
5526,33,technician,single,professional.course,yes,no,cellular,aug,1,999,0,nonexistent,0.2664307840167857,no,Low
5527,33,technician,single,professional.course,no,no,cellular,aug,1,999,0,nonexistent,0.26641487398022573,no,Low
5528,38,technician,married,professional.course,yes,yes,telephone,jun,1,999,0,nonexistent,0.2663649789739894,no,Low
5529,35,services,single,high.school,no,no,telephone,jun,3,999,0,nonexistent,0.2663459897464152,no,Low
5530,58,admin.,married,unknown,no,no,telephone,jun,1,999,0,nonexistent,0.26634311731759636,no,Low
5531,36,technician,single,university.degree,no,no,telephone,nov,3,999,0,nonexistent,0.26628699689587193,no,Low
5532,49,management,married,university.degree,yes,no,cellular,nov,1,999,1,failure,0.2660325233840039,no,Low
5533,36,admin.,single,university.degree,yes,no,telephone,jun,2,999,0,nonexistent,0.2660091591561928,no,Low
5534,55,technician,married,professional.course,yes,yes,telephone,jun,2,999,0,nonexistent,0.2659960031035817,no,Low
5535,52,retired,married,professional.course,no,no,telephone,jun,7,999,0,nonexistent,0.2659618200348738,no,Low
5536,41,unemployed,divorced,high.school,no,no,telephone,jun,1,999,0,nonexistent,0.2659578514627141,no,Low
5537,42,admin.,divorced,university.degree,no,no,telephone,jun,4,999,0,nonexistent,0.26586123775260856,no,Low
5538,29,blue-collar,single,basic.9y,no,no,telephone,jun,1,999,0,nonexistent,0.26580011489117866,no,Low
5539,29,entrepreneur,divorced,basic.9y,yes,no,telephone,jun,1,999,0,nonexistent,0.26577056301224933,no,Low
5540,34,technician,divorced,professional.course,yes,no,cellular,aug,1,999,0,nonexistent,0.26575945422350705,no,Low
5541,42,admin.,single,university.degree,no,yes,telephone,jun,1,999,0,nonexistent,0.2657332215558759,no,Low
5542,47,blue-collar,married,basic.6y,yes,no,telephone,jun,1,999,0,nonexistent,0.265720060368469,no,Low
5543,56,retired,married,basic.4y,no,no,telephone,jun,3,999,0,nonexistent,0.2657061691198243,no,Low
5544,37,blue-collar,married,basic.9y,yes,no,telephone,jun,1,999,0,nonexistent,0.26568747887829663,no,Low
5545,37,blue-collar,married,high.school,no,no,telephone,jun,1,999,0,nonexistent,0.2656289367141698,no,Low
5546,53,technician,married,professional.course,yes,no,cellular,aug,1,999,0,nonexistent,0.265594800382747,no,Low
5547,35,blue-collar,married,basic.9y,yes,no,cellular,may,1,999,1,failure,0.26555143097244305,no,Low
5548,25,services,single,unknown,no,no,telephone,jul,4,999,0,nonexistent,0.26554261061009027,no,Low
5549,31,technician,single,professional.course,no,no,cellular,aug,1,999,0,nonexistent,0.26550387714469714,no,Low
5550,48,unknown,married,unknown,yes,no,cellular,jul,7,999,0,nonexistent,0.2654374012216014,no,Low
5551,54,retired,divorced,basic.4y,no,yes,cellular,jul,5,999,0,nonexistent,0.26539616307136105,no,Low
5552,53,self-employed,married,university.degree,no,no,telephone,jul,2,999,0,nonexistent,0.2653702441362922,no,Low
5553,37,entrepreneur,married,university.degree,yes,no,telephone,nov,2,999,0,nonexistent,0.2653378296006298,no,Low
5554,50,technician,married,high.school,no,no,cellular,aug,2,999,0,nonexistent,0.2653322189623849,no,Low
5555,38,housemaid,single,basic.4y,no,no,cellular,jul,5,999,0,nonexistent,0.26531801488376877,no,Low
5556,34,blue-collar,married,basic.9y,yes,no,cellular,may,1,999,1,failure,0.2652569329744127,no,Low
5557,39,blue-collar,married,basic.9y,yes,yes,telephone,may,4,999,0,nonexistent,0.26515802988194714,no,Low
5558,37,services,married,high.school,yes,no,telephone,may,3,999,0,nonexistent,0.26515649212285686,no,Low
5559,37,technician,married,professional.course,yes,no,telephone,nov,1,999,0,nonexistent,0.26511527807682916,no,Low
5560,31,admin.,married,university.degree,yes,yes,cellular,aug,2,999,0,nonexistent,0.2650573381075462,no,Low
5561,57,retired,single,high.school,no,no,telephone,jun,4,999,0,nonexistent,0.26502161748221265,no,Low
5562,40,admin.,married,high.school,no,no,telephone,jun,3,999,0,nonexistent,0.26500476380131593,no,Low
5563,47,technician,married,professional.course,yes,no,cellular,aug,1,999,0,nonexistent,0.26499033380561215,no,Low
5564,38,technician,single,university.degree,yes,yes,telephone,may,1,999,0,nonexistent,0.26497821732210336,no,Low
5565,41,blue-collar,single,unknown,no,no,telephone,jun,3,999,0,nonexistent,0.2648720366652148,no,Low
5566,38,technician,single,professional.course,yes,no,telephone,jun,1,999,0,nonexistent,0.26483687060069416,no,Low
5567,23,blue-collar,married,professional.course,no,no,telephone,jun,1,999,0,nonexistent,0.264816804201764,no,Low
5568,41,management,divorced,university.degree,no,no,telephone,jun,12,999,0,nonexistent,0.2647645967772782,no,Low
5569,39,blue-collar,married,basic.9y,yes,no,telephone,jun,2,999,0,nonexistent,0.2647628112100466,no,Low
5570,43,technician,married,high.school,yes,no,telephone,nov,4,999,0,nonexistent,0.26471541329495635,no,Low
5571,58,retired,married,basic.4y,yes,no,telephone,jun,1,999,0,nonexistent,0.26471288609480065,no,Low
5572,41,blue-collar,single,basic.9y,no,no,cellular,nov,3,999,0,nonexistent,0.2646979915683611,no,Low
5573,32,unknown,single,basic.9y,yes,no,telephone,nov,1,999,1,failure,0.2646975527530726,no,Low
5574,49,blue-collar,married,basic.6y,no,no,cellular,aug,1,999,0,nonexistent,0.26460264814879436,no,Low
5575,38,technician,married,professional.course,yes,no,telephone,nov,1,999,0,nonexistent,0.26456975444923597,no,Low
5576,50,unemployed,married,basic.9y,no,no,cellular,aug,4,999,0,nonexistent,0.2645410371448641,no,Low
5577,41,blue-collar,married,basic.4y,yes,no,telephone,jun,3,999,0,nonexistent,0.2644619860444931,no,Low
5578,24,student,single,high.school,no,no,telephone,may,1,999,0,nonexistent,0.2644173866947746,no,Low
5579,44,blue-collar,married,basic.6y,no,yes,cellular,aug,5,999,0,nonexistent,0.26441658443679755,no,Low
5580,48,technician,divorced,professional.course,yes,no,cellular,nov,1,999,1,failure,0.2643575721073855,no,Low
5581,52,technician,married,professional.course,no,no,cellular,aug,1,999,0,nonexistent,0.2642901691989631,no,Low
5582,54,technician,married,basic.9y,no,no,telephone,jun,9,999,0,nonexistent,0.2642769769921447,no,Low
5583,31,technician,single,professional.course,no,no,cellular,aug,1,999,0,nonexistent,0.26424942741086643,no,Low
5584,38,blue-collar,single,basic.9y,yes,no,telephone,jun,6,999,0,nonexistent,0.2640755031346866,no,Low
5585,32,services,married,high.school,yes,no,cellular,nov,1,999,0,nonexistent,0.2640676644581716,no,Low
5586,31,technician,married,professional.course,yes,yes,cellular,aug,2,999,0,nonexistent,0.26406360377524407,no,Low
5587,35,admin.,married,basic.9y,no,yes,telephone,jun,3,999,0,nonexistent,0.2638659120888084,no,Low
5588,55,services,divorced,high.school,yes,yes,cellular,jul,7,999,0,nonexistent,0.2637406754545864,no,Low
5589,32,blue-collar,divorced,basic.9y,yes,no,telephone,may,4,999,0,nonexistent,0.2637252759268993,no,Low
5590,35,blue-collar,married,basic.9y,no,no,telephone,jun,1,999,0,nonexistent,0.2636697352068761,no,Low
5591,41,blue-collar,married,basic.4y,no,no,cellular,nov,1,999,0,nonexistent,0.2636275912648119,no,Low
5592,35,technician,single,professional.course,yes,yes,cellular,aug,1,999,0,nonexistent,0.2635188261352639,no,Low
5593,48,services,married,professional.course,yes,no,cellular,jul,5,999,0,nonexistent,0.2633798041871165,no,Low
5594,56,services,single,high.school,yes,no,cellular,nov,2,999,1,failure,0.2633777046898523,no,Low
5595,35,blue-collar,married,basic.9y,yes,no,telephone,jun,3,999,0,nonexistent,0.2632640728463331,no,Low
5596,39,blue-collar,single,basic.4y,no,no,telephone,jun,3,999,0,nonexistent,0.26322539792101746,no,Low
5597,28,admin.,single,professional.course,no,yes,telephone,jun,1,999,0,nonexistent,0.26317123228442196,no,Low
5598,35,technician,married,professional.course,no,no,telephone,jun,1,999,0,nonexistent,0.26316353073801413,no,Low
5599,32,self-employed,married,professional.course,no,yes,telephone,jun,1,999,0,nonexistent,0.2631597930789003,no,Low
5600,35,technician,single,professional.course,yes,no,cellular,aug,1,999,0,nonexistent,0.26313865535057684,no,Low
5601,43,management,married,professional.course,yes,no,cellular,nov,1,999,0,nonexistent,0.26310460016853604,no,Low
5602,36,self-employed,married,university.degree,yes,no,telephone,jun,7,999,0,nonexistent,0.2631032750644511,no,Low
5603,47,admin.,married,university.degree,no,no,telephone,jun,1,999,0,nonexistent,0.26307800228396644,no,Low
5604,57,technician,single,professional.course,yes,no,telephone,jun,1,999,0,nonexistent,0.26304417488307386,no,Low
5605,46,technician,single,professional.course,no,no,cellular,aug,1,999,0,nonexistent,0.26302261240339625,no,Low
5606,46,admin.,single,high.school,yes,no,telephone,nov,2,999,1,failure,0.2630222323603437,no,Low
5607,50,management,married,university.degree,yes,no,cellular,jul,1,999,0,nonexistent,0.26295096517336414,no,Low
5608,57,blue-collar,divorced,basic.9y,yes,no,cellular,nov,1,999,0,nonexistent,0.2629256654840896,no,Low
5609,27,blue-collar,married,basic.9y,no,yes,telephone,may,5,999,0,nonexistent,0.2629240492592862,no,Low
5610,50,blue-collar,married,basic.4y,no,no,telephone,jun,2,999,0,nonexistent,0.26286314555860074,no,Low
5611,53,technician,married,professional.course,no,no,telephone,jun,2,999,0,nonexistent,0.2627689257961074,no,Low
5612,36,services,married,high.school,no,no,cellular,nov,2,999,0,nonexistent,0.2626666374245389,no,Low
5613,32,technician,married,university.degree,no,no,telephone,jun,1,999,0,nonexistent,0.26265557101147924,no,Low
5614,39,technician,married,basic.9y,yes,no,telephone,jun,1,999,0,nonexistent,0.26265556495498565,no,Low
5615,46,self-employed,married,university.degree,yes,no,cellular,nov,3,999,0,nonexistent,0.26257768779022606,no,Low
5616,49,blue-collar,married,high.school,yes,yes,cellular,aug,6,999,0,nonexistent,0.2624484704178841,no,Low
5617,31,admin.,single,university.degree,no,yes,cellular,aug,1,999,0,nonexistent,0.2624205654678137,no,Low
5618,40,technician,single,professional.course,yes,yes,cellular,aug,4,999,0,nonexistent,0.2623829553121817,no,Low
5619,33,technician,divorced,professional.course,no,no,telephone,jun,5,999,0,nonexistent,0.26235710038074844,no,Low
5620,31,admin.,single,university.degree,no,no,telephone,may,2,999,0,nonexistent,0.2623569495107048,no,Low
5621,31,admin.,married,basic.9y,no,no,telephone,jun,1,999,0,nonexistent,0.2623382346764026,no,Low
5622,50,entrepreneur,married,basic.4y,no,no,telephone,jun,2,999,0,nonexistent,0.2622949850791928,no,Low
5623,31,technician,single,professional.course,yes,no,cellular,aug,10,999,0,nonexistent,0.26221458313449086,no,Low
5624,31,admin.,married,high.school,yes,no,telephone,jun,2,999,0,nonexistent,0.26214922212920383,no,Low
5625,53,admin.,divorced,university.degree,unknown,unknown,cellular,aug,10,999,0,nonexistent,0.2621459181199055,no,Low
5626,53,technician,married,university.degree,yes,no,cellular,nov,1,999,0,nonexistent,0.2621004635398349,no,Low
5627,39,technician,married,professional.course,no,no,cellular,aug,1,999,0,nonexistent,0.262093864884466,no,Low
5628,43,blue-collar,married,unknown,yes,no,cellular,nov,6,999,0,nonexistent,0.2620609428168074,no,Low
5629,58,admin.,married,university.degree,no,yes,telephone,jun,4,999,0,nonexistent,0.2620105302627577,no,Low
5630,34,technician,married,professional.course,no,no,telephone,jun,1,999,0,nonexistent,0.2619299987185949,no,Low
5631,46,admin.,divorced,university.degree,yes,no,telephone,jun,2,999,0,nonexistent,0.26187068912690614,no,Low
5632,36,unemployed,single,university.degree,yes,no,telephone,jun,2,999,0,nonexistent,0.26186937138481103,no,Low
5633,51,admin.,married,university.degree,no,no,telephone,jul,4,999,0,nonexistent,0.2617402054110522,no,Low
5634,37,housemaid,married,basic.4y,yes,no,cellular,aug,1,999,0,nonexistent,0.2617219263317963,no,Low
5635,31,blue-collar,married,basic.9y,yes,no,telephone,jun,1,999,0,nonexistent,0.26167807712561886,no,Low
5636,32,admin.,single,university.degree,yes,yes,telephone,jun,6,999,0,nonexistent,0.2615689459770392,no,Low
5637,38,self-employed,single,basic.9y,yes,yes,telephone,jun,5,999,0,nonexistent,0.26155769939877654,no,Low
5638,52,management,married,basic.4y,no,no,telephone,jun,5,999,0,nonexistent,0.2615282739617018,no,Low
5639,29,technician,married,university.degree,no,yes,telephone,jun,4,999,0,nonexistent,0.2614197334255061,no,Low
5640,48,technician,divorced,professional.course,yes,yes,cellular,nov,1,999,0,nonexistent,0.26141122847281373,no,Low
5641,45,housemaid,married,basic.4y,yes,no,cellular,jul,4,999,0,nonexistent,0.2613344135951535,no,Low
5642,43,admin.,married,high.school,no,no,cellular,nov,1,999,0,nonexistent,0.26129515175521223,no,Low
5643,46,blue-collar,married,basic.4y,no,no,telephone,jun,1,999,0,nonexistent,0.2612291201508044,no,Low
5644,44,technician,married,professional.course,no,no,cellular,aug,3,999,0,nonexistent,0.261217631631275,no,Low
5645,42,blue-collar,married,basic.4y,yes,no,telephone,jun,2,999,0,nonexistent,0.2611698730285201,no,Low
5646,22,student,single,high.school,unknown,unknown,telephone,jun,2,999,0,nonexistent,0.2611631140307354,no,Low
5647,58,technician,married,professional.course,no,no,cellular,aug,1,999,0,nonexistent,0.2611611436974114,no,Low
5648,49,admin.,married,university.degree,yes,yes,telephone,jun,2,999,0,nonexistent,0.26111418974436945,no,Low
5649,31,housemaid,married,basic.6y,no,no,cellular,aug,1,999,0,nonexistent,0.2610337263814307,no,Low
5650,33,blue-collar,single,basic.9y,yes,no,cellular,nov,1,999,0,nonexistent,0.2610194216022788,no,Low
5651,39,services,married,high.school,yes,no,cellular,apr,1,999,0,nonexistent,0.2609583680151342,no,Low
5652,37,blue-collar,married,basic.9y,yes,yes,cellular,nov,3,999,1,failure,0.2608929740511727,no,Low
5653,45,unknown,married,unknown,no,no,telephone,jun,1,999,0,nonexistent,0.26089133179751456,no,Low
5654,44,self-employed,married,basic.9y,yes,no,cellular,nov,4,999,1,failure,0.2608827303964114,no,Low
5655,42,technician,married,university.degree,yes,no,telephone,jun,4,999,0,nonexistent,0.26088136196903294,no,Low
5656,26,services,single,high.school,no,no,telephone,jun,1,999,0,nonexistent,0.260877157774009,no,Low
5657,28,admin.,married,high.school,no,no,telephone,jun,3,999,0,nonexistent,0.2608647718995274,no,Low
5658,42,blue-collar,married,basic.9y,yes,no,cellular,may,6,999,0,nonexistent,0.26070135468366445,no,Low
5659,28,blue-collar,married,basic.9y,yes,yes,telephone,jun,2,999,0,nonexistent,0.26062913076323374,no,Low
5660,44,blue-collar,married,unknown,yes,no,telephone,jun,1,999,0,nonexistent,0.26062375503078516,no,Low
5661,36,admin.,married,high.school,no,yes,telephone,jun,8,999,0,nonexistent,0.260607025873516,no,Low
5662,31,blue-collar,married,basic.4y,no,no,telephone,jul,1,999,0,nonexistent,0.2603965770620819,no,Low
5663,54,management,married,university.degree,no,no,telephone,jun,13,999,0,nonexistent,0.260347805091109,no,Low
5664,35,blue-collar,married,basic.9y,yes,no,telephone,jun,4,999,0,nonexistent,0.26034622368713545,no,Low
5666,44,services,married,high.school,yes,yes,cellular,aug,1,999,0,nonexistent,0.2602007931014938,no,Low
5665,44,services,married,high.school,yes,yes,cellular,aug,1,999,0,nonexistent,0.2602007931014938,no,Low
5667,35,technician,married,professional.course,yes,yes,telephone,jun,4,999,0,nonexistent,0.26019596110738846,no,Low
5668,30,entrepreneur,married,university.degree,yes,no,telephone,jun,3,999,0,nonexistent,0.2601886695303872,no,Low
5669,31,blue-collar,single,professional.course,no,yes,cellular,jul,13,999,0,nonexistent,0.2601812077069533,no,Low
5670,31,technician,married,professional.course,yes,no,cellular,aug,1,999,0,nonexistent,0.26016230834723186,no,Low
5671,30,admin.,divorced,high.school,yes,no,telephone,jun,4,999,0,nonexistent,0.2601501663610558,no,Low
5672,30,services,divorced,basic.9y,no,no,telephone,may,1,999,0,nonexistent,0.2601314047349768,no,Low
5673,52,admin.,divorced,basic.6y,yes,no,telephone,jun,1,999,0,nonexistent,0.26011662237638666,no,Low
5674,26,housemaid,single,high.school,yes,no,cellular,jul,1,999,0,nonexistent,0.2601102592244276,no,Low
5675,41,admin.,married,high.school,no,no,telephone,jun,2,999,0,nonexistent,0.26001528215486763,no,Low
5676,48,admin.,divorced,professional.course,yes,no,telephone,jun,1,999,0,nonexistent,0.2598974548332015,no,Low
5677,54,retired,divorced,basic.4y,no,no,telephone,jun,1,999,0,nonexistent,0.25988214387614705,no,Low
5678,28,services,single,high.school,no,no,telephone,may,2,999,0,nonexistent,0.2598419573160823,no,Low
5679,40,housemaid,single,university.degree,no,yes,telephone,may,1,999,0,nonexistent,0.2597652703655607,no,Low
5680,47,housemaid,married,basic.4y,no,no,cellular,jul,1,999,0,nonexistent,0.259733168421939,no,Low
5681,33,blue-collar,married,basic.9y,no,no,telephone,jun,1,999,0,nonexistent,0.25965411448050557,no,Low
5682,45,technician,divorced,professional.course,yes,no,cellular,aug,10,999,0,nonexistent,0.259611014823801,no,Low
5683,34,entrepreneur,married,university.degree,yes,yes,telephone,jun,3,999,0,nonexistent,0.25949933074782244,no,Low
5684,43,technician,single,professional.course,no,no,telephone,jun,2,999,0,nonexistent,0.25944683341136365,no,Low
5685,33,unemployed,divorced,professional.course,no,no,cellular,aug,4,999,0,nonexistent,0.2593942322637495,no,Low
5686,56,self-employed,single,basic.9y,no,no,telephone,jun,2,999,0,nonexistent,0.2593857355244592,no,Low
5687,32,housemaid,married,basic.4y,yes,no,cellular,aug,4,999,0,nonexistent,0.2592802024763975,no,Low
5688,24,blue-collar,single,basic.9y,no,no,telephone,may,3,999,0,nonexistent,0.25920418210048246,no,Low
5689,44,unemployed,married,basic.9y,no,no,telephone,jun,8,999,0,nonexistent,0.25916081560532744,no,Low
5690,36,admin.,single,university.degree,yes,no,telephone,jun,2,999,0,nonexistent,0.2591554455252819,no,Low
5691,34,technician,married,professional.course,no,yes,telephone,jun,1,999,0,nonexistent,0.2591506454698369,no,Low
5692,40,admin.,married,university.degree,yes,no,telephone,jun,3,999,0,nonexistent,0.2591378473542941,no,Low
5693,43,technician,single,university.degree,yes,no,telephone,jun,4,999,0,nonexistent,0.2590928806664922,no,Low
5694,24,blue-collar,married,basic.9y,yes,yes,telephone,may,6,999,0,nonexistent,0.2590445222924271,no,Low
5695,46,blue-collar,married,professional.course,no,no,telephone,jun,1,999,0,nonexistent,0.25903835996366237,no,Low
5696,31,admin.,married,unknown,yes,no,cellular,may,11,999,1,failure,0.2589920142284278,no,Low
5697,26,blue-collar,married,basic.9y,yes,no,telephone,jun,2,999,0,nonexistent,0.2589879328082565,no,Low
5698,35,admin.,married,high.school,no,yes,telephone,jun,1,999,0,nonexistent,0.25893698487461886,no,Low
5699,36,management,married,university.degree,yes,no,telephone,jun,1,999,0,nonexistent,0.2588883668807184,no,Low
5700,45,blue-collar,married,basic.9y,yes,no,cellular,apr,2,999,0,nonexistent,0.2587903943308905,no,Low
5701,43,blue-collar,married,basic.4y,yes,no,telephone,jun,1,999,0,nonexistent,0.2587751406455224,no,Low
5702,28,technician,single,high.school,no,no,telephone,may,2,999,0,nonexistent,0.2587630589380793,no,Low
5703,60,retired,married,basic.4y,yes,no,telephone,may,2,999,0,nonexistent,0.2587311696261891,no,Low
5704,56,housemaid,single,basic.4y,no,yes,cellular,jul,1,999,0,nonexistent,0.2587079292066821,no,Low
5705,33,blue-collar,married,basic.9y,yes,no,cellular,nov,1,999,0,nonexistent,0.2585968263116054,no,Low
5706,40,admin.,single,university.degree,no,yes,telephone,jun,1,999,0,nonexistent,0.25859358381292186,no,Low
5707,34,admin.,divorced,university.degree,no,no,cellular,nov,2,999,1,failure,0.25858035441783894,no,Low
5708,30,blue-collar,married,basic.4y,yes,no,telephone,may,2,999,0,nonexistent,0.25856061354648135,no,Low
5709,53,self-employed,divorced,basic.9y,no,no,telephone,jun,1,999,0,nonexistent,0.25853128580574386,no,Low
5710,47,blue-collar,married,basic.9y,yes,no,telephone,jun,4,999,0,nonexistent,0.25852581632510313,no,Low
5711,51,services,married,high.school,no,no,telephone,jul,1,999,0,nonexistent,0.2584669816209717,no,Low
5712,33,admin.,married,high.school,no,yes,telephone,jun,1,999,0,nonexistent,0.258452147903835,no,Low
5713,39,housemaid,married,basic.4y,no,no,cellular,aug,1,999,0,nonexistent,0.258413175808743,no,Low
5714,48,management,married,university.degree,yes,yes,cellular,aug,1,999,0,nonexistent,0.2584101001197353,no,Low
5715,52,services,divorced,high.school,no,no,cellular,nov,1,999,0,nonexistent,0.2584000059854805,no,Low
5716,48,blue-collar,married,basic.9y,no,no,telephone,jun,10,999,0,nonexistent,0.25839704840452077,no,Low
5717,48,housemaid,married,basic.4y,yes,yes,cellular,aug,4,999,0,nonexistent,0.2583678532367568,no,Low
5718,29,admin.,single,university.degree,no,no,telephone,may,1,999,0,nonexistent,0.2583316687427303,no,Low
5719,54,services,married,high.school,no,no,cellular,apr,1,999,1,failure,0.25819486220041954,no,Low
5720,43,admin.,single,high.school,no,no,telephone,jun,1,999,0,nonexistent,0.2581920220761443,no,Low
5721,58,unemployed,married,professional.course,yes,no,cellular,aug,2,999,0,nonexistent,0.25813447588732685,no,Low
5722,55,technician,married,university.degree,no,no,telephone,jun,1,999,0,nonexistent,0.25813129203232577,no,Low
5723,38,unemployed,married,basic.9y,no,no,telephone,jun,1,999,0,nonexistent,0.2580238786684953,no,Low
5724,57,retired,single,basic.4y,no,yes,telephone,jul,11,999,0,nonexistent,0.25793098072480636,no,Low
5725,59,retired,divorced,basic.9y,yes,no,telephone,jul,8,999,0,nonexistent,0.25790505930376345,no,Low
5726,46,blue-collar,married,basic.9y,no,no,cellular,nov,1,999,0,nonexistent,0.25787443994184706,no,Low
5727,49,services,married,high.school,yes,yes,telephone,may,1,999,0,nonexistent,0.2577848548695248,no,Low
5728,51,technician,married,high.school,no,yes,telephone,jun,6,999,0,nonexistent,0.2576761688872092,no,Low
5729,39,blue-collar,married,high.school,yes,yes,telephone,jun,2,999,0,nonexistent,0.25763336298866296,no,Low
5730,57,admin.,divorced,university.degree,yes,yes,cellular,jul,6,999,0,nonexistent,0.25761786644183887,no,Low
5731,35,management,married,high.school,yes,no,telephone,jun,2,999,0,nonexistent,0.25755706893815594,no,Low
5732,34,blue-collar,married,basic.9y,no,yes,cellular,apr,5,999,1,failure,0.25752698444113875,no,Low
5733,32,blue-collar,married,basic.6y,no,no,telephone,jul,6,999,0,nonexistent,0.257492205076458,no,Low
5734,39,admin.,single,university.degree,no,no,telephone,jun,5,999,0,nonexistent,0.2574898543014273,no,Low
5735,27,admin.,divorced,high.school,no,no,telephone,jun,1,999,0,nonexistent,0.2574611970718063,no,Low
5736,32,housemaid,married,university.degree,yes,no,telephone,jun,1,999,0,nonexistent,0.2573727261820622,no,Low
5737,43,blue-collar,married,basic.9y,yes,no,telephone,may,2,999,0,nonexistent,0.25737010544453215,no,Low
5738,51,services,single,high.school,no,no,cellular,nov,4,999,0,nonexistent,0.2572998447783142,no,Low
5739,35,blue-collar,married,basic.9y,no,no,telephone,may,1,999,0,nonexistent,0.25726639726206857,no,Low
5740,29,admin.,single,university.degree,yes,yes,telephone,may,2,999,0,nonexistent,0.25726277041689366,no,Low
5741,52,technician,married,high.school,no,no,telephone,jun,1,999,0,nonexistent,0.257242887979268,no,Low
5742,37,admin.,single,university.degree,yes,no,telephone,may,2,999,0,nonexistent,0.25713257197412076,no,Low
5743,34,admin.,married,university.degree,yes,no,telephone,jun,2,999,0,nonexistent,0.2571264157376032,no,Low
5744,54,admin.,divorced,unknown,no,no,telephone,jun,2,999,0,nonexistent,0.25700191344265405,no,Low
5745,57,housemaid,married,basic.9y,yes,no,cellular,aug,1,999,0,nonexistent,0.2569923148288272,no,Low
5746,46,admin.,divorced,university.degree,no,no,telephone,jun,2,999,0,nonexistent,0.25690756366728773,no,Low
5747,42,blue-collar,married,high.school,no,no,telephone,jun,2,999,0,nonexistent,0.2568700791220662,no,Low
5748,42,admin.,single,university.degree,yes,no,telephone,jun,3,999,0,nonexistent,0.2568493386217461,no,Low
5749,52,technician,married,professional.course,yes,no,cellular,aug,9,999,0,nonexistent,0.25673726285081977,no,Low
5750,54,entrepreneur,married,basic.9y,no,yes,telephone,jun,6,999,0,nonexistent,0.2565971289096623,no,Low
5751,48,technician,married,high.school,no,no,telephone,jun,2,999,0,nonexistent,0.25653287996514906,no,Low
5752,31,admin.,single,university.degree,no,no,telephone,may,3,999,0,nonexistent,0.25649334672641316,no,Low
5753,49,unemployed,married,professional.course,yes,no,cellular,aug,2,999,0,nonexistent,0.2564480568412033,no,Low
5754,43,technician,divorced,professional.course,yes,no,telephone,jun,3,999,0,nonexistent,0.25643151808780357,no,Low
5755,57,technician,married,professional.course,no,no,cellular,nov,2,999,0,nonexistent,0.2564228259318284,no,Low
5756,50,blue-collar,divorced,basic.9y,yes,no,telephone,jun,2,999,0,nonexistent,0.2563301057689205,no,Low
5757,44,services,single,high.school,no,no,cellular,nov,4,999,0,nonexistent,0.25628439163412786,no,Low
5758,55,admin.,married,high.school,yes,no,cellular,may,2,999,1,failure,0.2562384072847216,no,Low
5759,54,blue-collar,married,unknown,yes,no,cellular,aug,1,999,0,nonexistent,0.25623625666370864,no,Low
5760,48,admin.,single,university.degree,yes,no,telephone,may,2,999,0,nonexistent,0.2562159215067802,no,Low
5761,40,admin.,single,high.school,yes,no,cellular,may,2,999,1,failure,0.2561420207782176,no,Low
5762,49,unemployed,married,basic.4y,yes,no,cellular,aug,2,999,0,nonexistent,0.25609956091814257,no,Low
5763,41,technician,divorced,professional.course,yes,no,cellular,aug,6,999,0,nonexistent,0.2560907196375889,no,Low
5764,35,admin.,single,basic.4y,no,no,telephone,jun,2,999,0,nonexistent,0.2560440651267341,no,Low
5765,46,blue-collar,single,basic.4y,yes,yes,cellular,nov,1,999,0,nonexistent,0.25597212299222993,no,Low
5766,51,technician,married,professional.course,no,yes,telephone,jun,3,999,0,nonexistent,0.255938689906277,no,Low
5767,30,blue-collar,single,high.school,yes,yes,telephone,nov,1,999,1,failure,0.2559095247622116,no,Low
5768,40,admin.,single,university.degree,yes,no,telephone,may,3,999,0,nonexistent,0.25585821087054933,no,Low
5769,27,blue-collar,married,basic.9y,no,no,telephone,jun,4,999,0,nonexistent,0.2558489557778497,no,Low
5770,36,admin.,married,university.degree,yes,no,telephone,jun,3,999,0,nonexistent,0.25582684440124465,no,Low
5771,32,services,married,high.school,no,no,telephone,jun,2,999,0,nonexistent,0.25575554803527273,no,Low
5772,48,admin.,divorced,high.school,yes,no,cellular,nov,2,999,0,nonexistent,0.2557413578565031,no,Low
5773,51,housemaid,married,basic.4y,no,no,cellular,aug,1,999,0,nonexistent,0.2556975642375694,no,Low
5774,50,technician,married,professional.course,no,no,telephone,jun,1,999,0,nonexistent,0.25568882940866855,no,Low
5775,45,management,married,basic.9y,yes,no,cellular,may,1,999,1,failure,0.255635235138993,no,Low
5776,32,blue-collar,married,basic.9y,no,no,telephone,jun,1,999,0,nonexistent,0.25562195328189674,no,Low
5777,29,technician,single,university.degree,no,yes,telephone,jul,7,999,0,nonexistent,0.2556007921013992,no,Low
5778,31,admin.,single,university.degree,no,no,telephone,may,2,999,0,nonexistent,0.25559917667378296,no,Low
5779,33,unemployed,divorced,professional.course,yes,no,cellular,aug,2,999,0,nonexistent,0.25554036565623434,no,Low
5780,41,housemaid,divorced,university.degree,no,no,cellular,nov,2,999,1,failure,0.2555272504721319,no,Low
5781,41,admin.,divorced,high.school,yes,no,telephone,may,1,999,0,nonexistent,0.25551638284258804,no,Low
5782,56,technician,married,professional.course,no,yes,telephone,jun,4,999,0,nonexistent,0.2554935032168665,no,Low
5783,39,admin.,divorced,professional.course,yes,yes,telephone,jun,1,999,0,nonexistent,0.2554470383948735,no,Low
5784,31,admin.,married,university.degree,no,yes,cellular,aug,1,999,0,nonexistent,0.25532646302090456,no,Low
5785,31,admin.,married,university.degree,no,yes,cellular,aug,1,999,0,nonexistent,0.25532646302090456,no,Low
5786,58,blue-collar,divorced,unknown,yes,no,telephone,jun,1,999,0,nonexistent,0.2553252998502023,no,Low
5787,51,admin.,married,high.school,no,yes,cellular,nov,2,999,1,failure,0.255288294794634,no,Low
5788,34,blue-collar,married,basic.6y,yes,yes,telephone,may,5,999,0,nonexistent,0.25528086167273917,no,Low
5789,58,blue-collar,married,basic.9y,yes,no,cellular,aug,1,999,0,nonexistent,0.2552695028122925,no,Low
5790,50,management,married,professional.course,yes,no,cellular,nov,1,999,1,failure,0.2552554523496877,no,Low
5791,39,blue-collar,single,basic.4y,no,yes,telephone,jun,4,999,0,nonexistent,0.2551934989795756,no,Low
5792,38,blue-collar,married,basic.9y,no,no,telephone,jul,3,999,0,nonexistent,0.2551261502801944,no,Low
5793,40,admin.,single,high.school,yes,no,telephone,may,2,999,0,nonexistent,0.2550998047888825,no,Low
5794,36,admin.,married,high.school,yes,no,telephone,jun,3,999,0,nonexistent,0.2550980447063102,no,Low
5795,44,admin.,married,high.school,no,no,cellular,nov,7,999,0,nonexistent,0.25509715659984633,no,Low
5796,30,admin.,married,university.degree,no,yes,telephone,jun,2,999,0,nonexistent,0.2550743052443215,no,Low
5797,42,technician,married,basic.9y,no,no,cellular,nov,1,999,0,nonexistent,0.25484267109913095,no,Low
5798,51,technician,married,professional.course,no,no,cellular,aug,1,999,0,nonexistent,0.2548357496260754,no,Low
5799,30,entrepreneur,single,university.degree,yes,no,cellular,jul,12,999,0,nonexistent,0.2548154785500265,no,Low
5800,42,blue-collar,divorced,high.school,no,no,telephone,jun,1,999,0,nonexistent,0.25465643573972535,no,Low
5801,44,management,single,university.degree,yes,no,cellular,nov,2,999,1,failure,0.2546552872957266,no,Low
5802,49,blue-collar,married,basic.4y,no,yes,cellular,aug,5,999,0,nonexistent,0.2545707964817537,no,Low
5803,47,admin.,married,university.degree,no,yes,telephone,jun,1,999,0,nonexistent,0.25456875999900386,no,Low
5804,40,admin.,married,high.school,no,yes,telephone,jul,1,999,0,nonexistent,0.2544745730045935,no,Low
5805,24,student,single,high.school,yes,no,telephone,may,2,999,0,nonexistent,0.2544559118648122,no,Low
5806,43,blue-collar,married,basic.9y,yes,no,telephone,jun,1,999,0,nonexistent,0.25445300661869963,no,Low
5807,39,services,married,professional.course,no,no,cellular,nov,7,999,0,nonexistent,0.2544520155094388,no,Low
5808,37,blue-collar,married,basic.4y,yes,no,telephone,jun,2,999,0,nonexistent,0.25441027888427964,no,Low
5809,48,admin.,single,university.degree,yes,no,telephone,jun,2,999,0,nonexistent,0.25422643172344633,no,Low
5810,33,admin.,married,university.degree,yes,yes,telephone,jun,1,999,0,nonexistent,0.2542258776753102,no,Low
5811,59,retired,married,basic.4y,yes,no,cellular,aug,13,999,0,nonexistent,0.25422531753772154,no,Low
5812,37,technician,single,professional.course,no,no,cellular,aug,1,999,0,nonexistent,0.25422165231721083,no,Low
5813,40,blue-collar,married,basic.6y,yes,no,telephone,apr,1,999,0,nonexistent,0.25416905552958613,no,Low
5814,57,blue-collar,divorced,basic.9y,yes,no,telephone,jun,2,999,0,nonexistent,0.2541646931072447,no,Low
5815,29,unemployed,married,high.school,no,no,telephone,jun,1,999,0,nonexistent,0.2541205464789124,no,Low
5816,42,blue-collar,married,basic.9y,no,no,telephone,jun,5,999,0,nonexistent,0.25411515241332167,no,Low
5817,34,management,married,university.degree,yes,no,telephone,jun,3,999,0,nonexistent,0.2540846484438607,no,Low
5818,31,services,married,high.school,no,yes,telephone,jun,6,999,0,nonexistent,0.25404483926954113,no,Low
5819,47,housemaid,divorced,basic.4y,yes,yes,telephone,nov,2,999,0,nonexistent,0.25400625312895303,no,Low
5820,31,unemployed,married,university.degree,yes,no,cellular,aug,9,999,0,nonexistent,0.2539892350411113,no,Low
5821,33,technician,married,professional.course,no,no,telephone,jun,1,999,0,nonexistent,0.25398065378958123,no,Low
5822,26,blue-collar,married,basic.9y,no,no,telephone,jun,3,999,0,nonexistent,0.25395804035947295,no,Low
5823,31,services,single,university.degree,yes,no,telephone,jun,1,999,0,nonexistent,0.2539509951964226,no,Low
5824,39,services,single,high.school,yes,no,telephone,jun,3,999,0,nonexistent,0.2538865399980468,no,Low
5825,49,admin.,single,unknown,no,no,cellular,nov,2,999,0,nonexistent,0.2538654525031035,no,Low
5826,29,services,single,high.school,yes,no,telephone,jun,3,999,0,nonexistent,0.2538301422513025,no,Low
5827,45,services,married,professional.course,yes,yes,cellular,aug,9,999,0,nonexistent,0.253788211580796,no,Low
5828,55,management,married,university.degree,no,no,cellular,nov,4,999,1,failure,0.2537212625365242,no,Low
5829,39,admin.,single,high.school,no,no,telephone,jun,1,999,0,nonexistent,0.2537060080129314,no,Low
5830,57,retired,married,basic.4y,no,no,telephone,jun,3,999,0,nonexistent,0.2536034223325378,no,Low
5831,46,housemaid,divorced,professional.course,no,no,cellular,jul,2,999,0,nonexistent,0.2535499133802637,no,Low
5832,43,blue-collar,married,basic.6y,yes,no,telephone,nov,4,999,0,nonexistent,0.253490736331172,no,Low
5833,51,blue-collar,single,basic.9y,yes,no,telephone,jun,2,999,0,nonexistent,0.25332909226094086,no,Low
5834,46,unemployed,divorced,basic.9y,yes,no,telephone,jun,2,999,0,nonexistent,0.2532987068729507,no,Low
5835,35,admin.,single,university.degree,yes,no,telephone,nov,2,999,0,nonexistent,0.2532503552081317,no,Low
5836,30,blue-collar,single,basic.9y,no,yes,telephone,may,2,999,0,nonexistent,0.2532429254511236,no,Low
5837,43,unemployed,married,professional.course,no,no,telephone,jun,2,999,0,nonexistent,0.2532248447797593,no,Low
5838,24,student,single,basic.4y,yes,yes,telephone,jul,1,999,0,nonexistent,0.2530595998037143,no,Low
5839,50,blue-collar,married,basic.9y,yes,no,telephone,jul,9,999,0,nonexistent,0.25301303332805125,no,Low
5840,46,self-employed,married,professional.course,yes,no,telephone,nov,2,999,0,nonexistent,0.2529576287202019,no,Low
5841,48,admin.,divorced,high.school,yes,yes,telephone,jun,2,999,0,nonexistent,0.25293037025071574,no,Low
5842,27,student,single,high.school,no,no,telephone,jun,1,999,0,nonexistent,0.25292937709176894,no,Low
5843,41,management,married,unknown,yes,no,telephone,jun,2,999,0,nonexistent,0.25287290648175775,no,Low
5844,36,blue-collar,married,basic.4y,no,yes,cellular,nov,1,999,0,nonexistent,0.2528498496713173,no,Low
5845,53,blue-collar,married,professional.course,yes,yes,cellular,nov,3,999,0,nonexistent,0.25281325912077807,no,Low
5846,37,admin.,married,university.degree,yes,yes,cellular,aug,2,999,0,nonexistent,0.25279039400478853,no,Low
5847,31,management,married,high.school,yes,yes,telephone,jun,2,999,0,nonexistent,0.25272165602737673,no,Low
5848,37,blue-collar,married,basic.4y,yes,no,telephone,jun,7,999,0,nonexistent,0.25272068401305975,no,Low
5849,45,technician,divorced,professional.course,yes,no,telephone,jun,2,999,0,nonexistent,0.25269474981955586,no,Low
5850,29,technician,divorced,university.degree,no,yes,telephone,jun,2,999,0,nonexistent,0.2526580903678896,no,Low
5851,38,admin.,single,high.school,yes,no,cellular,nov,1,999,0,nonexistent,0.25263980975661565,no,Low
5852,47,blue-collar,married,unknown,no,yes,telephone,jun,13,999,0,nonexistent,0.2526332873093475,no,Low
5853,46,self-employed,married,basic.9y,no,no,telephone,jun,1,999,0,nonexistent,0.2525610457098765,no,Low
5854,59,retired,married,professional.course,no,no,cellular,aug,1,999,0,nonexistent,0.25253425608174135,no,Low
5855,49,housemaid,divorced,basic.4y,no,no,telephone,jun,4,999,0,nonexistent,0.25248799300972624,no,Low
5856,48,services,divorced,high.school,yes,no,cellular,nov,1,999,0,nonexistent,0.2524801576301222,no,Low
5857,31,admin.,divorced,high.school,yes,yes,telephone,jun,4,999,0,nonexistent,0.25246331765073915,no,Low
5858,42,admin.,divorced,university.degree,yes,no,telephone,jun,6,999,0,nonexistent,0.25243335026777686,no,Low
5859,53,blue-collar,divorced,basic.4y,no,no,telephone,jun,1,999,0,nonexistent,0.2524127915890352,no,Low
5860,44,technician,married,professional.course,yes,no,telephone,jun,2,999,0,nonexistent,0.25237134914798814,no,Low
5861,39,housemaid,married,professional.course,yes,no,cellular,aug,2,999,0,nonexistent,0.2523171480056936,no,Low
5862,33,blue-collar,married,basic.9y,no,yes,cellular,apr,2,999,1,failure,0.2522541842173895,no,Low
5863,49,technician,married,professional.course,no,no,telephone,jun,1,999,0,nonexistent,0.2522480599202818,no,Low
5864,37,housemaid,married,high.school,yes,no,cellular,aug,1,999,0,nonexistent,0.2522419682109045,no,Low
5865,44,services,married,high.school,yes,no,telephone,nov,1,999,1,failure,0.2522193506611827,no,Low
5866,36,admin.,divorced,high.school,no,no,telephone,jun,1,999,0,nonexistent,0.2522140149584389,no,Low
5867,47,services,married,high.school,unknown,unknown,telephone,jun,4,999,0,nonexistent,0.25218196894304623,no,Low
5868,22,blue-collar,single,basic.6y,unknown,unknown,telephone,may,1,999,0,nonexistent,0.2521207698744847,no,Low
5869,36,blue-collar,married,basic.9y,no,yes,telephone,jun,2,999,0,nonexistent,0.25199017070824503,no,Low
5870,56,technician,married,unknown,no,yes,telephone,jun,4,999,0,nonexistent,0.2519119500336097,no,Low
5871,30,services,married,high.school,yes,yes,telephone,jul,9,999,0,nonexistent,0.2518646416319488,no,Low
5872,53,technician,married,professional.course,yes,no,telephone,may,1,999,0,nonexistent,0.25176353039345173,no,Low
5873,33,unemployed,single,university.degree,no,no,cellular,aug,2,999,0,nonexistent,0.2516969715110678,no,Low
5874,49,technician,divorced,basic.9y,no,no,cellular,nov,5,999,0,nonexistent,0.2516660296124248,no,Low
5875,37,admin.,married,high.school,no,no,telephone,jun,1,999,0,nonexistent,0.25162668033619306,no,Low
5876,32,admin.,married,university.degree,no,no,telephone,jun,1,999,0,nonexistent,0.2515510471749247,no,Low
5877,40,technician,divorced,professional.course,yes,no,cellular,aug,1,999,0,nonexistent,0.2514757281355638,no,Low
5878,35,admin.,married,university.degree,yes,no,telephone,jun,4,999,0,nonexistent,0.2514632015680688,no,Low
5879,30,admin.,single,high.school,yes,no,telephone,jun,1,999,0,nonexistent,0.25142686278333237,no,Low
5880,37,technician,married,university.degree,yes,no,telephone,jun,2,999,0,nonexistent,0.2513554229683771,no,Low
5881,49,technician,divorced,unknown,no,no,telephone,jun,1,999,0,nonexistent,0.25124542514336823,no,Low
5882,33,admin.,married,high.school,yes,no,telephone,jun,3,999,0,nonexistent,0.25124298213025126,no,Low
5883,47,management,married,basic.4y,yes,no,cellular,nov,1,999,0,nonexistent,0.2512121186583422,no,Low
5884,27,admin.,married,basic.9y,yes,no,telephone,jun,3,999,0,nonexistent,0.2511783842828658,no,Low
5885,32,technician,married,university.degree,no,yes,cellular,nov,1,999,1,failure,0.25109710502122795,no,Low
5886,29,entrepreneur,divorced,basic.9y,yes,no,telephone,may,1,999,0,nonexistent,0.2510544934831023,no,Low
5887,30,technician,married,university.degree,no,no,telephone,jun,1,999,0,nonexistent,0.2510299514779341,no,Low
5888,36,technician,single,professional.course,no,yes,telephone,jun,1,999,0,nonexistent,0.25100898652871195,no,Low
5889,31,unemployed,married,university.degree,no,no,cellular,aug,3,999,0,nonexistent,0.25099052202473826,no,Low
5890,35,student,single,university.degree,yes,no,telephone,may,1,999,0,nonexistent,0.2507544456892244,no,Low
5891,48,technician,married,professional.course,yes,no,telephone,jun,1,999,0,nonexistent,0.2507352440277295,no,Low
5892,58,management,married,university.degree,no,no,telephone,jun,2,999,0,nonexistent,0.2507081382398596,no,Low
5893,51,management,married,high.school,no,no,cellular,nov,3,999,0,nonexistent,0.2506560048356834,no,Low
5894,47,blue-collar,divorced,basic.4y,no,yes,telephone,jun,2,999,0,nonexistent,0.25064938112512475,no,Low
5895,59,retired,married,high.school,yes,no,cellular,jul,17,999,0,nonexistent,0.25063701275945394,no,Low
5896,24,student,single,basic.4y,no,no,cellular,jul,1,999,0,nonexistent,0.2506343220133317,no,Low
5897,24,student,single,basic.4y,no,no,cellular,jul,1,999,0,nonexistent,0.2506343220133317,no,Low
5898,40,admin.,married,high.school,no,no,telephone,jun,1,999,0,nonexistent,0.2505556251565078,no,Low
5899,40,blue-collar,married,basic.6y,no,no,telephone,jul,6,999,0,nonexistent,0.25055544024461723,no,Low
5900,54,housemaid,married,basic.4y,no,no,cellular,jul,4,999,0,nonexistent,0.25046939170966376,no,Low
5901,32,housemaid,married,basic.4y,yes,no,cellular,aug,9,999,0,nonexistent,0.2503569168164549,no,Low
5902,40,admin.,married,university.degree,no,no,telephone,jun,2,999,0,nonexistent,0.2503357843063912,no,Low
5903,29,admin.,married,university.degree,yes,yes,telephone,jun,2,999,0,nonexistent,0.2503046796976437,no,Low
5904,58,retired,married,university.degree,yes,yes,cellular,aug,1,999,0,nonexistent,0.2501693407223203,no,Low
5905,34,admin.,divorced,university.degree,yes,no,cellular,may,5,999,1,failure,0.25014460981014386,no,Low
5906,37,technician,married,professional.course,yes,yes,cellular,nov,1,999,0,nonexistent,0.25013757640071277,no,Low
5907,53,blue-collar,married,basic.9y,yes,no,telephone,jun,10,999,0,nonexistent,0.2500766877953029,no,Low
5908,31,services,married,high.school,yes,no,telephone,jun,1,999,0,nonexistent,0.2500461568765123,no,Low
5909,33,admin.,single,professional.course,no,no,telephone,jun,1,999,0,nonexistent,0.25002341927235233,no,Low
5910,47,entrepreneur,married,university.degree,yes,no,telephone,may,8,999,0,nonexistent,0.24996803817341232,no,Low
5911,55,blue-collar,married,basic.4y,no,yes,cellular,nov,2,999,0,nonexistent,0.2499213904194661,no,Low
5912,59,retired,married,university.degree,no,no,telephone,may,6,999,0,nonexistent,0.24983916385483734,no,Low
5913,29,self-employed,married,basic.9y,yes,no,telephone,jul,1,999,0,nonexistent,0.24983021627289229,no,Low
5914,39,unemployed,married,university.degree,yes,no,telephone,jun,4,999,0,nonexistent,0.24980399994784647,no,Low
5915,51,admin.,married,high.school,yes,no,cellular,nov,5,999,0,nonexistent,0.24976417847153495,no,Low
5916,52,admin.,divorced,university.degree,yes,no,telephone,jun,3,999,0,nonexistent,0.2496749070567185,no,Low
5917,37,unemployed,single,university.degree,yes,no,telephone,nov,3,999,0,nonexistent,0.24967171279127298,no,Low
5918,46,admin.,married,university.degree,no,no,telephone,jul,1,999,0,nonexistent,0.2496444839951637,no,Low
5919,47,management,married,basic.9y,no,no,cellular,nov,1,999,0,nonexistent,0.24964262899571513,no,Low
5920,28,student,single,high.school,yes,no,telephone,may,4,999,0,nonexistent,0.24963244943574148,no,Low
5921,39,admin.,married,university.degree,yes,no,telephone,jun,1,999,0,nonexistent,0.249599098652156,no,Low
5922,32,admin.,married,university.degree,yes,no,telephone,jun,2,999,0,nonexistent,0.24946232423376305,no,Low
5923,56,technician,married,unknown,no,no,telephone,jun,2,999,0,nonexistent,0.2493625765603331,no,Low
5924,58,blue-collar,married,unknown,yes,no,cellular,aug,1,999,0,nonexistent,0.24932781773521925,no,Low
5925,46,technician,married,university.degree,no,no,cellular,aug,1,999,0,nonexistent,0.24926440998748178,no,Low
5926,32,services,single,high.school,yes,no,telephone,jun,11,999,0,nonexistent,0.24923284131648743,no,Low
5927,59,entrepreneur,married,basic.9y,yes,yes,telephone,may,10,999,0,nonexistent,0.24910352520299037,no,Low
5928,26,services,single,high.school,no,yes,telephone,jun,1,999,0,nonexistent,0.24910062242521577,no,Low
5929,53,admin.,married,university.degree,no,no,telephone,jun,19,999,0,nonexistent,0.24908067821195706,no,Low
5930,48,blue-collar,divorced,professional.course,no,no,cellular,nov,1,999,0,nonexistent,0.2489566383315837,no,Low
5931,26,blue-collar,single,basic.9y,yes,no,telephone,may,1,999,0,nonexistent,0.2489380515583993,no,Low
5932,33,blue-collar,married,basic.4y,yes,yes,telephone,jun,4,999,0,nonexistent,0.2489283291231123,no,Low
5933,34,blue-collar,married,basic.4y,no,no,telephone,jun,4,999,0,nonexistent,0.24891014186569824,no,Low
5934,36,admin.,divorced,high.school,yes,yes,telephone,jun,5,999,0,nonexistent,0.24886838977181475,no,Low
5935,56,technician,divorced,university.degree,no,yes,cellular,jul,2,999,0,nonexistent,0.24883593305231652,no,Low
5936,30,blue-collar,married,basic.9y,no,yes,telephone,may,6,999,0,nonexistent,0.24881320822400704,no,Low
5937,44,technician,married,professional.course,no,no,cellular,may,6,999,1,failure,0.24873871704581926,no,Low
5938,57,technician,married,basic.9y,yes,no,telephone,jun,3,999,0,nonexistent,0.24861383396311468,no,Low
5939,43,blue-collar,married,basic.4y,yes,yes,telephone,jun,3,999,0,nonexistent,0.2485777452338615,no,Low
5940,44,services,married,high.school,no,no,telephone,may,3,999,0,nonexistent,0.24857150992754393,no,Low
5941,33,blue-collar,single,basic.9y,no,no,telephone,may,3,999,0,nonexistent,0.2485696683324817,no,Low
5942,47,unknown,married,unknown,no,no,telephone,jun,3,999,0,nonexistent,0.24856581503121034,no,Low
5943,49,technician,married,professional.course,yes,no,telephone,jun,2,999,0,nonexistent,0.24855785394068627,no,Low
5944,28,admin.,divorced,high.school,no,yes,telephone,may,2,999,0,nonexistent,0.2484462972698536,no,Low
5945,54,technician,divorced,basic.9y,yes,no,telephone,jun,2,999,0,nonexistent,0.2484395162293852,no,Low
5946,40,blue-collar,married,basic.9y,yes,yes,telephone,may,2,999,0,nonexistent,0.24841965101741806,no,Low
5947,46,housemaid,divorced,basic.4y,yes,no,cellular,jul,1,999,0,nonexistent,0.24838865499722862,no,Low
5948,41,admin.,married,high.school,yes,no,cellular,nov,1,999,0,nonexistent,0.24829122874890022,no,Low
5949,48,management,married,high.school,no,no,cellular,nov,3,999,0,nonexistent,0.24826507966566827,no,Low
5950,51,technician,married,professional.course,yes,yes,cellular,aug,1,999,0,nonexistent,0.24824555180167632,no,Low
5951,36,blue-collar,single,basic.9y,no,no,telephone,jun,2,999,0,nonexistent,0.2482125674732623,no,Low
5952,33,admin.,married,university.degree,yes,yes,telephone,may,12,999,0,nonexistent,0.2481737429608035,no,Low
5954,54,admin.,married,high.school,yes,no,cellular,nov,1,999,0,nonexistent,0.24808015502599104,no,Low
5953,51,admin.,married,high.school,yes,no,cellular,nov,1,999,0,nonexistent,0.24808015502599104,no,Low
5955,33,admin.,divorced,university.degree,yes,no,cellular,nov,2,999,1,failure,0.24804883367380037,no,Low
5956,53,admin.,married,basic.9y,no,no,telephone,jun,1,999,0,nonexistent,0.24804648403525448,no,Low
5957,39,technician,single,professional.course,no,no,cellular,aug,1,999,0,nonexistent,0.24797370166407087,no,Low
5958,30,admin.,single,university.degree,no,no,telephone,may,1,999,0,nonexistent,0.24792889162471346,no,Low
5959,45,blue-collar,married,basic.4y,yes,yes,cellular,nov,1,999,0,nonexistent,0.24779509907856256,no,Low
5960,26,services,single,high.school,yes,no,telephone,may,2,999,0,nonexistent,0.2477848778536709,no,Low
5961,23,services,single,professional.course,no,no,telephone,jun,1,999,0,nonexistent,0.24771220809794395,no,Low
5962,32,admin.,single,university.degree,no,no,telephone,may,3,999,0,nonexistent,0.24758334248227812,no,Low
5963,36,admin.,divorced,university.degree,yes,no,telephone,jun,3,999,0,nonexistent,0.24756969084887198,no,Low
5964,40,blue-collar,married,basic.9y,no,no,telephone,jul,3,999,0,nonexistent,0.2475693697069007,no,Low
5965,58,housemaid,married,basic.4y,yes,no,telephone,may,2,999,0,nonexistent,0.24750197871972981,no,Low
5966,39,admin.,married,university.degree,yes,no,telephone,jun,1,999,0,nonexistent,0.24746161728449798,no,Low
5967,36,housemaid,married,high.school,yes,no,telephone,jun,11,999,0,nonexistent,0.24737056153049522,no,Low
5968,53,self-employed,married,basic.9y,yes,no,cellular,nov,1,999,0,nonexistent,0.24734141894808587,no,Low
5969,42,housemaid,single,basic.4y,no,no,telephone,jun,1,999,0,nonexistent,0.2473258482035963,no,Low
5970,46,admin.,married,basic.9y,yes,no,telephone,jun,3,999,0,nonexistent,0.24728016183140084,no,Low
5971,50,admin.,married,high.school,no,no,telephone,jun,2,999,0,nonexistent,0.24720690707648776,no,Low
5972,53,management,divorced,university.degree,no,no,telephone,jun,3,999,0,nonexistent,0.24711730599226361,no,Low
5973,49,technician,divorced,professional.course,no,no,cellular,aug,2,999,0,nonexistent,0.2470417131338022,no,Low
5974,34,blue-collar,single,high.school,yes,yes,telephone,may,1,999,0,nonexistent,0.24703834396291854,no,Low
5975,45,technician,married,university.degree,no,no,telephone,jun,1,999,0,nonexistent,0.2469689440310157,no,Low
5976,36,admin.,married,university.degree,yes,yes,telephone,jun,2,999,0,nonexistent,0.24695012598888746,no,Low
5977,50,technician,married,university.degree,no,no,cellular,nov,2,999,1,failure,0.24692692512121084,no,Low
5978,48,admin.,divorced,professional.course,yes,no,telephone,may,3,999,0,nonexistent,0.24679204479590358,no,Low
5979,30,student,single,high.school,no,no,telephone,may,3,999,0,nonexistent,0.24678108625445924,no,Low
5980,27,management,single,high.school,yes,yes,telephone,jun,4,999,0,nonexistent,0.24676133194935052,no,Low
5981,42,technician,married,high.school,no,no,telephone,jun,1,999,0,nonexistent,0.24675882896438067,no,Low
5982,31,blue-collar,married,basic.9y,yes,yes,telephone,may,2,999,0,nonexistent,0.24673407269935224,no,Low
5983,35,blue-collar,married,basic.9y,yes,no,telephone,jun,2,999,0,nonexistent,0.24672056896515804,no,Low
5984,46,admin.,single,high.school,no,no,telephone,jun,1,999,0,nonexistent,0.2467201888604829,no,Low
5985,41,blue-collar,married,high.school,yes,no,cellular,nov,1,999,0,nonexistent,0.24666299766858343,no,Low
5986,25,blue-collar,single,basic.9y,no,no,telephone,jul,4,999,0,nonexistent,0.24663716712982142,no,Low
5987,31,services,single,high.school,no,yes,telephone,jun,5,999,0,nonexistent,0.2465611965471222,no,Low
5988,58,entrepreneur,married,basic.4y,no,yes,cellular,nov,2,999,1,failure,0.2465070328710143,no,Low
5989,35,admin.,married,high.school,yes,yes,telephone,jun,3,999,0,nonexistent,0.24647918484661654,no,Low
5990,27,student,single,university.degree,no,no,telephone,may,3,999,0,nonexistent,0.2464707758483947,no,Low
5991,53,blue-collar,single,basic.9y,yes,no,telephone,jun,3,999,0,nonexistent,0.24629265049507548,no,Low
5992,41,blue-collar,married,basic.9y,yes,no,telephone,nov,4,999,0,nonexistent,0.2462780594748751,no,Low
5993,42,entrepreneur,married,high.school,yes,no,telephone,may,1,999,0,nonexistent,0.24627738227804002,no,Low
5994,31,housemaid,divorced,high.school,yes,no,telephone,may,1,999,0,nonexistent,0.24627720133882103,no,Low
5995,30,entrepreneur,married,high.school,yes,no,telephone,may,1,999,0,nonexistent,0.2461039105880646,no,Low
5996,39,blue-collar,married,basic.4y,yes,no,telephone,jun,3,999,0,nonexistent,0.24604789245693615,no,Low
5997,56,admin.,married,unknown,yes,no,telephone,jun,2,999,0,nonexistent,0.246036277140288,no,Low
5998,41,blue-collar,married,basic.9y,yes,no,cellular,nov,1,999,0,nonexistent,0.2460156098140495,no,Low
5999,42,blue-collar,married,basic.6y,no,no,telephone,jul,1,999,0,nonexistent,0.2459646365839462,no,Low
6000,29,entrepreneur,married,high.school,yes,no,telephone,jun,3,999,0,nonexistent,0.2459135365456972,no,Low
6001,38,technician,divorced,high.school,yes,no,cellular,nov,1,999,1,failure,0.2458561895902976,no,Low
6002,25,admin.,married,university.degree,yes,no,telephone,jun,3,999,0,nonexistent,0.24579548852275906,no,Low
6003,40,blue-collar,married,basic.9y,no,no,telephone,jun,5,999,0,nonexistent,0.24579538532069597,no,Low
6004,37,entrepreneur,married,university.degree,yes,no,cellular,nov,5,999,1,failure,0.24567970169388345,no,Low
6005,29,technician,single,university.degree,yes,yes,telephone,jun,2,999,0,nonexistent,0.24563926254616447,no,Low
6006,54,blue-collar,married,basic.4y,yes,no,cellular,apr,5,999,0,nonexistent,0.24563583400948194,no,Low
6007,38,management,single,university.degree,no,no,telephone,jul,8,999,0,nonexistent,0.24560274172540797,no,Low
6008,56,retired,married,basic.6y,unknown,unknown,telephone,jun,5,999,0,nonexistent,0.24557831824634901,no,Low
6009,48,blue-collar,married,basic.4y,yes,no,telephone,jun,1,999,0,nonexistent,0.2454945569329765,no,Low
6010,53,blue-collar,married,basic.4y,yes,no,cellular,aug,1,999,0,nonexistent,0.24546778638800074,no,Low
6011,58,admin.,divorced,university.degree,yes,no,telephone,may,1,999,0,nonexistent,0.2454673530829099,no,Low
6012,44,blue-collar,married,basic.4y,yes,no,telephone,jun,1,999,0,nonexistent,0.24546338444228455,no,Low
6013,52,services,unknown,professional.course,yes,no,telephone,jun,2,999,0,nonexistent,0.24546181786664165,no,Low
6014,32,services,married,high.school,yes,no,telephone,may,6,999,0,nonexistent,0.2454217349680845,no,Low
6015,44,blue-collar,married,basic.6y,yes,no,telephone,may,3,999,0,nonexistent,0.24518273995138723,no,Low
6016,42,blue-collar,divorced,basic.9y,yes,no,cellular,nov,2,999,0,nonexistent,0.24518266638252495,no,Low
6017,25,blue-collar,single,basic.9y,yes,no,telephone,may,1,999,0,nonexistent,0.24518180353387545,no,Low
6018,26,blue-collar,single,high.school,no,yes,telephone,jul,2,999,0,nonexistent,0.24507527907848417,no,Low
6019,33,blue-collar,married,basic.9y,no,no,telephone,jun,7,999,0,nonexistent,0.24502821308621425,no,Low
6020,57,retired,single,professional.course,no,no,telephone,jun,1,999,0,nonexistent,0.2449583900154432,no,Low
6021,39,services,married,high.school,yes,yes,telephone,may,2,999,0,nonexistent,0.2448682788299673,no,Low
6022,43,blue-collar,married,basic.4y,no,yes,telephone,jun,1,999,0,nonexistent,0.24485220200116303,no,Low
6023,39,services,married,professional.course,no,no,cellular,nov,1,999,0,nonexistent,0.24483477455531605,no,Low
6024,31,technician,married,university.degree,yes,no,cellular,nov,4,999,1,failure,0.24482999567072644,no,Low
6025,46,entrepreneur,married,high.school,no,yes,telephone,may,4,999,0,nonexistent,0.24480057609077818,no,Low
6026,46,retired,married,basic.4y,yes,no,telephone,jun,3,999,0,nonexistent,0.24475559097627533,no,Low
6027,44,services,divorced,high.school,yes,yes,cellular,nov,1,999,0,nonexistent,0.24467824385098674,no,Low
6028,51,technician,married,professional.course,yes,no,telephone,jun,1,999,0,nonexistent,0.24464807091769175,no,Low
6029,38,services,married,high.school,yes,no,telephone,may,1,999,0,nonexistent,0.24461347280299406,no,Low
6030,46,admin.,married,high.school,no,no,telephone,jun,2,999,0,nonexistent,0.2445274878841488,no,Low
6031,40,entrepreneur,married,basic.9y,yes,no,cellular,nov,2,999,0,nonexistent,0.24449312433987458,no,Low
6032,51,admin.,married,high.school,no,no,telephone,jun,4,999,0,nonexistent,0.24435129965792238,no,Low
6033,52,technician,married,basic.9y,yes,no,telephone,jun,2,999,0,nonexistent,0.2443266697136777,no,Low
6034,35,admin.,married,high.school,yes,no,cellular,may,6,999,1,failure,0.2442878401771413,no,Low
6035,34,blue-collar,single,basic.9y,no,no,telephone,may,1,999,0,nonexistent,0.24427636305107658,no,Low
6036,32,admin.,single,high.school,no,yes,telephone,jun,2,999,0,nonexistent,0.24427432438975505,no,Low
6037,31,blue-collar,married,basic.4y,yes,no,telephone,jun,1,999,0,nonexistent,0.24425348043494785,no,Low
6038,30,technician,single,high.school,yes,no,cellular,aug,12,999,0,nonexistent,0.24423361907577185,no,Low
6039,48,services,married,unknown,no,no,cellular,nov,1,999,0,nonexistent,0.24419955614944452,no,Low
6040,50,admin.,married,university.degree,yes,no,telephone,jun,3,999,0,nonexistent,0.2441538613839846,no,Low
6041,54,entrepreneur,married,university.degree,yes,no,telephone,jun,2,999,0,nonexistent,0.24414203334170434,no,Low
6042,31,admin.,divorced,high.school,no,yes,telephone,jun,4,999,0,nonexistent,0.24411541352526717,no,Low
6043,33,blue-collar,divorced,basic.9y,yes,no,telephone,jun,1,999,0,nonexistent,0.24411102430096523,no,Low
6044,47,blue-collar,married,basic.6y,yes,yes,cellular,nov,6,999,0,nonexistent,0.24403713409880903,no,Low
6045,27,blue-collar,single,high.school,no,no,telephone,may,1,999,0,nonexistent,0.24401936952202935,no,Low
6046,38,admin.,married,basic.9y,yes,no,telephone,jun,2,999,0,nonexistent,0.24400953516708465,no,Low
6047,50,technician,married,professional.course,yes,no,cellular,nov,1,999,0,nonexistent,0.2439851991881959,no,Low
6048,31,management,single,university.degree,yes,no,telephone,may,2,999,0,nonexistent,0.24391590894190324,no,Low
6049,38,housemaid,married,basic.4y,yes,no,cellular,jul,6,999,0,nonexistent,0.24391435430929273,no,Low
6050,47,technician,divorced,high.school,yes,no,telephone,jun,2,999,0,nonexistent,0.2438736468911675,no,Low
6051,27,unemployed,married,basic.9y,no,no,telephone,may,14,999,0,nonexistent,0.2438600219249443,no,Low
6052,40,technician,married,professional.course,no,no,cellular,nov,1,999,0,nonexistent,0.24385786061295942,no,Low
6053,43,blue-collar,married,basic.6y,yes,no,cellular,apr,4,999,0,nonexistent,0.2437986749815037,no,Low
6054,30,blue-collar,single,basic.6y,yes,no,telephone,may,3,999,0,nonexistent,0.24376606407496051,no,Low
6055,50,technician,married,basic.6y,yes,no,telephone,jun,2,999,0,nonexistent,0.2437362091366367,no,Low
6056,44,housemaid,married,basic.4y,yes,no,cellular,jul,1,999,0,nonexistent,0.24370485005983894,no,Low
6057,42,services,married,high.school,no,no,telephone,may,2,999,0,nonexistent,0.24362387484306405,no,Low
6058,39,management,single,basic.9y,yes,no,cellular,nov,3,999,0,nonexistent,0.2435456980693921,no,Low
6059,27,management,single,high.school,unknown,unknown,telephone,jun,2,999,0,nonexistent,0.2435106567554854,no,Low
6060,57,blue-collar,divorced,basic.4y,no,no,telephone,jun,4,999,0,nonexistent,0.24347991770972166,no,Low
6061,41,blue-collar,married,basic.4y,yes,no,cellular,apr,2,999,0,nonexistent,0.24345332064384256,no,Low
6062,37,blue-collar,single,basic.9y,yes,yes,telephone,may,2,999,0,nonexistent,0.24336257936571082,no,Low
6063,33,blue-collar,married,basic.9y,no,no,telephone,jul,2,999,0,nonexistent,0.24327052878450872,no,Low
6064,35,blue-collar,unknown,basic.9y,no,no,telephone,may,5,999,0,nonexistent,0.24318388400364085,no,Low
6065,36,blue-collar,single,basic.6y,yes,no,telephone,may,2,999,0,nonexistent,0.2431776636953407,no,Low
6066,55,technician,married,basic.9y,yes,no,telephone,jun,2,999,0,nonexistent,0.24315746508554292,no,Low
6067,46,technician,married,high.school,yes,no,cellular,nov,1,999,0,nonexistent,0.24302641670751166,no,Low
6068,44,admin.,divorced,high.school,yes,yes,cellular,jul,11,999,0,nonexistent,0.24297599784799492,no,Low
6069,59,retired,married,high.school,no,no,telephone,may,2,999,0,nonexistent,0.24290860503750386,no,Low
6070,53,services,married,high.school,no,no,telephone,jul,3,999,0,nonexistent,0.24286231757381121,no,Low
6071,39,admin.,married,high.school,yes,no,telephone,jun,2,999,0,nonexistent,0.2427404482901811,no,Low
6072,54,admin.,married,basic.9y,yes,no,cellular,nov,1,999,0,nonexistent,0.2427342510330749,no,Low
6073,33,unemployed,married,university.degree,yes,yes,cellular,aug,1,999,0,nonexistent,0.242729090193992,no,Low
6074,38,admin.,single,basic.9y,no,yes,telephone,may,3,999,0,nonexistent,0.24268062946151564,no,Low
6075,36,blue-collar,single,high.school,yes,yes,telephone,may,1,999,0,nonexistent,0.24249542825466933,no,Low
6076,43,technician,married,basic.9y,no,yes,telephone,jul,5,999,0,nonexistent,0.24239308361467196,no,Low
6077,29,services,married,high.school,no,no,telephone,jun,2,999,0,nonexistent,0.24232175373142753,no,Low
6078,41,blue-collar,married,unknown,yes,no,cellular,apr,3,999,0,nonexistent,0.2422765364341856,no,Low
6079,41,admin.,single,university.degree,no,no,telephone,may,2,999,0,nonexistent,0.2422669925030589,no,Low
6080,30,blue-collar,married,basic.6y,yes,no,telephone,jun,2,999,0,nonexistent,0.24224238514470936,no,Low
6081,45,services,married,university.degree,yes,no,telephone,jul,8,999,0,nonexistent,0.24223200604924425,no,Low
6082,25,unemployed,single,high.school,no,no,telephone,jun,9,999,0,nonexistent,0.24217281273054203,no,Low
6083,46,technician,divorced,professional.course,yes,no,telephone,jun,3,999,0,nonexistent,0.24206275988317305,no,Low
6084,43,services,married,high.school,no,yes,cellular,jul,11,999,0,nonexistent,0.2420303860767812,no,Low
6085,36,blue-collar,single,basic.4y,yes,no,cellular,nov,1,999,0,nonexistent,0.2419145746318845,no,Low
6086,25,technician,single,university.degree,yes,no,telephone,may,1,999,0,nonexistent,0.24191139136316303,no,Low
6087,57,technician,married,university.degree,yes,yes,cellular,aug,9,999,0,nonexistent,0.2418644648356275,no,Low
6088,55,technician,single,professional.course,yes,yes,telephone,nov,4,999,0,nonexistent,0.24185681084950394,no,Low
6089,46,admin.,married,high.school,no,no,telephone,jun,3,999,0,nonexistent,0.241821951704516,no,Low
6090,55,admin.,divorced,university.degree,yes,no,telephone,may,2,999,0,nonexistent,0.24177767936684896,no,Low
6091,27,blue-collar,single,basic.9y,yes,no,telephone,jun,12,999,0,nonexistent,0.24176604622858885,no,Low
6092,33,technician,married,university.degree,yes,no,telephone,jun,1,999,0,nonexistent,0.24160288290423584,no,Low
6093,59,retired,married,university.degree,yes,no,telephone,jun,1,999,0,nonexistent,0.2415861816497295,no,Low
6094,30,services,divorced,high.school,yes,no,telephone,jun,2,999,0,nonexistent,0.24143415275658087,no,Low
6095,40,management,married,basic.6y,yes,no,telephone,jun,6,999,0,nonexistent,0.24137553442511736,no,Low
6096,33,services,divorced,high.school,yes,yes,telephone,may,3,999,0,nonexistent,0.24136980481812018,no,Low
6097,38,self-employed,married,university.degree,no,no,telephone,jun,10,999,0,nonexistent,0.24132571360052205,no,Low
6098,27,technician,single,professional.course,yes,yes,telephone,jun,1,999,0,nonexistent,0.241308183416016,no,Low
6099,26,entrepreneur,married,university.degree,no,no,telephone,may,2,999,0,nonexistent,0.24128159442933328,no,Low
6100,39,entrepreneur,single,basic.6y,yes,no,telephone,may,2,999,0,nonexistent,0.2412472404509478,no,Low
6101,33,blue-collar,single,high.school,no,no,telephone,may,3,999,0,nonexistent,0.2411635280896907,no,Low
6102,48,technician,married,professional.course,yes,no,cellular,nov,2,999,0,nonexistent,0.24110049910694373,no,Low
6103,43,blue-collar,married,basic.4y,yes,no,telephone,jun,4,999,0,nonexistent,0.24100317379355982,no,Low
6104,50,entrepreneur,married,basic.9y,yes,no,telephone,jun,1,999,0,nonexistent,0.24098395483514173,no,Low
6105,34,admin.,single,university.degree,no,no,telephone,jun,16,999,0,nonexistent,0.2409064979653571,no,Low
6106,24,blue-collar,married,basic.9y,unknown,unknown,telephone,may,6,999,0,nonexistent,0.2408994213930347,no,Low
6107,41,technician,married,basic.9y,yes,no,telephone,jun,1,999,0,nonexistent,0.2408820255505121,no,Low
6108,38,entrepreneur,married,university.degree,yes,no,telephone,may,4,999,0,nonexistent,0.24080576112762572,no,Low
6109,39,management,married,university.degree,yes,no,telephone,nov,7,999,0,nonexistent,0.24053598222107178,no,Low
6110,51,blue-collar,married,basic.9y,no,no,telephone,jul,5,999,0,nonexistent,0.24046266667739105,no,Low
6111,48,admin.,single,university.degree,yes,no,telephone,jun,1,999,0,nonexistent,0.24043175971156014,no,Low
6112,45,entrepreneur,married,university.degree,yes,no,telephone,nov,7,999,0,nonexistent,0.240413032552678,no,Low
6113,59,retired,single,university.degree,no,no,telephone,may,4,999,0,nonexistent,0.2403797705581922,no,Low
6114,27,admin.,married,high.school,yes,no,telephone,jul,6,999,0,nonexistent,0.2403493447925243,no,Low
6115,25,technician,single,high.school,yes,yes,telephone,jun,2,999,0,nonexistent,0.24031438479645004,no,Low
6116,43,unemployed,married,professional.course,yes,no,telephone,jun,1,999,0,nonexistent,0.24029915133551308,no,Low
6117,46,technician,single,professional.course,no,no,cellular,aug,2,999,0,nonexistent,0.24027205624219727,no,Low
6118,28,blue-collar,married,basic.4y,no,yes,cellular,jul,8,999,0,nonexistent,0.2402670082916409,no,Low
6119,32,blue-collar,single,basic.9y,no,no,telephone,may,1,999,0,nonexistent,0.24022148959697764,no,Low
6120,31,self-employed,married,university.degree,yes,no,telephone,nov,1,999,0,nonexistent,0.24020695033288925,no,Low
6121,53,admin.,single,basic.6y,yes,yes,telephone,may,2,999,0,nonexistent,0.2401970630686898,no,Low
6122,48,blue-collar,married,basic.4y,no,yes,cellular,aug,1,999,0,nonexistent,0.24012758792645433,no,Low
6123,43,blue-collar,married,basic.9y,yes,no,cellular,nov,1,999,0,nonexistent,0.24003224768665948,no,Low
6124,31,admin.,married,basic.9y,no,no,telephone,may,1,999,0,nonexistent,0.23987825668478896,no,Low
6125,30,admin.,single,university.degree,yes,no,telephone,may,1,999,0,nonexistent,0.2398550699521769,no,Low
6126,54,entrepreneur,divorced,university.degree,yes,yes,telephone,jun,8,999,0,nonexistent,0.23985187399711924,no,Low
6127,42,technician,married,high.school,no,no,cellular,nov,2,999,1,failure,0.2398349210721697,no,Low
6128,34,admin.,single,high.school,no,no,telephone,may,4,999,0,nonexistent,0.23975697639063379,no,Low
6129,52,services,married,university.degree,no,no,telephone,jun,1,999,0,nonexistent,0.23967279849003756,no,Low
6130,57,blue-collar,divorced,basic.9y,yes,no,telephone,jun,1,999,0,nonexistent,0.2395375892243037,no,Low
6131,49,housemaid,divorced,basic.4y,yes,no,cellular,jul,1,999,0,nonexistent,0.23946072827032353,no,Low
6132,32,blue-collar,married,high.school,no,yes,telephone,jun,1,999,0,nonexistent,0.23945655806983562,no,Low
6133,30,blue-collar,married,basic.9y,no,no,telephone,may,1,999,0,nonexistent,0.23940479068719328,no,Low
6134,30,blue-collar,single,basic.9y,yes,yes,telephone,may,4,999,0,nonexistent,0.23938177568905458,no,Low
6135,45,admin.,married,high.school,no,no,telephone,jun,1,999,0,nonexistent,0.23925999784753502,no,Low
6136,38,admin.,single,university.degree,yes,no,telephone,may,1,999,0,nonexistent,0.23922626875586425,no,Low
6137,43,blue-collar,married,basic.4y,yes,no,telephone,jun,2,999,0,nonexistent,0.23900557871303818,no,Low
6138,59,technician,divorced,basic.4y,yes,no,telephone,jun,2,999,0,nonexistent,0.23898087304571808,no,Low
6139,31,blue-collar,single,basic.9y,no,no,telephone,jul,1,999,0,nonexistent,0.2389029722348144,no,Low
6140,31,blue-collar,married,basic.9y,no,no,telephone,may,1,999,0,nonexistent,0.2384852295938331,no,Low
6141,30,admin.,single,university.degree,no,no,telephone,may,3,999,0,nonexistent,0.23845913245031208,no,Low
6142,54,housemaid,divorced,unknown,yes,no,telephone,jun,3,999,0,nonexistent,0.23841572344405412,no,Low
6143,53,technician,divorced,professional.course,no,yes,cellular,aug,8,999,0,nonexistent,0.23826139416567765,no,Low
6144,42,blue-collar,married,basic.4y,yes,no,cellular,nov,2,999,0,nonexistent,0.2382604951733,no,Low
6145,33,services,married,high.school,no,no,telephone,jun,3,999,0,nonexistent,0.2381888931546959,no,Low
6146,30,student,single,unknown,yes,no,telephone,may,2,999,0,nonexistent,0.23816275353248334,no,Low
6147,33,blue-collar,single,basic.9y,yes,no,telephone,may,1,999,0,nonexistent,0.23815419172028807,no,Low
6148,35,admin.,single,university.degree,yes,no,telephone,may,1,999,0,nonexistent,0.23813007157558677,no,Low
6149,37,services,married,high.school,no,no,telephone,jun,3,999,0,nonexistent,0.23812015812289183,no,Low
6150,28,blue-collar,married,basic.9y,no,yes,telephone,may,2,999,0,nonexistent,0.2380602046680289,no,Low
6151,49,blue-collar,married,basic.4y,no,no,telephone,jul,1,999,0,nonexistent,0.23796777447235234,no,Low
6152,36,admin.,single,high.school,yes,yes,telephone,may,4,999,0,nonexistent,0.2379084039593571,no,Low
6153,35,self-employed,married,professional.course,yes,no,telephone,jun,1,999,0,nonexistent,0.23787232103379893,no,Low
6154,37,unemployed,married,professional.course,yes,yes,telephone,jun,1,999,0,nonexistent,0.23785086124487734,no,Low
6155,30,services,married,unknown,no,no,telephone,jun,2,999,0,nonexistent,0.2378346433677093,no,Low
6156,34,blue-collar,single,basic.4y,yes,yes,telephone,may,3,999,0,nonexistent,0.23783200712370942,no,Low
6157,32,blue-collar,married,basic.4y,yes,no,telephone,jun,1,999,0,nonexistent,0.23767711376058898,no,Low
6158,45,entrepreneur,married,basic.4y,unknown,unknown,telephone,nov,7,999,0,nonexistent,0.23766043921538796,no,Low
6159,56,services,married,basic.4y,yes,yes,cellular,nov,1,999,1,failure,0.23761869899934965,no,Low
6160,33,blue-collar,married,basic.9y,yes,no,telephone,nov,3,999,1,failure,0.23754162789194647,no,Low
6161,34,blue-collar,married,high.school,yes,no,telephone,jul,4,999,0,nonexistent,0.23752636192766374,no,Low
6162,41,services,married,university.degree,yes,yes,telephone,may,1,999,0,nonexistent,0.2375243747185516,no,Low
6163,27,admin.,single,high.school,no,no,telephone,may,1,999,0,nonexistent,0.23750888857465938,no,Low
6164,22,housemaid,single,high.school,yes,yes,cellular,jul,12,999,0,nonexistent,0.23750819994151262,no,Low
6165,40,admin.,single,high.school,yes,no,telephone,may,2,999,0,nonexistent,0.23747635986911675,no,Low
6166,56,admin.,divorced,high.school,yes,no,telephone,jun,1,999,0,nonexistent,0.23747427607894045,no,Low
6167,36,admin.,married,high.school,yes,no,cellular,jul,13,999,0,nonexistent,0.2374691159680307,no,Low
6168,45,technician,divorced,professional.course,yes,yes,cellular,nov,1,999,1,failure,0.23744080089376582,no,Low
6169,36,services,married,high.school,yes,no,cellular,nov,2,999,0,nonexistent,0.23743292894276077,no,Low
6170,54,self-employed,married,basic.9y,yes,no,cellular,nov,4,999,1,failure,0.23741930730676125,no,Low
6171,60,retired,married,basic.9y,yes,no,telephone,may,3,999,0,nonexistent,0.23731562533449244,no,Low
6172,40,housemaid,single,university.degree,yes,no,telephone,jun,2,999,0,nonexistent,0.2372927448275552,no,Low
6173,55,admin.,married,university.degree,no,yes,telephone,jul,2,999,0,nonexistent,0.23728905260402514,no,Low
6174,35,blue-collar,married,basic.4y,no,no,telephone,jun,6,999,0,nonexistent,0.23718298938967122,no,Low
6175,46,technician,married,professional.course,yes,no,telephone,jun,2,999,0,nonexistent,0.2371348274543513,no,Low
6176,50,management,divorced,university.degree,no,no,telephone,jul,7,999,0,nonexistent,0.2370468827433504,no,Low
6177,58,entrepreneur,married,basic.4y,yes,no,telephone,jun,3,999,0,nonexistent,0.23699020511023466,no,Low
6178,41,housemaid,married,high.school,yes,yes,telephone,jun,2,999,0,nonexistent,0.2369896622464224,no,Low
6179,44,admin.,single,university.degree,yes,no,telephone,jun,6,999,0,nonexistent,0.23697352919117995,no,Low
6180,47,admin.,married,professional.course,no,no,telephone,jun,1,999,0,nonexistent,0.23688068610430488,no,Low
6181,44,technician,divorced,professional.course,no,no,telephone,jun,1,999,0,nonexistent,0.23687073247618562,no,Low
6182,32,housemaid,married,basic.4y,no,no,cellular,aug,9,999,0,nonexistent,0.23683754264475462,no,Low
6183,26,unemployed,single,basic.9y,no,yes,telephone,may,8,999,0,nonexistent,0.23679037735356961,no,Low
6184,28,blue-collar,married,basic.9y,yes,yes,telephone,jun,2,999,0,nonexistent,0.23678040552436233,no,Low
6185,27,blue-collar,single,basic.6y,no,no,telephone,jul,3,999,0,nonexistent,0.23674677463099178,no,Low
6186,47,unemployed,married,high.school,no,no,cellular,nov,1,999,0,nonexistent,0.23668105955124516,no,Low
6187,32,services,married,high.school,yes,yes,telephone,may,3,999,0,nonexistent,0.2366435286429396,no,Low
6188,31,blue-collar,married,unknown,no,no,cellular,jul,13,999,0,nonexistent,0.2365761140885122,no,Low
6189,47,admin.,divorced,high.school,yes,no,telephone,jun,1,999,0,nonexistent,0.2365431886305318,no,Low
6190,35,blue-collar,single,unknown,yes,no,telephone,may,1,999,0,nonexistent,0.23651559934176922,no,Low
6191,30,services,married,high.school,yes,no,telephone,jun,5,999,0,nonexistent,0.23648773093001202,no,Low
6192,36,blue-collar,single,basic.6y,no,no,cellular,nov,7,999,1,failure,0.23648649804417526,no,Low
6193,48,blue-collar,married,basic.4y,unknown,unknown,telephone,jul,3,999,0,nonexistent,0.23647145940129335,no,Low
6194,41,blue-collar,married,basic.4y,no,no,telephone,jun,4,999,0,nonexistent,0.23629902103191516,no,Low
6195,35,housemaid,married,basic.4y,no,no,telephone,may,2,999,0,nonexistent,0.23618126200238046,no,Low
6196,41,admin.,single,high.school,yes,no,telephone,may,1,999,0,nonexistent,0.23615884262730533,no,Low
6197,47,entrepreneur,divorced,university.degree,no,no,cellular,nov,2,999,1,failure,0.23611621259632012,no,Low
6198,43,technician,married,professional.course,yes,no,telephone,jun,1,999,0,nonexistent,0.2360248384984663,no,Low
6199,30,blue-collar,divorced,basic.9y,no,yes,telephone,jun,1,999,0,nonexistent,0.2359682333135325,no,Low
6200,42,self-employed,married,university.degree,no,no,cellular,jul,30,999,0,nonexistent,0.2359031615384716,no,Low
6201,32,admin.,single,university.degree,yes,yes,telephone,may,1,999,0,nonexistent,0.23585162075139665,no,Low
6202,45,technician,divorced,university.degree,yes,yes,telephone,jun,3,999,0,nonexistent,0.23577399539316565,no,Low
6203,49,services,married,high.school,yes,no,telephone,may,1,999,0,nonexistent,0.23563399918952674,no,Low
6204,45,services,married,basic.9y,no,no,telephone,jun,2,999,0,nonexistent,0.23562847009638627,no,Low
6205,38,housemaid,married,basic.9y,yes,yes,telephone,jun,2,999,0,nonexistent,0.2355910117434756,no,Low
6206,28,unemployed,single,high.school,yes,yes,telephone,may,3,999,0,nonexistent,0.23557739868470592,no,Low
6207,39,services,married,high.school,yes,no,cellular,may,8,999,1,failure,0.2354703037926447,no,Low
6208,37,services,married,high.school,yes,no,telephone,may,2,999,0,nonexistent,0.23536020240148103,no,Low
6209,37,blue-collar,unknown,basic.6y,no,yes,telephone,may,2,999,0,nonexistent,0.23528999322224153,no,Low
6210,29,blue-collar,married,high.school,no,no,telephone,jun,13,999,0,nonexistent,0.23525239464187592,no,Low
6211,44,entrepreneur,married,high.school,yes,no,telephone,may,2,999,0,nonexistent,0.2351055728505394,no,Low
6212,39,housemaid,married,university.degree,yes,no,telephone,jun,2,999,0,nonexistent,0.2350129520681923,no,Low
6213,55,blue-collar,single,basic.6y,yes,no,cellular,nov,2,999,0,nonexistent,0.234987274457053,no,Low
6214,50,services,single,high.school,no,no,telephone,jun,3,999,0,nonexistent,0.2349282747869933,no,Low
6215,33,blue-collar,married,basic.9y,no,no,telephone,may,1,999,0,nonexistent,0.23485098456866718,no,Low
6216,30,technician,married,professional.course,yes,yes,telephone,jun,1,999,0,nonexistent,0.2348106738557149,no,Low
6217,38,entrepreneur,married,basic.6y,yes,yes,telephone,may,2,999,0,nonexistent,0.23478950952379024,no,Low
6218,49,management,married,high.school,yes,no,cellular,nov,2,999,1,failure,0.23476310419608348,no,Low
6219,24,student,single,basic.4y,unknown,unknown,cellular,jul,1,999,0,nonexistent,0.23473671574853527,no,Low
6220,31,technician,single,university.degree,yes,yes,telephone,may,1,999,0,nonexistent,0.23460635559865045,no,Low
6221,50,housemaid,single,unknown,yes,no,telephone,may,1,999,0,nonexistent,0.23447546795537713,no,Low
6222,57,technician,divorced,basic.9y,no,no,telephone,jun,1,999,0,nonexistent,0.23443598218217226,no,Low
6223,42,management,married,university.degree,no,yes,telephone,jul,2,999,0,nonexistent,0.2344315886561595,no,Low
6224,31,unemployed,married,university.degree,yes,no,cellular,aug,1,999,0,nonexistent,0.23442683200992376,no,Low
6225,41,housemaid,single,basic.4y,yes,no,cellular,jul,3,999,0,nonexistent,0.23438924999028732,no,Low
6226,52,retired,divorced,basic.4y,yes,yes,telephone,jun,2,999,0,nonexistent,0.23433127157960237,no,Low
6227,34,admin.,single,high.school,no,no,telephone,may,2,999,0,nonexistent,0.23431646517381283,no,Low
6228,31,unemployed,married,university.degree,no,no,cellular,aug,1,999,0,nonexistent,0.23428627426149187,no,Low
6229,53,admin.,single,high.school,no,no,telephone,jun,1,999,0,nonexistent,0.2342390846345783,no,Low
6230,32,housemaid,married,university.degree,yes,no,telephone,jun,3,999,0,nonexistent,0.23413591347421842,no,Low
6231,37,admin.,married,high.school,yes,no,telephone,jun,1,999,0,nonexistent,0.23408248044377244,no,Low
6232,52,management,divorced,university.degree,yes,no,telephone,jun,3,999,0,nonexistent,0.2340425367656089,no,Low
6233,46,blue-collar,married,basic.4y,no,no,telephone,jun,2,999,0,nonexistent,0.23404030916143398,no,Low
6234,33,services,married,high.school,yes,no,telephone,jul,7,999,0,nonexistent,0.23387069044793166,no,Low
6235,59,housemaid,divorced,unknown,no,no,cellular,jul,3,999,0,nonexistent,0.23384598156902126,no,Low
6236,56,unemployed,divorced,high.school,yes,no,cellular,nov,1,999,1,failure,0.23382607623070267,no,Low
6237,44,entrepreneur,married,basic.4y,no,no,telephone,jun,2,999,0,nonexistent,0.23362606107316575,no,Low
6238,40,services,married,basic.6y,no,yes,telephone,jun,3,999,0,nonexistent,0.2334869794151007,no,Low
6239,37,technician,single,high.school,unknown,unknown,telephone,jun,3,999,0,nonexistent,0.23347906739396104,no,Low
6240,41,services,married,high.school,yes,yes,telephone,may,3,999,0,nonexistent,0.23344429612990183,no,Low
6241,44,retired,single,basic.9y,no,no,cellular,nov,1,999,1,failure,0.23331648713137218,no,Low
6242,45,blue-collar,single,high.school,no,no,telephone,jun,1,999,0,nonexistent,0.23327602439143433,no,Low
6243,34,services,married,basic.6y,no,no,telephone,jun,1,999,0,nonexistent,0.23327191017879356,no,Low
6244,37,blue-collar,married,basic.9y,unknown,unknown,telephone,jun,4,999,0,nonexistent,0.23320478802523004,no,Low
6245,36,blue-collar,married,basic.9y,no,yes,telephone,may,3,999,0,nonexistent,0.2331806139122193,no,Low
6246,51,technician,married,professional.course,unknown,unknown,cellular,aug,16,999,0,nonexistent,0.2331531292456918,no,Low
6247,42,blue-collar,married,basic.4y,no,no,cellular,apr,1,999,0,nonexistent,0.23311533381956787,no,Low
6248,27,blue-collar,married,basic.9y,yes,yes,telephone,may,2,999,0,nonexistent,0.23307071970940277,no,Low
6249,45,unemployed,married,university.degree,yes,no,cellular,aug,3,999,0,nonexistent,0.23296123176835337,no,Low
6250,48,services,married,high.school,no,no,cellular,nov,3,999,0,nonexistent,0.23295279364478597,no,Low
6251,39,admin.,single,high.school,yes,yes,telephone,jun,1,999,0,nonexistent,0.23295192989166968,no,Low
6252,31,blue-collar,single,high.school,yes,no,telephone,may,1,999,0,nonexistent,0.23291014500508703,no,Low
6253,49,blue-collar,single,basic.4y,no,no,telephone,jun,1,999,0,nonexistent,0.23286590365723972,no,Low
6254,47,technician,single,professional.course,no,no,telephone,jun,2,999,0,nonexistent,0.2328624876941763,no,Low
6255,28,technician,single,university.degree,no,no,telephone,may,1,999,0,nonexistent,0.2328357271211479,no,Low
6256,34,blue-collar,married,basic.9y,yes,no,telephone,may,1,999,0,nonexistent,0.23280286946541978,no,Low
6257,38,admin.,divorced,high.school,yes,no,telephone,may,5,999,0,nonexistent,0.23279042571054706,no,Low
6258,52,technician,married,basic.9y,yes,no,cellular,nov,1,999,0,nonexistent,0.23274803182733814,no,Low
6259,42,admin.,single,university.degree,yes,no,telephone,may,2,999,0,nonexistent,0.23272138095265316,no,Low
6260,39,technician,married,professional.course,yes,no,telephone,may,1,999,0,nonexistent,0.23271504162247916,no,Low
6261,50,blue-collar,divorced,basic.9y,no,no,telephone,jun,6,999,0,nonexistent,0.23269902248828028,no,Low
6262,30,blue-collar,single,basic.4y,no,yes,telephone,jun,1,999,0,nonexistent,0.2326502610886665,no,Low
6263,34,services,married,high.school,no,no,cellular,may,6,999,1,failure,0.23256973043963494,no,Low
6264,42,blue-collar,married,basic.4y,yes,no,telephone,jun,1,999,0,nonexistent,0.23253509110133905,no,Low
6265,42,blue-collar,married,basic.4y,yes,no,telephone,jun,1,999,0,nonexistent,0.23253509110133905,no,Low
6266,29,blue-collar,married,basic.4y,no,no,cellular,nov,2,999,0,nonexistent,0.23248203693784059,no,Low
6267,50,housemaid,married,basic.4y,yes,no,telephone,nov,2,999,0,nonexistent,0.23244948714060337,no,Low
6268,33,self-employed,single,university.degree,unknown,unknown,telephone,jun,3,999,0,nonexistent,0.23230325648104155,no,Low
6269,37,blue-collar,married,basic.9y,yes,yes,telephone,may,1,999,0,nonexistent,0.23222652879656683,no,Low
6270,33,entrepreneur,single,professional.course,no,no,telephone,jul,3,999,0,nonexistent,0.23218798773257268,no,Low
6271,54,admin.,married,university.degree,yes,yes,telephone,jun,2,999,0,nonexistent,0.23208400655358014,no,Low
6272,46,technician,married,professional.course,no,no,telephone,jun,1,999,0,nonexistent,0.23197497333361827,no,Low
6273,55,management,single,basic.4y,yes,no,telephone,jun,4,999,0,nonexistent,0.23194311635338233,no,Low
6274,41,blue-collar,married,basic.6y,yes,no,cellular,may,8,999,1,failure,0.2318792523089888,no,Low
6275,32,unemployed,divorced,basic.4y,no,yes,telephone,jun,1,999,0,nonexistent,0.231869612947274,no,Low
6276,35,unemployed,married,high.school,no,yes,telephone,jul,1,999,0,nonexistent,0.23185855552567192,no,Low
6277,52,blue-collar,married,unknown,yes,no,telephone,jun,4,999,0,nonexistent,0.2318261016400699,no,Low
6278,41,blue-collar,married,professional.course,yes,no,cellular,apr,1,999,0,nonexistent,0.2318217924797723,no,Low
6279,46,services,married,high.school,yes,no,cellular,apr,2,999,0,nonexistent,0.23167119086477542,no,Low
6280,48,services,married,high.school,yes,yes,telephone,jul,5,999,0,nonexistent,0.23165296613681194,no,Low
6281,52,services,married,high.school,no,no,cellular,nov,2,999,0,nonexistent,0.2316153955637089,no,Low
6282,28,unknown,single,basic.9y,yes,no,telephone,may,2,999,0,nonexistent,0.2315171515005053,no,Low
6283,41,management,married,university.degree,yes,yes,telephone,jun,1,999,0,nonexistent,0.23149204376495586,no,Low
6284,46,admin.,married,university.degree,no,no,telephone,jun,3,999,0,nonexistent,0.23142015258056753,no,Low
6285,47,blue-collar,single,basic.9y,yes,no,telephone,may,1,999,0,nonexistent,0.23141079613215026,no,Low
6286,45,housemaid,married,high.school,no,no,cellular,nov,3,999,0,nonexistent,0.2314015670103583,no,Low
6287,49,technician,married,university.degree,yes,no,telephone,may,2,999,0,nonexistent,0.23132503191341186,no,Low
6288,41,housemaid,married,university.degree,no,no,telephone,may,3,999,0,nonexistent,0.2313072738171632,no,Low
6289,27,services,single,high.school,yes,yes,telephone,may,5,999,0,nonexistent,0.23128738485991845,no,Low
6290,48,admin.,divorced,high.school,yes,no,telephone,may,2,999,0,nonexistent,0.23126201804189747,no,Low
6291,23,services,single,high.school,no,no,telephone,jul,3,999,0,nonexistent,0.2311641975368777,no,Low
6292,50,technician,married,university.degree,no,no,telephone,jul,5,999,0,nonexistent,0.23114305470756724,no,Low
6293,34,services,divorced,professional.course,yes,no,telephone,may,1,999,0,nonexistent,0.23110723660104943,no,Low
6294,42,blue-collar,divorced,basic.9y,yes,yes,cellular,nov,3,999,1,failure,0.23106202129821563,no,Low
6295,38,technician,married,professional.course,no,yes,cellular,aug,3,999,0,nonexistent,0.23105721412260982,no,Low
6296,30,services,single,unknown,no,yes,telephone,may,1,999,0,nonexistent,0.23104926391780448,no,Low
6297,45,management,married,basic.9y,yes,no,telephone,jun,4,999,0,nonexistent,0.23098788388251124,no,Low
6298,52,retired,divorced,basic.4y,yes,no,telephone,jun,3,999,0,nonexistent,0.23085541252625083,no,Low
6299,38,blue-collar,married,basic.6y,yes,no,telephone,may,1,999,0,nonexistent,0.23084565924971415,no,Low
6300,57,self-employed,married,basic.9y,yes,no,telephone,jun,4,999,0,nonexistent,0.23078188506921785,no,Low
6301,55,entrepreneur,divorced,university.degree,yes,yes,telephone,may,7,999,0,nonexistent,0.23076358203576958,no,Low
6302,46,blue-collar,married,basic.4y,yes,no,cellular,nov,2,999,0,nonexistent,0.23072092276321712,no,Low
6303,46,admin.,married,high.school,no,no,telephone,jun,1,999,0,nonexistent,0.23070457330856783,no,Low
6304,58,self-employed,married,university.degree,no,no,cellular,nov,2,999,1,failure,0.2306695213566612,no,Low
6305,38,self-employed,married,professional.course,no,no,cellular,nov,1,999,1,failure,0.23056749921111566,no,Low
6306,38,blue-collar,single,basic.4y,yes,no,telephone,jun,1,999,0,nonexistent,0.2305593627746545,no,Low
6307,47,admin.,married,high.school,no,no,cellular,nov,3,999,1,failure,0.23047372519049025,no,Low
6308,37,technician,married,professional.course,no,no,telephone,jul,2,999,0,nonexistent,0.23046001664026866,no,Low
6309,33,blue-collar,married,basic.6y,no,no,telephone,jul,1,999,0,nonexistent,0.23045958024440888,no,Low
6310,25,blue-collar,single,basic.4y,no,no,telephone,jul,3,999,0,nonexistent,0.23032429076205205,no,Low
6311,51,retired,married,university.degree,yes,yes,telephone,may,3,999,0,nonexistent,0.2302885153543113,no,Low
6312,41,blue-collar,married,basic.9y,yes,yes,telephone,may,3,999,0,nonexistent,0.2302401305740467,no,Low
6313,37,retired,divorced,basic.9y,no,no,telephone,nov,1,999,1,failure,0.23018839361029927,no,Low
6314,44,technician,married,high.school,yes,no,telephone,may,7,999,0,nonexistent,0.23016701878227308,no,Low
6315,38,management,married,basic.6y,yes,no,telephone,jun,3,999,0,nonexistent,0.23014057813933197,no,Low
6316,58,retired,married,unknown,yes,no,telephone,jul,1,999,0,nonexistent,0.23013134793999787,no,Low
6317,54,services,married,high.school,no,no,cellular,nov,1,999,0,nonexistent,0.23007216557107843,no,Low
6318,31,self-employed,married,university.degree,yes,yes,cellular,nov,1,999,1,failure,0.230028496463945,no,Low
6319,30,admin.,single,high.school,no,no,telephone,jul,3,999,0,nonexistent,0.22982160675705737,no,Low
6320,44,technician,married,professional.course,yes,no,telephone,may,1,999,0,nonexistent,0.22981157965332188,no,Low
6321,55,admin.,married,high.school,no,yes,telephone,jun,2,999,0,nonexistent,0.22979383976801343,no,Low
6322,29,blue-collar,married,basic.4y,no,yes,telephone,jun,1,999,0,nonexistent,0.22971452855861585,no,Low
6323,34,entrepreneur,single,unknown,yes,no,telephone,may,1,999,0,nonexistent,0.22970243682656147,no,Low
6324,28,admin.,single,university.degree,no,no,telephone,may,1,999,0,nonexistent,0.22969226602486542,no,Low
6325,31,services,single,high.school,no,no,telephone,may,2,999,0,nonexistent,0.22958116434132123,no,Low
6326,35,technician,single,university.degree,yes,no,telephone,may,1,999,0,nonexistent,0.22949202352032874,no,Low
6327,33,admin.,single,university.degree,no,no,telephone,may,1,999,0,nonexistent,0.2294733844218348,no,Low
6328,33,unemployed,married,university.degree,yes,no,cellular,aug,8,999,0,nonexistent,0.22940873215423344,no,Low
6329,35,technician,single,university.degree,no,no,telephone,jul,9,999,0,nonexistent,0.2293847649005965,no,Low
6330,45,self-employed,married,basic.4y,yes,no,cellular,nov,1,999,0,nonexistent,0.22937684442936182,no,Low
6331,39,blue-collar,married,basic.4y,yes,no,telephone,jun,4,999,0,nonexistent,0.22935549526583665,no,Low
6332,31,blue-collar,married,basic.9y,yes,no,telephone,jul,2,999,0,nonexistent,0.22934814422108413,no,Low
6333,53,management,married,basic.9y,yes,no,telephone,jun,7,999,0,nonexistent,0.22931631081245427,no,Low
6334,46,admin.,married,high.school,no,no,cellular,nov,1,999,1,failure,0.22920978678335796,no,Low
6335,34,blue-collar,married,basic.6y,yes,yes,cellular,nov,2,999,1,failure,0.2291719792815177,no,Low
6336,43,admin.,married,university.degree,yes,no,cellular,aug,13,999,0,nonexistent,0.2291495104679197,no,Low
6337,46,blue-collar,divorced,basic.6y,unknown,unknown,telephone,jun,9,999,0,nonexistent,0.22909576258798212,no,Low
6338,25,services,married,high.school,no,no,telephone,may,1,999,0,nonexistent,0.22905776349338244,no,Low
6339,41,admin.,single,high.school,no,yes,telephone,may,1,999,0,nonexistent,0.2290315770604372,no,Low
6340,43,blue-collar,married,basic.9y,no,no,telephone,may,2,999,0,nonexistent,0.22901756954948,no,Low
6341,26,admin.,married,high.school,yes,no,telephone,jun,5,999,0,nonexistent,0.22899263460857994,no,Low
6342,29,admin.,married,high.school,no,no,telephone,jul,1,999,0,nonexistent,0.2289877106431711,no,Low
6343,46,admin.,divorced,university.degree,no,no,telephone,nov,7,999,0,nonexistent,0.2289296713207385,no,Low
6344,50,admin.,married,university.degree,yes,no,telephone,jun,6,999,0,nonexistent,0.2288818222840763,no,Low
6345,44,blue-collar,divorced,unknown,no,yes,telephone,may,1,999,0,nonexistent,0.22887928131403867,no,Low
6346,29,services,single,high.school,yes,no,cellular,nov,3,999,1,failure,0.22882710163821463,no,Low
6347,48,unemployed,single,basic.4y,yes,no,telephone,jun,6,999,0,nonexistent,0.22872916148015587,no,Low
6348,30,admin.,single,university.degree,no,yes,telephone,may,4,999,0,nonexistent,0.22866020543952692,no,Low
6349,43,entrepreneur,married,basic.4y,yes,no,cellular,nov,2,999,0,nonexistent,0.22864444320486077,no,Low
6350,35,blue-collar,married,basic.4y,no,no,cellular,apr,2,999,0,nonexistent,0.2286439016772344,no,Low
6351,45,admin.,married,high.school,yes,no,telephone,jun,2,999,0,nonexistent,0.2286097975130402,no,Low
6352,30,blue-collar,married,basic.9y,yes,no,cellular,may,11,999,1,failure,0.2284607566192822,no,Low
6353,47,housemaid,divorced,professional.course,no,yes,cellular,nov,1,999,1,failure,0.22843059693841034,no,Low
6354,28,blue-collar,single,basic.9y,no,no,telephone,may,2,999,0,nonexistent,0.22830474383490398,no,Low
6355,51,management,married,university.degree,yes,no,telephone,jun,3,999,0,nonexistent,0.22829578613775245,no,Low
6356,40,blue-collar,divorced,basic.9y,yes,no,cellular,nov,1,999,1,failure,0.2281877564394432,no,Low
6357,34,entrepreneur,married,basic.4y,yes,no,telephone,may,1,999,0,nonexistent,0.22809007687586888,no,Low
6358,31,admin.,married,university.degree,no,no,telephone,may,3,999,0,nonexistent,0.22783774181198935,no,Low
6359,43,services,married,high.school,yes,no,telephone,jun,2,999,0,nonexistent,0.227678408444134,no,Low
6360,39,entrepreneur,married,professional.course,yes,no,cellular,nov,3,999,1,failure,0.2276696338979118,no,Low
6361,37,services,married,high.school,unknown,unknown,telephone,jun,3,999,0,nonexistent,0.22766378287947991,no,Low
6362,49,entrepreneur,married,university.degree,no,no,telephone,may,1,999,0,nonexistent,0.22766344499551716,no,Low
6363,52,entrepreneur,married,university.degree,no,no,telephone,may,39,999,0,nonexistent,0.22758168209992008,no,Low
6364,23,services,married,basic.9y,no,no,telephone,may,3,999,0,nonexistent,0.22753209560526963,no,Low
6365,38,self-employed,single,university.degree,no,yes,telephone,may,2,999,0,nonexistent,0.22746102687528524,no,Low
6366,47,technician,married,professional.course,yes,no,telephone,may,1,999,0,nonexistent,0.22733243335604225,no,Low
6367,32,admin.,married,university.degree,yes,no,cellular,nov,2,999,1,failure,0.22733041361001555,no,Low
6368,36,blue-collar,married,basic.9y,unknown,unknown,telephone,jun,3,999,0,nonexistent,0.22729891399315538,no,Low
6369,36,services,single,high.school,yes,no,cellular,may,6,999,1,failure,0.22720497405344525,no,Low
6370,37,services,divorced,high.school,yes,no,telephone,jun,4,999,0,nonexistent,0.22716267526308823,no,Low
6371,37,blue-collar,married,basic.9y,yes,yes,telephone,may,3,999,0,nonexistent,0.22714414203160951,no,Low
6372,36,services,married,high.school,no,no,telephone,jun,2,999,0,nonexistent,0.227090621165295,no,Low
6373,44,admin.,married,high.school,yes,no,telephone,may,2,999,0,nonexistent,0.22705860214959284,no,Low
6374,53,self-employed,married,basic.4y,no,no,cellular,nov,2,999,0,nonexistent,0.2270327218749388,no,Low
6375,55,unknown,married,basic.4y,yes,no,telephone,jun,2,999,0,nonexistent,0.22699355909659544,no,Low
6376,44,entrepreneur,married,high.school,no,no,cellular,nov,1,999,1,failure,0.2269269955476257,no,Low
6377,37,housemaid,divorced,basic.9y,yes,no,telephone,may,2,999,0,nonexistent,0.22681980638158442,no,Low
6378,25,blue-collar,single,basic.4y,no,no,telephone,may,3,999,0,nonexistent,0.2267577379344335,no,Low
6379,42,blue-collar,married,basic.4y,yes,yes,telephone,may,3,999,0,nonexistent,0.22675233217671173,no,Low
6380,41,services,married,high.school,yes,no,telephone,jun,3,999,0,nonexistent,0.22670332172573662,no,Low
6381,37,blue-collar,single,unknown,no,no,telephone,may,1,999,0,nonexistent,0.2265993873182463,no,Low
6382,28,blue-collar,married,basic.9y,yes,no,telephone,jul,4,999,0,nonexistent,0.22652397381252853,no,Low
6383,32,admin.,married,university.degree,yes,no,telephone,may,5,999,0,nonexistent,0.22650959245561555,no,Low
6384,34,admin.,married,university.degree,yes,no,telephone,jun,14,999,0,nonexistent,0.22644219538449548,no,Low
6385,49,blue-collar,divorced,high.school,no,no,telephone,may,1,999,0,nonexistent,0.2264333902162043,no,Low
6386,30,blue-collar,single,high.school,no,no,telephone,may,2,999,0,nonexistent,0.22639065430543479,no,Low
6387,56,blue-collar,married,basic.4y,yes,no,telephone,jun,8,999,0,nonexistent,0.2262981896805879,no,Low
6388,44,unknown,married,high.school,yes,no,telephone,jul,3,999,0,nonexistent,0.22629171172112872,no,Low
6389,42,unemployed,married,high.school,yes,yes,telephone,jun,5,999,0,nonexistent,0.22626325636965292,no,Low
6390,33,services,married,basic.6y,yes,no,telephone,may,1,999,0,nonexistent,0.2262210694235289,no,Low
6391,34,services,married,high.school,yes,yes,telephone,jun,2,999,0,nonexistent,0.22608222261788774,no,Low
6392,32,blue-collar,married,basic.9y,no,no,telephone,may,1,999,0,nonexistent,0.22602733679961717,no,Low
6393,34,admin.,married,university.degree,yes,no,telephone,nov,5,999,0,nonexistent,0.2259613414013889,no,Low
6394,42,unemployed,divorced,high.school,no,no,telephone,may,2,999,0,nonexistent,0.22595921514034192,no,Low
6395,24,unemployed,single,high.school,yes,no,telephone,jul,5,999,0,nonexistent,0.2259390462737282,no,Low
6396,48,entrepreneur,married,university.degree,yes,no,cellular,nov,1,999,1,failure,0.22582008845734597,no,Low
6397,41,services,married,basic.9y,yes,yes,telephone,may,1,999,0,nonexistent,0.2257911023894465,no,Low
6398,55,unemployed,married,high.school,no,no,telephone,jun,8,999,0,nonexistent,0.22571782160260453,no,Low
6399,42,services,married,high.school,yes,yes,cellular,apr,1,999,1,failure,0.22558157947418186,no,Low
6400,30,blue-collar,divorced,basic.9y,no,no,telephone,jun,1,999,0,nonexistent,0.22552845414398065,no,Low
6401,35,blue-collar,single,basic.6y,yes,no,telephone,may,1,999,0,nonexistent,0.2254357634858016,no,Low
6402,40,entrepreneur,divorced,university.degree,yes,yes,telephone,jun,1,999,0,nonexistent,0.22534162516044076,no,Low
6403,58,self-employed,divorced,professional.course,no,no,telephone,jun,1,999,0,nonexistent,0.22527086868957738,no,Low
6404,34,blue-collar,married,basic.9y,no,no,cellular,nov,1,999,1,failure,0.22525622298192421,no,Low
6405,58,services,married,basic.4y,no,no,telephone,jun,2,999,0,nonexistent,0.22522217133512432,no,Low
6406,32,housemaid,married,high.school,yes,yes,telephone,jun,2,999,0,nonexistent,0.2252139464375537,no,Low
6407,40,management,divorced,university.degree,yes,no,telephone,jun,1,999,0,nonexistent,0.22505253379195722,no,Low
6408,51,admin.,married,university.degree,yes,no,telephone,may,2,999,0,nonexistent,0.2250363597772571,no,Low
6409,57,services,married,high.school,yes,no,telephone,may,1,999,0,nonexistent,0.22502093596720235,no,Low
6410,35,technician,married,unknown,yes,no,telephone,jun,1,999,0,nonexistent,0.22501843825025708,no,Low
6411,39,admin.,married,university.degree,yes,no,telephone,may,1,999,0,nonexistent,0.2249268866652173,no,Low
6412,57,blue-collar,married,basic.4y,yes,yes,telephone,may,2,999,0,nonexistent,0.22491313806748764,no,Low
6413,34,technician,married,university.degree,no,no,telephone,jun,12,999,0,nonexistent,0.22485282795160558,no,Low
6414,56,management,married,basic.9y,yes,no,telephone,jun,3,999,0,nonexistent,0.2248506203473085,no,Low
6415,33,blue-collar,single,basic.9y,yes,yes,telephone,may,2,999,0,nonexistent,0.2248371547399154,no,Low
6416,38,admin.,single,university.degree,yes,no,telephone,may,1,999,0,nonexistent,0.2247315171920337,no,Low
6417,34,technician,married,professional.course,yes,yes,telephone,jun,1,999,0,nonexistent,0.22463358027093974,no,Low
6418,35,admin.,married,high.school,no,yes,cellular,nov,2,999,1,failure,0.2246119187900412,no,Low
6419,40,self-employed,married,unknown,no,no,telephone,jul,1,999,0,nonexistent,0.2245769209842661,no,Low
6420,31,blue-collar,married,basic.6y,yes,yes,telephone,may,1,999,0,nonexistent,0.2245255007652609,no,Low
6421,28,technician,single,university.degree,yes,no,telephone,may,1,999,0,nonexistent,0.22432532182955764,no,Low
6422,36,unemployed,divorced,professional.course,yes,no,telephone,may,2,999,0,nonexistent,0.22427275386353993,no,Low
6423,56,blue-collar,married,basic.9y,yes,no,telephone,may,2,999,0,nonexistent,0.22420635828116384,no,Low
6424,33,blue-collar,married,high.school,yes,no,cellular,may,10,999,1,failure,0.22405391951585585,no,Low
6425,29,admin.,single,university.degree,yes,no,telephone,may,1,999,0,nonexistent,0.2240433336719299,no,Low
6426,43,management,married,high.school,yes,yes,telephone,jun,2,999,0,nonexistent,0.22402517949518255,no,Low
6427,28,blue-collar,single,basic.9y,yes,no,telephone,may,1,999,0,nonexistent,0.22388519169400373,no,Low
6428,33,services,married,basic.4y,no,no,telephone,may,1,999,0,nonexistent,0.22383482578586608,no,Low
6429,31,blue-collar,single,basic.9y,no,no,telephone,may,1,999,0,nonexistent,0.2238084248760292,no,Low
6430,32,blue-collar,single,university.degree,yes,no,telephone,may,2,999,0,nonexistent,0.22376455980937052,no,Low
6431,34,admin.,single,high.school,yes,yes,telephone,jun,1,999,0,nonexistent,0.2237353335446176,no,Low
6432,43,unemployed,married,university.degree,yes,no,telephone,may,1,999,0,nonexistent,0.22371290928223256,no,Low
6433,37,blue-collar,divorced,basic.6y,yes,yes,cellular,nov,1,999,1,failure,0.2234987477672262,no,Low
6434,51,entrepreneur,married,university.degree,no,no,cellular,nov,2,999,1,failure,0.22338850549774497,no,Low
6435,40,entrepreneur,married,basic.9y,yes,no,cellular,nov,1,999,1,failure,0.2233507844891822,no,Low
6436,47,blue-collar,divorced,basic.4y,yes,no,telephone,jun,1,999,0,nonexistent,0.22331531889683992,no,Low
6437,46,blue-collar,married,basic.9y,yes,no,telephone,may,6,999,0,nonexistent,0.22331127600174785,no,Low
6438,39,admin.,married,professional.course,unknown,unknown,telephone,jun,1,999,0,nonexistent,0.22329080716632546,no,Low
6439,38,blue-collar,married,basic.4y,yes,no,telephone,jul,6,999,0,nonexistent,0.22326011932761503,no,Low
6440,46,technician,married,basic.9y,yes,no,telephone,may,2,999,0,nonexistent,0.22318809977513382,no,Low
6441,43,blue-collar,married,basic.9y,no,no,telephone,may,3,999,0,nonexistent,0.22317585008243507,no,Low
6442,59,retired,divorced,university.degree,no,no,telephone,jul,1,999,0,nonexistent,0.22302795872076137,no,Low
6443,54,admin.,married,high.school,yes,no,telephone,jun,1,999,0,nonexistent,0.22300525581127084,no,Low
6444,42,admin.,single,high.school,no,no,telephone,may,1,999,0,nonexistent,0.2229849354561391,no,Low
6445,31,services,married,basic.6y,yes,no,telephone,may,3,999,0,nonexistent,0.22297337981984844,no,Low
6446,32,services,married,basic.4y,yes,yes,cellular,nov,1,999,0,nonexistent,0.2228836591902755,no,Low
6447,28,admin.,single,university.degree,yes,no,telephone,may,1,999,0,nonexistent,0.2228788789688327,no,Low
6448,39,unemployed,divorced,basic.9y,no,no,telephone,jun,9,999,0,nonexistent,0.22285850123915907,no,Low
6449,59,entrepreneur,divorced,high.school,no,no,telephone,may,1,999,0,nonexistent,0.2228330524397568,no,Low
6450,53,admin.,married,university.degree,yes,no,telephone,nov,8,999,0,nonexistent,0.22271391695584383,no,Low
6451,36,blue-collar,married,basic.9y,yes,yes,telephone,may,4,999,0,nonexistent,0.22269878831005704,no,Low
6452,36,entrepreneur,married,university.degree,no,yes,telephone,may,1,999,0,nonexistent,0.22267316238729515,no,Low
6453,33,services,divorced,high.school,yes,no,telephone,jun,2,999,0,nonexistent,0.22260947734825356,no,Low
6454,31,admin.,single,university.degree,no,yes,telephone,may,1,999,0,nonexistent,0.222503205125132,no,Low
6455,42,entrepreneur,married,high.school,yes,no,telephone,may,2,999,0,nonexistent,0.2225018297493629,no,Low
6456,50,blue-collar,married,basic.9y,yes,yes,telephone,may,1,999,0,nonexistent,0.22245944791693517,no,Low
6457,29,blue-collar,married,basic.6y,no,yes,telephone,may,1,999,0,nonexistent,0.2223328624484563,no,Low
6458,36,blue-collar,single,high.school,yes,no,telephone,may,2,999,0,nonexistent,0.22228569508785567,no,Low
6459,38,admin.,single,basic.9y,yes,no,cellular,nov,1,999,1,failure,0.22227217032482713,no,Low
6460,35,admin.,single,university.degree,no,no,telephone,may,1,999,0,nonexistent,0.22211922987141672,no,Low
6461,43,services,married,high.school,yes,no,telephone,jun,2,999,0,nonexistent,0.22207551842215897,no,Low
6462,47,management,divorced,university.degree,no,no,telephone,jun,1,999,0,nonexistent,0.22183951317098655,no,Low
6463,49,management,married,high.school,no,no,telephone,jun,4,999,0,nonexistent,0.2217638245833595,no,Low
6464,47,management,divorced,university.degree,yes,no,telephone,jun,2,999,0,nonexistent,0.22169831939704654,no,Low
6465,35,blue-collar,married,basic.9y,yes,no,telephone,jul,3,999,0,nonexistent,0.22164425924120645,no,Low
6466,29,admin.,single,university.degree,no,no,telephone,may,3,999,0,nonexistent,0.22164414731836146,no,Low
6467,45,management,single,basic.9y,yes,no,telephone,jun,2,999,0,nonexistent,0.22158838024319588,no,Low
6468,41,blue-collar,married,basic.9y,no,no,telephone,may,1,999,0,nonexistent,0.2214300916060841,no,Low
6470,45,services,divorced,high.school,yes,no,cellular,nov,1,999,0,nonexistent,0.22138312291956083,no,Low
6469,45,services,divorced,high.school,yes,no,cellular,nov,1,999,0,nonexistent,0.22138312291956083,no,Low
6471,45,housemaid,married,basic.6y,no,no,telephone,may,1,999,0,nonexistent,0.2213694779124469,no,Low
6472,30,technician,single,professional.course,no,yes,telephone,jul,7,999,0,nonexistent,0.22115660033803677,no,Low
6473,40,blue-collar,married,basic.9y,yes,yes,cellular,may,2,999,1,failure,0.22111234079937347,no,Low
6474,35,blue-collar,married,basic.9y,yes,yes,cellular,may,1,999,1,failure,0.221008296280237,no,Low
6475,37,services,married,high.school,yes,yes,telephone,jun,2,999,0,nonexistent,0.22099771266869775,no,Low
6476,43,blue-collar,married,basic.9y,yes,no,cellular,apr,1,999,0,nonexistent,0.22098670105014753,no,Low
6477,39,housemaid,married,basic.4y,yes,no,telephone,jun,4,999,0,nonexistent,0.2208967257536716,no,Low
6478,42,admin.,single,university.degree,no,no,telephone,may,3,999,0,nonexistent,0.22076303112965567,no,Low
6479,56,services,married,high.school,yes,no,telephone,may,2,999,0,nonexistent,0.22073704462340898,no,Low
6480,30,blue-collar,single,basic.6y,yes,no,telephone,jul,5,999,0,nonexistent,0.22072460002721012,no,Low
6481,35,admin.,divorced,high.school,no,yes,telephone,jun,15,999,0,nonexistent,0.22071033963869696,no,Low
6482,52,blue-collar,single,unknown,no,no,telephone,may,2,999,0,nonexistent,0.22065728908623905,no,Low
6483,52,management,married,university.degree,no,no,telephone,nov,4,999,1,failure,0.2206276613805537,no,Low
6484,51,technician,married,professional.course,no,no,telephone,may,1,999,0,nonexistent,0.2205303464768349,no,Low
6485,38,management,married,basic.6y,yes,no,telephone,may,1,999,0,nonexistent,0.22046848652666906,no,Low
6486,45,entrepreneur,married,basic.9y,no,no,telephone,may,9,999,0,nonexistent,0.2203894424798393,no,Low
6487,43,unemployed,married,high.school,yes,no,telephone,may,1,999,0,nonexistent,0.2203671009876688,no,Low
6488,31,services,single,basic.6y,yes,no,telephone,may,2,999,0,nonexistent,0.2203648654660201,no,Low
6489,41,admin.,married,university.degree,yes,no,cellular,nov,1,999,1,failure,0.22033908084532106,no,Low
6490,45,management,married,unknown,yes,no,telephone,jun,3,999,0,nonexistent,0.2202628076466933,no,Low
6491,22,services,single,basic.9y,no,no,telephone,may,1,999,0,nonexistent,0.220250246738573,no,Low
6492,41,services,single,unknown,no,no,cellular,jul,13,999,0,nonexistent,0.22019432818034795,no,Low
6493,56,technician,married,professional.course,no,yes,cellular,aug,1,999,0,nonexistent,0.22018217415028965,no,Low
6494,42,admin.,single,university.degree,yes,no,telephone,may,4,999,0,nonexistent,0.22012834121298389,no,Low
6495,39,self-employed,married,basic.4y,no,no,telephone,jun,1,999,0,nonexistent,0.22004309533567748,no,Low
6496,38,admin.,married,university.degree,yes,no,telephone,may,2,999,0,nonexistent,0.22003250554414913,no,Low
6497,31,services,married,high.school,no,no,telephone,jun,2,999,0,nonexistent,0.220002948039704,no,Low
6498,46,entrepreneur,married,basic.4y,yes,no,cellular,nov,1,999,0,nonexistent,0.21994647101819023,no,Low
6499,51,admin.,single,university.degree,no,no,telephone,jul,5,999,0,nonexistent,0.2199414057616894,no,Low
6500,50,housemaid,married,basic.9y,no,no,telephone,may,2,999,0,nonexistent,0.21985415640702366,no,Low
6501,39,management,married,university.degree,yes,yes,telephone,jun,1,999,0,nonexistent,0.2198524156251155,no,Low
6502,41,blue-collar,married,basic.4y,yes,no,telephone,may,2,999,0,nonexistent,0.2198424618601384,no,Low
6503,44,services,married,unknown,no,no,telephone,jun,1,999,0,nonexistent,0.2198294219759705,no,Low
6504,51,entrepreneur,married,basic.9y,no,no,cellular,nov,1,999,1,failure,0.21980638708920486,no,Low
6505,32,technician,married,professional.course,yes,no,telephone,may,2,999,0,nonexistent,0.2198029762964136,no,Low
6506,40,services,married,high.school,yes,no,telephone,may,2,999,0,nonexistent,0.21979380061826354,no,Low
6507,27,services,married,high.school,yes,no,telephone,may,1,999,0,nonexistent,0.2196458083477942,no,Low
6508,41,services,married,unknown,no,no,telephone,jun,2,999,0,nonexistent,0.21963091399428136,no,Low
6509,44,technician,married,professional.course,no,yes,cellular,aug,1,999,0,nonexistent,0.21962444637900888,no,Low
6510,28,admin.,married,high.school,no,yes,telephone,may,18,999,0,nonexistent,0.21959898959396787,no,Low
6511,41,unknown,single,basic.9y,no,yes,telephone,may,1,999,0,nonexistent,0.21957789185695287,no,Low
6512,48,admin.,married,university.degree,yes,yes,cellular,aug,1,999,0,nonexistent,0.2195639846305184,no,Low
6513,36,admin.,single,university.degree,no,no,telephone,may,3,999,0,nonexistent,0.21956095707960405,no,Low
6514,32,blue-collar,married,high.school,no,yes,telephone,may,2,999,0,nonexistent,0.21955123902580273,no,Low
6515,39,services,single,high.school,yes,yes,telephone,jun,1,999,0,nonexistent,0.21936929828493806,no,Low
6516,43,entrepreneur,married,basic.4y,yes,no,cellular,nov,4,999,0,nonexistent,0.21934483485586398,no,Low
6517,60,retired,married,high.school,no,no,telephone,may,2,999,0,nonexistent,0.21926342607098406,no,Low
6518,30,blue-collar,married,basic.4y,yes,no,telephone,may,4,999,0,nonexistent,0.2192605415392725,no,Low
6519,45,technician,married,university.degree,yes,no,telephone,may,1,999,0,nonexistent,0.21923916421317055,no,Low
6520,60,retired,married,basic.4y,no,no,telephone,jun,2,999,0,nonexistent,0.21921622684369477,no,Low
6521,35,admin.,married,university.degree,yes,yes,telephone,jun,1,999,0,nonexistent,0.21919556592722284,no,Low
6522,60,blue-collar,married,basic.9y,no,no,telephone,may,1,999,0,nonexistent,0.21913523505713856,no,Low
6523,38,services,married,high.school,yes,yes,telephone,may,1,999,0,nonexistent,0.21913347463685695,no,Low
6524,40,admin.,married,university.degree,yes,yes,telephone,may,2,999,0,nonexistent,0.2190616868789228,no,Low
6525,25,services,single,high.school,no,no,telephone,may,2,999,0,nonexistent,0.21906109626400824,no,Low
6526,31,blue-collar,married,basic.9y,no,no,telephone,may,6,999,0,nonexistent,0.2190047777601011,no,Low
6527,32,blue-collar,married,basic.9y,no,no,telephone,may,1,999,0,nonexistent,0.21885688939889528,no,Low
6528,33,technician,married,university.degree,no,no,telephone,jul,8,999,0,nonexistent,0.2188461186411731,no,Low
6529,30,blue-collar,married,basic.9y,no,no,telephone,may,2,999,0,nonexistent,0.21877920039431326,no,Low
6530,34,blue-collar,married,basic.9y,yes,yes,telephone,may,1,999,0,nonexistent,0.21876972618626192,no,Low
6531,42,entrepreneur,married,basic.4y,yes,no,cellular,nov,1,999,0,nonexistent,0.2187108027811098,no,Low
6532,43,blue-collar,married,unknown,no,yes,telephone,may,6,999,0,nonexistent,0.21865719042636186,no,Low
6533,36,services,married,high.school,no,no,telephone,may,4,999,0,nonexistent,0.2185727805331339,no,Low
6534,30,technician,single,professional.course,yes,no,telephone,may,1,999,0,nonexistent,0.21856888948281059,no,Low
6535,39,unemployed,married,basic.9y,yes,no,telephone,jun,6,999,0,nonexistent,0.2185465826717261,no,Low
6536,40,admin.,divorced,professional.course,yes,no,telephone,may,12,999,0,nonexistent,0.21854431058485194,no,Low
6537,42,technician,married,professional.course,yes,no,telephone,nov,1,999,0,nonexistent,0.21851290819958336,no,Low
6538,51,services,married,basic.6y,yes,no,telephone,may,3,999,0,nonexistent,0.21843926510906736,no,Low
6539,34,unemployed,single,high.school,yes,no,telephone,may,5,999,0,nonexistent,0.21836698997209192,no,Low
6540,41,services,married,high.school,no,no,telephone,jun,2,999,0,nonexistent,0.21834994502635485,no,Low
6541,37,blue-collar,single,high.school,yes,no,telephone,jul,8,999,0,nonexistent,0.21833310014251348,no,Low
6542,56,admin.,single,high.school,no,no,telephone,may,2,999,0,nonexistent,0.2183035442895997,no,Low
6543,47,blue-collar,married,basic.4y,yes,no,telephone,jun,4,999,0,nonexistent,0.21828959661506114,no,Low
6544,33,blue-collar,single,basic.4y,yes,no,telephone,may,3,999,1,failure,0.21825365437114633,no,Low
6545,45,services,married,basic.6y,unknown,unknown,telephone,jun,10,999,0,nonexistent,0.21825003535085497,no,Low
6546,32,admin.,single,university.degree,yes,no,cellular,nov,2,999,1,failure,0.2181521063709166,no,Low
6547,39,blue-collar,married,basic.6y,yes,no,telephone,jun,4,999,0,nonexistent,0.21795857061179158,no,Low
6548,37,services,married,high.school,yes,no,telephone,may,1,999,0,nonexistent,0.21785454427000464,no,Low
6549,50,blue-collar,single,basic.9y,yes,no,telephone,may,3,999,0,nonexistent,0.21777980440828704,no,Low
6550,48,blue-collar,married,basic.6y,no,no,telephone,may,4,999,1,failure,0.21775245611900934,no,Low
6551,40,admin.,married,high.school,yes,no,telephone,jun,10,999,0,nonexistent,0.21773977196782507,no,Low
6552,43,admin.,married,university.degree,no,no,telephone,may,3,999,0,nonexistent,0.21772421865748612,no,Low
6553,41,blue-collar,married,basic.4y,yes,yes,telephone,jun,2,999,0,nonexistent,0.21750608320930334,no,Low
6554,31,blue-collar,married,basic.9y,no,no,telephone,may,1,999,0,nonexistent,0.2173757728324395,no,Low
6555,54,admin.,married,unknown,no,no,telephone,jun,16,999,0,nonexistent,0.21734419721355816,no,Low
6556,36,entrepreneur,married,university.degree,yes,yes,telephone,may,5,999,0,nonexistent,0.21731071797228818,no,Low
6557,37,technician,married,high.school,yes,no,telephone,may,1,999,0,nonexistent,0.21730660699304252,no,Low
6558,46,services,married,high.school,yes,no,cellular,nov,3,999,0,nonexistent,0.2172747041013802,no,Low
6559,30,technician,single,high.school,yes,no,cellular,aug,13,999,0,nonexistent,0.21726794995861834,no,Low
6560,41,blue-collar,married,basic.4y,yes,no,cellular,apr,4,999,0,nonexistent,0.2170493737568268,no,Low
6561,38,blue-collar,married,basic.6y,no,no,telephone,jul,1,999,0,nonexistent,0.21699489558472357,no,Low
6562,30,technician,single,professional.course,unknown,unknown,telephone,jun,1,999,0,nonexistent,0.2169780076325089,no,Low
6563,27,admin.,married,university.degree,no,yes,telephone,may,1,999,1,failure,0.2169611970888072,no,Low
6564,39,blue-collar,married,basic.9y,yes,no,telephone,jun,1,999,0,nonexistent,0.2169156856663731,no,Low
6565,46,admin.,single,high.school,yes,no,telephone,may,1,999,0,nonexistent,0.2168429247576717,no,Low
6566,37,blue-collar,married,basic.9y,no,no,telephone,may,1,999,0,nonexistent,0.21682278851068446,no,Low
6567,42,unemployed,married,basic.9y,yes,yes,telephone,may,2,999,0,nonexistent,0.2168022649046197,no,Low
6568,37,technician,single,university.degree,yes,no,telephone,may,2,999,0,nonexistent,0.21671781340206578,no,Low
6569,43,technician,married,professional.course,no,no,telephone,may,2,999,0,nonexistent,0.21667270581935028,no,Low
6570,60,admin.,single,high.school,no,yes,telephone,may,2,999,0,nonexistent,0.21666854876360878,no,Low
6571,55,blue-collar,married,basic.4y,no,no,cellular,aug,13,999,0,nonexistent,0.21663759189002743,no,Low
6572,26,admin.,single,high.school,no,no,telephone,may,1,999,0,nonexistent,0.2166023266812825,no,Low
6573,52,services,divorced,high.school,yes,no,telephone,may,1,999,0,nonexistent,0.21656638926782365,no,Low
6574,37,unemployed,married,professional.course,yes,no,telephone,may,2,999,0,nonexistent,0.21640829389376354,no,Low
6575,36,services,married,high.school,yes,no,cellular,nov,3,999,1,failure,0.21637930110918954,no,Low
6576,53,technician,married,high.school,no,no,telephone,may,1,999,0,nonexistent,0.21633657396956504,no,Low
6577,50,services,married,high.school,yes,no,cellular,nov,1,999,0,nonexistent,0.21629470053924701,no,Low
6578,53,entrepreneur,divorced,university.degree,yes,no,cellular,nov,1,999,1,failure,0.21615930824275695,no,Low
6579,46,admin.,married,university.degree,no,no,cellular,nov,1,999,1,failure,0.21611842011193175,no,Low
6580,41,management,married,university.degree,no,no,telephone,jul,5,999,0,nonexistent,0.216074208289264,no,Low
6581,49,admin.,divorced,professional.course,no,no,cellular,nov,5,999,1,failure,0.21595158389679422,no,Low
6582,39,admin.,single,unknown,no,no,telephone,may,1,999,0,nonexistent,0.21589936798376988,no,Low
6583,51,services,married,basic.6y,no,no,telephone,may,1,999,0,nonexistent,0.21579248111106172,no,Low
6584,46,blue-collar,married,basic.9y,yes,no,telephone,may,2,999,0,nonexistent,0.21574547573522873,no,Low
6585,41,admin.,single,university.degree,yes,no,cellular,nov,5,999,1,failure,0.2156185007370741,no,Low
6586,45,admin.,married,basic.9y,yes,no,telephone,may,2,999,0,nonexistent,0.21560739165426593,no,Low
6587,43,blue-collar,married,basic.4y,yes,yes,telephone,nov,3,999,1,failure,0.21557400176834213,no,Low
6588,33,management,single,university.degree,yes,yes,telephone,may,3,999,0,nonexistent,0.21555575602486812,no,Low
6589,49,blue-collar,divorced,basic.4y,no,no,telephone,jun,5,999,0,nonexistent,0.21552741120030763,no,Low
6590,44,entrepreneur,married,university.degree,yes,no,cellular,nov,2,999,1,failure,0.2154525040295373,no,Low
6591,54,blue-collar,married,basic.9y,yes,yes,telephone,jun,2,999,0,nonexistent,0.21545189755411417,no,Low
6592,53,management,married,basic.6y,yes,no,telephone,jun,6,999,0,nonexistent,0.21543225115300668,no,Low
6593,32,blue-collar,married,basic.4y,no,no,cellular,nov,2,999,0,nonexistent,0.21538997468882476,no,Low
6594,44,services,married,high.school,no,no,telephone,may,2,999,0,nonexistent,0.21538509209543322,no,Low
6595,29,services,single,university.degree,no,no,telephone,may,1,999,0,nonexistent,0.21538144181049834,no,Low
6596,31,blue-collar,married,basic.4y,no,no,telephone,jul,2,999,0,nonexistent,0.21532248214831237,no,Low
6597,29,blue-collar,single,high.school,yes,no,telephone,may,2,999,0,nonexistent,0.2152638415140097,no,Low
6598,30,services,divorced,basic.9y,no,no,telephone,jun,1,999,0,nonexistent,0.21522104742733755,no,Low
6599,41,blue-collar,divorced,basic.9y,yes,no,telephone,may,1,999,0,nonexistent,0.21519459356755544,no,Low
6600,50,admin.,single,university.degree,no,yes,cellular,aug,2,999,0,nonexistent,0.21512880531792367,no,Low
6601,42,admin.,married,university.degree,yes,no,cellular,nov,2,999,1,failure,0.21512532146104243,no,Low
6602,30,admin.,single,university.degree,yes,no,telephone,may,2,999,0,nonexistent,0.21503499465051443,no,Low
6603,27,student,single,high.school,no,no,telephone,may,1,999,0,nonexistent,0.2150242433659091,no,Low
6604,35,services,married,basic.9y,yes,no,cellular,apr,3,999,0,nonexistent,0.21501633256757344,no,Low
6605,51,unemployed,divorced,university.degree,yes,yes,telephone,jun,2,999,0,nonexistent,0.21501272823584217,no,Low
6606,37,blue-collar,married,high.school,no,no,telephone,may,2,999,0,nonexistent,0.21487913574448206,no,Low
6607,31,entrepreneur,single,basic.9y,no,no,telephone,may,6,999,0,nonexistent,0.21484141133856904,no,Low
6608,34,services,single,high.school,no,no,telephone,nov,2,999,1,failure,0.21469508725500527,no,Low
6609,31,admin.,single,university.degree,no,no,telephone,may,2,999,0,nonexistent,0.21469059826758288,no,Low
6610,43,admin.,married,university.degree,yes,no,cellular,nov,2,999,1,failure,0.21467871251443346,no,Low
6611,49,technician,married,professional.course,yes,yes,cellular,aug,1,999,0,nonexistent,0.21467817006990852,no,Low
6612,46,admin.,married,university.degree,no,no,telephone,jul,6,999,0,nonexistent,0.21461251365877662,no,Low
6613,47,unemployed,married,professional.course,yes,yes,cellular,aug,1,999,0,nonexistent,0.21460027700833814,no,Low
6614,39,services,married,high.school,yes,no,cellular,nov,3,999,1,failure,0.21459180273851847,no,Low
6615,29,services,single,university.degree,yes,no,telephone,may,1,999,0,nonexistent,0.2145172523505433,no,Low
6616,37,blue-collar,single,high.school,no,no,cellular,nov,1,999,1,failure,0.21451120757106543,no,Low
6617,25,blue-collar,single,basic.9y,yes,no,telephone,may,9,999,0,nonexistent,0.2143546292098738,no,Low
6618,37,admin.,married,high.school,yes,no,telephone,may,2,999,0,nonexistent,0.21432288839971722,no,Low
6619,38,blue-collar,married,basic.4y,yes,no,cellular,nov,1,999,0,nonexistent,0.2143010107861103,no,Low
6620,30,blue-collar,single,basic.4y,no,no,telephone,jun,1,999,0,nonexistent,0.2142308579034478,no,Low
6621,44,blue-collar,single,basic.4y,yes,no,telephone,jun,1,999,0,nonexistent,0.21408885545346792,no,Low
6622,27,services,divorced,high.school,yes,no,telephone,jul,3,999,0,nonexistent,0.21407245118052132,no,Low
6623,38,blue-collar,single,basic.4y,no,no,telephone,jul,5,999,0,nonexistent,0.21403565199411664,no,Low
6624,50,self-employed,married,basic.4y,no,yes,telephone,may,1,999,0,nonexistent,0.2140008075088376,no,Low
6625,37,blue-collar,single,professional.course,yes,no,telephone,may,3,999,0,nonexistent,0.21395960957159227,no,Low
6626,46,blue-collar,married,basic.9y,no,no,telephone,may,6,999,0,nonexistent,0.21388434003176787,no,Low
6627,54,housemaid,divorced,basic.4y,yes,no,telephone,jun,6,999,0,nonexistent,0.21387315322853956,no,Low
6628,48,admin.,married,professional.course,yes,no,telephone,may,2,999,0,nonexistent,0.21384963812861546,no,Low
6629,43,entrepreneur,married,basic.4y,yes,no,telephone,may,1,999,0,nonexistent,0.21378308496089005,no,Low
6630,53,entrepreneur,married,university.degree,yes,no,telephone,may,3,999,0,nonexistent,0.21367246192091102,no,Low
6631,46,admin.,married,basic.9y,yes,no,telephone,jun,1,999,0,nonexistent,0.2136552159367873,no,Low
6632,30,services,single,high.school,yes,no,telephone,may,2,999,0,nonexistent,0.2135960507914362,no,Low
6633,40,admin.,married,university.degree,no,no,telephone,jun,21,999,0,nonexistent,0.21357490922856256,no,Low
6634,25,entrepreneur,single,university.degree,yes,no,telephone,may,4,999,0,nonexistent,0.21355825706337062,no,Low
6635,52,services,married,high.school,no,yes,telephone,jun,6,999,0,nonexistent,0.21355261389294522,no,Low
6636,29,blue-collar,single,high.school,yes,no,telephone,jul,4,999,0,nonexistent,0.21352805732841915,no,Low
6637,38,technician,married,professional.course,yes,yes,telephone,may,1,999,0,nonexistent,0.21346174757305084,no,Low
6638,29,blue-collar,single,high.school,yes,no,telephone,may,3,999,0,nonexistent,0.21342548415718446,no,Low
6639,51,self-employed,married,university.degree,yes,no,telephone,jun,1,999,0,nonexistent,0.2133554136274096,no,Low
6640,42,admin.,divorced,high.school,no,no,telephone,jun,3,999,0,nonexistent,0.21333966900410858,no,Low
6641,30,management,single,university.degree,yes,no,telephone,may,1,999,0,nonexistent,0.21332633837655043,no,Low
6642,48,entrepreneur,married,basic.4y,no,yes,telephone,jun,1,999,0,nonexistent,0.21317051632729778,no,Low
6643,32,admin.,single,basic.9y,no,no,telephone,may,3,999,0,nonexistent,0.2131371043163751,no,Low
6644,38,services,married,high.school,no,yes,telephone,jun,1,999,0,nonexistent,0.21312638397140496,no,Low
6645,33,blue-collar,married,basic.6y,yes,yes,telephone,may,2,999,0,nonexistent,0.21307296443105975,no,Low
6646,34,blue-collar,married,high.school,yes,no,telephone,jul,2,999,0,nonexistent,0.21298593882166672,no,Low
6647,31,blue-collar,single,basic.9y,yes,no,telephone,may,4,999,0,nonexistent,0.2129826279654879,no,Low
6648,34,blue-collar,married,basic.9y,no,no,telephone,may,2,999,0,nonexistent,0.21295319471186572,no,Low
6649,36,admin.,married,high.school,yes,no,telephone,jul,2,999,0,nonexistent,0.21292993204114913,no,Low
6650,50,housemaid,married,basic.9y,yes,no,cellular,aug,12,999,0,nonexistent,0.21282526023183046,no,Low
6651,48,blue-collar,married,basic.9y,yes,no,telephone,may,2,999,0,nonexistent,0.21280337659626183,no,Low
6652,35,retired,married,professional.course,no,no,telephone,may,1,999,0,nonexistent,0.21278855008315237,no,Low
6653,37,self-employed,married,basic.9y,yes,no,telephone,jun,6,999,0,nonexistent,0.21274795151606674,no,Low
6654,45,blue-collar,married,basic.4y,yes,no,telephone,jun,2,999,0,nonexistent,0.21270770651985607,no,Low
6655,44,housemaid,married,basic.9y,yes,no,telephone,may,4,999,0,nonexistent,0.21269053712446173,no,Low
6656,37,technician,single,high.school,unknown,unknown,telephone,jun,2,999,0,nonexistent,0.2126408395826581,no,Low
6657,39,housemaid,married,basic.9y,yes,no,telephone,may,1,999,0,nonexistent,0.21259264714562037,no,Low
6658,34,blue-collar,married,basic.9y,no,no,telephone,may,1,999,0,nonexistent,0.2125647294047907,no,Low
6659,57,services,divorced,high.school,yes,yes,telephone,may,5,999,0,nonexistent,0.21251513789656393,no,Low
6660,40,blue-collar,married,basic.9y,yes,no,telephone,may,2,999,0,nonexistent,0.21250823837450586,no,Low
6661,35,services,single,basic.4y,no,no,telephone,may,1,999,0,nonexistent,0.21247066628541705,no,Low
6662,51,self-employed,single,university.degree,yes,no,telephone,may,2,999,0,nonexistent,0.2124642922700026,no,Low
6663,38,blue-collar,married,basic.4y,yes,no,cellular,nov,2,999,1,failure,0.21245328068409977,no,Low
6664,32,management,married,high.school,yes,yes,telephone,may,4,999,0,nonexistent,0.21228518761818002,no,Low
6665,29,admin.,single,university.degree,yes,no,telephone,jul,6,999,0,nonexistent,0.21224639922808589,no,Low
6666,33,admin.,married,university.degree,no,no,telephone,may,1,999,0,nonexistent,0.2122315472552128,no,Low
6667,58,retired,married,basic.9y,yes,no,telephone,may,3,999,0,nonexistent,0.21209823678078996,no,Low
6668,54,blue-collar,married,basic.9y,unknown,unknown,telephone,jun,1,999,0,nonexistent,0.21208911189495486,no,Low
6669,57,admin.,married,high.school,no,no,telephone,jul,9,999,0,nonexistent,0.21201233801808722,no,Low
6670,37,blue-collar,married,high.school,yes,yes,telephone,may,7,999,0,nonexistent,0.21198857235018861,no,Low
6671,36,blue-collar,single,high.school,no,no,telephone,may,3,999,0,nonexistent,0.21188739102033383,no,Low
6672,29,technician,single,professional.course,yes,yes,telephone,may,4,999,0,nonexistent,0.21185689364719892,no,Low
6673,44,management,married,high.school,no,no,telephone,jul,1,999,0,nonexistent,0.2118529063559897,no,Low
6674,27,services,married,high.school,no,no,telephone,may,2,999,0,nonexistent,0.2117561354563428,no,Low
6675,46,admin.,divorced,basic.9y,yes,no,telephone,may,2,999,0,nonexistent,0.21167911949007365,no,Low
6676,59,entrepreneur,divorced,high.school,yes,no,telephone,jun,2,999,0,nonexistent,0.2116786213357438,no,Low
6677,37,blue-collar,single,basic.6y,unknown,unknown,telephone,jun,2,999,0,nonexistent,0.211661061124926,no,Low
6678,42,blue-collar,married,basic.6y,yes,yes,telephone,may,1,999,0,nonexistent,0.21163858089447177,no,Low
6679,43,blue-collar,divorced,basic.9y,yes,no,telephone,may,3,999,0,nonexistent,0.2116253213045167,no,Low
6680,56,admin.,married,professional.course,yes,no,cellular,nov,1,999,1,failure,0.21161172609345874,no,Low
6681,35,blue-collar,married,basic.9y,yes,no,telephone,jul,5,999,0,nonexistent,0.21155759544416566,no,Low
6682,42,technician,married,professional.course,yes,no,cellular,jul,10,999,0,nonexistent,0.21154680906369927,no,Low
6683,56,management,married,university.degree,yes,yes,telephone,may,1,999,0,nonexistent,0.21152318778101067,no,Low
6684,45,blue-collar,married,basic.9y,no,no,telephone,may,1,999,0,nonexistent,0.21150165111415423,no,Low
6685,45,blue-collar,divorced,basic.9y,yes,no,telephone,jun,1,999,0,nonexistent,0.21141858484106357,no,Low
6686,38,services,married,basic.9y,unknown,unknown,telephone,jun,1,999,0,nonexistent,0.21138888292789976,no,Low
6687,41,services,married,basic.9y,yes,yes,telephone,may,1,999,0,nonexistent,0.2113292910309019,no,Low
6688,49,blue-collar,married,basic.4y,no,no,telephone,jun,2,999,0,nonexistent,0.21127810174922987,no,Low
6689,29,unemployed,single,university.degree,no,no,telephone,may,1,999,0,nonexistent,0.2112684439671566,no,Low
6690,27,services,single,high.school,yes,no,telephone,jul,1,999,0,nonexistent,0.21122613428463397,no,Low
6691,43,technician,divorced,professional.course,no,no,telephone,may,1,999,0,nonexistent,0.2112140888581725,no,Low
6692,32,services,single,professional.course,yes,yes,telephone,may,1,999,0,nonexistent,0.21119528360189557,no,Low
6693,58,admin.,married,university.degree,no,no,cellular,nov,2,999,1,failure,0.21118867523102355,no,Low
6694,43,unemployed,married,university.degree,no,no,telephone,may,1,999,0,nonexistent,0.21117224633732157,no,Low
6695,38,blue-collar,married,basic.9y,no,no,cellular,apr,1,999,0,nonexistent,0.21116671640811863,no,Low
6696,46,services,married,professional.course,no,no,telephone,jun,3,999,0,nonexistent,0.21114361115975014,no,Low
6697,42,admin.,single,basic.9y,no,yes,telephone,may,1,999,0,nonexistent,0.2110436180313018,no,Low
6698,53,blue-collar,married,high.school,yes,yes,cellular,apr,4,999,0,nonexistent,0.21098143307891465,no,Low
6699,56,retired,married,high.school,yes,no,telephone,jun,3,999,0,nonexistent,0.21095372092511944,no,Low
6700,33,services,married,basic.4y,yes,yes,telephone,jun,6,999,0,nonexistent,0.21095199480064025,no,Low
6701,43,management,married,high.school,no,yes,telephone,jul,1,999,0,nonexistent,0.21091319314133025,no,Low
6702,45,services,divorced,high.school,no,no,telephone,jun,5,999,0,nonexistent,0.21081223700510116,no,Low
6703,36,admin.,married,university.degree,yes,no,telephone,nov,2,999,0,nonexistent,0.21078024365036271,no,Low
6704,33,technician,single,professional.course,yes,no,telephone,may,2,999,0,nonexistent,0.21061199653897386,no,Low
6705,42,blue-collar,divorced,basic.4y,yes,no,telephone,may,1,999,0,nonexistent,0.21059126272875262,no,Low
6706,27,blue-collar,single,basic.9y,yes,no,telephone,may,1,999,0,nonexistent,0.21052701296275092,no,Low
6707,28,services,married,high.school,no,yes,telephone,jul,1,999,0,nonexistent,0.21052098926501747,no,Low
6708,27,services,single,high.school,no,no,telephone,may,2,999,0,nonexistent,0.21050043615490752,no,Low
6709,31,blue-collar,married,basic.9y,no,no,telephone,may,2,999,0,nonexistent,0.21048261532476747,no,Low
6710,55,retired,married,high.school,no,no,telephone,may,1,999,0,nonexistent,0.2104424517670956,no,Low
6711,39,services,single,high.school,no,no,telephone,may,1,999,0,nonexistent,0.21039406806062994,no,Low
6712,45,housemaid,married,professional.course,yes,no,telephone,jun,2,999,0,nonexistent,0.2103891189756573,no,Low
6713,49,services,married,high.school,yes,no,telephone,may,1,999,0,nonexistent,0.21036983778806265,no,Low
6714,39,admin.,single,university.degree,no,no,telephone,may,1,999,0,nonexistent,0.21033047489127987,no,Low
6715,35,blue-collar,divorced,basic.9y,yes,yes,telephone,may,2,999,0,nonexistent,0.21029257797893883,no,Low
6716,36,blue-collar,married,basic.9y,yes,no,telephone,may,2,999,0,nonexistent,0.21027706599197718,no,Low
6717,36,technician,married,professional.course,yes,no,telephone,may,1,999,0,nonexistent,0.21023215445123655,no,Low
6718,29,services,divorced,high.school,no,no,telephone,may,1,999,0,nonexistent,0.21004043990722454,no,Low
6719,32,services,married,high.school,yes,yes,telephone,may,9,999,0,nonexistent,0.21002252650640246,no,Low
6720,40,technician,married,professional.course,yes,no,cellular,jul,10,999,0,nonexistent,0.2099342753168327,no,Low
6721,30,services,single,high.school,yes,no,telephone,jul,3,999,0,nonexistent,0.209928465983276,no,Low
6722,60,unknown,single,unknown,yes,no,telephone,may,1,999,0,nonexistent,0.20988718806479184,no,Low
6723,44,blue-collar,married,basic.6y,yes,yes,telephone,may,7,999,0,nonexistent,0.20982342065264614,no,Low
6724,33,blue-collar,single,basic.4y,no,no,telephone,may,1,999,0,nonexistent,0.20982299254529496,no,Low
6725,49,blue-collar,single,basic.6y,yes,no,telephone,may,4,999,0,nonexistent,0.2096523804846767,no,Low
6726,30,services,married,high.school,yes,no,cellular,nov,1,999,1,failure,0.20956376917240868,no,Low
6727,35,blue-collar,married,high.school,yes,yes,telephone,may,2,999,0,nonexistent,0.20941639215542593,no,Low
6728,37,admin.,married,university.degree,no,no,telephone,may,1,999,0,nonexistent,0.2094050298549424,no,Low
6729,37,blue-collar,married,basic.9y,yes,no,telephone,may,4,999,0,nonexistent,0.20938964443228758,no,Low
6730,47,services,married,basic.6y,yes,yes,telephone,jun,2,999,0,nonexistent,0.2093809942792257,no,Low
6731,53,blue-collar,divorced,unknown,yes,no,telephone,jul,6,999,0,nonexistent,0.20927565317302882,no,Low
6732,46,self-employed,married,university.degree,yes,yes,telephone,may,1,999,0,nonexistent,0.2092629038552535,no,Low
6733,36,blue-collar,married,basic.6y,yes,no,telephone,may,1,999,0,nonexistent,0.2092604513529271,no,Low
6734,32,admin.,single,professional.course,no,no,telephone,may,1,999,0,nonexistent,0.209241538756889,no,Low
6735,37,unemployed,married,professional.course,yes,no,telephone,may,1,999,0,nonexistent,0.2092327584832784,no,Low
6736,51,blue-collar,married,basic.4y,yes,yes,telephone,may,1,999,0,nonexistent,0.20907873627820373,no,Low
6737,58,housemaid,married,basic.4y,yes,no,telephone,jun,1,999,0,nonexistent,0.20906578846278298,no,Low
6738,45,blue-collar,married,basic.9y,yes,no,telephone,may,10,999,0,nonexistent,0.208978224170461,no,Low
6739,41,admin.,married,high.school,yes,no,telephone,may,1,999,0,nonexistent,0.2089736424656358,no,Low
6740,53,services,married,high.school,yes,yes,telephone,may,3,999,0,nonexistent,0.20894099351176817,no,Low
6741,35,blue-collar,married,basic.9y,no,no,telephone,may,3,999,0,nonexistent,0.20886619966151387,no,Low
6742,60,services,married,high.school,yes,no,telephone,may,1,999,0,nonexistent,0.2087621862176503,no,Low
6743,38,technician,married,basic.9y,no,no,telephone,may,3,999,0,nonexistent,0.20868607292872585,no,Low
6744,27,services,single,high.school,no,no,telephone,may,1,999,0,nonexistent,0.20860439956708846,no,Low
6745,32,blue-collar,married,basic.6y,yes,no,telephone,jul,1,999,0,nonexistent,0.20859540691366285,no,Low
6746,43,self-employed,divorced,university.degree,yes,no,telephone,jun,4,999,0,nonexistent,0.20858565005105006,no,Low
6747,39,unemployed,married,basic.9y,yes,no,cellular,nov,1,999,1,failure,0.208489880575424,no,Low
6748,27,blue-collar,single,basic.9y,yes,no,telephone,may,4,999,0,nonexistent,0.20848537598064618,no,Low
6749,40,services,married,basic.6y,yes,no,telephone,may,1,999,0,nonexistent,0.20847226100862998,no,Low
6750,49,housemaid,single,high.school,no,no,telephone,jun,1,999,0,nonexistent,0.20846039042938616,no,Low
6751,37,blue-collar,single,basic.9y,no,no,telephone,may,3,999,0,nonexistent,0.2084318634016543,no,Low
6752,50,entrepreneur,married,basic.9y,no,no,telephone,may,6,999,0,nonexistent,0.20838344589466334,no,Low
6753,47,admin.,married,high.school,no,no,telephone,may,2,999,0,nonexistent,0.20831725793032818,no,Low
6754,31,blue-collar,single,basic.9y,no,no,telephone,may,2,999,0,nonexistent,0.20830455544139356,no,Low
6755,31,admin.,married,high.school,no,no,telephone,may,1,999,0,nonexistent,0.2082645838620821,no,Low
6756,28,entrepreneur,married,basic.4y,yes,no,telephone,may,1,999,0,nonexistent,0.2081714544882382,no,Low
6757,36,technician,single,professional.course,no,no,telephone,may,1,999,0,nonexistent,0.20811967091752254,no,Low
6758,56,technician,married,professional.course,unknown,unknown,cellular,nov,1,999,1,failure,0.20811016647703504,no,Low
6759,41,admin.,divorced,high.school,yes,no,telephone,may,6,999,0,nonexistent,0.20810676788826518,no,Low
6760,46,entrepreneur,married,university.degree,unknown,unknown,telephone,jun,9,999,0,nonexistent,0.20806976233803318,no,Low
6761,32,blue-collar,single,basic.9y,no,no,telephone,may,7,999,0,nonexistent,0.2080055123930114,no,Low
6762,45,admin.,married,high.school,yes,no,telephone,may,1,999,0,nonexistent,0.20793083761287479,no,Low
6763,38,self-employed,married,basic.9y,yes,no,telephone,may,1,999,2,failure,0.20792216698792326,no,Low
6764,37,blue-collar,married,basic.6y,yes,yes,telephone,may,1,999,0,nonexistent,0.20783830124422378,no,Low
6765,39,services,married,basic.4y,no,no,telephone,may,2,999,0,nonexistent,0.20778056041250684,no,Low
6766,34,management,single,university.degree,no,no,telephone,may,1,999,0,nonexistent,0.20777941808207429,no,Low
6767,32,technician,single,high.school,no,no,telephone,jul,11,999,0,nonexistent,0.2077760928444406,no,Low
6768,41,housemaid,married,university.degree,no,no,telephone,may,1,999,0,nonexistent,0.20777196248527913,no,Low
6769,31,services,single,high.school,no,no,telephone,jul,1,999,0,nonexistent,0.2077644554702092,no,Low
6770,36,retired,married,high.school,no,no,telephone,may,20,999,0,nonexistent,0.20775977060600098,no,Low
6771,47,blue-collar,married,basic.9y,yes,no,telephone,may,2,999,0,nonexistent,0.20764765972731353,no,Low
6772,48,blue-collar,married,basic.4y,no,no,telephone,jun,2,999,0,nonexistent,0.2075906266756815,no,Low
6773,46,admin.,married,professional.course,yes,no,telephone,may,1,999,0,nonexistent,0.20751720694704012,no,Low
6774,37,blue-collar,single,basic.9y,yes,no,telephone,may,1,999,0,nonexistent,0.20751472391051717,no,Low
6775,34,technician,married,university.degree,yes,no,telephone,may,2,999,0,nonexistent,0.20744649756020173,no,Low
6776,45,technician,married,high.school,yes,no,telephone,may,9,999,0,nonexistent,0.2074117682859539,no,Low
6777,29,blue-collar,single,high.school,yes,no,telephone,may,1,999,0,nonexistent,0.20739902987781267,no,Low
6778,41,technician,single,professional.course,no,yes,cellular,aug,3,999,0,nonexistent,0.20733791784239824,no,Low
6779,54,services,divorced,high.school,yes,no,telephone,may,1,999,0,nonexistent,0.20728276768613133,no,Low
6780,32,admin.,single,university.degree,yes,yes,telephone,may,1,999,0,nonexistent,0.20727214478765071,no,Low
6781,28,blue-collar,single,basic.6y,no,no,telephone,may,2,999,0,nonexistent,0.20701050284608322,no,Low
6782,37,admin.,single,unknown,no,no,telephone,jul,13,999,0,nonexistent,0.20687589573798512,no,Low
6783,28,unemployed,married,high.school,yes,no,telephone,may,2,999,0,nonexistent,0.2068034879390696,no,Low
6784,40,management,married,high.school,yes,yes,telephone,may,2,999,0,nonexistent,0.20675783676130585,no,Low
6785,42,services,married,high.school,no,no,telephone,jun,2,999,0,nonexistent,0.20671001629507246,no,Low
6786,27,admin.,single,high.school,no,no,telephone,may,1,999,0,nonexistent,0.206703070415163,no,Low
6787,55,retired,married,high.school,yes,no,cellular,jul,24,999,0,nonexistent,0.20660082896232468,no,Low
6788,39,technician,single,high.school,yes,no,telephone,jul,7,999,0,nonexistent,0.20659257504268777,no,Low
6789,36,blue-collar,married,basic.4y,no,no,cellular,nov,5,999,0,nonexistent,0.20650077182719523,no,Low
6790,55,blue-collar,married,basic.9y,no,no,telephone,may,1,999,0,nonexistent,0.20648993239097974,no,Low
6791,49,blue-collar,married,basic.9y,yes,no,telephone,may,1,999,0,nonexistent,0.20647660225581493,no,Low
6793,45,blue-collar,married,basic.6y,no,no,telephone,may,1,999,0,nonexistent,0.20644529917932583,no,Low
6792,45,blue-collar,married,basic.6y,no,no,telephone,may,1,999,0,nonexistent,0.20644529917932583,no,Low
6794,57,housemaid,married,basic.4y,yes,no,telephone,jun,2,999,0,nonexistent,0.20642833799301932,no,Low
6795,43,technician,divorced,professional.course,yes,no,telephone,may,5,999,0,nonexistent,0.2063873763596802,no,Low
6796,52,services,married,university.degree,yes,no,telephone,may,1,999,0,nonexistent,0.206375773416568,no,Low
6797,46,technician,divorced,basic.9y,yes,no,telephone,may,2,999,0,nonexistent,0.20636692127356537,no,Low
6798,57,technician,married,university.degree,no,no,telephone,may,2,999,0,nonexistent,0.20632706266256298,no,Low
6799,43,unknown,married,high.school,yes,yes,telephone,may,2,999,0,nonexistent,0.20625972044593013,no,Low
6800,35,blue-collar,single,professional.course,yes,no,telephone,may,1,999,0,nonexistent,0.2062250697942831,no,Low
6801,27,entrepreneur,married,university.degree,no,no,telephone,may,2,999,0,nonexistent,0.20609076846979954,no,Low
6802,57,unknown,married,unknown,yes,no,cellular,aug,1,999,0,nonexistent,0.2060498885171687,no,Low
6803,40,self-employed,married,basic.4y,yes,no,telephone,may,2,999,0,nonexistent,0.20601965389848637,no,Low
6804,48,services,married,high.school,yes,yes,telephone,may,4,999,0,nonexistent,0.2059748113255788,no,Low
6805,50,services,single,high.school,no,no,telephone,may,1,999,0,nonexistent,0.2059449976391358,no,Low
6806,59,technician,married,professional.course,no,no,telephone,may,2,999,0,nonexistent,0.20593984177419417,no,Low
6807,37,services,single,basic.9y,yes,no,telephone,may,2,999,0,nonexistent,0.20584519530284337,no,Low
6808,32,blue-collar,married,basic.9y,no,no,telephone,may,1,999,0,nonexistent,0.20578558950553538,no,Low
6809,48,entrepreneur,married,high.school,yes,no,telephone,may,2,999,0,nonexistent,0.20577876411739948,no,Low
6810,28,services,married,basic.9y,unknown,unknown,telephone,may,1,999,0,nonexistent,0.20576693283388603,no,Low
6811,29,blue-collar,married,high.school,no,no,telephone,may,2,999,0,nonexistent,0.20570637363545147,no,Low
6812,37,blue-collar,single,basic.9y,no,no,telephone,may,3,999,0,nonexistent,0.20570088051762825,no,Low
6813,38,admin.,single,basic.6y,no,no,telephone,may,1,999,0,nonexistent,0.2056777750263235,no,Low
6814,27,admin.,married,high.school,yes,no,telephone,jul,5,999,0,nonexistent,0.2056407196190441,no,Low
6815,33,blue-collar,married,high.school,no,no,telephone,may,1,999,0,nonexistent,0.20557592207831613,no,Low
6816,44,admin.,married,university.degree,yes,no,telephone,may,2,999,0,nonexistent,0.2055745793857126,no,Low
6817,39,admin.,single,high.school,yes,no,telephone,may,2,999,0,nonexistent,0.2055561785727253,no,Low
6818,40,housemaid,single,university.degree,no,yes,telephone,may,1,999,0,nonexistent,0.2055511630838582,no,Low
6819,45,blue-collar,married,basic.4y,yes,no,telephone,may,1,999,0,nonexistent,0.20552746180710119,no,Low
6820,41,technician,married,basic.6y,yes,no,telephone,nov,2,999,0,nonexistent,0.20550508176584945,no,Low
6821,38,self-employed,single,university.degree,no,no,telephone,may,2,999,0,nonexistent,0.205455840397852,no,Low
6822,37,entrepreneur,single,university.degree,no,no,telephone,may,2,999,0,nonexistent,0.2054034257965243,no,Low
6823,30,technician,married,high.school,no,no,cellular,jul,26,999,0,nonexistent,0.20536148150123937,no,Low
6824,57,admin.,married,university.degree,yes,yes,telephone,jul,1,999,0,nonexistent,0.2053513438285426,no,Low
6825,38,admin.,married,basic.9y,yes,no,cellular,nov,1,999,1,failure,0.20534165729950385,no,Low
6826,37,technician,single,professional.course,yes,no,cellular,aug,12,999,0,nonexistent,0.20529611155048758,no,Low
6827,42,management,married,university.degree,yes,yes,telephone,jul,1,999,0,nonexistent,0.20528666948616614,no,Low
6828,37,blue-collar,married,basic.9y,no,yes,telephone,jul,7,999,0,nonexistent,0.20527341052395112,no,Low
6829,45,admin.,married,high.school,yes,no,cellular,nov,1,999,1,failure,0.20515679598303865,no,Low
6830,44,admin.,single,university.degree,no,no,telephone,may,1,999,0,nonexistent,0.20515282706044866,no,Low
6831,38,housemaid,married,basic.6y,yes,yes,telephone,may,2,999,0,nonexistent,0.20503575228113424,no,Low
6832,40,blue-collar,married,basic.9y,yes,no,telephone,may,2,999,0,nonexistent,0.20501775433835326,no,Low
6833,50,blue-collar,married,basic.4y,yes,yes,telephone,jun,15,999,0,nonexistent,0.20499912579344576,no,Low
6834,52,self-employed,single,university.degree,yes,yes,telephone,may,2,999,0,nonexistent,0.20498481981740393,no,Low
6835,36,blue-collar,married,university.degree,yes,yes,telephone,may,1,999,0,nonexistent,0.20496965987724725,no,Low
6836,46,entrepreneur,married,professional.course,no,no,telephone,may,2,999,0,nonexistent,0.20492196196270676,no,Low
6837,30,admin.,married,high.school,yes,no,cellular,nov,1,999,1,failure,0.20488480176833665,no,Low
6838,43,admin.,married,high.school,yes,no,telephone,jun,15,999,0,nonexistent,0.20478355057864336,no,Low
6839,32,blue-collar,single,basic.4y,yes,yes,telephone,jun,1,999,0,nonexistent,0.20470377804638823,no,Low
6840,29,admin.,married,university.degree,yes,no,telephone,jun,16,999,0,nonexistent,0.20469124001081881,no,Low
6841,53,services,married,high.school,no,no,telephone,may,2,999,0,nonexistent,0.2046312322645492,no,Low
6842,38,services,married,high.school,no,yes,telephone,may,1,999,0,nonexistent,0.2045737454261968,no,Low
6843,36,admin.,married,university.degree,no,no,telephone,may,1,999,0,nonexistent,0.20455790864262233,no,Low
6844,30,technician,married,university.degree,yes,no,telephone,may,6,999,0,nonexistent,0.20453355598016612,no,Low
6845,32,entrepreneur,married,basic.4y,yes,no,cellular,nov,7,999,0,nonexistent,0.20446022042866374,no,Low
6846,45,services,single,basic.9y,yes,no,telephone,may,1,999,0,nonexistent,0.2044134499304099,no,Low
6847,31,services,single,basic.9y,no,no,telephone,may,5,999,0,nonexistent,0.20438060164738567,no,Low
6848,33,blue-collar,single,basic.9y,no,no,telephone,may,2,999,0,nonexistent,0.20431682214832594,no,Low
6849,44,blue-collar,married,basic.6y,no,no,telephone,may,1,999,0,nonexistent,0.20428158006015967,no,Low
6850,48,admin.,married,high.school,no,no,telephone,jun,2,999,0,nonexistent,0.20421894835391693,no,Low
6851,46,unemployed,married,high.school,no,no,telephone,may,3,999,0,nonexistent,0.2041992281215207,no,Low
6852,38,blue-collar,single,basic.6y,yes,no,telephone,may,6,999,0,nonexistent,0.20416270623962934,no,Low
6853,35,management,single,university.degree,yes,no,cellular,jul,23,999,0,nonexistent,0.20397897817872396,no,Low
6854,25,self-employed,single,university.degree,yes,no,telephone,may,3,999,0,nonexistent,0.20397446779805684,no,Low
6855,59,retired,married,basic.4y,yes,no,telephone,may,1,999,0,nonexistent,0.20395599550824248,no,Low
6856,42,blue-collar,married,basic.6y,no,no,telephone,may,1,999,0,nonexistent,0.2039020433831236,no,Low
6857,38,blue-collar,single,basic.9y,yes,no,telephone,may,1,999,0,nonexistent,0.20383677701353384,no,Low
6858,36,admin.,single,university.degree,no,no,telephone,may,5,999,0,nonexistent,0.20378788209486887,no,Low
6859,52,services,married,basic.9y,yes,no,cellular,nov,3,999,1,failure,0.20376198017266137,no,Low
6860,50,entrepreneur,married,basic.9y,yes,no,telephone,may,3,999,0,nonexistent,0.20373045030613335,no,Low
6861,52,unemployed,married,high.school,no,no,telephone,may,2,999,0,nonexistent,0.20372857727598373,no,Low
6862,34,admin.,married,high.school,yes,yes,telephone,may,1,999,0,nonexistent,0.20369772360061497,no,Low
6863,43,blue-collar,married,unknown,no,yes,telephone,may,1,999,0,nonexistent,0.2036849965521452,no,Low
6864,31,blue-collar,single,basic.9y,no,no,telephone,may,7,999,0,nonexistent,0.20361175577554863,no,Low
6865,46,admin.,married,university.degree,yes,no,telephone,may,3,999,0,nonexistent,0.20344762235274813,no,Low
6866,32,admin.,married,university.degree,no,no,telephone,may,2,999,0,nonexistent,0.20340779594831018,no,Low
6867,29,admin.,single,university.degree,yes,no,telephone,jun,27,999,0,nonexistent,0.20339875725431136,no,Low
6868,44,management,married,university.degree,yes,yes,telephone,jul,1,999,0,nonexistent,0.20336067799502194,no,Low
6869,37,housemaid,married,university.degree,no,no,telephone,may,3,999,0,nonexistent,0.2033466962484705,no,Low
6870,42,housemaid,married,basic.4y,yes,no,telephone,jun,8,999,0,nonexistent,0.20328083548783302,no,Low
6871,48,blue-collar,married,basic.6y,yes,yes,telephone,may,1,999,0,nonexistent,0.2032450781939395,no,Low
6872,41,services,divorced,high.school,yes,yes,telephone,may,1,999,0,nonexistent,0.20319653335964816,no,Low
6873,26,unemployed,married,high.school,yes,no,telephone,may,2,999,0,nonexistent,0.20318043023879082,no,Low
6874,55,blue-collar,married,basic.4y,no,no,telephone,may,2,999,0,nonexistent,0.2030202280302522,no,Low
6875,52,unemployed,married,high.school,yes,no,telephone,jun,2,999,0,nonexistent,0.20290070993638576,no,Low
6876,31,blue-collar,divorced,professional.course,yes,no,telephone,may,1,999,0,nonexistent,0.2028808393103774,no,Low
6877,35,technician,single,university.degree,yes,no,telephone,may,3,999,0,nonexistent,0.20287922271493208,no,Low
6878,43,blue-collar,single,basic.9y,yes,no,telephone,jun,21,999,0,nonexistent,0.2027525765102447,no,Low
6879,33,services,single,basic.9y,no,yes,telephone,may,9,999,0,nonexistent,0.2026944180133265,no,Low
6880,31,admin.,married,university.degree,yes,no,telephone,may,2,999,0,nonexistent,0.20267479049872134,no,Low
6881,24,services,single,high.school,no,no,telephone,may,2,999,0,nonexistent,0.2026329897563072,no,Low
6882,47,retired,married,basic.4y,yes,no,telephone,may,1,999,0,nonexistent,0.2025986805694676,no,Low
6883,48,blue-collar,married,basic.4y,yes,no,telephone,may,1,999,0,nonexistent,0.2025406577752913,no,Low
6884,27,services,single,high.school,no,no,telephone,may,4,999,0,nonexistent,0.20248488427214056,no,Low
6885,41,housemaid,divorced,high.school,yes,yes,cellular,jul,5,999,0,nonexistent,0.20244210047232625,no,Low
6886,40,technician,married,professional.course,yes,no,cellular,nov,1,999,1,failure,0.20236345946242296,no,Low
6887,53,technician,married,professional.course,yes,yes,telephone,may,1,999,0,nonexistent,0.20233702689353852,no,Low
6888,30,admin.,married,university.degree,yes,no,telephone,may,2,999,0,nonexistent,0.20233477199550062,no,Low
6889,55,technician,married,professional.course,yes,no,telephone,may,1,999,0,nonexistent,0.20227854165023257,no,Low
6890,35,services,married,high.school,yes,no,telephone,jun,1,999,0,nonexistent,0.20227489955747877,no,Low
6891,59,admin.,married,university.degree,no,no,telephone,may,1,999,0,nonexistent,0.20226256104977097,no,Low
6892,58,retired,married,basic.4y,yes,no,telephone,jun,1,999,0,nonexistent,0.20221610468635273,no,Low
6893,38,blue-collar,single,basic.4y,yes,no,telephone,may,2,999,0,nonexistent,0.2021847663231889,no,Low
6894,47,blue-collar,married,basic.4y,yes,no,telephone,may,1,999,0,nonexistent,0.2021291410004114,no,Low
6895,41,services,married,high.school,yes,no,telephone,may,4,999,0,nonexistent,0.20211817644280908,no,Low
6896,50,unemployed,married,professional.course,no,no,telephone,may,2,999,0,nonexistent,0.2020989042219884,no,Low
6897,32,admin.,married,high.school,yes,no,telephone,may,9,999,0,nonexistent,0.2020862427876968,no,Low
6898,27,blue-collar,married,basic.9y,yes,no,telephone,may,3,999,0,nonexistent,0.20200203986627918,no,Low
6899,53,unknown,married,high.school,yes,no,telephone,jun,1,999,0,nonexistent,0.20184854333942331,no,Low
6900,54,technician,married,university.degree,yes,no,telephone,may,1,999,0,nonexistent,0.20181159620369438,no,Low
6901,37,services,divorced,high.school,yes,no,telephone,may,2,999,0,nonexistent,0.2017810096241876,no,Low
6902,29,admin.,married,university.degree,no,no,cellular,nov,1,999,1,failure,0.20173615714860668,no,Low
6903,55,blue-collar,married,basic.4y,yes,no,telephone,may,1,999,0,nonexistent,0.20173277306280865,no,Low
6904,30,admin.,married,university.degree,no,no,telephone,may,4,999,0,nonexistent,0.2016681014246545,no,Low
6905,55,services,married,high.school,yes,no,telephone,may,1,999,0,nonexistent,0.20166088857026834,no,Low
6906,55,blue-collar,married,basic.4y,yes,no,telephone,may,5,999,0,nonexistent,0.20163166541340338,no,Low
6907,32,admin.,single,university.degree,no,no,telephone,may,1,999,0,nonexistent,0.2015913406099252,no,Low
6908,50,technician,married,high.school,no,no,cellular,nov,1,999,1,failure,0.20156696912627983,no,Low
6909,48,blue-collar,married,basic.4y,yes,no,telephone,jun,2,999,0,nonexistent,0.20152950723987534,no,Low
6910,53,technician,married,high.school,no,yes,telephone,may,2,999,0,nonexistent,0.20150221161728066,no,Low
6911,27,blue-collar,married,basic.6y,yes,no,telephone,jun,1,999,0,nonexistent,0.20150036008044922,no,Low
6912,58,blue-collar,married,professional.course,no,no,telephone,jun,12,999,0,nonexistent,0.20149502545445658,no,Low
6913,33,services,married,high.school,yes,no,telephone,may,5,999,0,nonexistent,0.20148094015879267,no,Low
6914,30,blue-collar,married,unknown,no,no,telephone,may,2,999,0,nonexistent,0.2014449270765357,no,Low
6915,29,blue-collar,single,basic.9y,unknown,unknown,telephone,jun,1,999,0,nonexistent,0.2014166293751972,no,Low
6916,52,blue-collar,single,basic.9y,yes,no,telephone,may,1,999,0,nonexistent,0.20134598395104067,no,Low
6917,52,housemaid,married,basic.9y,yes,no,cellular,jul,12,999,0,nonexistent,0.20132208630514797,no,Low
6918,41,blue-collar,married,professional.course,no,no,telephone,may,3,999,0,nonexistent,0.20117592230929007,no,Low
6919,34,blue-collar,married,basic.9y,no,no,telephone,may,4,999,0,nonexistent,0.20115393151336158,no,Low
6920,32,unknown,single,professional.course,no,no,telephone,jul,1,999,0,nonexistent,0.20112393859005517,no,Low
6921,56,services,married,basic.4y,yes,no,cellular,nov,4,999,1,failure,0.20109846575959242,no,Low
6922,55,blue-collar,married,basic.4y,yes,no,telephone,jul,1,999,0,nonexistent,0.2010810184977793,no,Low
6923,37,services,married,high.school,yes,no,telephone,jun,1,999,0,nonexistent,0.20105372768572208,no,Low
6924,52,services,married,high.school,yes,no,telephone,may,6,999,0,nonexistent,0.2010163270161161,no,Low
6925,24,student,single,university.degree,no,no,telephone,may,2,999,0,nonexistent,0.20089560906782775,no,Low
6926,41,entrepreneur,married,basic.6y,no,no,telephone,jul,2,999,0,nonexistent,0.20083906806706198,no,Low
6927,36,technician,married,high.school,yes,no,cellular,nov,1,999,1,failure,0.2007383077450237,no,Low
6928,34,admin.,married,university.degree,unknown,unknown,telephone,jul,2,999,0,nonexistent,0.20065745810563093,no,Low
6929,30,blue-collar,married,basic.9y,no,no,telephone,jun,29,999,0,nonexistent,0.20065266052484865,no,Low
6930,45,blue-collar,married,basic.9y,yes,no,telephone,may,3,999,0,nonexistent,0.20064511883024821,no,Low
6931,33,services,married,high.school,yes,yes,telephone,may,1,999,0,nonexistent,0.20063968714183247,no,Low
6932,24,services,single,basic.9y,yes,no,telephone,jul,4,999,0,nonexistent,0.20061524629724062,no,Low
6933,33,blue-collar,single,basic.9y,yes,no,telephone,may,1,999,0,nonexistent,0.20028682650926843,no,Low
6934,34,blue-collar,married,basic.9y,yes,no,telephone,may,5,999,0,nonexistent,0.2002804292550568,no,Low
6935,29,management,single,university.degree,yes,no,telephone,jul,3,999,0,nonexistent,0.2002574256248963,no,Low
6936,40,services,divorced,high.school,no,no,telephone,may,2,999,0,nonexistent,0.20023477484790334,no,Low
6937,55,admin.,married,university.degree,no,no,telephone,may,14,999,0,nonexistent,0.2002336961613422,no,Low
6938,37,blue-collar,married,basic.4y,yes,no,telephone,may,3,999,0,nonexistent,0.200215529428306,no,Low
6939,53,self-employed,married,basic.9y,yes,no,cellular,nov,1,999,1,failure,0.20019372941175195,no,Low
6940,43,admin.,married,university.degree,unknown,unknown,telephone,jun,2,999,0,nonexistent,0.20019183944612845,no,Low
6941,36,admin.,married,high.school,no,no,telephone,may,2,999,0,nonexistent,0.20017859683027453,no,Low
6942,37,admin.,single,high.school,no,no,telephone,may,3,999,0,nonexistent,0.20015714047736533,no,Low
6943,52,admin.,married,basic.6y,yes,no,telephone,may,1,999,0,nonexistent,0.2001558156050829,no,Low
6944,39,blue-collar,married,basic.6y,no,no,telephone,may,1,999,0,nonexistent,0.20009893595966238,no,Low
6945,57,blue-collar,married,basic.4y,yes,no,telephone,may,3,999,0,nonexistent,0.20006130121158158,no,Low
6946,30,blue-collar,single,basic.9y,yes,no,telephone,may,1,999,0,nonexistent,0.20005982232035585,no,Low
6947,41,blue-collar,single,basic.9y,yes,no,telephone,may,4,999,0,nonexistent,0.2000038736760128,no,Low
6948,47,blue-collar,married,basic.9y,yes,no,telephone,may,3,999,0,nonexistent,0.19999446108150779,no,Low
6949,45,services,married,high.school,yes,no,telephone,jun,7,999,0,nonexistent,0.19998257001905426,no,Low
6950,41,technician,married,high.school,no,no,telephone,jun,12,999,0,nonexistent,0.19997818904733522,no,Low
6951,57,retired,married,basic.4y,yes,no,telephone,may,1,999,0,nonexistent,0.19997564244292065,no,Low
6952,36,technician,married,high.school,no,no,telephone,jul,1,999,0,nonexistent,0.19997349944315845,no,Low
6953,41,entrepreneur,married,basic.4y,yes,no,telephone,jul,2,999,0,nonexistent,0.1998884086563337,no,Low
6954,31,technician,single,professional.course,no,no,telephone,jul,2,999,0,nonexistent,0.1997724610742321,no,Low
6955,46,management,married,university.degree,yes,no,telephone,may,3,999,0,nonexistent,0.19976580391890808,no,Low
6956,47,entrepreneur,married,professional.course,unknown,unknown,telephone,jun,3,999,0,nonexistent,0.1997653732602486,no,Low
6957,47,blue-collar,divorced,basic.9y,no,no,telephone,jul,1,999,0,nonexistent,0.19966714115963086,no,Low
6958,38,housemaid,married,high.school,no,no,telephone,may,4,999,0,nonexistent,0.19965596066474833,no,Low
6959,38,technician,single,university.degree,no,yes,telephone,may,1,999,0,nonexistent,0.19963676998861765,no,Low
6960,56,retired,married,basic.4y,no,no,telephone,may,2,999,0,nonexistent,0.19960585693343771,no,Low
6961,59,services,divorced,high.school,no,no,telephone,jun,1,999,0,nonexistent,0.19960083762284442,no,Low
6962,52,management,married,basic.4y,no,no,telephone,may,35,999,0,nonexistent,0.19958986088210012,no,Low
6963,51,services,married,basic.9y,no,no,cellular,nov,1,999,1,failure,0.19950990694335657,no,Low
6964,48,technician,married,high.school,no,no,telephone,may,1,999,0,nonexistent,0.19944510473793972,no,Low
6965,28,services,married,high.school,yes,no,telephone,may,2,999,0,nonexistent,0.19944167768236537,no,Low
6966,49,technician,married,professional.course,yes,no,telephone,jun,14,999,0,nonexistent,0.19939626937616,no,Low
6967,28,technician,single,professional.course,no,no,telephone,may,2,999,0,nonexistent,0.19939565503405884,no,Low
6968,46,services,married,basic.9y,no,no,telephone,jun,1,999,0,nonexistent,0.19937800664864783,no,Low
6969,34,blue-collar,single,basic.9y,no,no,telephone,may,1,999,0,nonexistent,0.19937257393244795,no,Low
6970,31,blue-collar,married,basic.9y,no,no,telephone,may,1,999,0,nonexistent,0.1993587636598,no,Low
6971,53,unemployed,married,basic.4y,no,no,telephone,may,1,999,0,nonexistent,0.19935589127740852,no,Low
6972,49,blue-collar,married,basic.4y,no,no,telephone,may,1,999,0,nonexistent,0.19935029387817038,no,Low
6973,52,blue-collar,married,high.school,no,no,telephone,jun,4,999,0,nonexistent,0.19930411607483192,no,Low
6974,56,technician,divorced,professional.course,yes,no,telephone,jun,2,999,0,nonexistent,0.19923843273805114,no,Low
6975,44,blue-collar,single,basic.9y,yes,no,telephone,jul,11,999,0,nonexistent,0.1992234630644122,no,Low
6976,36,blue-collar,single,basic.9y,no,no,telephone,may,1,999,0,nonexistent,0.19922287040106623,no,Low
6977,50,admin.,married,basic.9y,no,no,telephone,may,2,999,0,nonexistent,0.19920675007957278,no,Low
6978,39,admin.,divorced,high.school,no,no,cellular,jul,17,999,0,nonexistent,0.19918791017913845,no,Low
6979,34,services,married,high.school,yes,yes,telephone,may,1,999,0,nonexistent,0.19899047024380542,no,Low
6980,29,admin.,single,high.school,yes,no,telephone,may,2,999,0,nonexistent,0.1989667509349367,no,Low
6981,31,admin.,divorced,university.degree,yes,yes,telephone,may,2,999,0,nonexistent,0.19892583449352777,no,Low
6982,30,technician,single,high.school,yes,no,telephone,jul,2,999,0,nonexistent,0.19882071884992997,no,Low
6983,48,blue-collar,married,basic.6y,yes,no,telephone,may,4,999,0,nonexistent,0.19881974627989382,no,Low
6984,48,technician,divorced,professional.course,no,yes,telephone,may,3,999,0,nonexistent,0.19881811493465476,no,Low
6985,52,technician,married,high.school,no,no,telephone,may,1,999,0,nonexistent,0.19872555446150458,no,Low
6986,48,blue-collar,married,basic.9y,yes,no,telephone,may,2,999,0,nonexistent,0.19871076250757402,no,Low
6987,38,blue-collar,single,basic.6y,no,no,telephone,may,2,999,0,nonexistent,0.19869528259088243,no,Low
6988,31,technician,single,basic.9y,yes,no,telephone,may,5,999,0,nonexistent,0.19868848584563806,no,Low
6989,37,admin.,single,high.school,no,no,telephone,jul,2,999,0,nonexistent,0.19855352741391885,no,Low
6990,32,blue-collar,married,basic.6y,yes,no,telephone,jul,2,999,0,nonexistent,0.19854765216629552,no,Low
6991,26,blue-collar,single,high.school,no,no,telephone,may,4,999,0,nonexistent,0.19852077087825276,no,Low
6992,39,services,single,high.school,no,no,telephone,may,4,999,0,nonexistent,0.19832433526979742,no,Low
6993,49,housemaid,married,professional.course,no,no,telephone,may,1,999,0,nonexistent,0.1982132755829809,no,Low
6994,36,blue-collar,married,basic.6y,no,no,telephone,jul,5,999,0,nonexistent,0.198183934922073,no,Low
6995,40,blue-collar,divorced,basic.9y,no,no,telephone,jul,3,999,0,nonexistent,0.19801533233716526,no,Low
6996,49,services,married,high.school,yes,no,telephone,may,2,999,0,nonexistent,0.1979909014749597,no,Low
6997,34,admin.,married,university.degree,yes,no,telephone,jul,4,999,0,nonexistent,0.19791953502166382,no,Low
6998,53,unemployed,divorced,basic.9y,no,no,telephone,may,2,999,0,nonexistent,0.1978761994547698,no,Low
6999,58,admin.,married,university.degree,no,yes,telephone,may,1,999,0,nonexistent,0.19760533639239544,no,Low
7000,45,services,married,high.school,yes,no,cellular,apr,1,999,1,failure,0.1975998118744866,no,Low
7001,32,blue-collar,married,professional.course,no,yes,telephone,may,1,999,0,nonexistent,0.19759590577816097,no,Low
7002,27,blue-collar,married,basic.9y,no,no,telephone,may,2,999,0,nonexistent,0.1975490352629012,no,Low
7003,52,entrepreneur,married,basic.9y,yes,no,telephone,may,2,999,0,nonexistent,0.19730431251191316,no,Low
7004,42,technician,married,professional.course,no,no,telephone,may,1,999,0,nonexistent,0.19728563476060668,no,Low
7005,35,services,divorced,university.degree,yes,no,telephone,jul,2,999,0,nonexistent,0.19722340540233196,no,Low
7006,36,admin.,married,university.degree,yes,no,telephone,may,2,999,0,nonexistent,0.19721482325814202,no,Low
7007,27,admin.,married,basic.9y,yes,no,telephone,may,2,999,0,nonexistent,0.19720902868591955,no,Low
7008,60,technician,divorced,professional.course,yes,no,telephone,may,6,999,0,nonexistent,0.19719015263079243,no,Low
7009,40,blue-collar,married,basic.4y,no,no,cellular,nov,6,999,0,nonexistent,0.19713978599058618,no,Low
7010,36,services,single,unknown,yes,no,telephone,may,1,999,0,nonexistent,0.19712155395877431,no,Low
7011,39,services,married,high.school,yes,no,telephone,may,2,999,0,nonexistent,0.1970623027308092,no,Low
7012,52,retired,married,basic.9y,no,no,telephone,may,7,999,0,nonexistent,0.19702648786168397,no,Low
7013,56,entrepreneur,married,university.degree,yes,no,telephone,may,4,999,0,nonexistent,0.19698187407223042,no,Low
7014,49,blue-collar,married,basic.4y,yes,no,telephone,may,1,999,0,nonexistent,0.196946075850008,no,Low
7015,30,unemployed,single,basic.9y,no,no,telephone,may,10,999,0,nonexistent,0.19693848290013258,no,Low
7016,42,admin.,divorced,university.degree,yes,no,telephone,jul,2,999,0,nonexistent,0.19689998337030645,no,Low
7017,44,blue-collar,single,basic.9y,yes,no,telephone,may,1,999,0,nonexistent,0.19688140526659687,no,Low
7018,50,blue-collar,married,basic.4y,yes,no,telephone,jul,8,999,0,nonexistent,0.1968512760830415,no,Low
7019,33,technician,married,basic.9y,no,no,telephone,may,2,999,0,nonexistent,0.1968107447962684,no,Low
7020,41,housemaid,married,basic.6y,no,no,telephone,jul,2,999,0,nonexistent,0.1967362705039024,no,Low
7021,50,blue-collar,married,basic.9y,yes,no,telephone,may,17,999,0,nonexistent,0.1967221626022965,no,Low
7022,29,blue-collar,married,basic.9y,no,no,telephone,may,5,999,0,nonexistent,0.1966714932461305,no,Low
7023,34,self-employed,married,professional.course,no,no,telephone,may,1,999,0,nonexistent,0.196668137960978,no,Low
7024,31,blue-collar,married,basic.9y,no,no,telephone,may,4,999,0,nonexistent,0.19665585110860936,no,Low
7025,41,blue-collar,married,basic.6y,no,no,telephone,may,2,999,0,nonexistent,0.19663690926564997,no,Low
7026,29,services,single,professional.course,no,yes,telephone,may,2,999,0,nonexistent,0.19662397582195587,no,Low
7027,58,retired,divorced,university.degree,yes,no,telephone,may,2,999,0,nonexistent,0.196555751529439,no,Low
7028,26,admin.,single,university.degree,no,no,telephone,may,2,999,0,nonexistent,0.1965295215682004,no,Low
7029,48,retired,married,basic.4y,yes,yes,telephone,jul,17,999,0,nonexistent,0.19647695724125674,no,Low
7030,42,admin.,married,high.school,yes,no,telephone,may,1,999,0,nonexistent,0.1964011040051915,no,Low
7031,45,services,married,high.school,yes,no,telephone,may,2,999,0,nonexistent,0.19640019390918348,no,Low
7032,31,admin.,married,high.school,no,no,telephone,may,2,999,0,nonexistent,0.19635655217589465,no,Low
7033,29,admin.,single,high.school,no,no,telephone,jul,1,999,0,nonexistent,0.1962209287404692,no,Low
7034,51,blue-collar,married,basic.4y,yes,no,telephone,may,2,999,0,nonexistent,0.19620745706425133,no,Low
7035,42,blue-collar,married,unknown,no,yes,telephone,may,4,999,0,nonexistent,0.19607375121030793,no,Low
7036,43,blue-collar,married,basic.4y,yes,no,telephone,may,2,999,0,nonexistent,0.1960403702861827,no,Low
7037,31,blue-collar,married,basic.6y,unknown,unknown,telephone,may,1,999,0,nonexistent,0.19599372871321474,no,Low
7038,52,technician,married,high.school,yes,no,cellular,aug,14,999,0,nonexistent,0.1959804890643229,no,Low
7039,31,blue-collar,divorced,basic.6y,yes,no,telephone,may,17,999,0,nonexistent,0.1959517833956157,no,Low
7040,50,blue-collar,married,basic.9y,yes,no,telephone,may,2,999,0,nonexistent,0.1959515769643564,no,Low
7041,37,blue-collar,married,basic.9y,no,no,telephone,may,1,999,0,nonexistent,0.19571952501507442,no,Low
7042,58,management,married,university.degree,no,no,telephone,may,2,999,0,nonexistent,0.19570153575367658,no,Low
7043,51,unemployed,married,high.school,yes,no,telephone,jun,2,999,0,nonexistent,0.19568584176430695,no,Low
7044,45,entrepreneur,married,basic.9y,no,no,telephone,may,4,999,0,nonexistent,0.1956727855335627,no,Low
7045,33,self-employed,married,basic.6y,no,no,telephone,may,5,999,0,nonexistent,0.19567048560430328,no,Low
7046,24,services,married,professional.course,yes,no,telephone,may,3,999,0,nonexistent,0.19555246525748216,no,Low
7047,47,self-employed,married,basic.9y,yes,no,telephone,jul,10,999,0,nonexistent,0.1955199187356274,no,Low
7048,41,services,divorced,basic.9y,yes,no,telephone,jun,1,999,0,nonexistent,0.1954733860330401,no,Low
7049,31,unemployed,single,professional.course,no,no,telephone,may,1,999,0,nonexistent,0.19543349719448413,no,Low
7050,51,admin.,married,high.school,yes,no,telephone,may,2,999,0,nonexistent,0.19540059628722634,no,Low
7051,37,services,married,basic.9y,no,yes,telephone,may,2,999,0,nonexistent,0.1953613602404467,no,Low
7052,31,admin.,single,university.degree,no,no,telephone,jul,2,999,0,nonexistent,0.1953323743757628,no,Low
7053,35,services,single,professional.course,no,no,telephone,may,2,999,0,nonexistent,0.19527841533010887,no,Low
7054,42,blue-collar,divorced,basic.4y,yes,no,telephone,may,1,999,0,nonexistent,0.19521972246443312,no,Low
7055,34,services,married,high.school,no,no,telephone,may,1,999,0,nonexistent,0.19515602163152954,no,Low
7056,40,technician,married,high.school,no,no,telephone,may,2,999,0,nonexistent,0.19514040295645863,no,Low
7057,29,blue-collar,single,basic.9y,yes,no,telephone,may,2,999,0,nonexistent,0.1951115664637535,no,Low
7058,51,management,married,basic.9y,yes,no,telephone,jul,2,999,0,nonexistent,0.19510061339637086,no,Low
7059,28,blue-collar,married,basic.9y,yes,no,telephone,may,1,999,0,nonexistent,0.19508364260919886,no,Low
7060,55,retired,married,university.degree,yes,no,telephone,may,3,999,0,nonexistent,0.195058825476984,no,Low
7061,48,technician,married,professional.course,yes,no,telephone,jul,11,999,0,nonexistent,0.19498858540053723,no,Low
7062,42,self-employed,married,university.degree,no,no,cellular,nov,4,999,1,failure,0.19495119769612057,no,Low
7063,28,blue-collar,single,basic.9y,no,no,telephone,may,2,999,0,nonexistent,0.19491624647212852,no,Low
7064,31,technician,married,university.degree,no,no,cellular,nov,1,999,1,failure,0.19489548402565599,no,Low
7065,40,admin.,single,high.school,yes,no,telephone,may,3,999,0,nonexistent,0.19478881147529017,no,Low
7066,32,blue-collar,divorced,basic.9y,yes,no,telephone,jun,5,999,0,nonexistent,0.19468907465631924,no,Low
7067,44,services,married,high.school,no,no,telephone,may,1,999,0,nonexistent,0.1946330850956528,no,Low
7068,31,services,married,professional.course,no,no,telephone,may,3,999,0,nonexistent,0.194455145158116,no,Low
7069,34,blue-collar,married,basic.9y,no,no,telephone,may,1,999,0,nonexistent,0.19444878488089593,no,Low
7070,28,admin.,single,unknown,yes,no,telephone,may,2,999,0,nonexistent,0.19443366437996318,no,Low
7071,31,entrepreneur,single,basic.9y,no,no,telephone,may,1,999,0,nonexistent,0.19443049068323914,no,Low
7072,37,self-employed,married,high.school,no,no,telephone,may,8,999,0,nonexistent,0.19442720265531402,no,Low
7073,42,admin.,divorced,high.school,yes,no,telephone,may,3,999,0,nonexistent,0.19441047590065,no,Low
7074,30,blue-collar,divorced,basic.4y,yes,yes,telephone,jul,1,999,0,nonexistent,0.19438220491614344,no,Low
7075,40,admin.,married,university.degree,yes,no,telephone,may,7,999,0,nonexistent,0.19435018067934068,no,Low
7076,39,housemaid,married,basic.4y,yes,yes,telephone,may,3,999,0,nonexistent,0.19430510648923152,no,Low
7077,59,retired,married,professional.course,yes,yes,telephone,may,1,999,0,nonexistent,0.19429345625948335,no,Low
7078,33,entrepreneur,married,basic.6y,no,no,cellular,nov,2,999,1,failure,0.1942600968897432,no,Low
7079,32,housemaid,married,basic.4y,yes,no,telephone,may,1,999,0,nonexistent,0.1942230747004893,no,Low
7080,34,technician,single,high.school,yes,no,telephone,jul,2,999,0,nonexistent,0.19404923617679742,no,Low
7081,54,technician,married,university.degree,yes,no,telephone,may,4,999,1,failure,0.19404747984695525,no,Low
7082,32,services,married,professional.course,yes,no,telephone,may,1,999,0,nonexistent,0.1940284261303198,no,Low
7083,29,services,single,university.degree,no,no,telephone,may,5,999,0,nonexistent,0.19402077378892643,no,Low
7084,33,admin.,married,university.degree,yes,no,telephone,may,3,999,0,nonexistent,0.19396235109194843,no,Low
7085,31,entrepreneur,divorced,high.school,yes,no,telephone,may,1,999,0,nonexistent,0.19394599493260806,no,Low
7086,30,services,married,high.school,yes,no,telephone,may,2,999,0,nonexistent,0.19382345321767144,no,Low
7087,27,services,married,basic.9y,no,no,telephone,jul,3,999,0,nonexistent,0.19375436140911095,no,Low
7088,44,blue-collar,married,basic.9y,yes,no,telephone,may,1,999,0,nonexistent,0.19374610373957415,no,Low
7089,42,technician,married,university.degree,no,no,telephone,may,1,999,0,nonexistent,0.19371598326749415,no,Low
7090,44,technician,married,professional.course,yes,yes,telephone,may,2,999,0,nonexistent,0.19354405081144777,no,Low
7091,44,admin.,married,professional.course,no,no,cellular,nov,1,999,1,failure,0.1935074727480212,no,Low
7092,35,student,single,university.degree,no,no,telephone,may,5,999,0,nonexistent,0.19349222522248888,no,Low
7093,56,unemployed,divorced,high.school,yes,no,telephone,may,1,999,0,nonexistent,0.19347915921622091,no,Low
7094,31,management,single,university.degree,yes,no,telephone,may,1,999,0,nonexistent,0.19335714790607023,no,Low
7095,37,student,single,university.degree,no,no,telephone,may,1,999,1,failure,0.1933451480320937,no,Low
7096,27,blue-collar,married,basic.9y,yes,no,telephone,may,2,999,0,nonexistent,0.193238942385428,no,Low
7097,34,technician,married,professional.course,no,no,telephone,may,2,999,0,nonexistent,0.19322643188209895,no,Low
7098,58,retired,married,basic.6y,no,no,telephone,may,3,999,0,nonexistent,0.19318009137281889,no,Low
7099,36,admin.,single,university.degree,no,no,cellular,jul,40,999,0,nonexistent,0.19314696374888113,no,Low
7100,32,admin.,married,university.degree,no,no,telephone,may,3,999,0,nonexistent,0.19313368704380973,no,Low
7101,43,services,married,basic.4y,yes,no,cellular,nov,1,999,0,nonexistent,0.19311608234991914,no,Low
7102,43,admin.,divorced,high.school,yes,no,telephone,may,3,999,0,nonexistent,0.19308092732672968,no,Low
7103,53,blue-collar,divorced,basic.4y,yes,no,telephone,may,6,999,1,failure,0.19294779846559187,no,Low
7104,46,admin.,married,high.school,yes,no,telephone,may,3,999,0,nonexistent,0.19292442008132657,no,Low
7105,51,blue-collar,married,basic.4y,no,no,cellular,aug,19,999,0,nonexistent,0.19290064144671418,no,Low
7106,49,retired,married,basic.4y,no,no,telephone,may,3,999,0,nonexistent,0.1928830514220388,no,Low
7107,32,technician,divorced,professional.course,yes,yes,telephone,jul,1,999,0,nonexistent,0.19286645547168865,no,Low
7108,25,services,married,high.school,yes,no,telephone,may,2,999,0,nonexistent,0.19285307967441692,no,Low
7109,40,management,married,high.school,no,no,telephone,may,2,999,0,nonexistent,0.1927925385477945,no,Low
7110,38,admin.,single,university.degree,no,no,telephone,may,5,999,0,nonexistent,0.19279078806724323,no,Low
7111,54,housemaid,divorced,basic.4y,no,no,telephone,may,2,999,0,nonexistent,0.19275347208608296,no,Low
7112,57,technician,married,high.school,no,no,telephone,may,1,999,0,nonexistent,0.19274639783842523,no,Low
7113,51,self-employed,married,basic.9y,yes,no,telephone,may,2,999,0,nonexistent,0.1927331730265355,no,Low
7114,37,blue-collar,married,basic.9y,yes,no,telephone,may,1,999,0,nonexistent,0.1927193275482252,no,Low
7115,34,entrepreneur,married,basic.4y,no,no,telephone,may,1,999,0,nonexistent,0.192702113770845,no,Low
7116,27,services,single,professional.course,no,no,telephone,may,3,999,0,nonexistent,0.19265178906436023,no,Low
7117,25,self-employed,single,university.degree,no,no,telephone,may,3,999,0,nonexistent,0.19259126845122737,no,Low
7118,26,technician,married,professional.course,no,no,telephone,may,1,999,0,nonexistent,0.19253989845436473,no,Low
7119,33,blue-collar,married,basic.9y,no,no,telephone,may,1,999,0,nonexistent,0.19249441802877706,no,Low
7120,37,blue-collar,single,basic.9y,yes,no,telephone,may,2,999,0,nonexistent,0.19242810513714817,no,Low
7121,32,services,married,basic.9y,yes,no,telephone,may,2,999,0,nonexistent,0.19234472434372019,no,Low
7122,33,services,married,high.school,yes,no,cellular,nov,3,999,1,failure,0.19232249092923903,no,Low
7123,39,unemployed,married,university.degree,no,no,telephone,may,1,999,0,nonexistent,0.19231046448634048,no,Low
7124,36,blue-collar,married,basic.9y,no,no,telephone,may,2,999,0,nonexistent,0.1923015784189459,no,Low
7125,50,management,married,high.school,yes,no,telephone,jun,1,999,0,nonexistent,0.19218960661421383,no,Low
7126,27,unemployed,married,high.school,yes,no,telephone,jun,13,999,0,nonexistent,0.19214276581670023,no,Low
7127,42,admin.,single,university.degree,yes,no,telephone,may,5,999,0,nonexistent,0.1921340832015566,no,Low
7128,47,blue-collar,married,basic.6y,unknown,unknown,telephone,jun,8,999,0,nonexistent,0.19213400239419853,no,Low
7129,25,self-employed,single,university.degree,yes,no,telephone,may,2,999,0,nonexistent,0.19212024911565714,no,Low
7130,35,blue-collar,married,basic.9y,yes,no,cellular,jul,14,999,0,nonexistent,0.19208338006202447,no,Low
7131,46,retired,married,university.degree,no,no,telephone,may,2,999,0,nonexistent,0.1919449567453087,no,Low
7132,49,services,married,high.school,no,no,telephone,jun,1,999,0,nonexistent,0.19183195785862675,no,Low
7133,51,blue-collar,married,basic.9y,no,no,telephone,may,3,999,0,nonexistent,0.19174241514787338,no,Low
7134,52,blue-collar,married,professional.course,yes,no,cellular,nov,2,999,1,failure,0.1917225012095666,no,Low
7135,42,unemployed,single,basic.4y,yes,no,telephone,may,1,999,0,nonexistent,0.19171592739559665,no,Low
7136,35,technician,married,professional.course,yes,no,telephone,may,1,999,1,failure,0.19167849876082865,no,Low
7137,37,blue-collar,single,basic.9y,yes,no,telephone,may,2,999,0,nonexistent,0.19161458649586322,no,Low
7138,30,self-employed,single,university.degree,yes,no,telephone,may,2,999,0,nonexistent,0.19158015763761152,no,Low
7139,39,blue-collar,married,basic.6y,no,no,telephone,may,12,999,0,nonexistent,0.19157296634415757,no,Low
7140,60,blue-collar,married,unknown,yes,no,telephone,may,2,999,0,nonexistent,0.19137914284341023,no,Low
7141,38,entrepreneur,married,basic.9y,no,no,telephone,may,1,999,0,nonexistent,0.19134781800770023,no,Low
7142,56,management,married,basic.4y,yes,no,telephone,jun,5,999,0,nonexistent,0.19134210898351206,no,Low
7143,25,management,single,basic.4y,no,no,telephone,may,1,999,0,nonexistent,0.19125053418201296,no,Low
7144,42,retired,married,basic.9y,yes,no,telephone,may,1,999,0,nonexistent,0.19124378266516753,no,Low
7145,55,blue-collar,married,basic.9y,yes,no,telephone,may,4,999,0,nonexistent,0.19122266306965285,no,Low
7146,52,blue-collar,married,basic.9y,yes,no,telephone,may,1,999,0,nonexistent,0.191215950162153,no,Low
7147,32,blue-collar,divorced,basic.9y,no,no,telephone,may,3,999,0,nonexistent,0.19116823297994853,no,Low
7148,55,services,married,basic.9y,yes,no,telephone,jul,4,999,0,nonexistent,0.19113511284161885,no,Low
7149,42,management,married,university.degree,yes,no,telephone,may,1,999,0,nonexistent,0.19103794392864362,no,Low
7150,34,blue-collar,divorced,professional.course,no,no,telephone,jun,23,999,0,nonexistent,0.1910266342151448,no,Low
7151,38,technician,single,university.degree,yes,yes,telephone,jul,1,999,0,nonexistent,0.1909281873718019,no,Low
7152,52,technician,married,high.school,yes,no,telephone,may,2,999,0,nonexistent,0.19091378892019287,no,Low
7153,36,entrepreneur,married,university.degree,yes,no,telephone,may,4,999,0,nonexistent,0.19089189935185952,no,Low
7154,47,blue-collar,single,basic.4y,yes,no,telephone,may,1,999,0,nonexistent,0.1908743239101159,no,Low
7155,33,unemployed,married,professional.course,yes,no,telephone,may,2,999,0,nonexistent,0.19082446794744254,no,Low
7156,45,services,married,high.school,yes,no,telephone,may,2,999,0,nonexistent,0.19078829278605544,no,Low
7157,34,services,married,high.school,yes,no,telephone,jun,1,999,0,nonexistent,0.19071239570974322,no,Low
7158,42,admin.,single,university.degree,no,no,telephone,may,4,999,0,nonexistent,0.19068767708187817,no,Low
7159,26,services,divorced,basic.6y,yes,no,telephone,may,2,999,0,nonexistent,0.1906088414720842,no,Low
7160,51,technician,married,professional.course,yes,no,telephone,may,2,999,0,nonexistent,0.19050236170426454,no,Low
7161,29,technician,single,university.degree,yes,no,telephone,may,1,999,0,nonexistent,0.190469828828249,no,Low
7162,41,self-employed,married,university.degree,yes,yes,telephone,may,2,999,0,nonexistent,0.1903015580859782,no,Low
7163,35,technician,married,professional.course,yes,yes,telephone,may,2,999,0,nonexistent,0.19027385180728543,no,Low
7164,42,services,married,professional.course,yes,no,telephone,may,1,999,0,nonexistent,0.19027239336992502,no,Low
7165,29,admin.,single,university.degree,yes,no,telephone,jul,3,999,0,nonexistent,0.19020089375764182,no,Low
7166,49,admin.,divorced,high.school,yes,no,telephone,jun,20,999,0,nonexistent,0.1901915790325556,no,Low
7167,41,services,divorced,basic.9y,yes,no,telephone,jun,1,999,0,nonexistent,0.19018793901182587,no,Low
7168,57,housemaid,married,basic.6y,yes,no,telephone,may,2,999,0,nonexistent,0.19016493275693988,no,Low
7169,52,self-employed,single,university.degree,yes,no,telephone,may,1,999,0,nonexistent,0.1901262971442913,no,Low
7170,34,management,single,university.degree,no,no,telephone,may,1,999,0,nonexistent,0.19006095428678035,no,Low
7171,32,technician,single,university.degree,yes,no,telephone,may,2,999,0,nonexistent,0.19005159202847777,no,Low
7172,57,admin.,divorced,high.school,no,no,telephone,may,1,999,0,nonexistent,0.19005037037913836,no,Low
7173,29,management,single,university.degree,no,no,telephone,may,2,999,0,nonexistent,0.18999791921404266,no,Low
7174,44,blue-collar,married,basic.4y,no,yes,telephone,may,2,999,0,nonexistent,0.1899338824368358,no,Low
7175,32,admin.,married,university.degree,yes,no,telephone,jul,8,999,0,nonexistent,0.18982215023796423,no,Low
7176,42,services,married,professional.course,yes,no,telephone,may,1,999,0,nonexistent,0.18981319538863176,no,Low
7177,41,services,divorced,basic.9y,yes,no,telephone,may,3,999,0,nonexistent,0.18977846746321544,no,Low
7178,53,blue-collar,married,basic.4y,yes,no,telephone,jun,18,999,0,nonexistent,0.1897662554862966,no,Low
7179,58,management,married,unknown,yes,no,telephone,jun,1,999,0,nonexistent,0.1897303721120049,no,Low
7180,53,technician,married,professional.course,yes,no,telephone,jul,2,999,0,nonexistent,0.18972384313565482,no,Low
7181,31,technician,married,professional.course,no,no,telephone,may,2,999,0,nonexistent,0.18969229100646084,no,Low
7182,47,blue-collar,married,basic.4y,yes,no,telephone,may,2,999,0,nonexistent,0.18967006682378468,no,Low
7183,57,admin.,divorced,high.school,yes,no,telephone,jul,2,999,0,nonexistent,0.18965427470983515,no,Low
7184,39,management,married,basic.9y,yes,no,telephone,may,1,999,0,nonexistent,0.1896097802400697,no,Low
7185,41,blue-collar,married,basic.6y,yes,no,telephone,may,1,999,0,nonexistent,0.1895499580724116,no,Low
7186,28,admin.,single,unknown,no,no,telephone,may,2,999,0,nonexistent,0.1893990002390644,no,Low
7187,45,unemployed,married,high.school,yes,no,telephone,may,1,999,0,nonexistent,0.18922316342341827,no,Low
7188,53,management,divorced,university.degree,unknown,unknown,telephone,jun,12,999,0,nonexistent,0.18918037982432742,no,Low
7189,43,technician,single,professional.course,yes,no,telephone,may,3,999,0,nonexistent,0.18906267546398736,no,Low
7190,47,management,married,basic.4y,yes,no,telephone,jun,3,999,0,nonexistent,0.18903400025786576,no,Low
7191,53,admin.,married,basic.9y,yes,no,telephone,may,3,999,0,nonexistent,0.1889717627669065,no,Low
7192,24,blue-collar,married,basic.4y,yes,no,telephone,may,1,999,0,nonexistent,0.18889363628711045,no,Low
7193,47,technician,married,basic.9y,no,no,telephone,may,3,999,0,nonexistent,0.18888250008774746,no,Low
7195,32,technician,married,professional.course,no,no,telephone,may,2,999,0,nonexistent,0.1888359080494261,no,Low
7194,32,technician,married,professional.course,no,no,telephone,may,2,999,0,nonexistent,0.1888359080494261,no,Low
7196,40,blue-collar,married,basic.9y,no,no,telephone,may,2,999,0,nonexistent,0.18878153649256188,no,Low
7197,37,self-employed,married,basic.9y,yes,yes,telephone,may,1,999,0,nonexistent,0.18873515659635323,no,Low
7198,37,technician,married,basic.9y,no,no,telephone,may,3,999,0,nonexistent,0.18844422045718265,no,Low
7199,47,technician,married,professional.course,no,no,telephone,may,1,999,0,nonexistent,0.1884406908760004,no,Low
7200,37,blue-collar,single,unknown,no,no,telephone,may,3,999,0,nonexistent,0.18842442034807072,no,Low
7201,42,entrepreneur,married,unknown,yes,no,telephone,may,1,999,0,nonexistent,0.1881868208250023,no,Low
7202,45,services,married,basic.9y,yes,yes,telephone,may,1,999,0,nonexistent,0.1881690438126261,no,Low
7203,43,entrepreneur,married,university.degree,no,no,telephone,may,2,999,0,nonexistent,0.1881590814425441,no,Low
7204,36,blue-collar,married,basic.9y,no,no,telephone,may,3,999,0,nonexistent,0.18814186388409926,no,Low
7205,55,unemployed,married,basic.4y,yes,no,telephone,may,2,999,0,nonexistent,0.18807022686278876,no,Low
7206,31,services,married,basic.9y,yes,no,telephone,may,5,999,0,nonexistent,0.18804245839865644,no,Low
7207,41,blue-collar,married,basic.4y,no,no,cellular,nov,3,999,1,failure,0.18801490793999195,no,Low
7208,49,admin.,divorced,basic.9y,yes,no,telephone,may,3,999,0,nonexistent,0.18797884028254003,no,Low
7209,46,blue-collar,married,basic.9y,yes,no,telephone,may,1,999,0,nonexistent,0.18788685116493442,no,Low
7210,40,blue-collar,married,high.school,no,yes,telephone,may,1,999,0,nonexistent,0.18784200473768706,no,Low
7211,32,blue-collar,married,basic.4y,no,no,telephone,may,2,999,0,nonexistent,0.18782220748177564,no,Low
7212,31,admin.,married,high.school,yes,no,cellular,nov,2,999,1,failure,0.18766353567498104,no,Low
7213,44,services,married,high.school,no,no,telephone,may,2,999,0,nonexistent,0.18752207832466847,no,Low
7214,27,blue-collar,married,basic.4y,no,no,telephone,may,2,999,0,nonexistent,0.18746446617533097,no,Low
7215,33,admin.,married,university.degree,yes,no,telephone,jul,4,999,0,nonexistent,0.18746024811070752,no,Low
7216,47,technician,married,professional.course,no,no,telephone,jul,3,999,0,nonexistent,0.18745042902857334,no,Low
7217,51,services,married,high.school,yes,no,telephone,jun,1,999,0,nonexistent,0.18733785480311801,no,Low
7218,34,self-employed,single,university.degree,yes,no,telephone,may,2,999,0,nonexistent,0.1872861061916349,no,Low
7219,36,technician,single,high.school,yes,yes,telephone,may,5,999,0,nonexistent,0.1872694572569541,no,Low
7220,43,services,divorced,basic.9y,yes,no,telephone,may,4,999,0,nonexistent,0.18724122829817094,no,Low
7221,57,technician,divorced,basic.4y,yes,no,telephone,may,2,999,0,nonexistent,0.1871380086284425,no,Low
7222,38,admin.,divorced,high.school,yes,no,telephone,may,2,999,0,nonexistent,0.18712305814151903,no,Low
7223,40,admin.,married,high.school,yes,yes,telephone,may,2,999,0,nonexistent,0.1870606971386709,no,Low
7224,36,technician,married,professional.course,yes,no,telephone,may,2,999,0,nonexistent,0.1870361771693153,no,Low
7225,60,blue-collar,married,basic.9y,no,no,telephone,may,1,999,0,nonexistent,0.1869493098203895,no,Low
7226,36,services,married,basic.6y,no,no,telephone,may,1,999,0,nonexistent,0.18692462478110866,no,Low
7227,29,services,single,high.school,yes,no,telephone,jul,1,999,0,nonexistent,0.18689176202421087,no,Low
7228,37,services,married,basic.9y,yes,no,telephone,may,1,999,0,nonexistent,0.18685481592137246,no,Low
7229,40,housemaid,married,high.school,yes,no,telephone,jun,7,999,0,nonexistent,0.18683247187588836,no,Low
7230,39,admin.,married,high.school,yes,no,telephone,may,3,999,0,nonexistent,0.18676772849401949,no,Low
7231,49,blue-collar,married,basic.9y,no,no,telephone,jul,1,999,0,nonexistent,0.1867325292676493,no,Low
7232,47,admin.,married,high.school,no,no,telephone,may,1,999,0,nonexistent,0.18672570700299168,no,Low
7233,39,services,married,high.school,yes,yes,telephone,may,1,999,0,nonexistent,0.18670059254065868,no,Low
7234,27,admin.,single,high.school,no,no,cellular,jul,20,999,0,nonexistent,0.18666068694912105,no,Low
7235,42,services,married,high.school,no,no,telephone,jun,1,999,0,nonexistent,0.18664785131745507,no,Low
7236,54,services,single,high.school,no,no,telephone,may,1,999,0,nonexistent,0.18664634579204348,no,Low
7237,49,entrepreneur,married,high.school,no,no,telephone,may,1,999,0,nonexistent,0.18656714403790559,no,Low
7238,35,blue-collar,married,basic.9y,yes,no,telephone,may,1,999,0,nonexistent,0.1865444648302201,no,Low
7239,56,technician,married,university.degree,no,no,cellular,jul,19,999,0,nonexistent,0.1864512974479831,no,Low
7240,31,technician,divorced,professional.course,yes,yes,telephone,may,2,999,0,nonexistent,0.1864056520937887,no,Low
7241,25,student,single,high.school,yes,no,telephone,may,9,999,0,nonexistent,0.18626391516039972,no,Low
7242,46,blue-collar,married,basic.4y,yes,no,telephone,may,3,999,0,nonexistent,0.18619841726981412,no,Low
7243,32,services,married,high.school,yes,no,telephone,may,2,999,0,nonexistent,0.186158952587485,no,Low
7244,45,services,married,professional.course,yes,no,cellular,jul,23,999,0,nonexistent,0.18614405012753124,no,Low
7245,38,unemployed,single,high.school,yes,no,telephone,may,3,999,0,nonexistent,0.18597009385411498,no,Low
7246,27,unemployed,single,university.degree,no,no,telephone,jul,1,999,0,nonexistent,0.18581328483267598,no,Low
7247,30,admin.,single,high.school,yes,no,telephone,jul,1,999,0,nonexistent,0.18579550495662867,no,Low
7248,40,blue-collar,married,basic.4y,no,no,telephone,may,1,999,0,nonexistent,0.185663379704973,no,Low
7249,42,services,married,high.school,yes,no,telephone,may,2,999,0,nonexistent,0.18565677404343583,no,Low
7250,44,blue-collar,married,basic.4y,yes,no,telephone,jun,4,999,0,nonexistent,0.18557756149225335,no,Low
7251,42,unemployed,married,basic.4y,yes,no,telephone,may,6,999,0,nonexistent,0.18555876026295764,no,Low
7252,55,admin.,married,university.degree,yes,yes,telephone,may,2,999,0,nonexistent,0.18552551398759573,no,Low
7253,44,blue-collar,married,high.school,no,no,telephone,may,4,999,0,nonexistent,0.1854990087617774,no,Low
7254,52,self-employed,married,university.degree,no,no,telephone,may,3,999,0,nonexistent,0.1854937439482012,no,Low
7255,33,services,married,basic.9y,yes,no,telephone,may,2,999,0,nonexistent,0.18542452189861655,no,Low
7256,35,self-employed,married,university.degree,yes,yes,telephone,may,1,999,0,nonexistent,0.18539922636096598,no,Low
7257,36,technician,married,basic.9y,no,no,telephone,may,3,999,0,nonexistent,0.18533989298177678,no,Low
7258,59,blue-collar,divorced,basic.4y,no,no,telephone,may,2,999,0,nonexistent,0.18529673858687132,no,Low
7259,25,student,single,high.school,yes,no,telephone,may,7,999,0,nonexistent,0.1852335830537383,no,Low
7260,24,management,single,university.degree,yes,no,telephone,may,2,999,0,nonexistent,0.18520656844014852,no,Low
7261,31,entrepreneur,married,basic.6y,yes,no,telephone,may,5,999,0,nonexistent,0.18520407450611073,no,Low
7262,49,management,married,university.degree,yes,no,telephone,jul,12,999,0,nonexistent,0.18500415920462934,no,Low
7263,26,admin.,married,university.degree,no,no,telephone,may,4,999,0,nonexistent,0.18497529286412187,no,Low
7264,34,admin.,married,university.degree,yes,yes,telephone,may,6,999,0,nonexistent,0.18496647058227406,no,Low
7265,59,management,married,basic.4y,yes,no,telephone,may,5,999,0,nonexistent,0.18493015537322416,no,Low
7266,33,services,single,basic.6y,no,no,telephone,may,2,999,0,nonexistent,0.18488917078546546,no,Low
7267,54,admin.,married,university.degree,yes,no,telephone,may,1,999,0,nonexistent,0.18476780106680388,no,Low
7268,32,technician,married,professional.course,no,no,telephone,may,1,999,0,nonexistent,0.18474661288310165,no,Low
7269,44,blue-collar,married,professional.course,yes,no,telephone,may,3,999,0,nonexistent,0.18473332022956618,no,Low
7270,50,technician,married,high.school,yes,no,telephone,may,1,999,0,nonexistent,0.1846345413613415,no,Low
7271,44,admin.,married,high.school,yes,yes,telephone,may,1,999,0,nonexistent,0.18443242365292478,no,Low
7272,48,services,married,high.school,yes,no,telephone,may,1,999,0,nonexistent,0.18437475265082595,no,Low
7273,58,management,married,university.degree,no,yes,telephone,may,1,999,0,nonexistent,0.18429999637599767,no,Low
7274,34,blue-collar,single,basic.6y,yes,no,telephone,may,1,999,0,nonexistent,0.18414460296844232,no,Low
7275,53,retired,divorced,high.school,yes,no,telephone,may,3,999,0,nonexistent,0.18414270690431916,no,Low
7276,34,self-employed,divorced,university.degree,yes,no,telephone,jul,3,999,0,nonexistent,0.18413249003264062,no,Low
7277,45,admin.,married,high.school,no,yes,telephone,may,3,999,0,nonexistent,0.18404450563430677,no,Low
7278,55,retired,married,basic.9y,no,no,telephone,jul,3,999,0,nonexistent,0.18404189836568283,no,Low
7279,48,management,married,university.degree,yes,no,telephone,may,2,999,0,nonexistent,0.18395621968044057,no,Low
7280,50,services,married,high.school,yes,no,cellular,nov,1,999,1,failure,0.18395112307135036,no,Low
7281,51,services,married,high.school,no,no,telephone,may,1,999,0,nonexistent,0.18379581860575567,no,Low
7282,31,blue-collar,married,basic.9y,no,no,telephone,may,1,999,0,nonexistent,0.18376576910573492,no,Low
7283,49,technician,married,professional.course,yes,no,telephone,may,1,999,0,nonexistent,0.18369583027742767,no,Low
7284,37,admin.,divorced,basic.9y,yes,no,telephone,jun,2,999,0,nonexistent,0.18364900383228613,no,Low
7285,33,management,married,high.school,yes,no,telephone,may,1,999,0,nonexistent,0.1835964934016858,no,Low
7286,36,admin.,married,university.degree,no,yes,telephone,may,2,999,0,nonexistent,0.18345998502970354,no,Low
7287,44,management,married,university.degree,yes,no,telephone,may,1,999,0,nonexistent,0.1834278942359703,no,Low
7288,48,blue-collar,married,professional.course,no,no,telephone,may,2,999,0,nonexistent,0.18338285675703186,no,Low
7289,36,services,married,high.school,yes,no,telephone,may,1,999,0,nonexistent,0.18336650454183645,no,Low
7290,26,technician,single,professional.course,no,no,telephone,may,3,999,0,nonexistent,0.1833396284977958,no,Low
7291,53,blue-collar,divorced,basic.4y,yes,no,telephone,may,2,999,0,nonexistent,0.18333810884451587,no,Low
7292,33,admin.,married,basic.9y,no,no,telephone,may,1,999,0,nonexistent,0.18329804216646312,no,Low
7293,35,blue-collar,married,basic.9y,no,no,telephone,may,2,999,0,nonexistent,0.18325532545880166,no,Low
7294,41,self-employed,married,university.degree,yes,no,telephone,may,6,999,0,nonexistent,0.1832449580127692,no,Low
7295,30,technician,married,professional.course,no,yes,telephone,may,2,999,0,nonexistent,0.18321408309315304,no,Low
7296,37,blue-collar,married,basic.9y,no,yes,telephone,may,1,999,0,nonexistent,0.1831741248449547,no,Low
7297,59,management,married,university.degree,no,no,telephone,may,2,999,0,nonexistent,0.18317350672754543,no,Low
7298,44,blue-collar,divorced,basic.9y,no,no,telephone,may,1,999,0,nonexistent,0.18313007208407817,no,Low
7299,41,technician,married,high.school,yes,yes,telephone,may,2,999,0,nonexistent,0.1830819444567712,no,Low
7300,32,blue-collar,married,basic.9y,yes,no,telephone,may,1,999,0,nonexistent,0.18305812045687828,no,Low
7301,58,blue-collar,married,basic.4y,no,no,telephone,may,3,999,0,nonexistent,0.18302079781814123,no,Low
7302,38,unemployed,married,basic.4y,yes,no,telephone,jul,1,999,0,nonexistent,0.18298247317099123,no,Low
7303,40,technician,married,professional.course,no,no,telephone,may,12,999,0,nonexistent,0.1828971464056543,no,Low
7304,33,services,single,basic.9y,no,no,telephone,may,14,999,0,nonexistent,0.18288988268394335,no,Low
7305,37,services,married,high.school,yes,no,telephone,may,1,999,0,nonexistent,0.18286053480731293,no,Low
7306,29,technician,single,university.degree,no,no,telephone,may,2,999,0,nonexistent,0.1828251261862214,no,Low
7307,46,management,married,basic.9y,no,no,telephone,may,1,999,0,nonexistent,0.182823902736711,no,Low
7308,39,blue-collar,married,basic.4y,yes,no,telephone,may,3,999,0,nonexistent,0.18275936062393605,no,Low
7309,55,entrepreneur,divorced,professional.course,no,no,telephone,jul,4,999,0,nonexistent,0.1827219649513091,no,Low
7310,34,self-employed,single,professional.course,yes,no,telephone,may,7,999,1,failure,0.18269196135186758,no,Low
7311,40,blue-collar,married,basic.9y,yes,no,telephone,may,2,999,0,nonexistent,0.18266833300857474,no,Low
7312,57,blue-collar,married,basic.4y,yes,no,telephone,jun,5,999,0,nonexistent,0.18266175926993386,no,Low
7313,41,management,married,unknown,yes,no,telephone,may,1,999,0,nonexistent,0.1826437098897286,no,Low
7314,34,self-employed,married,university.degree,yes,yes,telephone,may,4,999,0,nonexistent,0.18262962958870468,no,Low
7315,34,blue-collar,married,basic.9y,no,no,telephone,jun,29,999,0,nonexistent,0.1825903411907192,no,Low
7316,47,services,divorced,high.school,yes,no,telephone,may,5,999,0,nonexistent,0.1825673884157138,no,Low
7317,53,entrepreneur,divorced,unknown,no,no,telephone,may,1,999,0,nonexistent,0.18254354284234972,no,Low
7318,24,services,single,high.school,no,no,telephone,may,2,999,0,nonexistent,0.1825365239914196,no,Low
7319,54,blue-collar,married,basic.6y,no,no,cellular,nov,5,999,1,failure,0.18249083934675578,no,Low
7320,48,blue-collar,married,high.school,no,no,telephone,may,4,999,0,nonexistent,0.18243655842803655,no,Low
7321,49,admin.,single,unknown,yes,no,telephone,may,2,999,0,nonexistent,0.18215774409199403,no,Low
7322,34,blue-collar,married,basic.9y,no,no,telephone,may,3,999,0,nonexistent,0.18214203527107897,no,Low
7323,48,admin.,married,unknown,no,no,cellular,nov,2,999,1,failure,0.1821345199491134,no,Low
7324,59,services,married,high.school,no,no,telephone,may,2,999,0,nonexistent,0.18198825652107653,no,Low
7325,59,entrepreneur,married,university.degree,yes,no,telephone,may,2,999,0,nonexistent,0.18194102099178713,no,Low
7326,27,housemaid,married,basic.9y,yes,no,telephone,may,1,999,0,nonexistent,0.1819055388125899,no,Low
7327,35,admin.,married,high.school,no,no,telephone,may,3,999,0,nonexistent,0.1818009523048906,no,Low
7328,37,technician,married,university.degree,no,no,telephone,may,2,999,0,nonexistent,0.18174360014186794,no,Low
7329,48,technician,married,professional.course,no,no,telephone,may,7,999,0,nonexistent,0.18170646881791438,no,Low
7330,46,management,married,basic.6y,no,no,telephone,may,2,999,0,nonexistent,0.18166121393161525,no,Low
7331,45,unemployed,married,high.school,no,no,telephone,may,2,999,0,nonexistent,0.1816392295107809,no,Low
7332,58,management,married,basic.6y,no,no,telephone,may,1,999,0,nonexistent,0.18158693088220718,no,Low
7333,46,blue-collar,married,basic.9y,no,no,telephone,may,3,999,0,nonexistent,0.1815763898542783,no,Low
7334,37,services,married,high.school,no,no,telephone,may,1,999,0,nonexistent,0.1815751906853615,no,Low
7335,34,blue-collar,married,basic.9y,no,no,telephone,may,3,999,0,nonexistent,0.18151112242803916,no,Low
7336,33,services,married,basic.4y,no,no,telephone,may,1,999,0,nonexistent,0.18139079611097317,no,Low
7337,32,blue-collar,married,high.school,yes,no,telephone,may,1,999,0,nonexistent,0.1812911898077097,no,Low
7338,28,admin.,married,university.degree,no,no,telephone,may,2,999,0,nonexistent,0.18116861527912895,no,Low
7339,30,services,married,high.school,yes,no,telephone,may,1,999,0,nonexistent,0.1811364565124916,no,Low
7340,44,blue-collar,married,high.school,yes,no,telephone,may,4,999,0,nonexistent,0.18112037675050063,no,Low
7341,29,services,divorced,high.school,no,no,telephone,may,3,999,0,nonexistent,0.18111366237626728,no,Low
7342,53,admin.,married,university.degree,no,no,telephone,may,7,999,0,nonexistent,0.18107543794687533,no,Low
7343,48,blue-collar,divorced,professional.course,yes,no,cellular,nov,1,999,1,failure,0.18105222484987363,no,Low
7344,36,services,married,high.school,yes,no,telephone,may,1,999,0,nonexistent,0.18101552783814756,no,Low
7345,45,admin.,married,university.degree,no,no,telephone,may,1,999,0,nonexistent,0.18098296401004932,no,Low
7346,31,admin.,married,high.school,yes,no,telephone,may,1,999,0,nonexistent,0.18096330349013465,no,Low
7347,28,technician,single,professional.course,yes,no,telephone,may,13,999,0,nonexistent,0.1809401899014301,no,Low
7348,32,services,married,high.school,yes,no,telephone,may,3,999,1,failure,0.1808428657172647,no,Low
7349,53,blue-collar,married,professional.course,yes,yes,telephone,may,1,999,0,nonexistent,0.18082548894784098,no,Low
7350,40,blue-collar,married,high.school,yes,no,telephone,may,1,999,0,nonexistent,0.18079800054819478,no,Low
7351,43,admin.,married,university.degree,yes,no,telephone,may,1,999,0,nonexistent,0.18076048792577126,no,Low
7352,35,admin.,married,high.school,no,no,telephone,jun,21,999,0,nonexistent,0.18075149185387113,no,Low
7353,51,unemployed,married,professional.course,no,no,telephone,may,2,999,0,nonexistent,0.18072095549767206,no,Low
7354,41,blue-collar,married,basic.4y,no,no,telephone,may,1,999,0,nonexistent,0.18070695705569015,no,Low
7355,31,blue-collar,married,basic.9y,yes,no,telephone,may,4,999,0,nonexistent,0.18058257597625166,no,Low
7356,33,blue-collar,married,basic.6y,unknown,unknown,telephone,jun,1,999,0,nonexistent,0.18054028744961306,no,Low
7357,46,housemaid,married,basic.9y,no,no,telephone,may,5,999,0,nonexistent,0.18046496325403716,no,Low
7358,45,services,divorced,high.school,no,no,telephone,may,5,999,0,nonexistent,0.18044016521173614,no,Low
7359,34,entrepreneur,married,high.school,no,no,telephone,may,1,999,0,nonexistent,0.1803572528124679,no,Low
7360,29,admin.,single,high.school,no,no,telephone,may,1,999,0,nonexistent,0.18020849269583086,no,Low
7361,56,services,married,basic.9y,no,no,telephone,may,3,999,0,nonexistent,0.18020349712013758,no,Low
7362,54,entrepreneur,married,basic.4y,yes,no,cellular,nov,2,999,1,failure,0.18018701288983172,no,Low
7363,55,retired,married,high.school,yes,no,telephone,may,5,999,0,nonexistent,0.18018301986508092,no,Low
7364,41,blue-collar,married,basic.9y,no,no,telephone,jun,22,999,0,nonexistent,0.18017890199751718,no,Low
7365,36,technician,married,basic.9y,no,no,telephone,may,2,999,0,nonexistent,0.180148434575936,no,Low
7366,55,admin.,divorced,university.degree,yes,no,telephone,may,4,999,0,nonexistent,0.18009623135471803,no,Low
7367,37,admin.,married,high.school,yes,yes,telephone,may,2,999,0,nonexistent,0.18004577030318691,no,Low
7368,30,admin.,married,university.degree,yes,no,cellular,aug,23,999,0,nonexistent,0.17998518459203358,no,Low
7369,42,blue-collar,divorced,basic.6y,no,no,telephone,may,1,999,0,nonexistent,0.17993892688734592,no,Low
7370,28,blue-collar,married,basic.9y,unknown,unknown,telephone,may,1,999,1,failure,0.17993073876520468,no,Low
7371,41,blue-collar,married,basic.9y,no,no,telephone,may,2,999,0,nonexistent,0.17989559119918297,no,Low
7372,45,services,married,high.school,no,no,telephone,may,1,999,0,nonexistent,0.17989091326633946,no,Low
7373,50,admin.,married,high.school,yes,yes,telephone,may,1,999,0,nonexistent,0.17985175992181335,no,Low
7374,33,blue-collar,single,basic.4y,no,no,telephone,may,1,999,0,nonexistent,0.17975549929835252,no,Low
7375,48,entrepreneur,married,high.school,yes,no,telephone,may,3,999,0,nonexistent,0.1797440336730804,no,Low
7376,34,blue-collar,married,basic.4y,no,no,telephone,may,1,999,0,nonexistent,0.17967633544757458,no,Low
7377,33,admin.,divorced,university.degree,no,no,telephone,may,4,999,0,nonexistent,0.17966672422214058,no,Low
7378,39,admin.,married,professional.course,yes,yes,telephone,may,1,999,0,nonexistent,0.1795754635244948,no,Low
7379,39,unemployed,married,university.degree,yes,no,telephone,may,2,999,0,nonexistent,0.1795381352943753,no,Low
7380,39,admin.,married,high.school,yes,no,telephone,jun,5,999,0,nonexistent,0.17951250070948302,no,Low
7381,43,services,married,basic.9y,no,no,telephone,jun,17,999,0,nonexistent,0.17950511509808043,no,Low
7382,26,blue-collar,married,basic.4y,yes,no,telephone,may,2,999,0,nonexistent,0.17949623820698815,no,Low
7383,53,unknown,married,high.school,yes,no,telephone,may,1,999,0,nonexistent,0.17948680563947209,no,Low
7384,53,management,married,university.degree,unknown,unknown,telephone,may,2,999,0,nonexistent,0.17948145060264417,no,Low
7385,47,technician,single,basic.9y,no,no,telephone,may,4,999,0,nonexistent,0.1794226872689917,no,Low
7386,35,blue-collar,divorced,basic.4y,yes,yes,telephone,may,3,999,0,nonexistent,0.17940664692455055,no,Low
7387,54,services,married,basic.4y,yes,no,telephone,may,7,999,0,nonexistent,0.1793646401358488,no,Low
7388,39,housemaid,married,basic.4y,yes,no,telephone,may,3,999,0,nonexistent,0.17932809034428188,no,Low
7389,28,services,single,high.school,no,no,telephone,may,2,999,0,nonexistent,0.1792585994362213,no,Low
7390,36,technician,married,professional.course,no,no,telephone,may,1,999,0,nonexistent,0.1792337996284327,no,Low
7391,56,retired,married,high.school,yes,yes,telephone,may,1,999,0,nonexistent,0.17921451579170877,no,Low
7392,40,blue-collar,married,basic.6y,no,yes,telephone,may,2,999,0,nonexistent,0.1791183661082412,no,Low
7393,45,blue-collar,married,basic.9y,yes,no,telephone,may,2,999,0,nonexistent,0.17911627604604108,no,Low
7394,57,blue-collar,married,basic.4y,yes,no,telephone,may,3,999,0,nonexistent,0.17903119087342562,no,Low
7395,42,housemaid,single,basic.4y,yes,no,telephone,may,1,999,0,nonexistent,0.17888519630937794,no,Low
7396,47,blue-collar,married,basic.6y,yes,yes,telephone,may,1,999,0,nonexistent,0.17876483986250308,no,Low
7397,35,management,married,university.degree,no,yes,telephone,may,3,999,0,nonexistent,0.17866576876031973,no,Low
7398,50,housemaid,divorced,high.school,no,no,telephone,may,2,999,0,nonexistent,0.17860684916311934,no,Low
7399,35,technician,single,professional.course,yes,no,telephone,may,2,999,0,nonexistent,0.17858659976774172,no,Low
7400,49,blue-collar,married,unknown,no,no,telephone,may,3,999,0,nonexistent,0.17858157395854787,no,Low
7401,37,management,unknown,high.school,no,no,telephone,may,6,999,0,nonexistent,0.17857977720175075,no,Low
7402,54,technician,married,professional.course,no,no,telephone,may,1,999,0,nonexistent,0.1785229494645804,no,Low
7403,30,technician,married,high.school,yes,no,telephone,may,6,999,0,nonexistent,0.1785053666645365,no,Low
7404,39,admin.,married,high.school,yes,yes,telephone,jun,19,999,0,nonexistent,0.17846705459778964,no,Low
7405,34,technician,married,basic.9y,no,no,telephone,may,2,999,0,nonexistent,0.1784669205369985,no,Low
7406,48,admin.,single,university.degree,yes,yes,telephone,jul,6,999,0,nonexistent,0.17834750688864082,no,Low
7407,53,services,divorced,basic.4y,no,no,telephone,jun,1,999,0,nonexistent,0.17830349848877514,no,Low
7408,42,admin.,single,unknown,no,no,telephone,may,6,999,0,nonexistent,0.17802804377038747,no,Low
7409,32,services,married,high.school,no,no,telephone,may,1,999,0,nonexistent,0.17798555252524953,no,Low
7410,21,technician,single,professional.course,no,yes,telephone,may,2,999,0,nonexistent,0.17791553104161836,no,Low
7411,48,services,married,high.school,yes,no,telephone,jun,9,999,0,nonexistent,0.17784194008770382,no,Low
7412,33,admin.,married,university.degree,no,no,telephone,may,2,999,0,nonexistent,0.17783657326592067,no,Low
7413,32,technician,single,professional.course,no,yes,telephone,jul,1,999,0,nonexistent,0.17781916517997376,no,Low
7414,30,self-employed,single,university.degree,no,no,telephone,may,5,999,0,nonexistent,0.177700023759219,no,Low
7415,35,technician,single,professional.course,no,no,telephone,may,2,999,0,nonexistent,0.17760670537901302,no,Low
7416,43,blue-collar,married,basic.6y,yes,no,telephone,may,1,999,0,nonexistent,0.177475821374362,no,Low
7417,56,self-employed,married,basic.4y,no,no,telephone,may,1,999,0,nonexistent,0.17743646311900257,no,Low
7418,31,blue-collar,married,basic.6y,no,no,telephone,may,2,999,0,nonexistent,0.1773651711347205,no,Low
7419,46,blue-collar,divorced,basic.9y,yes,no,telephone,may,1,999,0,nonexistent,0.1773164483177,no,Low
7420,39,technician,married,university.degree,yes,no,telephone,may,3,999,0,nonexistent,0.17730429736786013,no,Low
7421,25,services,single,high.school,yes,no,telephone,may,1,999,0,nonexistent,0.17719263167685778,no,Low
7422,27,technician,married,professional.course,yes,no,telephone,jul,1,999,0,nonexistent,0.17718280328917607,no,Low
7423,51,blue-collar,divorced,basic.4y,yes,no,telephone,may,2,999,0,nonexistent,0.17708480579138255,no,Low
7424,49,services,married,high.school,no,no,cellular,nov,1,999,1,failure,0.1770834770151821,no,Low
7425,42,unemployed,married,basic.9y,yes,no,telephone,jul,1,999,0,nonexistent,0.17704601071946216,no,Low
7426,52,technician,married,high.school,yes,no,telephone,may,2,999,0,nonexistent,0.17703845484751932,no,Low
7427,29,services,married,high.school,yes,no,telephone,may,1,999,0,nonexistent,0.17699609895183463,no,Low
7428,56,services,married,basic.4y,yes,no,telephone,jun,1,999,0,nonexistent,0.1769221668331287,no,Low
7429,35,technician,married,unknown,no,no,telephone,may,2,999,0,nonexistent,0.17685779370145058,no,Low
7430,39,admin.,married,university.degree,yes,no,telephone,may,32,999,0,nonexistent,0.17684553020293278,no,Low
7431,49,entrepreneur,married,university.degree,yes,no,telephone,may,1,999,0,nonexistent,0.1768207495728908,no,Low
7432,36,services,married,high.school,yes,no,telephone,may,2,999,0,nonexistent,0.1767879973321004,no,Low
7433,56,entrepreneur,married,university.degree,no,no,telephone,may,1,999,0,nonexistent,0.1767390218858427,no,Low
7434,36,management,single,university.degree,yes,no,telephone,may,3,999,0,nonexistent,0.1766612738751709,no,Low
7435,41,technician,married,professional.course,no,no,telephone,may,2,999,0,nonexistent,0.17654546045603586,no,Low
7436,39,admin.,married,university.degree,yes,yes,telephone,may,1,999,0,nonexistent,0.1764830534535237,no,Low
7437,33,blue-collar,married,basic.9y,yes,no,telephone,may,2,999,0,nonexistent,0.17648023921444525,no,Low
7438,48,technician,married,professional.course,yes,no,telephone,may,2,999,0,nonexistent,0.1764551521562784,no,Low
7439,33,self-employed,married,university.degree,yes,yes,telephone,may,1,999,0,nonexistent,0.17640979591792894,no,Low
7440,37,self-employed,married,basic.9y,no,no,telephone,may,1,999,0,nonexistent,0.1763554837714152,no,Low
7441,44,services,divorced,basic.9y,yes,no,telephone,jul,5,999,0,nonexistent,0.1763433505466636,no,Low
7442,52,blue-collar,married,basic.4y,yes,no,telephone,may,1,999,0,nonexistent,0.17626845160135296,no,Low
7443,43,unemployed,married,high.school,yes,no,telephone,may,3,999,0,nonexistent,0.17623039856172482,no,Low
7444,43,blue-collar,single,basic.4y,yes,no,telephone,may,2,999,0,nonexistent,0.17616126411053867,no,Low
7445,37,blue-collar,married,professional.course,yes,no,telephone,may,1,999,0,nonexistent,0.1760549551759629,no,Low
7446,25,management,single,university.degree,yes,no,telephone,may,4,999,0,nonexistent,0.17602090054846478,no,Low
7447,33,management,single,university.degree,yes,no,telephone,may,2,999,1,failure,0.1760130486553791,no,Low
7448,36,blue-collar,married,basic.9y,yes,no,telephone,may,2,999,0,nonexistent,0.17599837107766514,no,Low
7449,52,blue-collar,married,basic.4y,yes,no,telephone,may,2,999,0,nonexistent,0.17583489705484576,no,Low
7450,28,blue-collar,married,basic.6y,yes,no,telephone,may,2,999,0,nonexistent,0.1757781009947364,no,Low
7451,29,admin.,married,basic.6y,no,yes,telephone,may,3,999,0,nonexistent,0.17577749069773643,no,Low
7452,37,admin.,married,high.school,no,yes,telephone,may,3,999,0,nonexistent,0.17576221326520827,no,Low
7453,40,blue-collar,married,unknown,no,no,telephone,may,1,999,0,nonexistent,0.17565484307839405,no,Low
7454,42,blue-collar,married,professional.course,yes,no,telephone,may,1,999,0,nonexistent,0.17563458297225498,no,Low
7455,37,self-employed,married,professional.course,yes,yes,telephone,may,1,999,0,nonexistent,0.17550133191685885,no,Low
7456,33,technician,married,basic.9y,yes,no,telephone,may,1,999,0,nonexistent,0.17545560491401624,no,Low
7457,53,admin.,married,basic.9y,no,no,telephone,may,3,999,0,nonexistent,0.17539657353870688,no,Low
7458,44,blue-collar,single,basic.9y,no,no,telephone,may,1,999,0,nonexistent,0.17538819085036023,no,Low
7459,30,services,married,high.school,yes,no,telephone,may,1,999,0,nonexistent,0.1753767898116044,no,Low
7460,56,admin.,married,high.school,no,no,telephone,may,2,999,0,nonexistent,0.17532714754795098,no,Low
7461,45,admin.,married,high.school,no,yes,telephone,may,1,999,0,nonexistent,0.17531844498904056,no,Low
7462,39,services,single,high.school,no,no,telephone,may,2,999,0,nonexistent,0.1752978826592847,no,Low
7463,38,technician,married,professional.course,no,no,telephone,may,2,999,0,nonexistent,0.1752752273831296,no,Low
7464,34,blue-collar,married,professional.course,yes,no,telephone,may,2,999,0,nonexistent,0.1751984565529694,no,Low
7465,39,technician,divorced,professional.course,yes,no,telephone,may,2,999,0,nonexistent,0.17512524434053123,no,Low
7466,47,blue-collar,married,basic.9y,no,no,telephone,may,1,999,0,nonexistent,0.17511437539908556,no,Low
7467,44,admin.,married,university.degree,no,no,telephone,may,6,999,0,nonexistent,0.17511039538335194,no,Low
7468,34,admin.,single,high.school,no,no,telephone,may,3,999,0,nonexistent,0.17510198950631742,no,Low
7469,35,admin.,single,basic.4y,no,no,telephone,may,1,999,0,nonexistent,0.17509234593861173,no,Low
7470,35,admin.,single,basic.4y,no,no,telephone,may,1,999,0,nonexistent,0.17509234593861173,no,Low
7471,33,admin.,married,university.degree,no,no,telephone,may,4,999,0,nonexistent,0.1750848870727614,no,Low
7472,38,blue-collar,married,basic.9y,yes,no,telephone,may,2,999,0,nonexistent,0.17508226799284857,no,Low
7473,39,technician,married,basic.6y,yes,no,telephone,may,3,999,0,nonexistent,0.1750382780996903,no,Low
7474,51,admin.,divorced,university.degree,no,no,telephone,may,5,999,0,nonexistent,0.17501976751537215,no,Low
7475,57,blue-collar,married,basic.4y,yes,yes,telephone,jul,19,999,0,nonexistent,0.1750171147797636,no,Low
7476,27,technician,married,university.degree,no,yes,telephone,may,4,999,0,nonexistent,0.17493322602838368,no,Low
7477,33,blue-collar,married,basic.9y,yes,no,telephone,may,1,999,0,nonexistent,0.17492986230458055,no,Low
7478,45,services,divorced,high.school,yes,no,telephone,may,1,999,0,nonexistent,0.1749233540148978,no,Low
7479,32,admin.,married,high.school,yes,yes,cellular,jul,22,999,0,nonexistent,0.1749166067130601,no,Low
7480,37,blue-collar,single,professional.course,no,no,telephone,may,1,999,0,nonexistent,0.17490896703309902,no,Low
7481,49,blue-collar,divorced,basic.4y,yes,no,telephone,may,4,999,0,nonexistent,0.17486781758528028,no,Low
7482,47,services,divorced,high.school,no,no,telephone,may,2,999,0,nonexistent,0.1748562350488858,no,Low
7483,56,unemployed,divorced,university.degree,yes,no,telephone,may,1,999,0,nonexistent,0.1748367846851636,no,Low
7484,34,admin.,divorced,university.degree,no,no,telephone,may,2,999,0,nonexistent,0.17483259951499688,no,Low
7485,40,blue-collar,married,basic.6y,no,no,telephone,may,5,999,0,nonexistent,0.17480357776460206,no,Low
7486,45,blue-collar,married,basic.9y,no,no,telephone,may,4,999,0,nonexistent,0.17476128083839818,no,Low
7487,40,self-employed,married,high.school,yes,no,telephone,may,1,999,0,nonexistent,0.17475292331387335,no,Low
7488,28,admin.,single,high.school,no,no,telephone,jul,2,999,0,nonexistent,0.17469732397216436,no,Low
7489,52,technician,married,basic.4y,no,no,telephone,may,1,999,0,nonexistent,0.17469209384917608,no,Low
7490,51,technician,married,professional.course,yes,yes,telephone,may,1,999,0,nonexistent,0.17463999007344738,no,Low
7491,42,admin.,married,basic.4y,no,no,telephone,may,1,999,0,nonexistent,0.174634828497847,no,Low
7492,43,blue-collar,married,high.school,yes,no,telephone,may,1,999,0,nonexistent,0.174617308683147,no,Low
7493,34,services,married,high.school,yes,no,telephone,may,1,999,0,nonexistent,0.174576608319068,no,Low
7494,53,blue-collar,married,basic.4y,no,yes,telephone,jun,22,999,0,nonexistent,0.17457357642252427,no,Low
7495,27,technician,single,professional.course,yes,no,telephone,may,1,999,0,nonexistent,0.1745283434586986,no,Low
7496,58,management,married,basic.9y,no,no,telephone,may,1,999,0,nonexistent,0.17448007382832292,no,Low
7497,43,technician,single,professional.course,yes,no,telephone,may,2,999,0,nonexistent,0.1744512837439958,no,Low
7498,33,blue-collar,married,basic.9y,yes,no,cellular,jul,14,999,0,nonexistent,0.17443676591704055,no,Low
7499,53,blue-collar,married,basic.6y,yes,no,cellular,jul,19,999,0,nonexistent,0.17440357196285147,no,Low
7500,42,entrepreneur,married,basic.6y,no,no,telephone,may,1,999,0,nonexistent,0.1743984296217926,no,Low
7501,31,blue-collar,married,basic.9y,yes,no,telephone,may,2,999,0,nonexistent,0.17436458652500297,no,Low
7502,36,services,married,basic.6y,yes,no,telephone,may,1,999,0,nonexistent,0.1743414271411003,no,Low
7503,40,blue-collar,married,high.school,yes,no,telephone,may,1,999,0,nonexistent,0.17431270531121693,no,Low
7504,38,technician,married,professional.course,yes,no,cellular,nov,1,999,1,failure,0.17429934117717624,no,Low
7505,33,blue-collar,married,basic.9y,yes,no,telephone,may,1,999,0,nonexistent,0.1742783559402964,no,Low
7506,31,admin.,unknown,high.school,no,no,telephone,may,8,999,0,nonexistent,0.17426955645300524,no,Low
7507,42,admin.,married,university.degree,yes,no,telephone,may,3,999,0,nonexistent,0.17413613413327783,no,Low
7508,30,technician,single,university.degree,no,no,telephone,may,4,999,0,nonexistent,0.17411732066034832,no,Low
7509,56,retired,divorced,basic.4y,yes,no,telephone,may,1,999,0,nonexistent,0.17406631767604852,no,Low
7510,45,management,married,university.degree,yes,yes,telephone,may,2,999,0,nonexistent,0.1740398240352432,no,Low
7511,44,technician,married,high.school,yes,no,telephone,jul,1,999,0,nonexistent,0.17387663133085843,no,Low
7512,51,services,married,high.school,yes,no,telephone,jul,3,999,0,nonexistent,0.17386801086075887,no,Low
7513,36,admin.,married,university.degree,yes,no,telephone,may,2,999,0,nonexistent,0.17384040100191026,no,Low
7514,42,blue-collar,married,unknown,yes,no,telephone,may,1,999,0,nonexistent,0.1738241658549385,no,Low
7515,41,services,married,basic.9y,no,no,telephone,may,2,999,0,nonexistent,0.17381763314207993,no,Low
7516,60,technician,divorced,professional.course,no,no,telephone,may,1,999,0,nonexistent,0.17381683108019652,no,Low
7517,41,technician,married,basic.9y,yes,no,telephone,may,1,999,0,nonexistent,0.17377811105098404,no,Low
7518,32,self-employed,divorced,professional.course,no,no,telephone,may,1,999,0,nonexistent,0.1737251110621279,no,Low
7519,40,admin.,married,basic.9y,yes,no,telephone,may,2,999,0,nonexistent,0.1737189627548325,no,Low
7520,40,retired,married,professional.course,no,no,telephone,may,1,999,0,nonexistent,0.17366932612995506,no,Low
7521,55,housemaid,married,basic.4y,no,no,telephone,may,1,999,0,nonexistent,0.17364872938024523,no,Low
7522,42,admin.,married,university.degree,yes,no,telephone,may,2,999,0,nonexistent,0.17360905915711944,no,Low
7523,43,admin.,divorced,high.school,no,no,telephone,may,2,999,0,nonexistent,0.17360889990270523,no,Low
7524,48,services,married,high.school,yes,no,telephone,may,1,999,0,nonexistent,0.17359794720591584,no,Low
7525,52,blue-collar,married,basic.9y,yes,no,telephone,may,1,999,0,nonexistent,0.17355689807356586,no,Low
7526,34,blue-collar,divorced,basic.9y,yes,no,telephone,may,8,999,1,failure,0.17355625563017607,no,Low
7527,45,blue-collar,married,basic.6y,no,no,telephone,may,1,999,0,nonexistent,0.173468009859764,no,Low
7528,51,services,married,unknown,yes,no,telephone,may,1,999,0,nonexistent,0.17340254588304688,no,Low
7529,29,admin.,single,basic.9y,no,no,telephone,may,2,999,0,nonexistent,0.17334661329043435,no,Low
7530,41,entrepreneur,single,high.school,yes,yes,cellular,jul,20,999,0,nonexistent,0.1733370954304087,no,Low
7531,41,services,married,basic.9y,no,no,telephone,may,1,999,0,nonexistent,0.17326831119926397,no,Low
7532,42,housemaid,married,basic.4y,yes,no,telephone,may,1,999,0,nonexistent,0.17315453148851623,no,Low
7533,45,admin.,married,basic.9y,no,no,telephone,may,2,999,0,nonexistent,0.17307813824243856,no,Low
7534,42,technician,single,unknown,no,no,telephone,may,4,999,0,nonexistent,0.17305217287720123,no,Low
7535,54,services,married,high.school,yes,no,cellular,jul,33,999,0,nonexistent,0.17305100958225786,no,Low
7536,43,blue-collar,single,basic.4y,no,no,telephone,may,1,999,0,nonexistent,0.1730281315804746,no,Low
7537,45,self-employed,single,professional.course,yes,no,telephone,may,4,999,0,nonexistent,0.17302712417497704,no,Low
7538,56,retired,married,basic.6y,no,no,telephone,may,2,999,0,nonexistent,0.17300842064431274,no,Low
7539,30,technician,single,professional.course,no,no,telephone,may,1,999,0,nonexistent,0.17300072818526563,no,Low
7540,39,blue-collar,divorced,basic.6y,yes,yes,telephone,may,1,999,0,nonexistent,0.17298271067026919,no,Low
7541,46,self-employed,married,basic.9y,no,no,cellular,nov,1,999,1,failure,0.17285954847782864,no,Low
7542,33,admin.,married,university.degree,no,no,telephone,may,1,999,0,nonexistent,0.17285644591193947,no,Low
7543,36,technician,married,university.degree,yes,yes,telephone,may,1,999,0,nonexistent,0.17285528149341448,no,Low
7544,46,management,married,university.degree,no,yes,telephone,may,6,999,0,nonexistent,0.17282049058862697,no,Low
7545,56,admin.,married,basic.9y,no,no,telephone,may,6,999,0,nonexistent,0.17277046199504906,no,Low
7546,27,services,single,high.school,yes,no,telephone,jul,1,999,0,nonexistent,0.17275673911635434,no,Low
7547,46,blue-collar,married,basic.4y,no,no,telephone,may,3,999,0,nonexistent,0.17260837444679838,no,Low
7548,32,technician,single,professional.course,no,no,telephone,may,1,999,0,nonexistent,0.1725596849034734,no,Low
7549,54,management,married,basic.9y,yes,no,telephone,may,5,999,0,nonexistent,0.17253153204324323,no,Low
7550,34,blue-collar,married,basic.9y,yes,no,telephone,may,1,999,0,nonexistent,0.17248781887077733,no,Low
7551,47,housemaid,married,university.degree,no,no,telephone,may,6,999,0,nonexistent,0.17247723734527495,no,Low
7552,46,blue-collar,married,basic.9y,no,no,telephone,may,1,999,0,nonexistent,0.1724616752597561,no,Low
7553,28,self-employed,married,professional.course,no,no,telephone,may,5,999,0,nonexistent,0.1723873664979712,no,Low
7554,32,technician,single,professional.course,no,no,telephone,may,3,999,0,nonexistent,0.17230664370152404,no,Low
7555,34,blue-collar,married,basic.9y,yes,no,telephone,may,2,999,0,nonexistent,0.1721987873069672,no,Low
7556,52,blue-collar,married,basic.9y,yes,no,telephone,jul,1,999,0,nonexistent,0.1721766562134362,no,Low
7557,29,services,married,high.school,yes,no,telephone,may,4,999,0,nonexistent,0.17216007946382222,no,Low
7558,49,entrepreneur,married,basic.4y,yes,yes,telephone,may,2,999,0,nonexistent,0.17214252339562824,no,Low
7559,45,housemaid,married,professional.course,no,no,telephone,may,2,999,0,nonexistent,0.1720838858362979,no,Low
7560,27,blue-collar,married,basic.9y,yes,no,telephone,may,2,999,0,nonexistent,0.17205201410395876,no,Low
7561,45,blue-collar,married,basic.4y,yes,no,telephone,may,11,999,0,nonexistent,0.17190087880099386,no,Low
7562,41,services,married,high.school,no,yes,telephone,may,4,999,0,nonexistent,0.17189473973190322,no,Low
7563,40,housemaid,divorced,basic.6y,yes,no,telephone,may,5,999,0,nonexistent,0.1718678687794446,no,Low
7564,41,management,married,basic.6y,yes,no,telephone,may,1,999,0,nonexistent,0.17184510955214496,no,Low
7565,51,blue-collar,married,unknown,no,yes,telephone,may,3,999,0,nonexistent,0.17175211452732211,no,Low
7566,36,admin.,married,high.school,no,no,telephone,may,2,999,0,nonexistent,0.17165994010424637,no,Low
7567,54,services,married,unknown,yes,no,telephone,may,1,999,0,nonexistent,0.17165309937052609,no,Low
7568,42,admin.,single,high.school,no,no,telephone,jul,4,999,0,nonexistent,0.17162310270688588,no,Low
7569,54,unemployed,married,high.school,no,no,telephone,jun,16,999,0,nonexistent,0.17157134051267894,no,Low
7570,37,admin.,divorced,university.degree,no,no,telephone,may,1,999,0,nonexistent,0.17152439554152496,no,Low
7571,41,admin.,married,university.degree,yes,no,telephone,may,3,999,2,failure,0.17147907114574162,no,Low
7572,35,housemaid,single,basic.4y,unknown,unknown,cellular,nov,1,999,1,failure,0.17145331499042224,no,Low
7573,54,housemaid,divorced,basic.4y,no,no,telephone,may,2,999,0,nonexistent,0.17142174845308453,no,Low
7574,36,management,married,basic.9y,yes,no,telephone,may,6,999,0,nonexistent,0.17140372930282952,no,Low
7575,44,blue-collar,married,basic.6y,yes,no,telephone,may,5,999,0,nonexistent,0.17132002350320344,no,Low
7576,54,retired,divorced,professional.course,yes,no,telephone,may,6,999,0,nonexistent,0.17121294929652364,no,Low
7577,30,blue-collar,single,basic.4y,no,no,telephone,jun,22,999,0,nonexistent,0.17117471587209313,no,Low
7578,44,blue-collar,married,basic.4y,no,no,telephone,may,2,999,0,nonexistent,0.17103978729071545,no,Low
7579,25,student,single,high.school,unknown,unknown,telephone,may,5,999,0,nonexistent,0.1710043204114241,no,Low
7580,40,technician,married,basic.9y,yes,no,telephone,may,3,999,0,nonexistent,0.1709583914847691,no,Low
7581,46,self-employed,married,basic.4y,no,no,cellular,nov,2,999,1,failure,0.17076472493962014,no,Low
7582,45,unknown,married,unknown,no,no,telephone,may,1,999,0,nonexistent,0.17075402075947585,no,Low
7583,38,blue-collar,married,basic.9y,no,no,telephone,may,1,999,0,nonexistent,0.17074217922796184,no,Low
7584,40,blue-collar,married,basic.6y,yes,no,telephone,may,3,999,0,nonexistent,0.17063035381009364,no,Low
7585,51,blue-collar,married,unknown,yes,no,telephone,may,1,999,0,nonexistent,0.17057613904845398,no,Low
7586,45,blue-collar,married,basic.4y,no,no,telephone,may,1,999,0,nonexistent,0.17039733657828093,no,Low
7587,34,technician,single,professional.course,no,no,telephone,may,4,999,0,nonexistent,0.1703274102273787,no,Low
7588,38,admin.,married,university.degree,no,no,telephone,may,4,999,0,nonexistent,0.17017967465373346,no,Low
7589,42,self-employed,married,university.degree,yes,no,telephone,may,5,999,0,nonexistent,0.1701564352899951,no,Low
7590,56,blue-collar,married,professional.course,yes,no,telephone,may,4,999,0,nonexistent,0.1700623642136936,no,Low
7591,34,admin.,married,university.degree,no,no,telephone,may,5,999,0,nonexistent,0.17005266371237363,no,Low
7592,31,admin.,married,high.school,no,no,telephone,may,2,999,0,nonexistent,0.17001377958031816,no,Low
7593,35,blue-collar,married,basic.9y,no,no,telephone,may,2,999,0,nonexistent,0.16998563669460096,no,Low
7594,42,services,divorced,high.school,yes,no,telephone,jun,1,999,0,nonexistent,0.16996278712961072,no,Low
7595,38,blue-collar,married,professional.course,yes,no,telephone,may,1,999,0,nonexistent,0.16995328823766845,no,Low
7596,55,admin.,married,basic.9y,no,no,telephone,may,1,999,0,nonexistent,0.16982062537537718,no,Low
7597,47,services,married,university.degree,yes,no,telephone,may,9,999,0,nonexistent,0.169777600596418,no,Low
7598,47,blue-collar,married,high.school,yes,no,cellular,jul,18,999,0,nonexistent,0.1696962385035952,no,Low
7599,25,admin.,single,basic.9y,yes,no,cellular,jul,18,999,0,nonexistent,0.16968756801907986,no,Low
7600,56,entrepreneur,married,basic.4y,yes,no,cellular,jul,20,999,0,nonexistent,0.16968703470744462,no,Low
7601,36,blue-collar,single,basic.4y,yes,no,telephone,may,4,999,0,nonexistent,0.16965304107461024,no,Low
7602,49,technician,married,professional.course,yes,yes,cellular,aug,14,999,0,nonexistent,0.1696046811137002,no,Low
7603,43,admin.,married,high.school,yes,no,telephone,may,1,999,0,nonexistent,0.16958076659036408,no,Low
7604,32,services,divorced,high.school,yes,no,telephone,may,2,999,0,nonexistent,0.1694910694037153,no,Low
7605,37,technician,single,university.degree,no,no,telephone,may,5,999,0,nonexistent,0.16948001034082055,no,Low
7606,46,blue-collar,married,basic.4y,no,no,telephone,may,2,999,0,nonexistent,0.1693896743353963,no,Low
7607,47,admin.,married,high.school,no,no,telephone,may,11,999,0,nonexistent,0.16936605375545075,no,Low
7608,42,admin.,married,high.school,yes,no,telephone,may,2,999,0,nonexistent,0.1693655222076668,no,Low
7609,39,blue-collar,married,basic.4y,yes,no,telephone,may,3,999,0,nonexistent,0.16935697845373973,no,Low
7610,36,technician,married,professional.course,no,no,telephone,may,3,999,0,nonexistent,0.1693101752604643,no,Low
7611,47,blue-collar,divorced,basic.9y,no,no,telephone,may,2,999,0,nonexistent,0.16928244985952415,no,Low
7612,51,management,married,professional.course,yes,no,telephone,may,2,999,0,nonexistent,0.16925765236041102,no,Low
7613,52,blue-collar,married,basic.4y,yes,no,telephone,may,2,999,0,nonexistent,0.16911889380756104,no,Low
7614,56,blue-collar,married,professional.course,unknown,unknown,telephone,may,1,999,0,nonexistent,0.1691075449437613,no,Low
7615,34,admin.,divorced,high.school,unknown,unknown,cellular,aug,15,999,0,nonexistent,0.16909739014928166,no,Low
7616,34,blue-collar,married,basic.6y,yes,no,telephone,may,2,999,0,nonexistent,0.1690899973955101,no,Low
7617,33,technician,single,university.degree,yes,no,cellular,aug,14,999,0,nonexistent,0.16908600138051164,no,Low
7618,46,blue-collar,married,basic.6y,yes,no,telephone,may,1,999,0,nonexistent,0.16908196528984135,no,Low
7619,35,blue-collar,married,basic.9y,yes,no,telephone,may,1,999,0,nonexistent,0.16902695424378733,no,Low
7620,34,blue-collar,married,basic.9y,no,yes,telephone,may,2,999,0,nonexistent,0.1690043028761561,no,Low
7621,30,blue-collar,married,basic.4y,no,no,telephone,may,3,999,1,failure,0.16888140947557181,no,Low
7622,44,blue-collar,married,basic.4y,yes,no,telephone,may,1,999,0,nonexistent,0.16886792566443676,no,Low
7623,57,technician,married,basic.9y,yes,no,telephone,may,1,999,0,nonexistent,0.16880853515523622,no,Low
7624,43,blue-collar,married,basic.9y,no,no,telephone,may,2,999,0,nonexistent,0.1687939341895184,no,Low
7625,24,technician,single,professional.course,no,yes,telephone,may,2,999,0,nonexistent,0.1687736959698059,no,Low
7626,38,blue-collar,married,basic.4y,yes,no,telephone,may,5,999,0,nonexistent,0.1687240590212286,no,Low
7627,35,management,married,university.degree,yes,yes,telephone,may,1,999,0,nonexistent,0.16868748751122323,no,Low
7628,29,admin.,married,high.school,no,no,telephone,may,2,999,0,nonexistent,0.16867168192861323,no,Low
7629,36,admin.,married,high.school,no,no,telephone,may,1,999,0,nonexistent,0.16863839578957526,no,Low
7630,35,blue-collar,married,basic.4y,yes,no,telephone,may,4,999,0,nonexistent,0.16863015270525933,no,Low
7631,50,self-employed,unknown,basic.6y,no,no,telephone,may,3,999,0,nonexistent,0.16860867206541916,no,Low
7632,48,technician,married,high.school,no,no,telephone,may,8,999,0,nonexistent,0.1685745873715218,no,Low
7633,39,services,married,high.school,yes,no,cellular,jul,29,999,0,nonexistent,0.16853135458297222,no,Low
7634,50,unemployed,married,basic.9y,yes,no,telephone,may,1,999,0,nonexistent,0.16841748410583093,no,Low
7635,35,blue-collar,married,basic.6y,no,no,telephone,may,1,999,0,nonexistent,0.16841382013580786,no,Low
7636,39,management,married,basic.4y,yes,no,telephone,may,2,999,1,failure,0.1684094902475857,no,Low
7637,28,blue-collar,married,basic.6y,no,no,telephone,may,1,999,0,nonexistent,0.16830050086320636,no,Low
7638,40,management,married,university.degree,yes,no,telephone,may,2,999,0,nonexistent,0.16808612908407725,no,Low
7639,33,admin.,married,university.degree,no,no,telephone,may,2,999,0,nonexistent,0.16804098331697767,no,Low
7640,32,blue-collar,married,basic.9y,yes,no,telephone,may,2,999,0,nonexistent,0.16803846822383092,no,Low
7641,37,blue-collar,married,basic.9y,no,no,telephone,may,1,999,0,nonexistent,0.167750166096377,no,Low
7642,44,admin.,married,university.degree,yes,yes,telephone,may,7,999,0,nonexistent,0.16771891462522748,no,Low
7643,46,blue-collar,married,basic.9y,no,no,telephone,may,10,999,0,nonexistent,0.16770557041663092,no,Low
7644,34,blue-collar,divorced,professional.course,no,yes,telephone,may,2,999,0,nonexistent,0.1676856750999132,no,Low
7645,57,self-employed,single,high.school,no,no,telephone,may,4,999,0,nonexistent,0.16767920838276876,no,Low
7646,31,blue-collar,married,basic.6y,no,no,telephone,may,1,999,0,nonexistent,0.1676512033313804,no,Low
7647,49,housemaid,married,basic.4y,no,no,telephone,may,1,999,0,nonexistent,0.16746555798907012,no,Low
7648,30,technician,married,high.school,yes,no,telephone,may,3,999,0,nonexistent,0.16743225828019437,no,Low
7649,43,blue-collar,married,basic.9y,no,no,telephone,may,1,999,0,nonexistent,0.16740853703439926,no,Low
7650,41,blue-collar,divorced,basic.6y,no,no,telephone,may,1,999,0,nonexistent,0.16740443469163477,no,Low
7651,44,blue-collar,divorced,basic.9y,yes,no,telephone,may,1,999,0,nonexistent,0.16734058964617507,no,Low
7652,41,blue-collar,married,basic.4y,yes,no,telephone,may,2,999,0,nonexistent,0.16724790887954855,no,Low
7653,41,blue-collar,married,basic.4y,yes,no,telephone,may,2,999,0,nonexistent,0.16724790887954855,no,Low
7654,43,services,married,high.school,no,no,telephone,may,3,999,0,nonexistent,0.16723259937866145,no,Low
7655,42,services,divorced,high.school,yes,yes,cellular,jul,14,999,0,nonexistent,0.16723189880508665,no,Low
7656,36,admin.,single,university.degree,yes,no,cellular,jul,27,999,0,nonexistent,0.1671149711012792,no,Low
7657,38,technician,married,professional.course,no,no,telephone,jun,24,999,0,nonexistent,0.16703690996155782,no,Low
7658,34,services,married,high.school,no,no,telephone,jun,14,999,0,nonexistent,0.1669191870210309,no,Low
7659,31,services,married,basic.6y,no,no,telephone,may,4,999,0,nonexistent,0.16690167386847754,no,Low
7660,39,blue-collar,married,basic.6y,no,no,telephone,may,1,999,0,nonexistent,0.1669015209874349,no,Low
7661,50,technician,married,professional.course,yes,no,telephone,jun,20,999,0,nonexistent,0.16676903759858142,no,Low
7662,36,unemployed,married,basic.4y,yes,no,telephone,may,1,999,0,nonexistent,0.1666925341434649,no,Low
7663,31,services,married,basic.6y,no,no,telephone,may,2,999,0,nonexistent,0.16667278189959922,no,Low
7664,37,blue-collar,married,basic.9y,no,no,telephone,may,1,999,0,nonexistent,0.1666490217690913,no,Low
7665,40,blue-collar,married,basic.6y,yes,no,telephone,may,3,999,0,nonexistent,0.16653833324559297,no,Low
7666,42,technician,single,high.school,no,no,telephone,may,6,999,0,nonexistent,0.16646610468966688,no,Low
7667,41,blue-collar,single,high.school,yes,no,telephone,may,5,999,0,nonexistent,0.1663719994346802,no,Low
7668,49,technician,married,university.degree,no,no,telephone,may,3,999,0,nonexistent,0.16635289461268388,no,Low
7669,41,technician,married,professional.course,no,yes,telephone,may,2,999,0,nonexistent,0.16633728951893195,no,Low
7670,39,admin.,married,university.degree,no,no,telephone,jul,12,999,0,nonexistent,0.16618908216080194,no,Low
7671,43,blue-collar,married,basic.4y,yes,yes,telephone,may,2,999,0,nonexistent,0.16615389394322636,no,Low
7672,33,services,married,high.school,no,no,telephone,may,3,999,0,nonexistent,0.16614577180612503,no,Low
7673,44,admin.,married,high.school,yes,no,telephone,may,1,999,0,nonexistent,0.16605654297856046,no,Low
7674,35,self-employed,married,university.degree,no,yes,telephone,may,6,999,0,nonexistent,0.16603227503738363,no,Low
7675,36,housemaid,married,high.school,no,no,telephone,may,4,999,0,nonexistent,0.16603065738195014,no,Low
7676,30,admin.,married,university.degree,no,no,telephone,may,2,999,0,nonexistent,0.16583923707166087,no,Low
7677,51,admin.,married,basic.4y,yes,no,telephone,may,3,999,0,nonexistent,0.1657915728657751,no,Low
7678,33,blue-collar,married,basic.9y,yes,no,telephone,may,1,999,0,nonexistent,0.1657344334071872,no,Low
7679,27,blue-collar,married,basic.9y,yes,no,telephone,may,3,999,0,nonexistent,0.16572234539408273,no,Low
7680,53,blue-collar,married,high.school,no,yes,telephone,may,1,999,0,nonexistent,0.16567197413416182,no,Low
7681,45,admin.,married,basic.9y,yes,no,telephone,may,2,999,0,nonexistent,0.16563703503003385,no,Low
7682,50,blue-collar,married,basic.9y,no,no,telephone,may,2,999,0,nonexistent,0.16559406160174572,no,Low
7683,55,admin.,married,high.school,yes,no,telephone,may,2,999,0,nonexistent,0.1655613821395808,no,Low
7684,38,admin.,married,high.school,no,no,telephone,may,3,999,0,nonexistent,0.16554892438513058,no,Low
7685,50,retired,married,basic.4y,yes,no,telephone,may,4,999,0,nonexistent,0.16550571197994807,no,Low
7686,56,admin.,divorced,high.school,yes,no,telephone,may,6,999,0,nonexistent,0.16532971034035246,no,Low
7687,46,services,married,high.school,no,no,telephone,may,3,999,0,nonexistent,0.16532761813807248,no,Low
7688,43,blue-collar,single,basic.4y,yes,no,telephone,may,2,999,1,failure,0.16520614834317848,no,Low
7689,31,admin.,married,high.school,no,no,telephone,may,1,999,0,nonexistent,0.16511898724086066,no,Low
7690,52,entrepreneur,married,basic.9y,no,no,telephone,may,4,999,0,nonexistent,0.16510603706103189,no,Low
7691,49,admin.,married,basic.6y,no,yes,telephone,may,4,999,0,nonexistent,0.1650517655358972,no,Low
7692,55,management,married,unknown,yes,no,telephone,may,1,999,0,nonexistent,0.16504067593245014,no,Low
7693,52,technician,married,professional.course,no,no,telephone,may,11,999,0,nonexistent,0.16501108132645242,no,Low
7694,28,admin.,married,basic.6y,no,no,telephone,may,1,999,0,nonexistent,0.16492890273910338,no,Low
7695,37,blue-collar,single,professional.course,no,no,telephone,may,2,999,0,nonexistent,0.16489863514013364,no,Low
7696,38,self-employed,married,basic.9y,yes,no,telephone,may,5,999,0,nonexistent,0.16487120442739736,no,Low
7697,33,technician,divorced,professional.course,yes,no,telephone,may,1,999,0,nonexistent,0.16480719914542152,no,Low
7698,57,housemaid,divorced,basic.4y,yes,no,telephone,may,3,999,0,nonexistent,0.16472227729294103,no,Low
7699,42,admin.,single,unknown,no,no,telephone,may,1,999,0,nonexistent,0.16472095807706974,no,Low
7700,59,blue-collar,married,basic.4y,no,no,telephone,may,1,999,0,nonexistent,0.164683549159047,no,Low
7701,47,blue-collar,married,basic.4y,no,no,telephone,may,1,999,0,nonexistent,0.16450050763030172,no,Low
7702,54,entrepreneur,married,basic.4y,no,yes,telephone,may,1,999,0,nonexistent,0.1644603288490779,no,Low
7703,30,blue-collar,married,basic.9y,yes,no,telephone,may,14,999,0,nonexistent,0.16438231247783017,no,Low
7704,58,self-employed,married,professional.course,yes,no,telephone,may,2,999,0,nonexistent,0.16436495119470057,no,Low
7705,29,management,single,university.degree,yes,no,telephone,may,2,999,0,nonexistent,0.1643476111202528,no,Low
7706,30,blue-collar,divorced,basic.9y,yes,no,telephone,may,2,999,0,nonexistent,0.1642794508344296,no,Low
7707,49,blue-collar,divorced,basic.4y,no,no,telephone,may,2,999,0,nonexistent,0.16421338168781388,no,Low
7708,56,admin.,divorced,basic.9y,yes,no,telephone,may,3,999,0,nonexistent,0.1641807539381033,no,Low
7709,46,management,married,basic.4y,no,no,telephone,may,7,999,0,nonexistent,0.16413590423234012,no,Low
7710,52,services,divorced,high.school,no,no,telephone,may,5,999,0,nonexistent,0.1641095589286657,no,Low
7711,23,blue-collar,married,professional.course,yes,no,telephone,may,4,999,0,nonexistent,0.16410784564098543,no,Low
7712,32,blue-collar,married,basic.9y,yes,no,telephone,may,3,999,0,nonexistent,0.16410309519583147,no,Low
7713,34,management,single,university.degree,no,no,telephone,may,2,999,0,nonexistent,0.1641015536811506,no,Low
7714,34,admin.,married,university.degree,yes,no,telephone,may,2,999,0,nonexistent,0.1640436865720894,no,Low
7715,35,admin.,married,high.school,yes,no,telephone,may,5,999,0,nonexistent,0.16399078752789192,no,Low
7716,51,services,married,professional.course,no,no,telephone,may,7,999,0,nonexistent,0.1639223309463721,no,Low
7717,29,services,married,high.school,no,no,telephone,may,2,999,0,nonexistent,0.16385600526130084,no,Low
7718,53,self-employed,married,basic.4y,no,no,telephone,may,2,999,0,nonexistent,0.1638185099664166,no,Low
7719,57,blue-collar,married,basic.4y,yes,yes,telephone,may,7,999,0,nonexistent,0.16364652324488566,no,Low
7720,35,services,married,high.school,no,yes,telephone,may,1,999,0,nonexistent,0.16360636690772526,no,Low
7721,42,management,divorced,university.degree,no,no,telephone,may,9,999,0,nonexistent,0.16356125873274338,no,Low
7722,48,blue-collar,married,basic.4y,yes,no,telephone,may,1,999,0,nonexistent,0.16350962148351067,no,Low
7723,38,admin.,married,high.school,yes,no,telephone,may,2,999,0,nonexistent,0.1634370862742979,no,Low
7724,32,entrepreneur,married,basic.6y,no,no,telephone,may,8,999,0,nonexistent,0.1634265240198888,no,Low
7725,58,management,married,basic.4y,no,no,telephone,may,3,999,0,nonexistent,0.16341103601087462,no,Low
7726,40,management,married,university.degree,yes,no,telephone,may,2,999,0,nonexistent,0.16340567322856428,no,Low
7727,37,self-employed,married,professional.course,no,yes,telephone,may,1,999,0,nonexistent,0.16338195316813736,no,Low
7728,38,blue-collar,married,high.school,no,no,telephone,may,5,999,0,nonexistent,0.16335074217002774,no,Low
7729,40,admin.,married,high.school,no,no,telephone,may,1,999,0,nonexistent,0.16335043676724784,no,Low
7730,42,admin.,married,university.degree,no,no,telephone,may,2,999,0,nonexistent,0.16330012663674354,no,Low
7731,46,technician,divorced,professional.course,yes,no,telephone,may,3,999,0,nonexistent,0.16329951242450677,no,Low
7732,52,management,divorced,university.degree,no,no,telephone,may,2,999,0,nonexistent,0.16322527046000507,no,Low
7733,35,admin.,single,high.school,yes,no,telephone,may,2,999,0,nonexistent,0.16321804363270945,no,Low
7734,36,blue-collar,married,basic.4y,yes,no,telephone,may,21,999,0,nonexistent,0.16307140595398265,no,Low
7735,58,blue-collar,married,basic.4y,yes,no,telephone,may,1,999,0,nonexistent,0.1630295815585514,no,Low
7736,46,admin.,married,high.school,yes,yes,telephone,may,3,999,0,nonexistent,0.16287976797424544,no,Low
7737,51,blue-collar,married,professional.course,no,yes,telephone,may,2,999,0,nonexistent,0.1628467311431083,no,Low
7738,42,blue-collar,married,unknown,yes,no,telephone,may,1,999,0,nonexistent,0.16283144068963512,no,Low
7739,32,technician,married,university.degree,no,yes,telephone,may,1,999,0,nonexistent,0.16272182615975342,no,Low
7740,39,blue-collar,divorced,basic.9y,yes,no,telephone,may,6,999,0,nonexistent,0.16266032996188662,no,Low
7741,35,self-employed,married,basic.9y,yes,no,telephone,may,2,999,0,nonexistent,0.16264760357998959,no,Low
7742,56,management,married,university.degree,no,no,telephone,may,2,999,0,nonexistent,0.16261142126455302,no,Low
7743,55,housemaid,divorced,unknown,yes,no,telephone,may,3,999,0,nonexistent,0.16258582594242157,no,Low
7744,53,blue-collar,married,basic.4y,yes,no,telephone,may,1,999,0,nonexistent,0.162542454521396,no,Low
7745,36,blue-collar,married,basic.9y,yes,no,telephone,may,2,999,0,nonexistent,0.16252168408345644,no,Low
7746,44,technician,married,professional.course,no,yes,telephone,may,4,999,0,nonexistent,0.16247668941321686,no,Low
7747,35,blue-collar,married,high.school,yes,no,telephone,may,2,999,0,nonexistent,0.1624267295241756,no,Low
7748,39,admin.,married,basic.9y,yes,no,telephone,may,2,999,0,nonexistent,0.16238993180528893,no,Low
7749,48,technician,married,basic.6y,no,yes,telephone,may,1,999,0,nonexistent,0.16233561136070995,no,Low
7750,29,services,married,high.school,unknown,unknown,telephone,may,1,999,0,nonexistent,0.16221466748115054,no,Low
7751,44,blue-collar,married,basic.9y,no,no,telephone,may,2,999,0,nonexistent,0.16207900328709418,no,Low
7752,59,admin.,married,basic.6y,yes,no,telephone,may,15,999,0,nonexistent,0.16201913271604287,no,Low
7753,53,retired,married,high.school,no,no,telephone,may,13,999,0,nonexistent,0.1620106682420791,no,Low
7754,57,retired,married,university.degree,yes,no,telephone,may,1,999,0,nonexistent,0.16198531677334033,no,Low
7755,44,technician,divorced,unknown,no,yes,telephone,may,2,999,0,nonexistent,0.1619841382832352,no,Low
7756,27,services,married,professional.course,no,no,telephone,may,2,999,0,nonexistent,0.16196132178450695,no,Low
7757,30,management,married,university.degree,no,no,telephone,may,2,999,0,nonexistent,0.16188284379164994,no,Low
7758,48,management,divorced,university.degree,yes,no,telephone,may,2,999,0,nonexistent,0.16186931460001602,no,Low
7759,54,retired,married,high.school,yes,no,telephone,may,2,999,0,nonexistent,0.16174700819782206,no,Low
7760,34,management,married,university.degree,no,yes,telephone,may,5,999,0,nonexistent,0.16174041499791147,no,Low
7761,34,management,married,high.school,no,no,telephone,may,4,999,0,nonexistent,0.16172470093381225,no,Low
7762,51,blue-collar,divorced,basic.4y,yes,no,telephone,may,2,999,0,nonexistent,0.16171067560497726,no,Low
7763,34,services,married,high.school,no,no,telephone,may,1,999,0,nonexistent,0.16169860186385754,no,Low
7764,40,admin.,single,high.school,no,no,telephone,may,2,999,0,nonexistent,0.1616688135567983,no,Low
7765,40,technician,married,university.degree,no,no,telephone,may,2,999,0,nonexistent,0.1616497986653077,no,Low
7766,30,housemaid,married,high.school,no,no,telephone,may,1,999,0,nonexistent,0.16163165633477072,no,Low
7767,49,blue-collar,married,basic.9y,no,no,telephone,may,4,999,0,nonexistent,0.1615307520108524,no,Low
7768,35,admin.,married,university.degree,yes,yes,telephone,may,2,999,0,nonexistent,0.161354644591764,no,Low
7769,29,technician,married,unknown,yes,no,telephone,may,2,999,0,nonexistent,0.1613363516445508,no,Low
7770,40,blue-collar,married,high.school,no,no,telephone,may,1,999,0,nonexistent,0.16129603475054627,no,Low
7771,40,technician,married,professional.course,no,no,telephone,may,2,999,0,nonexistent,0.1612566655311648,no,Low
7772,36,blue-collar,married,basic.9y,no,no,telephone,may,4,999,0,nonexistent,0.16123124058442925,no,Low
7773,34,services,married,high.school,no,no,telephone,may,3,999,0,nonexistent,0.16118377866051994,no,Low
7774,54,technician,divorced,basic.9y,no,no,telephone,may,4,999,0,nonexistent,0.16112693589561242,no,Low
7775,56,retired,married,basic.4y,yes,no,telephone,may,2,999,0,nonexistent,0.16111611020976307,no,Low
7776,40,services,single,high.school,no,no,telephone,may,7,999,0,nonexistent,0.16100841913082614,no,Low
7777,39,unemployed,married,professional.course,yes,no,cellular,nov,1,999,1,failure,0.16099683221055727,no,Low
7778,39,entrepreneur,divorced,high.school,no,no,telephone,may,2,999,0,nonexistent,0.16096696556365303,no,Low
7779,38,blue-collar,single,basic.4y,no,no,telephone,may,1,999,0,nonexistent,0.16096120580305973,no,Low
7780,55,technician,married,high.school,yes,no,telephone,may,1,999,0,nonexistent,0.16093922208716557,no,Low
7781,33,technician,married,professional.course,no,no,telephone,may,1,999,0,nonexistent,0.16092060791742463,no,Low
7782,31,blue-collar,married,basic.6y,unknown,unknown,telephone,may,5,999,0,nonexistent,0.16090437759627843,no,Low
7783,50,management,married,university.degree,yes,no,telephone,may,2,999,0,nonexistent,0.1608245466345559,no,Low
7784,50,blue-collar,married,basic.9y,yes,yes,telephone,may,1,999,0,nonexistent,0.16062861581359472,no,Low
7785,52,housemaid,married,basic.4y,yes,no,telephone,jun,1,999,0,nonexistent,0.1604282155132178,no,Low
7786,34,blue-collar,married,unknown,unknown,unknown,telephone,may,2,999,0,nonexistent,0.16040428704913715,no,Low
7787,28,technician,married,professional.course,no,no,telephone,jul,1,999,0,nonexistent,0.16036793735238367,no,Low
7788,35,admin.,married,high.school,no,no,telephone,may,5,999,0,nonexistent,0.16036766658241455,no,Low
7789,33,technician,divorced,professional.course,yes,no,telephone,may,3,999,0,nonexistent,0.16036544678607523,no,Low
7790,44,blue-collar,married,high.school,no,no,telephone,may,5,999,0,nonexistent,0.16035602079879194,no,Low
7791,38,admin.,divorced,high.school,yes,yes,telephone,may,2,999,0,nonexistent,0.16033374806825657,no,Low
7792,32,admin.,married,university.degree,no,yes,telephone,may,2,999,0,nonexistent,0.1602247666373927,no,Low
7793,51,retired,married,basic.9y,yes,no,telephone,may,1,999,0,nonexistent,0.16020895951884773,no,Low
7794,50,blue-collar,married,basic.9y,no,no,telephone,may,1,999,0,nonexistent,0.1601988977402355,no,Low
7795,36,admin.,married,high.school,yes,no,telephone,may,3,999,0,nonexistent,0.1600980422457485,no,Low
7796,28,technician,married,professional.course,yes,no,telephone,may,2,999,0,nonexistent,0.160035804029484,no,Low
7797,48,self-employed,married,basic.9y,no,no,telephone,may,1,999,0,nonexistent,0.15998125996813506,no,Low
7798,38,technician,married,university.degree,no,no,telephone,may,2,999,0,nonexistent,0.1599619252089977,no,Low
7799,30,services,married,professional.course,yes,no,telephone,may,1,999,0,nonexistent,0.1598489986069811,no,Low
7800,41,management,married,university.degree,no,no,telephone,may,2,999,0,nonexistent,0.15982189295719776,no,Low
7801,43,management,married,university.degree,yes,no,telephone,may,2,999,0,nonexistent,0.15977892610002423,no,Low
7802,35,blue-collar,married,basic.6y,yes,no,telephone,may,2,999,0,nonexistent,0.15977813284872114,no,Low
7803,29,admin.,single,university.degree,no,no,telephone,jul,1,999,0,nonexistent,0.15974779042339346,no,Low
7804,37,unemployed,married,professional.course,no,no,telephone,may,1,999,0,nonexistent,0.15974051902031447,no,Low
7805,31,technician,married,professional.course,no,no,telephone,may,2,999,0,nonexistent,0.15972900623326947,no,Low
7806,35,admin.,married,basic.9y,no,no,telephone,may,1,999,0,nonexistent,0.1596997188525989,no,Low
7807,29,admin.,married,high.school,yes,no,telephone,may,2,999,0,nonexistent,0.15963672039232624,no,Low
7808,50,admin.,divorced,basic.9y,no,no,telephone,may,4,999,0,nonexistent,0.15962326396242363,no,Low
7809,48,admin.,married,university.degree,no,yes,telephone,may,2,999,0,nonexistent,0.15961322729963712,no,Low
7810,53,blue-collar,married,basic.4y,no,no,telephone,may,3,999,0,nonexistent,0.15954931030498776,no,Low
7811,58,admin.,married,basic.6y,yes,no,telephone,may,3,999,0,nonexistent,0.1595368031965301,no,Low
7812,42,technician,married,university.degree,no,no,telephone,may,2,999,0,nonexistent,0.1594884841740615,no,Low
7813,48,management,married,university.degree,yes,no,telephone,may,1,999,0,nonexistent,0.15945113462356508,no,Low
7814,56,management,married,unknown,yes,no,telephone,may,1,999,0,nonexistent,0.1593959095046313,no,Low
7815,35,admin.,married,basic.9y,no,no,telephone,may,3,999,0,nonexistent,0.1593100344298379,no,Low
7816,47,technician,divorced,high.school,no,no,cellular,jul,24,999,0,nonexistent,0.1591964001535209,no,Low
7817,29,self-employed,married,basic.6y,yes,no,telephone,may,1,999,0,nonexistent,0.15916973699923773,no,Low
7818,57,retired,married,unknown,no,no,telephone,may,2,999,0,nonexistent,0.15916670192527657,no,Low
7819,56,retired,divorced,high.school,yes,no,telephone,may,6,999,0,nonexistent,0.15916652889496405,no,Low
7820,31,admin.,married,high.school,no,no,telephone,may,3,999,0,nonexistent,0.15906847699575938,no,Low
7821,47,self-employed,married,unknown,no,no,telephone,may,3,999,0,nonexistent,0.15904125214807158,no,Low
7822,36,technician,single,university.degree,no,no,telephone,may,7,999,0,nonexistent,0.159003151951381,no,Low
7823,29,blue-collar,single,high.school,unknown,unknown,telephone,may,2,999,0,nonexistent,0.15897778645600608,no,Low
7824,50,admin.,married,high.school,no,no,telephone,may,2,999,0,nonexistent,0.15886741301070584,no,Low
7825,35,blue-collar,married,basic.6y,no,no,telephone,may,2,999,0,nonexistent,0.15885597291861997,no,Low
7826,47,management,married,professional.course,no,no,telephone,may,1,999,0,nonexistent,0.15883633351172374,no,Low
7827,41,admin.,married,university.degree,no,no,telephone,may,5,999,0,nonexistent,0.15883352527680492,no,Low
7828,39,management,married,university.degree,yes,no,telephone,may,3,999,0,nonexistent,0.15876318816860263,no,Low
7829,38,blue-collar,married,basic.4y,yes,no,telephone,jun,41,999,0,nonexistent,0.15862018397975441,no,Low
7830,30,management,single,university.degree,no,yes,telephone,may,5,999,0,nonexistent,0.15857009268229846,no,Low
7831,36,housemaid,divorced,basic.9y,no,no,telephone,may,2,999,0,nonexistent,0.15854744661941358,no,Low
7832,30,technician,married,university.degree,no,no,telephone,may,1,999,0,nonexistent,0.1584937402032898,no,Low
7833,33,admin.,married,high.school,yes,no,telephone,may,2,999,1,failure,0.15838337456014118,no,Low
7834,50,blue-collar,married,basic.4y,yes,no,telephone,may,5,999,0,nonexistent,0.15834684379860076,no,Low
7835,48,admin.,married,high.school,no,no,telephone,may,1,999,0,nonexistent,0.158345442481518,no,Low
7836,41,management,single,unknown,no,no,telephone,may,2,999,0,nonexistent,0.15833643783474152,no,Low
7837,34,blue-collar,married,basic.9y,yes,no,telephone,may,5,999,0,nonexistent,0.15830212334491953,no,Low
7838,30,blue-collar,married,basic.6y,no,no,telephone,may,3,999,0,nonexistent,0.15827621104065212,no,Low
7839,28,blue-collar,married,basic.6y,no,no,telephone,may,1,999,0,nonexistent,0.15827430930465824,no,Low
7840,42,admin.,married,high.school,no,no,telephone,may,1,999,0,nonexistent,0.15825425816206046,no,Low
7841,47,services,divorced,professional.course,yes,no,telephone,jul,1,999,0,nonexistent,0.15819394947174717,no,Low
7842,29,technician,married,university.degree,no,no,telephone,jul,1,999,0,nonexistent,0.15819239012053518,no,Low
7843,36,services,divorced,university.degree,no,no,telephone,may,1,999,0,nonexistent,0.15814726818360073,no,Low
7844,31,admin.,married,university.degree,yes,no,telephone,may,1,999,0,nonexistent,0.1580999856153145,no,Low
7845,57,blue-collar,divorced,basic.9y,yes,no,telephone,may,2,999,0,nonexistent,0.15808378909750062,no,Low
7846,35,admin.,married,university.degree,no,no,telephone,may,3,999,0,nonexistent,0.15800354054104804,no,Low
7847,37,unemployed,married,professional.course,no,yes,telephone,may,1,999,0,nonexistent,0.15798521728569306,no,Low
7848,30,technician,married,university.degree,no,no,telephone,may,4,999,0,nonexistent,0.15797301758535723,no,Low
7849,40,admin.,married,basic.9y,no,no,telephone,may,1,999,0,nonexistent,0.1579413749661374,no,Low
7850,33,technician,divorced,professional.course,yes,no,telephone,may,2,999,0,nonexistent,0.15791347293969507,no,Low
7851,34,services,single,high.school,no,no,telephone,jul,16,999,0,nonexistent,0.15787716400703078,no,Low
7852,40,blue-collar,married,basic.6y,no,no,telephone,may,1,999,0,nonexistent,0.15787570570811893,no,Low
7853,32,unknown,unknown,university.degree,no,no,telephone,may,4,999,0,nonexistent,0.1578485385334715,no,Low
7854,46,blue-collar,married,professional.course,no,no,telephone,may,2,999,0,nonexistent,0.15783957855204298,no,Low
7855,39,admin.,single,high.school,no,no,telephone,jul,1,999,0,nonexistent,0.1578355852415186,no,Low
7856,39,admin.,single,high.school,no,no,telephone,jul,1,999,0,nonexistent,0.1578355852415186,no,Low
7857,27,admin.,single,basic.9y,yes,no,telephone,may,4,999,1,failure,0.1577347636043413,no,Low
7858,29,technician,married,professional.course,yes,no,telephone,may,1,999,0,nonexistent,0.15772629335917335,no,Low
7859,46,admin.,married,university.degree,no,no,telephone,may,2,999,0,nonexistent,0.15771821902120176,no,Low
7860,43,services,married,high.school,no,no,telephone,may,4,999,0,nonexistent,0.15770511622566688,no,Low
7861,33,management,married,high.school,no,no,telephone,may,1,999,0,nonexistent,0.15768218829454425,no,Low
7862,33,admin.,married,unknown,yes,no,telephone,may,1,999,0,nonexistent,0.15763990433386676,no,Low
7863,38,unknown,married,basic.6y,yes,no,telephone,may,1,999,0,nonexistent,0.15756894294668983,no,Low
7864,39,admin.,married,basic.6y,no,no,telephone,may,6,999,0,nonexistent,0.15746396255718287,no,Low
7865,55,technician,divorced,professional.course,yes,no,telephone,may,4,999,0,nonexistent,0.15743530511079587,no,Low
7866,47,technician,married,professional.course,no,yes,telephone,may,1,999,0,nonexistent,0.15739379590949107,no,Low
7867,31,admin.,married,high.school,yes,yes,telephone,may,2,999,0,nonexistent,0.1573136555302994,no,Low
7868,28,admin.,married,high.school,yes,no,telephone,may,1,999,0,nonexistent,0.1571309516087072,no,Low
7869,36,admin.,married,high.school,yes,no,telephone,may,5,999,0,nonexistent,0.1571110868702255,no,Low
7870,43,services,married,high.school,no,no,cellular,jul,19,999,0,nonexistent,0.15709954413774188,no,Low
7871,36,technician,married,professional.course,no,no,telephone,may,4,999,0,nonexistent,0.1570283685637315,no,Low
7872,35,technician,married,professional.course,yes,no,telephone,may,3,999,0,nonexistent,0.15697801077632884,no,Low
7873,38,management,married,unknown,no,no,telephone,may,1,999,0,nonexistent,0.15694748392472258,no,Low
7874,31,technician,married,professional.course,no,no,telephone,may,1,999,0,nonexistent,0.15687669982274802,no,Low
7875,51,unemployed,married,basic.9y,yes,no,telephone,may,1,999,0,nonexistent,0.15678761701702143,no,Low
7876,40,services,married,high.school,no,no,telephone,may,2,999,0,nonexistent,0.15671354043765667,no,Low
7877,32,technician,single,professional.course,no,no,telephone,may,1,999,0,nonexistent,0.15665058865138734,no,Low
7878,36,blue-collar,married,basic.9y,no,no,telephone,may,3,999,0,nonexistent,0.15663319785081603,no,Low
7879,39,self-employed,married,basic.4y,yes,no,telephone,may,2,999,0,nonexistent,0.1565645257123457,no,Low
7880,31,technician,single,university.degree,yes,no,telephone,may,6,999,0,nonexistent,0.15644836084124555,no,Low
7881,35,services,married,high.school,no,no,telephone,may,3,999,0,nonexistent,0.15636498417000588,no,Low
7882,41,admin.,married,high.school,no,yes,telephone,may,1,999,0,nonexistent,0.15629452695023383,no,Low
7883,31,management,single,high.school,yes,no,telephone,may,2,999,0,nonexistent,0.15617526289614872,no,Low
7884,38,admin.,married,high.school,yes,no,telephone,may,5,999,0,nonexistent,0.15615150542713663,no,Low
7885,38,housemaid,divorced,high.school,yes,no,telephone,may,1,999,0,nonexistent,0.15606627191104297,no,Low
7886,48,technician,single,unknown,no,no,telephone,may,7,999,0,nonexistent,0.1560643864048871,no,Low
7887,30,technician,married,professional.course,no,no,telephone,may,1,999,0,nonexistent,0.1559093473659414,no,Low
7888,32,management,divorced,basic.4y,yes,no,telephone,may,2,999,0,nonexistent,0.15584566254499949,no,Low
7889,30,blue-collar,married,basic.9y,no,no,telephone,jun,28,999,0,nonexistent,0.15583567700196782,no,Low
7890,38,blue-collar,married,basic.9y,no,no,telephone,may,2,999,0,nonexistent,0.15573352532708185,no,Low
7891,36,blue-collar,married,basic.6y,yes,no,cellular,jul,16,999,0,nonexistent,0.15572100616994183,no,Low
7892,47,housemaid,married,basic.4y,yes,no,telephone,jul,2,999,0,nonexistent,0.1556496484935463,no,Low
7893,50,admin.,married,high.school,yes,no,telephone,may,19,999,0,nonexistent,0.1556162194874034,no,Low
7894,34,technician,single,professional.course,no,no,telephone,may,2,999,0,nonexistent,0.1555296933446915,no,Low
7895,27,admin.,married,high.school,no,no,telephone,may,3,999,0,nonexistent,0.15550391874081537,no,Low
7896,33,management,married,university.degree,no,yes,telephone,may,1,999,0,nonexistent,0.15547596831084698,no,Low
7897,37,blue-collar,married,basic.6y,yes,no,telephone,may,2,999,0,nonexistent,0.15545554897596234,no,Low
7898,51,services,divorced,high.school,yes,no,telephone,may,1,999,0,nonexistent,0.15537864209943675,no,Low
7899,39,self-employed,single,basic.4y,yes,no,telephone,may,4,999,0,nonexistent,0.15532189818087072,no,Low
7900,45,blue-collar,married,basic.9y,no,no,telephone,may,1,999,0,nonexistent,0.1552440233797687,no,Low
7901,55,blue-collar,married,basic.4y,no,no,telephone,may,2,999,0,nonexistent,0.15523550499419647,no,Low
7902,45,services,single,professional.course,no,no,telephone,may,4,999,0,nonexistent,0.1551436997992825,no,Low
7903,28,admin.,married,high.school,yes,no,telephone,may,2,999,0,nonexistent,0.1551236560988847,no,Low
7904,52,housemaid,single,basic.4y,yes,no,telephone,jul,4,999,0,nonexistent,0.15505160763864054,no,Low
7905,51,blue-collar,married,basic.4y,yes,yes,telephone,may,2,999,0,nonexistent,0.1550297502446732,no,Low
7906,38,services,married,basic.6y,no,no,telephone,may,2,999,0,nonexistent,0.15502861872361243,no,Low
7907,39,self-employed,married,basic.4y,no,no,telephone,may,4,999,0,nonexistent,0.15493161442768644,no,Low
7908,36,unemployed,single,basic.4y,no,no,telephone,may,1,999,0,nonexistent,0.15485779053728943,no,Low
7909,52,management,married,university.degree,yes,no,telephone,may,10,999,0,nonexistent,0.15482821659689058,no,Low
7910,32,blue-collar,married,high.school,yes,no,telephone,may,7,999,0,nonexistent,0.15477820849743235,no,Low
7911,35,entrepreneur,divorced,university.degree,no,no,telephone,may,1,999,0,nonexistent,0.1547343496693917,no,Low
7912,40,admin.,married,high.school,no,no,telephone,may,3,999,0,nonexistent,0.15470051714659938,no,Low
7913,28,blue-collar,married,basic.6y,no,no,telephone,may,1,999,0,nonexistent,0.1546736688711568,no,Low
7914,35,unknown,married,basic.9y,yes,no,telephone,may,1,999,0,nonexistent,0.15466368960564242,no,Low
7915,36,services,single,high.school,no,no,telephone,may,9,999,0,nonexistent,0.15456665346891463,no,Low
7916,31,admin.,divorced,high.school,no,no,telephone,may,3,999,0,nonexistent,0.15447181247678698,no,Low
7917,39,blue-collar,married,basic.9y,no,no,telephone,may,1,999,0,nonexistent,0.1544047429466265,no,Low
7918,36,blue-collar,married,unknown,no,no,telephone,may,7,999,0,nonexistent,0.15440021822712427,no,Low
7919,43,technician,married,professional.course,yes,no,telephone,may,4,999,0,nonexistent,0.15428328630651392,no,Low
7920,37,technician,single,professional.course,yes,no,telephone,may,2,999,0,nonexistent,0.15423296625805474,no,Low
7921,32,management,single,basic.4y,no,no,telephone,may,7,999,0,nonexistent,0.1542051578672793,no,Low
7922,59,blue-collar,married,basic.4y,yes,no,telephone,may,2,999,0,nonexistent,0.1540826703782257,no,Low
7923,39,blue-collar,married,basic.9y,no,no,telephone,may,2,999,0,nonexistent,0.15408243118889559,no,Low
7924,51,entrepreneur,married,basic.4y,no,no,telephone,may,3,999,0,nonexistent,0.15399212874491372,no,Low
7925,53,technician,married,professional.course,yes,no,telephone,may,1,999,0,nonexistent,0.1539259192714065,no,Low
7926,38,technician,married,high.school,yes,yes,cellular,jul,34,999,0,nonexistent,0.15390942445106964,no,Low
7927,26,technician,married,professional.course,no,no,telephone,may,2,999,0,nonexistent,0.15387878535871743,no,Low
7928,46,admin.,married,professional.course,no,no,telephone,may,1,999,0,nonexistent,0.15386911279653648,no,Low
7929,45,blue-collar,married,basic.9y,no,no,telephone,may,3,999,0,nonexistent,0.153851697777011,no,Low
7930,36,admin.,married,university.degree,yes,no,telephone,may,2,999,0,nonexistent,0.15377297163353837,no,Low
7931,36,admin.,married,university.degree,yes,no,telephone,may,2,999,0,nonexistent,0.15377297163353837,no,Low
7932,26,technician,married,university.degree,no,no,telephone,may,1,999,0,nonexistent,0.15375529007287392,no,Low
7933,35,admin.,married,high.school,no,yes,telephone,may,2,999,0,nonexistent,0.15367774808651705,no,Low
7934,41,admin.,married,basic.9y,no,no,telephone,may,6,999,0,nonexistent,0.1534515711102206,no,Low
7935,30,technician,married,university.degree,no,no,telephone,may,1,999,0,nonexistent,0.1533890620125484,no,Low
7936,49,unemployed,married,basic.4y,yes,yes,cellular,jul,17,999,0,nonexistent,0.15335063992582254,no,Low
7937,45,management,married,unknown,yes,no,telephone,may,5,999,0,nonexistent,0.15334082443836666,no,Low
7938,51,admin.,married,university.degree,no,no,telephone,may,4,999,0,nonexistent,0.15332346782318895,no,Low
7939,56,management,married,unknown,yes,no,telephone,may,3,999,0,nonexistent,0.15331887896005175,no,Low
7940,57,retired,unknown,basic.4y,no,no,telephone,may,1,999,0,nonexistent,0.15330099223687746,no,Low
7941,39,admin.,married,high.school,no,no,telephone,may,4,999,0,nonexistent,0.15320782935796268,no,Low
7942,37,admin.,single,high.school,yes,no,telephone,jul,34,999,0,nonexistent,0.15311463211533233,no,Low
7943,49,services,married,high.school,no,yes,telephone,may,2,999,0,nonexistent,0.15311143240405647,no,Low
7944,34,technician,married,university.degree,no,no,telephone,may,3,999,0,nonexistent,0.153046707524697,no,Low
7945,33,admin.,married,high.school,no,no,telephone,may,3,999,0,nonexistent,0.15282379395164147,no,Low
7946,35,blue-collar,married,basic.6y,yes,no,telephone,may,1,999,0,nonexistent,0.15278961889520196,no,Low
7947,35,admin.,married,university.degree,yes,no,telephone,may,3,999,0,nonexistent,0.15265691094650627,no,Low
7948,35,blue-collar,married,basic.6y,no,no,telephone,may,5,999,0,nonexistent,0.1525794563915241,no,Low
7949,36,management,married,university.degree,yes,no,telephone,may,1,999,0,nonexistent,0.1525104227298099,no,Low
7950,57,services,married,high.school,no,no,telephone,may,1,999,0,nonexistent,0.15228050502522805,no,Low
7951,39,admin.,married,university.degree,no,no,telephone,may,4,999,0,nonexistent,0.15205660144766855,no,Low
7952,46,blue-collar,married,basic.4y,no,no,telephone,may,1,999,0,nonexistent,0.15196756189341376,no,Low
7953,28,self-employed,married,professional.course,yes,no,telephone,may,1,999,0,nonexistent,0.15192875966462333,no,Low
7954,58,unknown,married,unknown,no,no,telephone,may,3,999,0,nonexistent,0.15191606595405924,no,Low
7955,38,admin.,married,university.degree,no,yes,telephone,may,1,999,0,nonexistent,0.15191013600506165,no,Low
7956,40,blue-collar,single,basic.4y,no,no,telephone,may,4,999,0,nonexistent,0.15173849067928272,no,Low
7957,27,admin.,divorced,high.school,no,no,telephone,may,4,999,0,nonexistent,0.1517123274167343,no,Low
7958,52,management,married,university.degree,no,no,telephone,may,4,999,0,nonexistent,0.15166031315405076,no,Low
7959,45,admin.,married,basic.6y,yes,no,telephone,may,4,999,0,nonexistent,0.15157328017883664,no,Low
7960,42,blue-collar,married,basic.4y,yes,no,telephone,may,3,999,0,nonexistent,0.15149521041663785,no,Low
7961,35,admin.,married,high.school,no,no,telephone,may,1,999,0,nonexistent,0.15147740676984842,no,Low
7962,35,self-employed,married,university.degree,yes,no,telephone,may,3,999,0,nonexistent,0.15143795889111084,no,Low
7963,33,services,single,high.school,unknown,unknown,telephone,may,1,999,0,nonexistent,0.15137179778211113,no,Low
7964,37,services,single,high.school,no,no,telephone,may,5,999,0,nonexistent,0.15134963927238607,no,Low
7965,34,admin.,married,high.school,no,no,telephone,may,1,999,0,nonexistent,0.1513285856197062,no,Low
7966,33,admin.,married,university.degree,yes,no,telephone,may,3,999,0,nonexistent,0.15121574322766707,no,Low
7967,39,technician,married,professional.course,no,no,telephone,may,2,999,0,nonexistent,0.15120310674859824,no,Low
7968,39,management,divorced,university.degree,yes,no,telephone,may,2,999,0,nonexistent,0.1511782853381509,no,Low
7969,59,retired,divorced,basic.4y,yes,no,telephone,may,3,999,0,nonexistent,0.15107604375130593,no,Low
7970,43,blue-collar,married,basic.6y,no,no,telephone,may,1,999,0,nonexistent,0.15091519817295476,no,Low
7971,40,admin.,married,basic.6y,yes,no,telephone,may,2,999,0,nonexistent,0.1508688399898672,no,Low
7972,53,unknown,married,high.school,no,no,telephone,may,2,999,0,nonexistent,0.15077647680395495,no,Low
7973,37,management,single,high.school,no,no,telephone,may,2,999,0,nonexistent,0.15077358698633364,no,Low
7974,31,admin.,married,university.degree,no,no,telephone,may,1,999,0,nonexistent,0.15043284263182563,no,Low
7975,42,blue-collar,married,basic.4y,yes,no,telephone,may,4,999,0,nonexistent,0.15038299058174162,no,Low
7976,36,management,married,university.degree,yes,no,telephone,may,1,999,0,nonexistent,0.15035833847401442,no,Low
7977,42,admin.,single,basic.9y,no,no,telephone,may,7,999,0,nonexistent,0.15033844525853893,no,Low
7978,52,management,divorced,university.degree,yes,no,telephone,may,4,999,0,nonexistent,0.15014982542352276,no,Low
7979,59,unknown,married,unknown,no,no,telephone,may,3,999,0,nonexistent,0.15006631057849731,no,Low
7980,42,admin.,married,university.degree,yes,no,telephone,may,4,999,0,nonexistent,0.15005217219205047,no,Low
7981,52,unemployed,married,unknown,no,no,telephone,may,3,999,0,nonexistent,0.14978172591893202,no,Low
7982,48,blue-collar,married,basic.4y,yes,no,telephone,may,1,999,0,nonexistent,0.14977345212815038,no,Low
7983,60,technician,married,professional.course,no,no,telephone,jul,15,999,0,nonexistent,0.14973837457188013,no,Low
7984,41,blue-collar,married,basic.9y,no,no,telephone,may,4,999,0,nonexistent,0.14969450248670063,no,Low
7985,37,self-employed,divorced,university.degree,yes,yes,telephone,may,1,999,0,nonexistent,0.14959796274137516,no,Low
7986,41,blue-collar,divorced,basic.6y,no,no,telephone,may,2,999,0,nonexistent,0.14958351866089228,no,Low
7987,31,unemployed,single,professional.course,no,no,telephone,may,12,999,0,nonexistent,0.14953382728605852,no,Low
7988,33,technician,married,professional.course,no,no,telephone,may,2,999,0,nonexistent,0.1494784334575823,no,Low
7989,49,admin.,married,high.school,no,yes,telephone,may,3,999,0,nonexistent,0.14945873631599144,no,Low
7990,34,services,married,high.school,no,no,telephone,may,1,999,0,nonexistent,0.1494497466023397,no,Low
7991,36,admin.,married,high.school,yes,no,telephone,may,1,999,0,nonexistent,0.14933941995338076,no,Low
7992,34,blue-collar,married,basic.4y,no,yes,telephone,may,2,999,1,failure,0.14933779315658094,no,Low
7993,35,blue-collar,married,professional.course,no,no,telephone,may,5,999,0,nonexistent,0.1493063061521631,no,Low
7994,40,admin.,married,university.degree,yes,no,telephone,may,1,999,0,nonexistent,0.14926872195288785,no,Low
7995,40,blue-collar,married,basic.6y,no,no,telephone,may,1,999,0,nonexistent,0.14926796488098912,no,Low
7996,28,admin.,single,university.degree,yes,no,telephone,jul,2,999,0,nonexistent,0.1490693680552331,no,Low
7997,50,blue-collar,married,basic.4y,yes,no,telephone,may,1,999,0,nonexistent,0.14901843204782908,no,Low
7998,48,blue-collar,married,professional.course,no,no,telephone,may,3,999,0,nonexistent,0.14896044335701972,no,Low
7999,48,management,divorced,university.degree,yes,no,telephone,may,5,999,0,nonexistent,0.1489373273970246,no,Low
8000,36,admin.,married,university.degree,yes,no,telephone,may,3,999,0,nonexistent,0.14892706771112701,no,Low
8001,38,blue-collar,married,basic.4y,yes,no,telephone,may,2,999,0,nonexistent,0.14878758718656684,no,Low
8002,46,blue-collar,single,professional.course,no,no,telephone,may,5,999,0,nonexistent,0.14878731866545003,no,Low
8003,60,retired,married,university.degree,unknown,unknown,telephone,may,1,999,0,nonexistent,0.14869985440315817,no,Low
8004,39,admin.,married,professional.course,yes,no,telephone,may,7,999,0,nonexistent,0.14868833446621876,no,Low
8005,28,self-employed,single,university.degree,no,no,telephone,may,5,999,0,nonexistent,0.1486043217540037,no,Low
8006,45,unknown,married,unknown,no,no,telephone,may,1,999,0,nonexistent,0.14859655538467711,no,Low
8007,60,admin.,married,university.degree,no,no,telephone,may,2,999,0,nonexistent,0.14843301739323467,no,Low
8008,37,blue-collar,married,professional.course,no,no,telephone,may,2,999,0,nonexistent,0.1483854776084681,no,Low
8009,34,blue-collar,married,basic.4y,yes,no,telephone,may,1,999,0,nonexistent,0.14837476765937058,no,Low
8010,58,blue-collar,married,basic.4y,yes,no,telephone,may,2,999,0,nonexistent,0.14818906778761218,no,Low
8011,27,admin.,divorced,high.school,yes,no,telephone,may,2,999,0,nonexistent,0.14810324748582596,no,Low
8012,57,unknown,married,unknown,yes,no,telephone,may,2,999,0,nonexistent,0.14806057922258056,no,Low
8013,44,technician,divorced,basic.9y,yes,yes,telephone,may,2,999,0,nonexistent,0.14792311070371902,no,Low
8014,52,self-employed,married,university.degree,no,no,telephone,may,1,999,0,nonexistent,0.1477274594972891,no,Low
8015,53,admin.,married,university.degree,yes,no,telephone,may,6,999,0,nonexistent,0.14758840695697897,no,Low
8016,39,blue-collar,divorced,basic.6y,yes,no,telephone,may,2,999,0,nonexistent,0.14756183205492132,no,Low
8017,43,technician,married,unknown,no,no,telephone,may,2,999,0,nonexistent,0.1474616832902212,no,Low
8018,54,blue-collar,married,basic.4y,no,no,telephone,may,1,999,0,nonexistent,0.1473656116719379,no,Low
8019,33,management,married,university.degree,yes,no,telephone,may,1,999,0,nonexistent,0.1472526669803527,no,Low
8020,43,technician,single,professional.course,no,no,telephone,may,3,999,0,nonexistent,0.14722168598388774,no,Low
8021,30,technician,single,professional.course,no,no,telephone,may,4,999,0,nonexistent,0.14715730586239165,no,Low
8022,43,management,married,high.school,no,no,telephone,may,3,999,0,nonexistent,0.14713453495702303,no,Low
8023,51,admin.,married,basic.6y,no,no,telephone,may,1,999,0,nonexistent,0.14711183261668162,no,Low
8024,54,blue-collar,married,basic.4y,no,no,telephone,may,6,999,1,failure,0.14710159762872818,no,Low
8025,58,admin.,married,basic.4y,no,yes,telephone,may,2,999,0,nonexistent,0.14708479137745462,no,Low
8026,47,entrepreneur,married,university.degree,no,no,telephone,may,1,999,0,nonexistent,0.14707371060063787,no,Low
8027,50,housemaid,divorced,basic.4y,no,no,telephone,may,1,999,0,nonexistent,0.1470257091908541,no,Low
8028,47,admin.,married,university.degree,no,no,telephone,may,3,999,0,nonexistent,0.14701109412860386,no,Low
8029,32,admin.,married,university.degree,no,yes,telephone,may,1,999,0,nonexistent,0.14690233127264649,no,Low
8030,41,management,married,university.degree,no,no,telephone,may,4,999,0,nonexistent,0.14677236894291446,no,Low
8031,32,admin.,divorced,high.school,no,no,telephone,may,1,999,0,nonexistent,0.14673932867176648,no,Low
8032,39,services,married,high.school,yes,no,telephone,may,1,999,1,failure,0.14668758920945954,no,Low
8033,36,admin.,married,university.degree,no,no,telephone,may,3,999,0,nonexistent,0.14666694143918446,no,Low
8034,46,blue-collar,married,basic.4y,no,yes,telephone,may,1,999,0,nonexistent,0.14664013474642623,no,Low
8035,57,self-employed,married,basic.9y,yes,yes,telephone,may,1,999,0,nonexistent,0.146441225326381,no,Low
8036,40,blue-collar,married,basic.9y,no,no,telephone,may,4,999,0,nonexistent,0.14636792321296774,no,Low
8037,36,blue-collar,married,high.school,no,no,telephone,may,3,999,0,nonexistent,0.1463586198322047,no,Low
8038,29,technician,married,university.degree,yes,no,telephone,jul,1,999,0,nonexistent,0.14632013754386325,no,Low
8039,52,management,married,professional.course,yes,no,telephone,may,9,999,0,nonexistent,0.14616445722452548,no,Low
8041,36,admin.,married,university.degree,no,no,telephone,may,1,999,0,nonexistent,0.14599676612981574,no,Low
8040,36,admin.,married,university.degree,no,no,telephone,may,1,999,0,nonexistent,0.14599676612981574,no,Low
8042,33,admin.,divorced,high.school,no,no,telephone,may,1,999,0,nonexistent,0.14590055266973542,no,Low
8043,34,admin.,divorced,university.degree,no,no,telephone,jul,1,999,0,nonexistent,0.1458723114728707,no,Low
8044,48,admin.,divorced,high.school,no,no,telephone,may,1,999,0,nonexistent,0.14585765368432108,no,Low
8045,36,management,married,university.degree,yes,no,telephone,may,2,999,0,nonexistent,0.14584621520106436,no,Low
8046,36,self-employed,single,professional.course,yes,no,telephone,may,4,999,0,nonexistent,0.14583494287100676,no,Low
8047,35,self-employed,married,university.degree,no,no,telephone,may,1,999,0,nonexistent,0.14577378318054762,no,Low
8048,33,admin.,married,unknown,yes,no,telephone,may,1,999,0,nonexistent,0.14576578148798136,no,Low
8049,36,services,married,high.school,no,no,telephone,may,2,999,0,nonexistent,0.14568580285579727,no,Low
8050,39,management,divorced,university.degree,yes,no,telephone,may,3,999,0,nonexistent,0.14559583604286092,no,Low
8051,45,services,divorced,high.school,no,no,telephone,may,12,999,0,nonexistent,0.1455591651539978,no,Low
8052,36,blue-collar,married,basic.4y,yes,no,telephone,may,3,999,0,nonexistent,0.145334041830383,no,Low
8053,36,technician,married,professional.course,yes,no,telephone,may,4,999,0,nonexistent,0.14523171860875042,no,Low
8054,38,blue-collar,divorced,unknown,no,no,telephone,may,3,999,0,nonexistent,0.14516842025613177,no,Low
8055,34,admin.,married,professional.course,yes,no,telephone,may,2,999,0,nonexistent,0.14502971259644473,no,Low
8056,45,blue-collar,married,unknown,no,no,telephone,may,1,999,0,nonexistent,0.14481566806513538,no,Low
8057,38,management,married,unknown,no,no,telephone,may,5,999,1,failure,0.1447751928592282,no,Low
8058,39,blue-collar,single,basic.4y,no,no,telephone,may,6,999,0,nonexistent,0.14472464105415941,no,Low
8059,45,admin.,married,unknown,no,no,telephone,may,1,999,0,nonexistent,0.1444778039821528,no,Low
8060,34,admin.,married,university.degree,no,yes,telephone,may,2,999,0,nonexistent,0.144472390916449,no,Low
8061,35,admin.,single,basic.4y,no,no,telephone,may,3,999,0,nonexistent,0.14431856127100226,no,Low
8062,37,services,married,high.school,no,no,telephone,may,1,999,0,nonexistent,0.1442071249331101,no,Low
8063,39,admin.,divorced,basic.9y,no,no,telephone,may,1,999,1,failure,0.14419144909816844,no,Low
8064,40,self-employed,married,university.degree,no,no,telephone,may,3,999,0,nonexistent,0.14401349334874564,no,Low
8065,36,technician,married,university.degree,no,no,telephone,may,1,999,0,nonexistent,0.14397282528887462,no,Low
8066,51,admin.,married,basic.6y,yes,no,telephone,may,1,999,0,nonexistent,0.14394807793044198,no,Low
8067,37,management,married,university.degree,yes,no,telephone,may,1,999,0,nonexistent,0.14394420832878715,no,Low
8068,33,technician,single,basic.9y,no,no,telephone,may,6,999,1,failure,0.14380680364144588,no,Low
8069,54,technician,married,high.school,no,no,telephone,may,12,999,0,nonexistent,0.14380514431626676,no,Low
8070,48,admin.,divorced,high.school,no,no,telephone,may,2,999,0,nonexistent,0.1436709947801294,no,Low
8071,56,blue-collar,married,basic.4y,no,no,telephone,may,1,999,0,nonexistent,0.14326410087110641,no,Low
8072,31,technician,married,professional.course,yes,no,telephone,may,6,999,0,nonexistent,0.14322751193219355,no,Low
8073,47,services,married,unknown,no,no,telephone,may,2,999,0,nonexistent,0.14309305103687284,no,Low
8074,52,services,married,unknown,no,no,telephone,may,1,999,0,nonexistent,0.14305158101270826,no,Low
8075,41,management,married,unknown,no,no,telephone,may,1,999,0,nonexistent,0.14301806196701097,no,Low
8076,31,blue-collar,married,basic.4y,no,no,telephone,may,1,999,0,nonexistent,0.14292165908046228,no,Low
8077,40,blue-collar,married,unknown,no,no,telephone,may,2,999,0,nonexistent,0.1427515674192429,no,Low
8078,26,services,divorced,professional.course,no,no,telephone,may,1,999,0,nonexistent,0.14274501618070526,no,Low
8079,36,services,married,high.school,no,no,telephone,may,1,999,0,nonexistent,0.14273873076205246,no,Low
8080,35,admin.,divorced,university.degree,no,no,telephone,may,3,999,0,nonexistent,0.14260246224078912,no,Low
8081,38,admin.,married,basic.9y,no,no,telephone,may,2,999,0,nonexistent,0.1425815867620448,no,Low
8082,57,retired,unknown,basic.4y,yes,no,telephone,may,10,999,0,nonexistent,0.14212454893939083,no,Low
8083,44,entrepreneur,married,basic.4y,no,no,telephone,may,2,999,0,nonexistent,0.14206180129935522,no,Low
8084,42,admin.,married,unknown,no,no,telephone,may,1,999,0,nonexistent,0.14186487171282908,no,Low
8085,52,technician,married,basic.9y,no,no,telephone,may,1,999,0,nonexistent,0.14185401167170986,no,Low
8086,40,blue-collar,married,unknown,no,no,telephone,may,2,999,0,nonexistent,0.1418232978092177,no,Low
8087,52,technician,married,professional.course,yes,no,telephone,jul,20,999,0,nonexistent,0.1417038620630257,no,Low
8088,36,blue-collar,married,high.school,no,no,telephone,may,1,999,0,nonexistent,0.14170263470434044,no,Low
8089,38,blue-collar,married,professional.course,yes,no,telephone,may,3,999,1,failure,0.14167532827718504,no,Low
8090,37,blue-collar,married,basic.6y,no,no,telephone,may,3,999,0,nonexistent,0.14151650132711863,no,Low
8091,38,admin.,married,high.school,yes,no,telephone,may,9,999,0,nonexistent,0.14126966619625014,no,Low
8092,52,self-employed,married,basic.9y,yes,no,telephone,may,4,999,0,nonexistent,0.14107512810488085,no,Low
8093,44,admin.,divorced,university.degree,yes,yes,telephone,may,1,999,0,nonexistent,0.14107333963388324,no,Low
8094,37,blue-collar,married,basic.9y,no,no,telephone,may,3,999,0,nonexistent,0.14105602815679188,no,Low
8095,36,blue-collar,married,unknown,no,no,telephone,may,1,999,0,nonexistent,0.14092103614932913,no,Low
8096,35,blue-collar,divorced,high.school,yes,no,telephone,may,2,999,0,nonexistent,0.14081720975644563,no,Low
8097,41,management,married,high.school,no,no,telephone,may,2,999,0,nonexistent,0.14072671902793416,no,Low
8098,47,services,divorced,high.school,no,no,telephone,may,1,999,0,nonexistent,0.14069245086940646,no,Low
8099,43,entrepreneur,married,basic.4y,no,no,telephone,may,1,999,0,nonexistent,0.14063816659136122,no,Low
8100,38,management,married,basic.9y,no,no,telephone,may,1,999,0,nonexistent,0.14062421593554386,no,Low
8101,42,blue-collar,divorced,high.school,no,no,telephone,may,2,999,0,nonexistent,0.14053337669367633,no,Low
8102,36,admin.,married,high.school,no,no,telephone,may,2,999,0,nonexistent,0.14031280466574367,no,Low
8103,36,admin.,married,high.school,no,no,telephone,may,2,999,0,nonexistent,0.14031280466574367,no,Low
8104,36,technician,single,professional.course,no,no,telephone,may,1,999,0,nonexistent,0.14008835073929785,no,Low
8105,41,blue-collar,divorced,basic.4y,yes,no,telephone,may,1,999,0,nonexistent,0.14008816102904295,no,Low
8106,42,technician,married,professional.course,no,no,telephone,may,1,999,0,nonexistent,0.13992156560702854,no,Low
8107,51,services,divorced,basic.6y,no,yes,telephone,may,3,999,0,nonexistent,0.13991599527576776,no,Low
8108,42,blue-collar,married,basic.9y,no,no,telephone,may,1,999,0,nonexistent,0.13983476962544975,no,Low
8109,39,blue-collar,married,basic.9y,no,no,telephone,may,4,999,0,nonexistent,0.13950422078287922,no,Low
8110,45,unknown,married,unknown,no,no,telephone,may,1,999,0,nonexistent,0.13943982406703154,no,Low
8111,41,technician,married,professional.course,no,no,telephone,may,2,999,0,nonexistent,0.1393317971139216,no,Low
8112,35,management,married,professional.course,no,no,telephone,may,1,999,0,nonexistent,0.13928402564569606,no,Low
8113,39,management,married,university.degree,no,no,telephone,may,2,999,0,nonexistent,0.13900434091587943,no,Low
8114,48,admin.,married,basic.9y,no,no,telephone,may,1,999,0,nonexistent,0.13896140519361097,no,Low
8115,45,unknown,married,unknown,no,no,telephone,may,13,999,0,nonexistent,0.13894019194876342,no,Low
8116,47,admin.,married,basic.4y,no,no,telephone,may,2,999,0,nonexistent,0.1388558697536885,no,Low
8117,43,admin.,married,unknown,no,no,telephone,may,1,999,0,nonexistent,0.1388428940659737,no,Low
8118,54,admin.,married,high.school,yes,no,telephone,jun,12,999,0,nonexistent,0.1386415605526692,no,Low
8119,35,technician,married,professional.course,no,no,telephone,may,3,999,0,nonexistent,0.13858830800446736,no,Low
8120,33,admin.,single,high.school,unknown,unknown,telephone,may,3,999,0,nonexistent,0.13843614601149679,no,Low
8121,57,management,divorced,university.degree,no,no,telephone,may,2,999,0,nonexistent,0.13838419106045688,no,Low
8122,42,management,married,university.degree,no,no,telephone,may,1,999,0,nonexistent,0.13834811562314267,no,Low
8123,26,admin.,single,high.school,yes,no,telephone,may,7,999,0,nonexistent,0.13821148649216178,no,Low
8124,39,technician,single,professional.course,no,no,telephone,may,5,999,0,nonexistent,0.13798809799068848,no,Low
8125,43,self-employed,divorced,university.degree,no,no,telephone,may,1,999,0,nonexistent,0.13797005604995696,no,Low
8126,55,technician,married,basic.4y,no,yes,telephone,may,1,999,0,nonexistent,0.1379564756248369,no,Low
8127,50,technician,married,professional.course,no,no,telephone,may,1,999,0,nonexistent,0.13785685917617355,no,Low
8128,41,admin.,single,basic.6y,unknown,unknown,telephone,may,1,999,0,nonexistent,0.13770536162002187,no,Low
8129,57,blue-collar,divorced,professional.course,yes,no,telephone,may,2,999,0,nonexistent,0.137332334609676,no,Low
8130,36,admin.,divorced,high.school,yes,no,telephone,may,3,999,0,nonexistent,0.13730139192413268,no,Low
8131,47,services,married,high.school,no,no,telephone,may,2,999,0,nonexistent,0.13721736026157513,no,Low
8132,47,admin.,married,university.degree,no,no,telephone,may,1,999,0,nonexistent,0.1369287321159001,no,Low
8133,37,unemployed,married,university.degree,unknown,unknown,telephone,may,2,999,0,nonexistent,0.13664315109512043,no,Low
8134,40,technician,divorced,professional.course,no,no,telephone,may,1,999,0,nonexistent,0.13646065434473628,no,Low
8135,49,management,divorced,university.degree,no,yes,telephone,may,2,999,0,nonexistent,0.13645561425211444,no,Low
8136,31,blue-collar,divorced,professional.course,yes,no,telephone,may,7,999,0,nonexistent,0.1364354418581405,no,Low
8137,36,technician,married,professional.course,no,no,telephone,may,1,999,0,nonexistent,0.1362446393531753,no,Low
8138,42,management,married,unknown,no,no,telephone,may,2,999,0,nonexistent,0.13615189382667117,no,Low
8139,47,retired,married,basic.4y,unknown,unknown,telephone,may,2,999,0,nonexistent,0.13581322756622918,no,Low
8140,37,admin.,married,high.school,yes,no,telephone,may,1,999,0,nonexistent,0.1357899795003494,no,Low
8141,49,management,divorced,high.school,yes,no,telephone,may,1,999,0,nonexistent,0.13567456869546868,no,Low
8142,49,blue-collar,married,basic.4y,yes,no,telephone,may,3,999,0,nonexistent,0.1354846517936082,no,Low
8143,38,technician,married,professional.course,no,no,telephone,may,1,999,0,nonexistent,0.13547017765035677,no,Low
8144,36,admin.,married,high.school,yes,no,telephone,may,2,999,0,nonexistent,0.13505853724282582,no,Low
8145,40,admin.,married,university.degree,no,yes,telephone,may,1,999,0,nonexistent,0.1349171912332991,no,Low
8146,37,admin.,married,high.school,yes,yes,telephone,may,1,999,0,nonexistent,0.1348837700309757,no,Low
8147,45,blue-collar,married,basic.4y,no,no,telephone,may,1,999,0,nonexistent,0.13476192883727736,no,Low
8148,58,admin.,married,unknown,yes,no,telephone,may,2,999,0,nonexistent,0.13460299245034762,no,Low
8149,44,management,married,university.degree,no,no,telephone,may,1,999,0,nonexistent,0.13440049060215806,no,Low
8150,52,technician,divorced,university.degree,no,no,telephone,may,3,999,0,nonexistent,0.13417104444351796,no,Low
8151,36,technician,married,university.degree,no,no,telephone,may,14,999,0,nonexistent,0.1340715742278763,no,Low
8152,43,unemployed,married,university.degree,unknown,unknown,telephone,may,2,999,0,nonexistent,0.1339877685307364,no,Low
8153,42,blue-collar,married,basic.4y,no,no,telephone,may,1,999,0,nonexistent,0.13392741334187278,no,Low
8154,35,technician,married,professional.course,no,no,telephone,may,3,999,0,nonexistent,0.13390185240544264,no,Low
8155,58,blue-collar,divorced,basic.4y,yes,no,telephone,may,1,999,0,nonexistent,0.13365240627012423,no,Low
8156,56,entrepreneur,married,university.degree,no,no,telephone,may,1,999,0,nonexistent,0.13363427744706166,no,Low
8157,46,blue-collar,married,basic.4y,yes,no,telephone,may,2,999,0,nonexistent,0.13352298435659438,no,Low
8158,39,technician,married,professional.course,no,no,telephone,may,2,999,0,nonexistent,0.13341065000596183,no,Low
8159,54,management,divorced,university.degree,no,no,telephone,may,2,999,0,nonexistent,0.1332556265804149,no,Low
8160,31,management,married,high.school,no,no,telephone,may,1,999,0,nonexistent,0.13313335034871,no,Low
8161,45,blue-collar,married,basic.4y,no,no,telephone,may,1,999,0,nonexistent,0.13247833919338678,no,Low
8162,46,blue-collar,married,basic.4y,no,no,telephone,may,1,999,0,nonexistent,0.13227654864605906,no,Low
8163,50,housemaid,divorced,basic.4y,yes,yes,telephone,may,1,999,0,nonexistent,0.1319900909257875,no,Low
8164,43,admin.,divorced,high.school,no,no,telephone,may,1,999,0,nonexistent,0.13193471500612947,no,Low
8165,51,services,married,high.school,yes,no,telephone,jun,28,999,0,nonexistent,0.1318908039962313,no,Low
8166,50,admin.,married,high.school,no,no,telephone,may,3,999,0,nonexistent,0.13179725062784922,no,Low
8167,42,management,married,university.degree,no,no,telephone,may,1,999,0,nonexistent,0.1317861913939617,no,Low
8168,33,management,married,high.school,no,no,telephone,may,1,999,0,nonexistent,0.13171264467696273,no,Low
8169,37,blue-collar,married,basic.4y,no,no,telephone,may,2,999,0,nonexistent,0.131624776544048,no,Low
8170,49,unknown,married,unknown,no,no,telephone,may,1,999,0,nonexistent,0.13133487248150752,no,Low
8171,43,management,married,university.degree,no,no,telephone,may,4,999,0,nonexistent,0.13132503124464473,no,Low
8172,42,services,divorced,high.school,no,no,telephone,may,1,999,0,nonexistent,0.13123066134095485,no,Low
8173,43,blue-collar,married,basic.4y,no,no,telephone,may,1,999,0,nonexistent,0.1308927505169942,no,Low
8174,41,blue-collar,married,basic.4y,no,no,telephone,may,7,999,0,nonexistent,0.13074379875246311,no,Low
8175,53,retired,divorced,high.school,unknown,unknown,telephone,may,2,999,0,nonexistent,0.13069555555938114,no,Low
8176,37,blue-collar,married,basic.4y,no,no,telephone,may,2,999,0,nonexistent,0.13068876319785597,no,Low
8177,48,blue-collar,married,basic.4y,no,no,telephone,may,1,999,0,nonexistent,0.13015108673800135,no,Low
8178,49,housemaid,married,basic.4y,unknown,unknown,telephone,may,2,999,0,nonexistent,0.1296032935136598,no,Low
8179,48,technician,married,basic.4y,no,no,telephone,may,2,999,0,nonexistent,0.1293495764876312,no,Low
8180,36,management,divorced,high.school,no,no,telephone,may,7,999,0,nonexistent,0.12870697488112615,no,Low
8181,33,management,married,university.degree,no,no,telephone,may,3,999,0,nonexistent,0.12805801589462296,no,Low
8182,54,blue-collar,married,basic.4y,no,no,telephone,may,1,999,0,nonexistent,0.12765741799318234,no,Low
8183,34,management,married,university.degree,no,no,telephone,may,1,999,0,nonexistent,0.12714213587337192,no,Low
8184,37,blue-collar,divorced,basic.9y,no,no,telephone,may,4,999,0,nonexistent,0.12616359716093603,no,Low
8185,49,technician,married,unknown,yes,no,cellular,jul,14,999,0,nonexistent,0.12501710400781305,no,Low
8186,55,retired,divorced,high.school,yes,no,telephone,may,1,999,0,nonexistent,0.12497840012538582,no,Low
8187,53,blue-collar,married,basic.4y,no,no,telephone,may,2,999,0,nonexistent,0.1249179807228532,no,Low
8188,56,admin.,divorced,unknown,no,no,telephone,may,2,999,0,nonexistent,0.12488333661472971,no,Low
8189,33,unemployed,divorced,professional.course,unknown,unknown,telephone,may,3,999,0,nonexistent,0.12473029855833467,no,Low
8190,45,management,divorced,university.degree,no,no,telephone,may,2,999,0,nonexistent,0.1243416812980813,no,Low
8191,39,services,divorced,high.school,no,no,telephone,may,1,999,0,nonexistent,0.12424748945366318,no,Low
8192,56,admin.,married,unknown,yes,no,telephone,may,1,999,0,nonexistent,0.12406969051797735,no,Low
8193,49,entrepreneur,married,professional.course,unknown,unknown,telephone,may,2,999,0,nonexistent,0.12351919466547291,no,Low
8194,38,management,married,university.degree,no,no,telephone,may,2,999,0,nonexistent,0.12351291272796658,no,Low
8195,46,unknown,married,basic.4y,no,no,telephone,may,2,999,0,nonexistent,0.12349894623820634,no,Low
8196,57,management,divorced,university.degree,no,no,telephone,may,1,999,0,nonexistent,0.12335285336935882,no,Low
8197,33,admin.,divorced,high.school,no,no,telephone,may,2,999,0,nonexistent,0.12322586633952727,no,Low
8198,48,blue-collar,divorced,basic.4y,no,no,telephone,may,7,999,0,nonexistent,0.12286097388442102,no,Low
8199,45,unknown,married,unknown,unknown,unknown,telephone,may,1,999,0,nonexistent,0.12270959377364868,no,Low
8200,37,blue-collar,married,basic.4y,no,no,telephone,may,1,999,0,nonexistent,0.12234492969785964,no,Low
8201,43,technician,divorced,professional.course,unknown,unknown,telephone,may,2,999,0,nonexistent,0.12155711361099844,no,Low
8202,38,admin.,married,high.school,yes,no,telephone,jul,18,999,0,nonexistent,0.12076248848317149,no,Low
8203,33,housemaid,married,basic.4y,unknown,unknown,telephone,may,8,999,0,nonexistent,0.12054071033737325,no,Low
8204,48,blue-collar,married,basic.4y,no,no,telephone,may,4,999,0,nonexistent,0.12053510096798661,no,Low
8205,43,management,married,unknown,no,no,telephone,may,2,999,0,nonexistent,0.12037549144793892,no,Low
8206,44,blue-collar,married,basic.9y,unknown,unknown,telephone,may,1,999,0,nonexistent,0.1201786454732761,no,Low
8207,42,blue-collar,married,basic.4y,no,no,telephone,may,3,999,0,nonexistent,0.11984181842576817,no,Low
8208,28,self-employed,single,university.degree,yes,no,telephone,jul,19,999,0,nonexistent,0.11963100402197334,no,Low
8209,47,management,divorced,basic.4y,no,no,telephone,may,2,999,0,nonexistent,0.1188748278579431,no,Low
8210,47,management,divorced,university.degree,no,no,telephone,may,2,999,0,nonexistent,0.11885916237757761,no,Low
8211,56,retired,divorced,basic.4y,no,no,telephone,may,3,999,0,nonexistent,0.11867523510357596,no,Low
8212,41,admin.,married,basic.4y,no,yes,telephone,may,1,999,0,nonexistent,0.11864824078279225,no,Low
8213,42,self-employed,married,university.degree,yes,no,telephone,jul,14,999,0,nonexistent,0.11804741637878735,no,Low
8214,48,technician,single,unknown,unknown,unknown,telephone,may,19,999,0,nonexistent,0.11698723548084734,no,Low
8215,36,management,married,university.degree,no,no,telephone,may,2,999,0,nonexistent,0.11680938376213511,no,Low
8216,37,technician,married,professional.course,no,no,telephone,jul,32,999,0,nonexistent,0.11671345544479547,no,Low
8217,35,admin.,married,high.school,unknown,unknown,telephone,may,1,999,0,nonexistent,0.11604724773154947,no,Low
8218,35,admin.,single,high.school,no,no,telephone,may,4,999,1,failure,0.11582539072813672,no,Low
8219,46,admin.,divorced,high.school,yes,no,telephone,may,2,999,0,nonexistent,0.11475599310333606,no,Low
8220,57,blue-collar,divorced,basic.4y,yes,no,telephone,may,1,999,0,nonexistent,0.1142368972015988,no,Low
8221,47,admin.,divorced,professional.course,no,no,telephone,may,2,999,0,nonexistent,0.11396826653589644,no,Low
8222,33,admin.,married,basic.9y,unknown,unknown,telephone,may,1,999,0,nonexistent,0.1125593069644028,no,Low
8223,49,management,divorced,high.school,no,no,telephone,may,1,999,0,nonexistent,0.11053574537009164,no,Low
8224,30,self-employed,married,university.degree,yes,no,telephone,jul,20,999,0,nonexistent,0.11048676102161345,no,Low
8225,40,blue-collar,married,basic.4y,unknown,unknown,telephone,may,1,999,0,nonexistent,0.10821081298678074,no,Low
8226,33,blue-collar,married,basic.9y,unknown,unknown,telephone,may,1,999,0,nonexistent,0.10737646977107383,no,Low
8227,52,blue-collar,single,basic.4y,unknown,unknown,telephone,may,2,999,0,nonexistent,0.10713939429917642,no,Low
8228,36,admin.,married,high.school,unknown,unknown,telephone,may,1,999,0,nonexistent,0.10697167619661258,no,Low
8229,51,blue-collar,divorced,basic.4y,no,no,telephone,may,1,999,0,nonexistent,0.10683621985187834,no,Low
8230,38,blue-collar,married,basic.6y,unknown,unknown,telephone,may,3,999,0,nonexistent,0.10671320507541152,no,Low
8231,30,technician,married,professional.course,unknown,unknown,telephone,may,2,999,0,nonexistent,0.10593638269423876,no,Low
8232,57,blue-collar,divorced,basic.4y,no,no,telephone,may,2,999,0,nonexistent,0.1041003271816975,no,Low
8233,48,management,married,university.degree,unknown,unknown,telephone,may,2,999,0,nonexistent,0.10008167097773059,no,Low
8234,39,admin.,married,university.degree,unknown,unknown,telephone,may,2,999,0,nonexistent,0.09931666397411658,no,Low
8235,34,self-employed,married,professional.course,unknown,unknown,telephone,may,4,999,0,nonexistent,0.09711754620012103,no,Low
8236,49,blue-collar,married,basic.4y,unknown,unknown,telephone,may,1,999,0,nonexistent,0.09687816483061071,no,Low
8237,38,admin.,married,high.school,unknown,unknown,telephone,may,16,999,0,nonexistent,0.09650002597604365,no,Low
8238,30,management,married,university.degree,unknown,unknown,telephone,may,1,999,0,nonexistent,0.09277914879481228,no,Low
