customer_rank,subscription_probability,predicted_subscription,campaign_priority,age,job,marital,education,default,housing,loan,contact,month,day_of_week,duration,campaign,pdays,previous,poutcome,emp.var.rate,cons.price.idx,cons.conf.idx,euribor3m,nr.employed,y
1,0.985016,yes,High,75,retired,married,basic.4y,no,no,no,cellular,aug,wed,248,2,6,3,success,-1.7,94.027,-38.3,0.903,4991.6,yes
2,0.984596,yes,High,60,admin.,married,unknown,no,yes,no,cellular,may,wed,762,1,6,2,success,-1.8,93.876,-40.0,0.682,5008.7,yes
3,0.984401,yes,High,66,admin.,divorced,university.degree,no,yes,no,cellular,aug,wed,222,3,6,2,success,-1.7,94.027,-38.3,0.903,4991.6,yes
4,0.984296,yes,High,44,management,married,university.degree,no,no,no,cellular,sep,wed,210,1,3,3,success,-1.1,94.199,-37.5,0.88,4963.6,yes
5,0.98405,yes,High,65,retired,married,professional.course,no,yes,no,cellular,aug,tue,261,1,6,3,success,-1.7,94.027,-38.3,0.904,4991.6,yes
6,0.983909,yes,High,53,management,divorced,university.degree,no,no,no,cellular,sep,tue,404,2,3,2,success,-1.1,94.199,-37.5,0.877,4963.6,yes
7,0.98385,yes,High,41,admin.,married,unknown,no,no,no,cellular,sep,wed,845,1,7,3,success,-1.1,94.199,-37.5,0.886,4963.6,yes
8,0.983442,yes,High,64,retired,married,university.degree,no,no,no,cellular,mar,tue,139,2,6,1,success,-1.8,93.369,-34.8,0.652,5008.7,yes
9,0.983394,yes,High,64,retired,married,university.degree,no,no,no,cellular,mar,tue,700,2,5,1,success,-1.8,93.369,-34.8,0.652,5008.7,yes
10,0.983191,yes,High,66,retired,married,basic.4y,no,yes,no,cellular,mar,tue,229,1,6,1,success,-1.8,93.369,-34.8,0.655,5008.7,yes
11,0.982884,yes,High,34,admin.,single,university.degree,no,yes,no,cellular,mar,tue,568,1,6,3,success,-1.8,93.369,-34.8,0.652,5008.7,yes
12,0.982832,yes,High,60,management,married,unknown,no,yes,no,cellular,may,thu,336,3,3,5,success,-1.8,93.876,-40.0,0.683,5008.7,yes
13,0.982823,yes,High,57,management,married,university.degree,no,no,no,cellular,sep,fri,277,2,6,2,success,-1.1,94.199,-37.5,0.883,4963.6,yes
14,0.982638,yes,High,45,management,married,university.degree,no,no,no,cellular,sep,wed,293,2,3,2,success,-1.1,94.199,-37.5,0.886,4963.6,yes
15,0.982538,yes,High,55,unemployed,divorced,university.degree,no,no,no,cellular,mar,tue,212,3,6,3,success,-1.8,93.369,-34.8,0.652,5008.7,yes
16,0.982433,yes,High,41,admin.,divorced,high.school,no,yes,no,cellular,aug,fri,258,2,6,3,success,-1.7,94.027,-38.3,0.905,4991.6,yes
17,0.982132,yes,High,76,retired,married,university.degree,no,yes,no,cellular,aug,thu,504,2,6,3,success,-1.7,94.027,-38.3,0.899,4991.6,yes
18,0.981965,yes,High,37,admin.,married,university.degree,no,no,no,cellular,sep,wed,265,2,6,2,success,-1.1,94.199,-37.5,0.886,4963.6,yes
19,0.981958,yes,High,34,admin.,single,university.degree,no,yes,yes,cellular,mar,tue,301,1,3,2,success,-1.8,93.369,-34.8,0.652,5008.7,yes
20,0.98167,yes,High,58,admin.,married,high.school,no,no,no,cellular,sep,thu,337,1,6,1,success,-1.1,94.199,-37.5,0.878,4963.6,yes
21,0.98145,yes,High,35,admin.,married,university.degree,no,yes,no,cellular,aug,wed,765,2,6,3,success,-1.7,94.027,-38.3,0.903,4991.6,yes
22,0.981317,yes,High,41,admin.,divorced,high.school,no,yes,no,cellular,aug,fri,178,1,6,2,success,-1.7,94.027,-38.3,0.905,4991.6,yes
23,0.981222,yes,High,68,retired,married,basic.4y,no,yes,yes,cellular,may,fri,220,1,6,1,success,-1.8,93.876,-40.0,0.684,5008.7,yes
24,0.981212,yes,High,48,unemployed,married,professional.course,no,yes,no,cellular,may,wed,236,1,6,2,success,-1.8,93.876,-40.0,0.682,5008.7,yes
25,0.980957,yes,High,83,retired,married,university.degree,no,yes,no,cellular,jul,tue,178,1,6,2,success,-1.7,94.215,-40.3,0.835,4991.6,yes
26,0.980909,yes,High,47,admin.,married,university.degree,no,no,no,cellular,aug,wed,470,1,4,2,success,-1.7,94.027,-38.3,0.9,4991.6,yes
27,0.980814,yes,High,55,admin.,divorced,high.school,no,yes,no,cellular,aug,tue,244,2,6,3,success,-1.7,94.027,-38.3,0.904,4991.6,yes
28,0.980629,yes,High,41,technician,divorced,university.degree,no,yes,no,cellular,aug,fri,366,2,6,3,success,-1.7,94.027,-38.3,0.905,4991.6,yes
29,0.980403,yes,High,59,admin.,married,university.degree,no,no,yes,cellular,sep,wed,193,1,3,1,success,-1.1,94.199,-37.5,0.886,4963.6,yes
30,0.980391,yes,High,60,retired,married,high.school,no,no,no,cellular,sep,wed,200,1,6,1,success,-1.1,94.199,-37.5,0.876,4963.6,yes
31,0.980332,yes,High,85,retired,married,basic.4y,no,no,no,cellular,sep,tue,728,1,3,2,success,-1.1,94.199,-37.5,0.881,4963.6,yes
32,0.980258,yes,High,40,admin.,single,basic.9y,no,yes,no,cellular,may,thu,234,1,3,3,success,-1.8,93.876,-40.0,0.683,5008.7,yes
33,0.980008,yes,High,36,management,divorced,university.degree,no,no,no,cellular,sep,tue,190,3,6,1,success,-1.1,94.199,-37.5,0.881,4963.6,yes
34,0.979996,yes,High,41,unemployed,married,basic.9y,no,yes,no,cellular,may,thu,306,1,6,4,success,-1.8,93.876,-40.0,0.683,5008.7,yes
35,0.979934,yes,High,76,retired,married,basic.4y,no,yes,no,cellular,may,fri,1205,2,6,2,success,-1.8,93.876,-40.0,0.684,5008.7,yes
36,0.979868,yes,High,66,blue-collar,married,unknown,no,yes,no,cellular,may,wed,171,2,6,2,success,-1.8,93.876,-40.0,0.682,5008.7,yes
37,0.979811,yes,High,36,management,divorced,university.degree,no,yes,no,cellular,sep,tue,337,1,6,1,success,-1.1,94.199,-37.5,0.881,4963.6,yes
38,0.979793,yes,High,33,admin.,married,university.degree,no,yes,no,cellular,aug,thu,265,1,3,3,success,-1.7,94.027,-38.3,0.899,4991.6,yes
39,0.979719,yes,High,64,retired,married,university.degree,no,no,no,cellular,mar,fri,158,1,3,2,success,-1.8,93.369,-34.8,0.653,5008.7,no
40,0.979571,yes,High,42,management,married,university.degree,no,yes,no,cellular,sep,wed,232,1,3,2,success,-1.1,94.199,-37.5,0.886,4963.6,yes
41,0.979556,yes,High,77,retired,married,university.degree,no,yes,no,cellular,may,wed,152,1,6,4,success,-1.8,93.876,-40.0,0.682,5008.7,yes
42,0.979491,yes,High,52,management,married,university.degree,no,yes,no,cellular,may,fri,787,3,3,3,success,-1.8,93.876,-40.0,0.684,5008.7,yes
43,0.979401,yes,High,37,services,married,high.school,no,no,no,cellular,jul,thu,346,1,6,2,success,-1.7,94.215,-40.3,0.846,4991.6,yes
44,0.979177,yes,High,40,admin.,single,basic.9y,no,yes,no,cellular,may,thu,356,1,2,3,success,-1.8,93.876,-40.0,0.683,5008.7,yes
45,0.979087,yes,High,70,retired,married,basic.4y,no,yes,no,cellular,may,thu,331,1,3,2,success,-1.8,93.876,-40.0,0.683,5008.7,yes
46,0.978845,yes,High,48,housemaid,married,professional.course,no,yes,no,cellular,jul,wed,496,2,6,2,success,-1.7,94.215,-40.3,0.896,4991.6,yes
47,0.978815,yes,High,92,retired,married,unknown,no,yes,no,cellular,may,thu,271,1,6,2,success,-1.8,93.876,-40.0,0.683,5008.7,no
48,0.978761,yes,High,52,admin.,married,university.degree,no,no,no,cellular,mar,tue,231,1,6,2,success,-1.8,93.369,-34.8,0.646,5008.7,yes
49,0.978558,yes,High,34,admin.,single,university.degree,no,no,no,cellular,mar,tue,241,1,6,1,success,-1.8,93.369,-34.8,0.652,5008.7,yes
50,0.978542,yes,High,45,management,married,university.degree,no,yes,no,cellular,jul,thu,138,2,6,2,success,-1.7,94.215,-40.3,0.884,4991.6,yes
51,0.97853,yes,High,36,admin.,married,university.degree,no,yes,yes,cellular,may,thu,1178,1,6,2,success,-1.8,93.876,-40.0,0.699,5008.7,yes
52,0.978398,yes,High,41,unemployed,married,high.school,no,no,no,cellular,sep,wed,182,1,6,3,success,-1.1,94.199,-37.5,0.879,4963.6,yes
53,0.977755,yes,High,66,retired,married,unknown,no,yes,no,cellular,sep,tue,1394,2,6,1,success,-1.1,94.199,-37.5,0.881,4963.6,yes
54,0.977698,yes,High,41,admin.,divorced,university.degree,no,yes,no,cellular,mar,fri,498,2,6,3,success,-1.8,93.369,-34.8,0.653,5008.7,yes
55,0.977688,yes,High,67,housemaid,divorced,professional.course,no,no,no,cellular,aug,thu,350,1,6,2,success,-1.7,94.027,-38.3,0.899,4991.6,yes
56,0.97756,yes,High,38,admin.,married,high.school,no,no,no,cellular,jul,thu,561,2,10,2,success,-1.7,94.215,-40.3,0.782,4991.6,yes
57,0.977544,yes,High,34,admin.,single,university.degree,no,no,yes,cellular,mar,tue,288,2,3,1,success,-1.8,93.369,-34.8,0.652,5008.7,yes
58,0.977445,yes,High,34,admin.,single,high.school,no,no,no,cellular,mar,tue,469,1,6,2,success,-1.8,93.369,-34.8,0.652,5008.7,yes
59,0.977444,yes,High,70,retired,divorced,basic.4y,no,no,no,cellular,jul,thu,390,2,6,2,success,-1.7,94.215,-40.3,0.846,4991.6,yes
60,0.977424,yes,High,70,retired,married,basic.4y,no,yes,no,cellular,aug,tue,356,3,6,1,success,-1.7,94.027,-38.3,0.904,4991.6,yes
61,0.977344,yes,High,46,unemployed,single,university.degree,no,no,no,cellular,mar,tue,263,1,10,2,success,-1.8,93.369,-34.8,0.646,5008.7,yes
62,0.977177,yes,High,69,retired,married,high.school,no,yes,yes,cellular,sep,wed,840,1,6,2,success,-1.1,94.199,-37.5,0.886,4963.6,yes
63,0.97708,yes,High,58,management,married,university.degree,no,no,no,cellular,may,thu,289,1,3,4,success,-1.8,93.876,-40.0,0.683,5008.7,yes
64,0.977022,yes,High,71,admin.,married,basic.4y,no,yes,yes,cellular,may,fri,466,4,3,2,success,-1.8,93.876,-40.0,0.684,5008.7,yes
65,0.976812,yes,High,48,housemaid,married,professional.course,no,no,no,cellular,jul,wed,388,3,6,1,success,-1.7,94.215,-40.3,0.896,4991.6,yes
66,0.976651,yes,High,42,technician,married,university.degree,no,no,no,cellular,aug,fri,211,3,6,2,success,-1.7,94.027,-38.3,0.898,4991.6,yes
67,0.976618,yes,High,61,admin.,married,unknown,no,no,no,cellular,may,thu,173,3,9,2,success,-1.8,93.876,-40.0,0.699,5008.7,yes
68,0.976604,yes,High,52,management,married,university.degree,no,yes,no,cellular,aug,thu,175,3,1,3,success,-1.7,94.027,-38.3,0.899,4991.6,yes
69,0.9766,yes,High,29,admin.,single,university.degree,no,no,no,cellular,may,thu,216,1,3,3,success,-1.8,93.876,-40.0,0.683,5008.7,yes
70,0.976577,yes,High,39,services,married,high.school,no,yes,no,cellular,may,thu,328,2,6,3,success,-1.8,93.876,-40.0,0.683,5008.7,yes
71,0.976268,yes,High,34,admin.,single,university.degree,no,no,yes,cellular,mar,tue,305,1,11,1,success,-1.8,93.369,-34.8,0.652,5008.7,yes
72,0.976255,yes,High,80,retired,divorced,basic.4y,no,no,yes,cellular,jul,thu,169,2,6,2,success,-1.7,94.215,-40.3,0.899,4991.6,yes
73,0.976252,yes,High,32,technician,married,basic.9y,no,yes,no,cellular,sep,wed,155,1,6,1,success,-1.1,94.199,-37.5,0.879,4963.6,yes
74,0.976247,yes,High,59,retired,married,professional.course,no,yes,no,cellular,aug,fri,303,2,3,2,success,-1.7,94.027,-38.3,0.905,4991.6,yes
75,0.97624,yes,High,81,retired,divorced,basic.4y,no,no,no,cellular,sep,wed,532,2,7,1,success,-1.1,94.199,-37.5,0.886,4963.6,yes
76,0.976228,yes,High,60,admin.,married,university.degree,no,no,no,cellular,jul,fri,316,1,6,2,success,-1.7,94.215,-40.3,0.861,4991.6,yes
77,0.976208,yes,High,28,management,single,university.degree,no,yes,no,cellular,sep,wed,358,3,6,1,success,-1.1,94.199,-37.5,0.88,4963.6,yes
78,0.976205,yes,High,29,admin.,single,high.school,no,yes,no,cellular,jul,thu,480,1,6,1,success,-1.7,94.215,-40.3,0.81,4991.6,yes
79,0.976156,yes,High,26,unemployed,single,university.degree,no,yes,no,cellular,aug,thu,508,3,6,2,success,-1.7,94.027,-38.3,0.904,4991.6,yes
80,0.97614,yes,High,35,admin.,married,university.degree,no,no,no,cellular,jul,thu,951,2,6,1,success,-1.7,94.215,-40.3,0.846,4991.6,yes
81,0.976083,yes,High,38,technician,single,professional.course,no,yes,no,cellular,sep,thu,386,2,6,1,success,-1.1,94.199,-37.5,0.879,4963.6,yes
82,0.975899,yes,High,58,admin.,married,high.school,no,yes,no,cellular,may,wed,309,1,6,1,success,-1.8,93.876,-40.0,0.682,5008.7,yes
83,0.975875,yes,High,78,retired,divorced,basic.4y,no,yes,no,cellular,may,fri,218,2,7,2,success,-1.8,93.876,-40.0,0.682,5008.7,no
84,0.975862,yes,High,48,admin.,divorced,university.degree,no,no,no,cellular,aug,thu,172,3,3,6,success,-1.7,94.027,-38.3,0.904,4991.6,yes
85,0.975797,yes,High,36,unemployed,single,high.school,no,yes,no,cellular,sep,thu,225,1,3,1,success,-1.1,94.199,-37.5,0.879,4963.6,yes
86,0.975783,yes,High,50,admin.,single,university.degree,no,no,no,cellular,aug,tue,372,1,6,2,success,-1.7,94.027,-38.3,0.904,4991.6,yes
87,0.97572,yes,High,28,services,single,high.school,no,yes,no,cellular,jul,thu,957,1,6,1,success,-1.7,94.215,-40.3,0.846,4991.6,yes
88,0.975681,yes,High,31,technician,married,university.degree,no,no,no,cellular,sep,thu,244,1,3,1,success,-1.1,94.199,-37.5,0.878,4963.6,yes
89,0.975536,yes,High,42,admin.,single,high.school,no,no,no,cellular,sep,wed,638,1,14,1,success,-1.1,94.199,-37.5,0.88,4963.6,yes
90,0.975369,yes,High,37,admin.,single,university.degree,no,no,no,cellular,sep,thu,209,1,3,4,success,-1.1,94.199,-37.5,0.879,4963.6,yes
91,0.975215,yes,High,31,technician,divorced,university.degree,no,no,no,cellular,may,wed,175,3,7,3,success,-1.8,93.876,-40.0,0.697,5008.7,yes
92,0.975204,yes,High,48,admin.,single,university.degree,no,yes,no,cellular,aug,wed,118,1,0,2,success,-1.7,94.027,-38.3,0.9,4991.6,yes
93,0.975167,yes,High,60,retired,married,university.degree,no,no,no,cellular,sep,thu,529,2,6,1,success,-1.1,94.199,-37.5,0.884,4963.6,yes
94,0.975068,yes,High,41,unemployed,married,high.school,no,yes,yes,cellular,sep,wed,175,1,6,1,success,-1.1,94.199,-37.5,0.879,4963.6,yes
95,0.974704,yes,High,52,admin.,married,university.degree,no,yes,yes,cellular,may,thu,250,1,3,5,success,-1.8,93.876,-40.0,0.677,5008.7,yes
96,0.974506,yes,High,29,admin.,single,high.school,no,yes,no,cellular,sep,thu,216,1,6,2,success,-1.1,94.199,-37.5,0.879,4963.6,yes
97,0.974486,yes,High,26,unemployed,single,university.degree,no,yes,no,cellular,aug,thu,203,1,3,3,success,-1.7,94.027,-38.3,0.904,4991.6,yes
98,0.974441,yes,High,34,admin.,single,high.school,no,no,no,cellular,sep,thu,204,1,12,1,success,-1.1,94.199,-37.5,0.879,4963.6,yes
99,0.974399,yes,High,50,housemaid,married,basic.6y,no,no,no,cellular,jul,thu,349,3,6,2,success,-1.7,94.215,-40.3,0.899,4991.6,yes
100,0.97433,yes,High,65,retired,married,university.degree,no,no,no,cellular,nov,fri,226,1,3,3,success,-3.4,92.649,-30.1,0.714,5017.5,yes
101,0.974148,yes,High,72,retired,married,professional.course,no,no,no,cellular,mar,fri,87,1,3,1,success,-1.8,93.369,-34.8,0.653,5008.7,yes
102,0.974108,yes,High,27,admin.,single,university.degree,no,yes,no,cellular,mar,wed,210,1,6,2,success,-1.8,93.369,-34.8,0.634,5008.7,yes
103,0.974085,yes,High,37,technician,married,university.degree,no,yes,no,cellular,may,thu,246,1,2,4,success,-1.8,93.876,-40.0,0.677,5008.7,yes
104,0.974084,yes,High,78,retired,married,unknown,no,no,no,cellular,mar,thu,272,1,6,2,success,-1.8,93.369,-34.8,0.635,5008.7,yes
105,0.974035,yes,High,59,retired,married,professional.course,no,no,no,cellular,aug,fri,218,3,3,1,success,-1.7,94.027,-38.3,0.905,4991.6,yes
106,0.974015,yes,High,52,admin.,married,unknown,no,yes,no,cellular,apr,wed,184,2,10,1,success,-1.8,93.749,-34.6,0.654,5008.7,yes
107,0.973754,yes,High,40,technician,married,professional.course,no,yes,no,cellular,may,wed,248,1,3,4,success,-1.8,93.876,-40.0,0.682,5008.7,yes
108,0.973739,yes,High,34,admin.,married,university.degree,no,yes,no,cellular,jul,thu,417,1,6,3,success,-1.7,94.215,-40.3,0.899,4991.6,yes
109,0.973726,yes,High,25,unemployed,married,high.school,no,yes,no,cellular,mar,wed,436,2,6,1,success,-1.8,93.369,-34.8,0.651,5008.7,yes
110,0.973714,yes,High,30,admin.,single,university.degree,no,no,no,cellular,jul,thu,252,1,6,2,success,-1.7,94.215,-40.3,0.846,4991.6,yes
111,0.973695,yes,High,28,admin.,single,high.school,no,yes,no,cellular,may,thu,263,1,6,1,success,-1.8,93.876,-40.0,0.683,5008.7,yes
112,0.973674,yes,High,31,admin.,single,high.school,no,no,no,cellular,sep,fri,252,2,3,2,success,-1.1,94.199,-37.5,0.883,4963.6,yes
113,0.973586,yes,High,59,unemployed,married,basic.4y,no,yes,no,cellular,jun,mon,614,1,6,2,success,-1.7,94.055,-39.8,0.72,4991.6,yes
114,0.973583,yes,High,77,retired,married,basic.4y,no,unknown,unknown,cellular,jul,tue,218,2,3,1,success,-1.7,94.215,-40.3,0.893,4991.6,yes
115,0.973569,yes,High,27,technician,single,university.degree,no,yes,no,cellular,sep,thu,530,1,3,1,success,-1.1,94.199,-37.5,0.879,4963.6,yes
116,0.973529,yes,High,40,management,married,university.degree,no,yes,no,cellular,jul,fri,955,1,9,1,success,-1.7,94.215,-40.3,0.896,4991.6,yes
117,0.973434,yes,High,27,technician,single,university.degree,no,yes,no,cellular,sep,thu,404,1,6,1,success,-1.1,94.199,-37.5,0.879,4963.6,yes
118,0.973384,yes,High,44,technician,married,university.degree,no,yes,no,cellular,may,fri,662,2,2,1,success,-1.8,93.876,-40.0,0.682,5008.7,yes
119,0.973264,yes,High,31,admin.,married,university.degree,no,yes,no,cellular,may,thu,400,1,3,1,success,-1.8,93.876,-40.0,0.683,5008.7,yes
120,0.973187,yes,High,27,admin.,married,university.degree,no,no,no,cellular,aug,thu,312,3,6,1,success,-1.7,94.027,-38.3,0.899,4991.6,yes
121,0.973126,yes,High,27,admin.,single,university.degree,no,no,no,cellular,sep,thu,167,3,3,1,success,-1.1,94.199,-37.5,0.879,4963.6,yes
122,0.973125,yes,High,29,admin.,single,high.school,no,yes,no,cellular,jul,fri,268,2,6,1,success,-1.7,94.215,-40.3,0.861,4991.6,yes
123,0.973103,yes,High,47,management,married,university.degree,no,yes,no,cellular,aug,mon,145,3,3,2,success,-1.7,94.027,-38.3,0.904,4991.6,no
124,0.973051,yes,High,28,admin.,single,university.degree,no,no,no,cellular,may,wed,135,2,3,2,success,-1.8,93.876,-40.0,0.697,5008.7,yes
125,0.972865,yes,High,60,management,married,university.degree,no,yes,yes,cellular,jul,thu,395,1,4,2,success,-1.7,94.215,-40.3,0.782,4991.6,yes
126,0.972765,yes,High,31,services,single,high.school,no,yes,no,cellular,sep,fri,336,2,6,1,success,-1.1,94.199,-37.5,0.879,4963.6,yes
127,0.972746,yes,High,50,entrepreneur,divorced,university.degree,no,yes,no,cellular,jul,thu,386,1,6,3,success,-1.7,94.215,-40.3,0.899,4991.6,yes
128,0.972733,yes,High,30,admin.,single,high.school,no,no,no,cellular,sep,fri,219,3,6,1,success,-1.1,94.199,-37.5,0.883,4963.6,yes
129,0.972705,yes,High,18,student,single,unknown,no,yes,no,cellular,aug,wed,253,2,6,1,success,-1.7,94.027,-38.3,0.9,4991.6,yes
130,0.972675,yes,High,38,blue-collar,single,high.school,no,yes,no,cellular,sep,wed,263,1,6,3,success,-1.1,94.199,-37.5,0.879,4963.6,yes
131,0.972656,yes,High,37,admin.,single,high.school,no,no,no,cellular,jul,thu,609,2,7,3,success,-1.7,94.215,-40.3,0.782,4991.6,yes
132,0.972625,yes,High,50,admin.,married,university.degree,no,yes,no,cellular,may,wed,176,2,3,3,success,-1.8,93.876,-40.0,0.682,5008.7,yes
133,0.972608,yes,High,92,retired,married,unknown,no,no,yes,cellular,aug,wed,370,1,3,4,success,-1.7,94.027,-38.3,0.903,4991.6,yes
134,0.97253,yes,High,30,admin.,single,university.degree,no,yes,no,cellular,aug,wed,191,1,0,2,success,-1.7,94.027,-38.3,0.9,4991.6,yes
135,0.972426,yes,High,84,retired,divorced,basic.4y,no,yes,yes,cellular,jul,tue,666,1,3,2,success,-1.7,94.215,-40.3,0.893,4991.6,yes
136,0.97223,yes,High,50,housemaid,married,basic.4y,no,no,yes,cellular,jul,wed,462,1,4,1,success,-1.7,94.215,-40.3,0.896,4991.6,yes
137,0.972225,yes,High,66,housemaid,divorced,basic.4y,no,yes,no,cellular,mar,thu,201,1,3,2,success,-1.8,93.369,-34.8,0.635,5008.7,yes
138,0.972222,yes,High,48,admin.,married,university.degree,no,yes,yes,cellular,apr,thu,200,1,6,2,success,-1.8,93.749,-34.6,0.644,5008.7,yes
139,0.972201,yes,High,28,admin.,single,unknown,no,yes,no,cellular,apr,wed,545,2,6,4,success,-1.8,93.749,-34.6,0.654,5008.7,yes
140,0.972083,yes,High,60,admin.,married,professional.course,no,yes,yes,cellular,sep,thu,261,1,6,1,success,-1.1,94.199,-37.5,0.879,4963.6,yes
141,0.971995,yes,High,35,admin.,married,high.school,no,yes,no,cellular,jul,wed,273,2,15,1,success,-1.7,94.215,-40.3,0.802,4991.6,yes
142,0.971929,yes,High,24,student,single,unknown,no,yes,no,cellular,sep,wed,300,1,5,1,success,-1.1,94.199,-37.5,0.886,4963.6,yes
143,0.971845,yes,High,78,retired,married,basic.4y,no,yes,no,cellular,jul,mon,212,1,13,2,success,-1.7,94.215,-40.3,0.87,4991.6,yes
144,0.971813,yes,High,27,admin.,single,unknown,no,no,no,cellular,mar,tue,128,1,3,1,success,-1.8,93.369,-34.8,0.637,5008.7,yes
145,0.971681,yes,High,61,blue-collar,married,basic.6y,no,yes,yes,cellular,may,fri,403,1,3,2,success,-1.8,93.876,-40.0,0.695,5008.7,yes
146,0.9716,yes,High,26,student,single,high.school,no,no,no,cellular,mar,fri,215,1,6,3,success,-1.8,93.369,-34.8,0.649,5008.7,yes
147,0.971504,yes,High,27,student,single,university.degree,no,no,no,cellular,aug,wed,180,1,3,3,success,-1.7,94.027,-38.3,0.9,4991.6,yes
148,0.971453,yes,High,26,admin.,single,high.school,no,no,no,cellular,mar,tue,273,2,6,1,success,-1.8,93.369,-34.8,0.652,5008.7,yes
149,0.971369,yes,High,85,housemaid,married,basic.4y,unknown,yes,no,cellular,apr,tue,167,1,6,2,success,-1.8,93.749,-34.6,0.642,5008.7,yes
150,0.971327,yes,High,83,retired,divorced,basic.4y,no,no,no,cellular,sep,thu,268,1,9,3,success,-1.1,94.199,-37.5,0.879,4963.6,yes
151,0.971322,yes,High,48,unemployed,married,professional.course,no,no,no,cellular,may,wed,317,1,6,3,success,-1.8,93.876,-40.0,0.682,5008.7,yes
152,0.971272,yes,High,57,admin.,divorced,high.school,no,no,no,cellular,sep,tue,473,1,3,5,success,-1.1,94.199,-37.5,0.877,4963.6,yes
153,0.971201,yes,High,92,retired,married,unknown,no,no,yes,cellular,aug,tue,1064,1,3,1,success,-1.7,94.027,-38.3,0.904,4991.6,yes
154,0.971122,yes,High,33,admin.,married,university.degree,no,yes,no,cellular,apr,wed,623,1,6,1,success,-1.8,93.749,-34.6,0.654,5008.7,yes
155,0.971097,yes,High,42,admin.,divorced,university.degree,no,no,no,cellular,sep,wed,678,1,16,1,success,-1.1,94.199,-37.5,0.886,4963.6,yes
156,0.971089,yes,High,42,technician,married,professional.course,no,no,no,cellular,aug,thu,295,1,6,2,success,-1.7,94.027,-38.3,0.899,4991.6,yes
157,0.971061,yes,High,68,retired,divorced,high.school,no,yes,yes,cellular,jul,wed,340,1,3,1,success,-1.7,94.215,-40.3,0.896,4991.6,yes
158,0.971049,yes,High,27,admin.,single,university.degree,no,no,no,cellular,aug,fri,562,2,3,3,success,-1.7,94.027,-38.3,0.905,4991.6,yes
159,0.971002,yes,High,24,services,single,high.school,no,yes,no,cellular,jul,thu,355,1,11,2,success,-1.7,94.215,-40.3,0.884,4991.6,yes
160,0.970893,yes,High,77,management,married,unknown,no,yes,no,cellular,aug,fri,160,1,3,6,success,-1.7,94.027,-38.3,0.905,4991.6,yes
161,0.970686,yes,High,28,student,single,university.degree,no,unknown,unknown,cellular,may,fri,226,3,3,2,success,-1.8,93.876,-40.0,0.695,5008.7,yes
162,0.970676,yes,High,37,management,married,university.degree,no,yes,no,cellular,jul,fri,292,1,6,1,success,-1.7,94.215,-40.3,0.896,4991.6,yes
163,0.970575,yes,High,80,retired,married,basic.4y,no,no,no,cellular,mar,fri,213,3,6,4,success,-1.8,93.369,-34.8,0.649,5008.7,yes
164,0.970515,yes,High,34,admin.,married,professional.course,no,no,no,cellular,sep,tue,230,1,3,3,success,-1.1,94.199,-37.5,0.877,4963.6,yes
165,0.970514,yes,High,33,admin.,married,university.degree,no,yes,no,cellular,may,mon,740,1,3,2,success,-1.8,93.876,-40.0,0.685,5008.7,yes
166,0.970282,yes,High,52,technician,married,university.degree,no,no,no,cellular,may,thu,211,1,3,4,success,-1.8,93.876,-40.0,0.677,5008.7,yes
167,0.970238,yes,High,82,retired,divorced,basic.4y,no,yes,no,cellular,nov,tue,134,2,3,1,success,-3.4,92.649,-30.1,0.715,5017.5,yes
168,0.970178,yes,High,30,technician,married,professional.course,no,yes,no,cellular,mar,tue,263,2,6,2,success,-1.8,93.369,-34.8,0.655,5008.7,yes
169,0.970061,yes,High,29,admin.,single,university.degree,no,no,no,cellular,sep,tue,600,2,3,3,success,-1.1,94.199,-37.5,0.88,4963.6,yes
170,0.969969,yes,High,48,admin.,married,university.degree,no,yes,yes,cellular,aug,wed,288,1,0,3,success,-1.7,94.027,-38.3,0.9,4991.6,yes
171,0.969961,yes,High,30,student,single,professional.course,no,yes,no,cellular,sep,tue,282,2,6,1,success,-1.1,94.199,-37.5,0.88,4963.6,yes
172,0.969959,yes,High,33,admin.,single,university.degree,no,no,no,cellular,jun,wed,206,1,3,1,success,-1.7,94.055,-39.8,0.715,4991.6,yes
173,0.969929,yes,High,56,admin.,single,university.degree,no,no,no,cellular,mar,wed,193,1,5,1,success,-1.8,93.369,-34.8,0.634,5008.7,yes
174,0.969884,yes,High,68,retired,divorced,basic.4y,no,yes,no,cellular,mar,tue,277,2,11,1,success,-1.8,93.369,-34.8,0.635,5008.7,yes
175,0.969867,yes,High,48,blue-collar,married,basic.9y,no,yes,no,cellular,may,tue,268,1,3,3,success,-1.8,93.876,-40.0,0.668,5008.7,yes
176,0.969779,yes,High,31,admin.,married,university.degree,no,yes,no,cellular,sep,fri,232,2,13,1,success,-1.1,94.199,-37.5,0.879,4963.6,yes
177,0.969704,yes,High,58,blue-collar,married,basic.4y,no,yes,no,cellular,aug,wed,771,1,3,1,success,-1.7,94.027,-38.3,0.9,4991.6,yes
178,0.969659,yes,High,24,technician,single,professional.course,no,yes,no,cellular,jul,thu,355,2,3,1,success,-1.7,94.215,-40.3,0.884,4991.6,yes
179,0.969459,yes,High,33,admin.,married,university.degree,no,yes,no,cellular,mar,wed,235,3,4,1,success,-1.8,93.369,-34.8,0.655,5008.7,yes
180,0.969237,yes,High,34,technician,single,university.degree,no,yes,yes,cellular,mar,thu,221,3,3,2,success,-1.8,93.369,-34.8,0.654,5008.7,yes
181,0.969225,yes,High,34,admin.,single,university.degree,no,yes,no,cellular,mar,thu,910,2,6,3,success,-1.8,93.369,-34.8,0.643,5008.7,yes
182,0.969178,yes,High,23,student,single,professional.course,no,no,no,cellular,sep,wed,213,2,15,1,success,-1.1,94.199,-37.5,0.876,4963.6,yes
183,0.969168,yes,High,80,retired,divorced,unknown,no,yes,yes,cellular,nov,fri,186,2,3,1,success,-3.4,92.649,-30.1,0.714,5017.5,yes
184,0.968936,yes,High,83,housemaid,divorced,basic.4y,no,yes,no,cellular,jul,tue,667,2,3,1,success,-1.7,94.215,-40.3,0.797,4991.6,yes
185,0.968933,yes,High,19,student,single,basic.6y,no,yes,no,cellular,mar,tue,313,1,5,2,success,-1.8,93.369,-34.8,0.655,5008.7,yes
186,0.968929,yes,High,59,technician,married,professional.course,no,yes,no,cellular,jul,fri,457,2,15,1,success,-1.7,94.215,-40.3,0.861,4991.6,yes
187,0.968894,yes,High,83,retired,divorced,basic.4y,no,no,no,cellular,nov,tue,242,1,3,3,success,-3.4,92.649,-30.1,0.716,5017.5,yes
188,0.968771,yes,High,52,technician,married,basic.6y,no,yes,no,cellular,jul,thu,219,1,3,1,success,-1.7,94.215,-40.3,0.846,4991.6,yes
189,0.968675,yes,High,22,student,single,high.school,no,no,no,cellular,sep,wed,369,3,5,1,success,-1.1,94.199,-37.5,0.886,4963.6,yes
190,0.968456,yes,High,41,admin.,divorced,high.school,no,yes,yes,cellular,aug,thu,231,2,0,2,success,-1.7,94.027,-38.3,0.904,4991.6,yes
191,0.968406,yes,High,35,admin.,married,university.degree,no,no,no,cellular,oct,wed,194,1,3,2,success,-1.1,94.601,-49.5,0.985,4963.6,yes
192,0.968334,yes,High,60,blue-collar,married,basic.4y,no,yes,no,cellular,may,mon,272,2,6,2,success,-1.8,93.876,-40.0,0.685,5008.7,yes
193,0.968295,yes,High,52,admin.,married,university.degree,no,no,no,cellular,may,thu,613,1,3,2,success,-1.8,93.876,-40.0,0.677,5008.7,yes
194,0.968143,yes,High,19,student,single,basic.4y,no,yes,no,cellular,sep,wed,396,2,6,3,success,-1.1,94.199,-37.5,0.876,4963.6,yes
195,0.96803,yes,High,69,retired,married,high.school,no,no,no,cellular,may,wed,289,1,10,1,success,-1.8,93.876,-40.0,0.697,5008.7,yes
196,0.967986,yes,High,31,unemployed,single,university.degree,no,yes,no,cellular,mar,tue,180,1,10,1,success,-1.8,93.369,-34.8,0.646,5008.7,yes
197,0.967924,yes,High,35,technician,single,professional.course,no,yes,no,cellular,jul,tue,360,1,11,2,success,-1.7,94.215,-40.3,0.835,4991.6,yes
198,0.967885,yes,High,65,retired,single,university.degree,no,no,no,cellular,nov,thu,88,2,3,2,success,-3.4,92.649,-30.1,0.714,5017.5,yes
199,0.967689,yes,High,58,unemployed,married,basic.9y,no,yes,no,cellular,apr,thu,229,1,6,1,success,-1.8,93.749,-34.6,0.644,5008.7,yes
200,0.967689,yes,High,31,student,single,unknown,no,unknown,unknown,cellular,sep,wed,708,2,6,2,success,-1.1,94.199,-37.5,0.88,4963.6,yes
201,0.967637,yes,High,45,management,married,unknown,no,yes,no,cellular,apr,tue,379,3,7,1,success,-1.8,93.749,-34.6,0.642,5008.7,yes
202,0.967633,yes,High,29,admin.,single,high.school,no,yes,no,cellular,jul,tue,272,3,6,1,success,-1.7,94.215,-40.3,0.835,4991.6,yes
203,0.96757,yes,High,35,unemployed,married,high.school,no,yes,no,cellular,aug,mon,362,1,6,1,success,-1.7,94.027,-38.3,0.904,4991.6,yes
204,0.967508,yes,High,52,management,married,university.degree,no,no,no,cellular,may,fri,404,2,9,1,success,-1.8,93.876,-40.0,0.684,5008.7,yes
205,0.967413,yes,High,60,retired,married,high.school,no,no,no,cellular,may,thu,181,3,6,1,success,-1.8,93.876,-40.0,0.699,5008.7,yes
206,0.967331,yes,High,56,retired,married,basic.4y,no,yes,no,cellular,jun,wed,337,2,3,2,success,-1.7,94.055,-39.8,0.767,4991.6,yes
207,0.96731,yes,High,23,student,single,professional.course,no,yes,no,cellular,sep,wed,316,1,8,2,success,-1.1,94.199,-37.5,0.876,4963.6,yes
208,0.967297,yes,High,27,student,single,university.degree,no,yes,no,cellular,aug,wed,651,1,0,3,success,-1.7,94.027,-38.3,0.9,4991.6,yes
209,0.967121,yes,High,52,admin.,married,unknown,no,yes,no,telephone,apr,wed,403,1,6,1,success,-1.8,93.749,-34.6,0.654,5008.7,yes
210,0.96705,yes,High,37,admin.,single,high.school,no,no,no,cellular,mar,wed,153,2,4,2,success,-1.8,93.369,-34.8,0.655,5008.7,yes
211,0.967,yes,High,51,blue-collar,married,basic.9y,no,yes,no,cellular,aug,wed,237,1,6,4,success,-1.7,94.027,-38.3,0.903,4991.6,yes
212,0.966962,yes,High,37,unemployed,single,university.degree,no,yes,yes,cellular,jul,wed,314,1,5,2,success,-1.7,94.215,-40.3,0.881,4991.6,yes
213,0.966918,yes,High,30,student,single,high.school,no,no,no,cellular,may,fri,226,2,3,2,success,-1.8,93.876,-40.0,0.682,5008.7,yes
214,0.966912,yes,High,53,housemaid,married,university.degree,no,yes,no,cellular,apr,thu,494,1,6,1,success,-1.8,93.749,-34.6,0.644,5008.7,yes
215,0.9669,yes,High,75,retired,divorced,high.school,no,no,no,telephone,apr,tue,162,1,6,2,success,-1.8,93.749,-34.6,0.642,5008.7,yes
216,0.966779,yes,High,83,retired,married,university.degree,no,no,no,telephone,jul,tue,617,1,12,1,success,-1.7,94.215,-40.3,0.835,4991.6,yes
217,0.966657,yes,High,28,admin.,single,university.degree,no,yes,yes,cellular,aug,tue,187,2,6,2,success,-1.7,94.027,-38.3,0.899,4991.6,yes
218,0.966538,yes,High,43,unemployed,married,basic.9y,no,no,no,cellular,sep,fri,270,2,9,1,success,-1.1,94.199,-37.5,0.883,4963.6,yes
219,0.966396,yes,High,53,management,divorced,university.degree,no,no,yes,cellular,nov,fri,368,2,3,1,success,-3.4,92.649,-30.1,0.716,5017.5,yes
220,0.966335,yes,High,29,admin.,single,university.degree,no,yes,no,cellular,jun,wed,200,1,6,3,success,-1.7,94.055,-39.8,0.715,4991.6,yes
221,0.966269,yes,High,32,admin.,single,university.degree,no,yes,no,cellular,jul,thu,250,2,6,1,success,-1.7,94.215,-40.3,0.846,4991.6,no
222,0.966166,yes,High,38,entrepreneur,married,university.degree,no,yes,no,cellular,aug,fri,633,1,16,1,success,-1.7,94.027,-38.3,0.898,4991.6,yes
223,0.966122,yes,High,62,admin.,married,high.school,no,no,no,cellular,oct,tue,318,1,4,3,success,-1.1,94.601,-49.5,1.037,4963.6,yes
224,0.966039,yes,High,23,student,single,university.degree,no,yes,no,cellular,nov,wed,172,1,3,2,success,-3.4,92.649,-30.1,0.715,5017.5,yes
225,0.966017,yes,High,21,student,single,basic.9y,no,no,no,cellular,mar,wed,363,1,6,1,success,-1.8,93.369,-34.8,0.655,5008.7,yes
226,0.965963,yes,High,24,student,single,high.school,no,yes,yes,cellular,sep,wed,251,2,6,2,success,-1.1,94.199,-37.5,0.876,4963.6,yes
227,0.965945,yes,High,56,technician,divorced,university.degree,no,no,no,cellular,nov,fri,178,2,3,1,success,-3.4,92.649,-30.1,0.716,5017.5,yes
228,0.965933,yes,High,32,services,single,university.degree,no,yes,no,cellular,sep,thu,404,1,6,3,success,-1.1,94.199,-37.5,0.884,4963.6,yes
229,0.965842,yes,High,42,blue-collar,married,basic.9y,no,yes,no,cellular,aug,fri,261,1,6,1,success,-1.7,94.027,-38.3,0.898,4991.6,yes
230,0.965797,yes,High,52,admin.,divorced,university.degree,no,yes,no,cellular,nov,tue,89,1,3,2,success,-3.4,92.649,-30.1,0.715,5017.5,yes
231,0.965764,yes,High,56,technician,married,professional.course,no,yes,no,cellular,jul,mon,207,2,13,1,success,-1.7,94.215,-40.3,0.87,4991.6,yes
232,0.96576,yes,High,30,student,single,unknown,no,no,yes,telephone,mar,tue,255,1,3,2,success,-1.8,93.369,-34.8,0.637,5008.7,yes
233,0.965727,yes,High,37,housemaid,married,university.degree,no,no,no,cellular,oct,thu,453,1,6,2,success,-1.1,94.601,-49.5,1.025,4963.6,yes
234,0.965684,yes,High,80,housemaid,married,basic.4y,no,yes,yes,cellular,apr,tue,232,1,12,1,success,-1.8,93.749,-34.6,0.644,5008.7,yes
235,0.965639,yes,High,31,student,single,university.degree,no,no,no,cellular,aug,tue,279,4,6,2,success,-1.7,94.027,-38.3,0.899,4991.6,yes
236,0.965607,yes,High,26,student,single,high.school,no,yes,no,cellular,aug,wed,233,1,14,1,success,-1.7,94.027,-38.3,0.903,4991.6,yes
237,0.965571,yes,High,39,admin.,married,high.school,no,yes,no,cellular,may,tue,552,1,3,2,success,-1.8,93.876,-40.0,0.668,5008.7,yes
238,0.965559,yes,High,24,student,single,professional.course,no,no,no,cellular,jul,wed,429,2,6,3,success,-1.7,94.215,-40.3,0.896,4991.6,yes
239,0.965423,yes,High,41,technician,divorced,university.degree,no,no,no,cellular,mar,thu,187,1,6,1,success,-1.8,93.369,-34.8,0.635,5008.7,yes
240,0.965421,yes,High,35,technician,single,professional.course,no,yes,no,cellular,jul,tue,337,1,6,1,success,-1.7,94.215,-40.3,0.835,4991.6,yes
241,0.965355,yes,High,46,admin.,married,high.school,no,yes,yes,cellular,jul,tue,396,1,13,2,success,-1.7,94.215,-40.3,0.797,4991.6,yes
242,0.964982,yes,High,31,technician,single,unknown,no,yes,no,cellular,aug,mon,428,2,9,3,success,-1.7,94.027,-38.3,0.898,4991.6,yes
243,0.964934,yes,High,23,student,single,high.school,no,no,yes,cellular,sep,thu,409,2,3,2,success,-1.1,94.199,-37.5,0.878,4963.6,yes
244,0.964928,yes,High,28,student,single,high.school,no,no,yes,cellular,may,wed,472,1,3,5,success,-1.8,93.876,-40.0,0.69,5008.7,yes
245,0.964864,yes,High,29,admin.,single,high.school,no,no,no,cellular,jul,tue,195,2,3,3,success,-1.7,94.215,-40.3,0.835,4991.6,yes
246,0.964839,yes,High,41,admin.,divorced,university.degree,no,yes,no,cellular,jul,mon,140,1,14,2,success,-1.7,94.215,-40.3,0.793,4991.6,yes
247,0.964771,yes,High,31,admin.,single,university.degree,no,yes,no,telephone,mar,tue,295,1,3,2,success,-1.8,93.369,-34.8,0.646,5008.7,yes
248,0.964763,yes,High,32,technician,married,basic.9y,no,no,no,cellular,sep,wed,183,1,6,5,success,-1.1,94.199,-37.5,0.879,4963.6,yes
249,0.964735,yes,High,80,retired,divorced,basic.4y,no,yes,yes,cellular,apr,thu,554,1,10,2,success,-1.8,93.749,-34.6,0.644,5008.7,yes
250,0.964732,yes,High,38,admin.,married,university.degree,no,no,no,cellular,nov,tue,182,2,7,1,success,-3.4,92.649,-30.1,0.715,5017.5,yes
251,0.964704,yes,High,47,admin.,married,high.school,no,no,no,cellular,aug,thu,374,2,16,1,success,-1.7,94.027,-38.3,0.904,4991.6,yes
252,0.964562,yes,High,45,admin.,married,high.school,no,yes,no,cellular,oct,fri,738,3,6,1,success,-1.1,94.601,-49.5,1.029,4963.6,yes
253,0.964508,yes,High,33,technician,married,professional.course,no,yes,no,cellular,may,fri,700,4,3,4,success,-1.8,93.876,-40.0,0.684,5008.7,yes
254,0.964503,yes,High,31,unemployed,single,university.degree,no,yes,no,cellular,jul,tue,309,1,6,3,success,-1.7,94.215,-40.3,0.835,4991.6,yes
255,0.964352,yes,High,18,student,single,unknown,no,yes,no,cellular,may,tue,489,1,6,1,success,-1.8,93.876,-40.0,0.668,5008.7,yes
256,0.96435,yes,High,34,admin.,single,university.degree,no,no,no,telephone,mar,tue,225,1,3,1,success,-1.8,93.369,-34.8,0.652,5008.7,yes
257,0.964313,yes,High,34,admin.,married,university.degree,no,no,no,cellular,jun,wed,150,1,3,2,success,-1.7,94.055,-39.8,0.715,4991.6,yes
258,0.964183,yes,High,35,blue-collar,married,basic.9y,no,yes,no,cellular,jul,mon,275,1,6,2,success,-1.7,94.215,-40.3,0.889,4991.6,yes
259,0.964117,yes,High,77,retired,married,unknown,no,yes,no,cellular,nov,fri,193,1,3,1,success,-3.4,92.649,-30.1,0.714,5017.5,yes
260,0.963973,yes,High,30,technician,married,professional.course,no,yes,no,cellular,oct,mon,215,1,6,1,success,-1.1,94.601,-49.5,1.032,4963.6,yes
261,0.963581,yes,High,56,management,married,basic.6y,no,yes,no,cellular,jun,tue,910,1,7,2,success,-1.7,94.055,-39.8,0.723,4991.6,yes
262,0.963561,yes,High,84,retired,divorced,unknown,unknown,no,no,cellular,sep,tue,333,1,3,2,success,-1.1,94.199,-37.5,0.877,4963.6,yes
263,0.963529,yes,High,79,retired,married,basic.4y,no,yes,no,cellular,nov,tue,594,1,3,1,success,-3.4,92.649,-30.1,0.715,5017.5,yes
264,0.963512,yes,High,48,admin.,divorced,high.school,no,no,no,cellular,jun,wed,657,1,6,1,success,-1.7,94.055,-39.8,0.704,4991.6,yes
265,0.963491,yes,High,48,admin.,married,university.degree,no,no,no,telephone,apr,thu,185,1,6,2,success,-1.8,93.749,-34.6,0.644,5008.7,yes
266,0.963454,yes,High,36,admin.,single,university.degree,no,no,no,cellular,jun,wed,706,1,7,1,success,-1.7,94.055,-39.8,0.739,4991.6,yes
267,0.963426,yes,High,29,admin.,single,university.degree,no,no,no,cellular,jun,wed,192,2,3,4,success,-1.7,94.055,-39.8,0.715,4991.6,yes
268,0.963399,yes,High,30,student,single,unknown,no,yes,no,cellular,mar,tue,136,1,9,1,success,-1.8,93.369,-34.8,0.637,5008.7,yes
269,0.963258,yes,High,73,retired,divorced,high.school,no,no,yes,cellular,dec,tue,63,3,6,2,success,-3.0,92.713,-33.0,0.707,5023.5,yes
270,0.963247,yes,High,30,blue-collar,single,professional.course,no,no,no,cellular,aug,wed,293,1,9,1,success,-1.7,94.027,-38.3,0.9,4991.6,yes
271,0.963214,yes,High,51,technician,married,high.school,no,no,no,cellular,jul,mon,284,1,6,3,success,-1.7,94.215,-40.3,0.889,4991.6,yes
272,0.963125,yes,High,31,student,single,university.degree,no,yes,yes,cellular,apr,fri,183,1,6,2,success,-1.8,93.749,-34.6,0.663,5008.7,yes
273,0.963087,yes,High,41,admin.,married,university.degree,no,yes,no,cellular,nov,tue,95,1,3,1,success,-3.4,92.649,-30.1,0.715,5017.5,yes
274,0.96307,yes,High,32,admin.,single,university.degree,no,yes,no,cellular,sep,thu,150,2,10,3,success,-1.1,94.199,-37.5,0.884,4963.6,yes
275,0.963035,yes,High,29,admin.,single,university.degree,no,no,no,cellular,nov,fri,122,1,3,2,success,-3.4,92.649,-30.1,0.714,5017.5,yes
276,0.962901,yes,High,36,management,divorced,university.degree,no,yes,no,cellular,jun,mon,422,1,3,4,success,-1.7,94.055,-39.8,0.72,4991.6,yes
277,0.962866,yes,High,29,technician,married,professional.course,no,yes,no,cellular,oct,fri,319,1,5,2,success,-1.1,94.601,-49.5,0.972,4963.6,yes
278,0.962841,yes,High,31,student,single,university.degree,no,no,no,cellular,jul,fri,608,3,6,2,success,-1.7,94.215,-40.3,0.885,4991.6,yes
279,0.962835,yes,High,34,admin.,single,university.degree,no,no,no,cellular,nov,thu,169,1,7,2,success,-3.4,92.649,-30.1,0.714,5017.5,yes
280,0.962767,yes,High,76,retired,married,professional.course,unknown,yes,no,cellular,jun,tue,295,1,9,2,success,-1.7,94.055,-39.8,0.761,4991.6,yes
281,0.962759,yes,High,37,unemployed,single,university.degree,no,yes,no,cellular,jun,thu,122,2,6,1,success,-1.7,94.055,-39.8,0.742,4991.6,no
282,0.962709,yes,High,56,retired,married,university.degree,no,no,no,cellular,nov,wed,232,1,3,1,success,-3.4,92.649,-30.1,0.716,5017.5,yes
283,0.962664,yes,High,33,admin.,married,university.degree,no,yes,no,cellular,nov,tue,344,2,3,1,success,-3.4,92.649,-30.1,0.715,5017.5,yes
284,0.962652,yes,High,44,services,divorced,basic.6y,no,yes,no,cellular,aug,wed,153,3,0,1,success,-1.7,94.027,-38.3,0.9,4991.6,yes
285,0.962613,yes,High,33,admin.,married,university.degree,no,yes,no,cellular,nov,tue,318,2,3,3,success,-3.4,92.649,-30.1,0.715,5017.5,yes
286,0.962607,yes,High,49,technician,divorced,professional.course,no,yes,no,cellular,jul,mon,253,3,15,1,success,-1.7,94.215,-40.3,0.87,4991.6,yes
287,0.962498,yes,High,26,technician,single,professional.course,no,yes,no,cellular,sep,fri,249,1,3,3,success,-1.1,94.199,-37.5,0.879,4963.6,yes
288,0.962247,yes,High,29,admin.,single,university.degree,no,no,yes,cellular,nov,wed,158,1,3,1,success,-3.4,92.649,-30.1,0.715,5017.5,yes
289,0.962186,yes,High,68,retired,married,university.degree,no,no,no,cellular,jul,mon,414,2,12,1,success,-1.7,94.215,-40.3,0.889,4991.6,yes
290,0.962034,yes,High,24,technician,single,professional.course,no,yes,no,cellular,jul,mon,607,3,13,1,success,-1.7,94.215,-40.3,0.889,4991.6,yes
291,0.961988,yes,High,30,admin.,single,university.degree,no,no,no,cellular,jul,tue,212,1,3,2,success,-1.7,94.215,-40.3,0.797,4991.6,no
292,0.961918,yes,High,39,technician,married,university.degree,no,yes,no,cellular,jun,mon,187,1,3,5,success,-1.7,94.055,-39.8,0.72,4991.6,yes
293,0.96179,yes,High,30,technician,single,professional.course,no,no,no,cellular,sep,tue,706,1,6,1,success,-1.1,94.199,-37.5,0.877,4963.6,no
294,0.961788,yes,High,76,retired,married,university.degree,no,no,yes,cellular,dec,thu,324,3,4,2,success,-3.0,92.713,-33.0,0.712,5023.5,yes
295,0.961742,yes,High,62,retired,married,university.degree,no,yes,no,cellular,dec,wed,282,1,6,1,success,-3.0,92.713,-33.0,0.706,5023.5,yes
296,0.961739,yes,High,53,blue-collar,single,basic.9y,no,unknown,unknown,cellular,mar,thu,362,1,9,2,success,-1.8,93.369,-34.8,0.643,5008.7,yes
297,0.961723,yes,High,52,admin.,married,university.degree,no,no,no,cellular,may,tue,131,1,3,2,success,-1.8,93.876,-40.0,0.668,5008.7,no
298,0.961594,yes,High,48,admin.,single,university.degree,no,yes,no,cellular,jul,fri,194,2,3,1,success,-1.7,94.215,-40.3,0.79,4991.6,yes
299,0.961582,yes,High,20,student,single,unknown,no,no,no,cellular,may,tue,530,2,3,5,success,-1.8,93.876,-40.0,0.697,5008.7,yes
300,0.961352,yes,High,28,student,single,high.school,no,yes,no,cellular,jul,mon,250,2,6,1,success,-1.7,94.215,-40.3,0.827,4991.6,yes
301,0.961286,yes,High,38,admin.,married,university.degree,no,yes,no,cellular,nov,tue,64,1,3,3,success,-3.4,92.649,-30.1,0.715,5017.5,yes
302,0.961152,yes,High,34,admin.,married,university.degree,no,no,yes,cellular,dec,tue,196,2,6,2,success,-3.0,92.713,-33.0,0.707,5023.5,yes
303,0.96113,yes,High,34,admin.,single,university.degree,no,yes,no,cellular,nov,thu,89,1,3,2,success,-3.4,92.649,-30.1,0.714,5017.5,yes
304,0.96107,yes,High,53,blue-collar,single,basic.9y,no,no,no,telephone,jul,wed,413,1,6,2,success,-1.7,94.215,-40.3,0.84,4991.6,yes
305,0.960704,yes,High,60,retired,married,university.degree,no,no,no,cellular,dec,fri,439,3,6,2,success,-3.0,92.713,-33.0,0.718,5023.5,yes
306,0.960703,yes,High,49,technician,divorced,professional.course,no,yes,no,cellular,oct,fri,251,2,3,1,success,-1.1,94.601,-49.5,0.972,4963.6,yes
307,0.960682,yes,High,32,admin.,single,university.degree,no,yes,no,cellular,jul,thu,210,2,15,1,success,-1.7,94.215,-40.3,0.846,4991.6,no
308,0.960673,yes,High,24,student,single,high.school,no,yes,no,cellular,may,tue,153,2,6,2,success,-1.8,93.876,-40.0,0.668,5008.7,yes
309,0.960567,yes,High,24,student,single,unknown,no,yes,no,cellular,nov,wed,285,2,3,3,success,-3.4,92.649,-30.1,0.716,5017.5,yes
310,0.960493,yes,High,26,technician,single,university.degree,no,yes,no,cellular,dec,tue,296,1,5,1,success,-3.0,92.713,-33.0,0.707,5023.5,yes
311,0.960476,yes,High,57,admin.,married,university.degree,no,unknown,unknown,cellular,oct,wed,229,2,3,2,success,-1.1,94.601,-49.5,0.959,4963.6,yes
312,0.960476,yes,High,28,management,single,university.degree,no,yes,no,cellular,jun,thu,339,3,6,2,success,-1.7,94.055,-39.8,0.729,4991.6,yes
313,0.960385,yes,High,34,admin.,single,university.degree,no,no,no,cellular,nov,thu,135,1,6,1,success,-3.4,92.649,-30.1,0.714,5017.5,yes
314,0.960341,yes,High,29,student,single,professional.course,no,no,no,cellular,nov,thu,227,3,3,2,success,-3.4,92.649,-30.1,0.714,5017.5,yes
315,0.960334,yes,High,54,admin.,married,high.school,no,no,no,cellular,oct,wed,252,2,6,2,success,-1.1,94.601,-49.5,0.985,4963.6,yes
316,0.960234,yes,High,41,admin.,married,university.degree,no,no,no,telephone,nov,tue,234,2,3,1,success,-3.4,92.649,-30.1,0.715,5017.5,yes
317,0.960214,yes,High,48,technician,married,professional.course,no,no,no,cellular,oct,thu,491,1,6,3,success,-1.1,94.601,-49.5,0.987,4963.6,yes
318,0.96019,yes,High,82,housemaid,married,basic.4y,no,no,no,telephone,sep,tue,279,3,3,2,success,-1.1,94.199,-37.5,0.877,4963.6,yes
319,0.960186,yes,High,24,student,single,high.school,no,yes,no,cellular,may,wed,258,1,3,5,success,-1.8,93.876,-40.0,0.672,5008.7,yes
320,0.960148,yes,High,76,retired,married,university.degree,no,yes,yes,cellular,dec,thu,330,2,4,2,success,-3.0,92.713,-33.0,0.712,5023.5,yes
321,0.960094,yes,High,27,technician,single,university.degree,no,yes,no,cellular,dec,tue,1370,3,6,2,success,-3.0,92.713,-33.0,0.707,5023.5,yes
322,0.960088,yes,High,26,admin.,single,university.degree,no,yes,no,cellular,sep,tue,386,3,6,3,success,-1.1,94.199,-37.5,0.881,4963.6,yes
323,0.960065,yes,High,63,retired,married,basic.4y,no,yes,no,cellular,jul,thu,261,1,6,1,success,-1.7,94.215,-40.3,0.846,4991.6,no
324,0.960053,yes,High,56,retired,married,high.school,no,no,no,cellular,jun,tue,383,1,3,1,success,-1.7,94.055,-39.8,0.761,4991.6,yes
325,0.959994,yes,High,37,management,married,university.degree,no,yes,no,cellular,oct,thu,339,3,3,3,success,-1.1,94.601,-49.5,1.025,4963.6,yes
326,0.959761,yes,High,20,student,single,unknown,no,no,no,cellular,may,tue,202,2,12,1,success,-1.8,93.876,-40.0,0.697,5008.7,yes
327,0.95955,yes,High,29,services,single,university.degree,no,no,no,cellular,aug,mon,265,1,6,1,success,-1.7,94.027,-38.3,0.904,4991.6,yes
328,0.959543,yes,High,58,self-employed,married,university.degree,no,no,no,cellular,aug,tue,326,4,6,3,success,-1.7,94.027,-38.3,0.895,4991.6,yes
329,0.959543,yes,High,57,housemaid,married,basic.4y,no,no,no,cellular,apr,wed,224,2,6,1,success,-1.8,93.749,-34.6,0.642,5008.7,yes
330,0.959485,yes,High,29,technician,single,professional.course,no,yes,no,cellular,jun,wed,226,2,6,1,success,-1.7,94.055,-39.8,0.704,4991.6,yes
331,0.959376,yes,High,47,management,married,university.degree,no,no,no,cellular,sep,thu,362,1,17,2,success,-1.1,94.199,-37.5,0.884,4963.6,yes
332,0.959357,yes,High,26,student,single,university.degree,no,no,no,cellular,nov,fri,181,1,7,1,success,-3.4,92.649,-30.1,0.714,5017.5,yes
333,0.959342,yes,High,42,technician,married,professional.course,no,yes,yes,cellular,oct,mon,509,1,6,1,success,-1.1,94.601,-49.5,1.0,4963.6,yes
334,0.959319,yes,High,58,admin.,married,university.degree,no,no,no,cellular,sep,thu,272,4,6,1,success,-1.1,94.199,-37.5,0.878,4963.6,yes
335,0.9593,yes,High,78,retired,divorced,basic.4y,no,yes,no,cellular,nov,fri,182,2,3,1,success,-3.4,92.649,-30.1,0.714,5017.5,yes
336,0.959292,yes,High,33,services,married,high.school,no,yes,no,cellular,jun,wed,274,2,12,2,success,-1.7,94.055,-39.8,0.767,4991.6,yes
337,0.959265,yes,High,22,admin.,single,university.degree,no,no,no,cellular,jun,wed,407,1,3,1,success,-1.7,94.055,-39.8,0.704,4991.6,yes
338,0.95921,yes,High,48,management,divorced,university.degree,no,yes,no,cellular,nov,wed,208,1,3,1,success,-3.4,92.649,-30.1,0.716,5017.5,yes
339,0.959163,yes,High,39,management,single,university.degree,no,yes,no,cellular,nov,fri,239,2,3,2,success,-3.4,92.649,-30.1,0.714,5017.5,yes
340,0.959078,yes,High,61,management,married,university.degree,no,yes,no,cellular,nov,tue,147,1,3,2,success,-3.4,92.649,-30.1,0.715,5017.5,yes
341,0.959011,yes,High,38,blue-collar,single,high.school,no,no,no,telephone,mar,tue,450,3,6,2,success,-1.8,93.369,-34.8,0.652,5008.7,yes
342,0.958956,yes,High,28,technician,single,professional.course,no,yes,no,cellular,jul,tue,167,2,6,1,success,-1.7,94.215,-40.3,0.893,4991.6,no
343,0.958902,yes,High,36,management,married,university.degree,no,no,no,cellular,jun,tue,522,1,6,2,success,-1.7,94.055,-39.8,0.737,4991.6,yes
344,0.95889,yes,High,38,admin.,single,high.school,no,yes,no,cellular,apr,thu,882,1,6,1,success,-1.8,93.749,-34.6,0.659,5008.7,yes
345,0.958858,yes,High,44,admin.,single,university.degree,no,yes,no,cellular,may,fri,211,4,3,1,success,-1.8,93.876,-40.0,0.682,5008.7,yes
346,0.958821,yes,High,26,admin.,single,university.degree,no,no,no,cellular,aug,mon,242,1,6,5,success,-1.7,94.027,-38.3,0.904,4991.6,yes
347,0.958784,yes,High,51,admin.,married,university.degree,no,yes,no,cellular,jun,mon,281,3,10,3,success,-1.7,94.055,-39.8,0.754,4991.6,yes
348,0.958758,yes,High,29,admin.,single,university.degree,no,yes,no,cellular,mar,mon,361,1,3,3,success,-1.8,93.369,-34.8,0.646,5008.7,yes
349,0.958719,yes,High,56,retired,married,university.degree,no,yes,no,cellular,nov,wed,968,2,3,3,success,-3.4,92.649,-30.1,0.716,5017.5,yes
350,0.958582,yes,High,29,student,single,professional.course,no,yes,yes,cellular,nov,thu,123,1,7,1,success,-3.4,92.649,-30.1,0.714,5017.5,yes
351,0.958529,yes,High,32,technician,married,professional.course,no,no,no,cellular,oct,wed,311,1,3,1,success,-1.1,94.601,-49.5,0.959,4963.6,yes
352,0.958213,yes,High,34,admin.,married,high.school,no,yes,no,cellular,jun,wed,238,1,6,2,success,-1.7,94.055,-39.8,0.704,4991.6,yes
353,0.958115,yes,High,86,retired,married,unknown,unknown,yes,yes,cellular,sep,tue,211,1,7,4,success,-1.1,94.199,-37.5,0.877,4963.6,yes
354,0.958091,yes,High,73,retired,single,professional.course,no,no,no,cellular,apr,fri,291,1,6,3,success,-1.8,93.749,-34.6,0.645,5008.7,yes
355,0.958085,yes,High,32,student,single,high.school,no,no,no,cellular,sep,tue,407,2,3,1,success,-1.1,94.199,-37.5,0.877,4963.6,no
356,0.958035,yes,High,33,admin.,single,university.degree,no,yes,no,cellular,apr,thu,280,1,7,2,success,-1.8,93.749,-34.6,0.635,5008.7,yes
357,0.957991,yes,High,45,admin.,married,university.degree,no,no,no,cellular,dec,thu,150,2,6,1,success,-3.0,92.713,-33.0,0.707,5023.5,yes
358,0.957925,yes,High,37,housemaid,married,university.degree,no,no,no,cellular,oct,thu,178,2,13,2,success,-1.1,94.601,-49.5,1.025,4963.6,yes
359,0.9579,yes,High,29,admin.,married,university.degree,no,unknown,unknown,cellular,jul,tue,311,1,3,1,success,-1.7,94.215,-40.3,0.835,4991.6,yes
360,0.957765,yes,High,72,retired,married,basic.4y,no,no,yes,cellular,jul,fri,483,4,8,1,success,-1.7,94.215,-40.3,0.822,4991.6,yes
361,0.957667,yes,High,55,admin.,married,high.school,no,no,no,telephone,jul,wed,229,1,9,1,success,-1.7,94.215,-40.3,0.802,4991.6,yes
362,0.957394,yes,High,63,retired,married,professional.course,no,yes,yes,cellular,may,mon,444,2,14,1,success,-1.8,93.876,-40.0,0.685,5008.7,yes
363,0.957355,yes,High,79,retired,married,basic.4y,no,no,yes,cellular,nov,tue,301,2,3,1,success,-3.4,92.649,-30.1,0.715,5017.5,yes
364,0.95733,yes,High,26,technician,single,university.degree,no,yes,no,cellular,jul,fri,806,3,6,2,success,-1.7,94.215,-40.3,0.861,4991.6,yes
365,0.95725,yes,High,27,technician,single,university.degree,no,yes,no,cellular,dec,tue,305,3,10,1,success,-3.0,92.713,-33.0,0.708,5023.5,yes
366,0.957211,yes,High,33,admin.,single,university.degree,no,yes,no,cellular,oct,thu,759,1,3,3,success,-1.1,94.601,-49.5,1.025,4963.6,yes
367,0.957184,yes,High,36,blue-collar,single,high.school,no,no,no,cellular,jun,wed,339,1,6,1,success,-1.7,94.055,-39.8,0.739,4991.6,yes
368,0.957136,yes,High,30,technician,married,professional.course,no,yes,no,cellular,oct,mon,253,1,9,2,success,-1.1,94.601,-49.5,1.032,4963.6,yes
369,0.95711,yes,High,41,management,divorced,university.degree,no,no,no,cellular,sep,fri,164,5,3,3,success,-1.1,94.199,-37.5,0.879,4963.6,yes
370,0.957098,yes,High,41,management,married,unknown,no,no,yes,cellular,nov,fri,129,2,3,2,success,-3.4,92.649,-30.1,0.714,5017.5,yes
371,0.957032,yes,High,48,technician,married,professional.course,no,yes,yes,cellular,oct,mon,450,1,8,1,success,-1.1,94.601,-49.5,0.977,4963.6,yes
372,0.95691,yes,High,29,technician,married,university.degree,no,yes,no,cellular,nov,fri,210,1,3,1,success,-3.4,92.649,-30.1,0.714,5017.5,yes
373,0.956877,yes,High,30,technician,unknown,university.degree,no,no,no,cellular,mar,mon,173,2,6,2,success,-1.8,93.369,-34.8,0.639,5008.7,yes
374,0.956844,yes,High,36,blue-collar,married,unknown,no,no,no,cellular,apr,fri,315,1,6,1,success,-1.8,93.749,-34.6,0.663,5008.7,yes
375,0.956837,yes,High,33,admin.,single,university.degree,no,no,no,cellular,mar,mon,427,1,6,2,success,-1.8,93.369,-34.8,0.646,5008.7,yes
376,0.956809,yes,High,67,retired,married,basic.4y,no,no,no,cellular,aug,mon,341,2,13,1,success,-1.7,94.027,-38.3,0.898,4991.6,yes
377,0.956804,yes,High,19,student,single,basic.6y,no,yes,no,cellular,sep,thu,161,2,6,4,success,-1.1,94.199,-37.5,0.879,4963.6,yes
378,0.956781,yes,High,36,unemployed,married,high.school,no,yes,no,cellular,oct,mon,304,1,3,1,success,-1.1,94.601,-49.5,1.032,4963.6,yes
379,0.956764,yes,High,21,student,single,high.school,no,yes,no,cellular,aug,tue,263,3,9,2,success,-1.7,94.027,-38.3,0.899,4991.6,yes
380,0.956666,yes,High,31,admin.,single,university.degree,no,yes,no,cellular,jul,fri,815,2,13,2,success,-1.7,94.215,-40.3,0.861,4991.6,yes
381,0.956607,yes,High,80,retired,married,basic.4y,no,no,no,cellular,may,mon,382,1,3,3,success,-1.8,93.876,-40.0,0.697,5008.7,yes
382,0.956507,yes,High,51,technician,married,university.degree,no,yes,no,cellular,jun,tue,303,1,10,1,success,-1.7,94.055,-39.8,0.702,4991.6,yes
383,0.956496,yes,High,40,management,married,university.degree,no,no,no,telephone,jul,fri,367,2,3,2,success,-1.7,94.215,-40.3,0.896,4991.6,yes
384,0.956474,yes,High,76,retired,married,professional.course,unknown,yes,no,cellular,jun,tue,352,1,3,1,success,-1.7,94.055,-39.8,0.761,4991.6,yes
385,0.956472,yes,High,60,housemaid,married,basic.4y,no,yes,yes,cellular,apr,thu,149,1,12,1,success,-1.8,93.749,-34.6,0.635,5008.7,yes
386,0.956459,yes,High,56,unemployed,divorced,basic.4y,no,no,yes,cellular,oct,fri,363,2,5,3,success,-1.1,94.601,-49.5,0.972,4963.6,yes
387,0.956249,yes,High,35,admin.,married,university.degree,no,no,no,cellular,jul,mon,768,2,3,4,success,-1.7,94.215,-40.3,0.889,4991.6,no
388,0.956173,yes,High,24,admin.,single,high.school,no,no,no,cellular,jul,mon,452,1,14,1,success,-1.7,94.215,-40.3,0.827,4991.6,yes
389,0.956132,yes,High,30,admin.,single,university.degree,no,no,no,cellular,may,tue,113,1,6,1,success,-1.8,93.876,-40.0,0.668,5008.7,no
390,0.95613,yes,High,47,admin.,single,basic.9y,no,yes,yes,cellular,jul,thu,392,2,6,1,success,-1.7,94.215,-40.3,0.846,4991.6,yes
391,0.95611,yes,High,29,admin.,single,university.degree,no,yes,no,cellular,sep,thu,180,2,8,2,success,-1.1,94.199,-37.5,0.878,4963.6,no
392,0.956102,yes,High,38,admin.,married,university.degree,no,yes,no,cellular,oct,wed,576,1,6,1,success,-3.4,92.431,-26.9,0.735,5017.5,yes
393,0.955897,yes,High,31,technician,single,university.degree,no,yes,no,telephone,jul,thu,426,1,6,2,success,-1.7,94.215,-40.3,0.899,4991.6,yes
394,0.9558,yes,High,38,housemaid,single,high.school,no,yes,no,cellular,mar,fri,422,1,10,1,success,-1.8,93.369,-34.8,0.649,5008.7,yes
395,0.955593,yes,High,59,retired,divorced,basic.4y,no,yes,yes,cellular,jul,mon,796,1,6,1,success,-1.7,94.215,-40.3,0.827,4991.6,yes
396,0.955554,yes,High,70,blue-collar,married,basic.4y,no,no,yes,cellular,jun,fri,252,1,3,1,success,-1.7,94.055,-39.8,0.732,4991.6,yes
397,0.955553,yes,High,36,admin.,married,university.degree,no,yes,no,cellular,oct,wed,825,1,6,1,success,-3.4,92.431,-26.9,0.735,5017.5,yes
398,0.955483,yes,High,35,admin.,married,university.degree,no,yes,no,cellular,apr,thu,330,1,10,1,success,-1.8,93.749,-34.6,0.644,5008.7,yes
399,0.955457,yes,High,33,admin.,married,university.degree,no,yes,no,telephone,nov,wed,241,1,3,1,success,-3.4,92.649,-30.1,0.715,5017.5,yes
400,0.955371,yes,High,32,admin.,married,university.degree,no,yes,no,cellular,oct,wed,467,2,6,1,success,-3.4,92.431,-26.9,0.735,5017.5,yes
401,0.955293,yes,High,65,unknown,married,unknown,no,yes,no,cellular,jun,thu,301,2,4,2,success,-1.7,94.055,-39.8,0.729,4991.6,yes
402,0.955266,yes,High,51,admin.,married,university.degree,no,yes,yes,cellular,oct,thu,236,3,3,1,success,-1.1,94.601,-49.5,0.965,4963.6,yes
403,0.955216,yes,High,27,management,single,professional.course,no,yes,no,cellular,nov,tue,325,1,3,1,success,-3.4,92.649,-30.1,0.716,5017.5,yes
404,0.955179,yes,High,37,housemaid,married,university.degree,no,no,no,cellular,oct,thu,549,2,11,4,success,-1.1,94.601,-49.5,1.025,4963.6,yes
405,0.955138,yes,High,18,student,single,unknown,no,yes,no,cellular,may,thu,183,1,7,2,success,-1.8,93.876,-40.0,0.677,5008.7,no
406,0.955133,yes,High,30,student,single,unknown,no,no,no,cellular,dec,wed,343,1,4,2,success,-3.0,92.713,-33.0,0.715,5023.5,yes
407,0.955072,yes,High,24,admin.,single,university.degree,no,no,no,cellular,sep,tue,106,1,3,1,success,-3.4,92.379,-29.8,0.77,5017.5,yes
408,0.954993,yes,High,31,technician,single,university.degree,no,no,no,telephone,jul,thu,270,1,5,1,success,-1.7,94.215,-40.3,0.899,4991.6,yes
409,0.954977,yes,High,37,management,married,university.degree,no,yes,no,cellular,oct,thu,150,3,5,5,success,-1.1,94.601,-49.5,1.025,4963.6,yes
410,0.954915,yes,High,30,admin.,married,high.school,no,yes,no,cellular,jun,fri,215,1,12,1,success,-1.7,94.055,-39.8,0.732,4991.6,yes
411,0.954912,yes,High,56,unemployed,married,professional.course,no,no,no,cellular,sep,fri,323,3,6,1,success,-3.4,92.379,-29.8,0.762,5017.5,yes
412,0.95489,yes,High,45,admin.,divorced,university.degree,no,no,yes,cellular,jun,wed,79,1,3,2,success,-1.7,94.055,-39.8,0.739,4991.6,no
413,0.954838,yes,High,52,admin.,married,professional.course,no,yes,yes,cellular,jul,tue,139,2,6,1,success,-1.7,94.215,-40.3,0.893,4991.6,no
414,0.954838,yes,High,52,admin.,married,professional.course,no,yes,yes,cellular,jul,tue,287,2,6,1,success,-1.7,94.215,-40.3,0.893,4991.6,yes
415,0.954726,yes,High,51,blue-collar,married,basic.4y,no,no,yes,cellular,jun,mon,325,1,3,1,success,-1.7,94.055,-39.8,0.754,4991.6,yes
416,0.954714,yes,High,43,entrepreneur,married,university.degree,no,no,no,cellular,sep,mon,255,1,3,1,success,-1.1,94.199,-37.5,0.882,4963.6,yes
417,0.954707,yes,High,27,student,single,unknown,no,yes,no,telephone,apr,thu,390,1,4,1,success,-1.8,93.749,-34.6,0.635,5008.7,yes
418,0.954568,yes,High,59,unknown,married,unknown,no,no,no,cellular,aug,wed,198,1,6,1,success,-1.7,94.027,-38.3,0.9,4991.6,yes
419,0.954428,yes,High,25,blue-collar,single,basic.9y,no,no,no,cellular,mar,thu,456,2,10,2,success,-1.8,93.369,-34.8,0.654,5008.7,yes
420,0.954407,yes,High,45,technician,married,professional.course,no,no,no,cellular,oct,thu,504,1,6,1,success,-3.4,92.431,-26.9,0.733,5017.5,yes
421,0.954382,yes,High,65,retired,married,high.school,no,yes,yes,cellular,oct,fri,344,2,12,1,success,-1.1,94.601,-49.5,1.029,4963.6,yes
422,0.954301,yes,High,34,technician,single,university.degree,no,yes,no,cellular,sep,fri,294,4,10,3,success,-1.1,94.199,-37.5,0.879,4963.6,yes
423,0.95429,yes,High,30,management,married,university.degree,no,no,yes,cellular,oct,wed,255,1,6,1,success,-1.1,94.601,-49.5,1.043,4963.6,yes
424,0.954273,yes,High,43,technician,single,professional.course,no,no,no,cellular,may,tue,164,2,3,2,success,-1.8,93.876,-40.0,0.668,5008.7,yes
425,0.954251,yes,High,26,student,single,unknown,no,yes,yes,cellular,sep,thu,733,1,3,1,success,-3.4,92.379,-29.8,0.809,5017.5,yes
426,0.954222,yes,High,23,student,single,unknown,no,no,no,cellular,jul,tue,165,2,16,1,success,-1.7,94.215,-40.3,0.876,4991.6,yes
427,0.954217,yes,High,33,admin.,married,university.degree,no,yes,no,cellular,oct,tue,148,2,6,1,success,-3.4,92.431,-26.9,0.737,5017.5,yes
428,0.954163,yes,High,60,retired,married,professional.course,no,yes,yes,cellular,jul,thu,95,4,6,2,success,-1.7,94.215,-40.3,0.899,4991.6,no
429,0.954118,yes,High,30,admin.,single,university.degree,no,yes,no,cellular,jul,tue,255,2,3,1,success,-1.7,94.215,-40.3,0.797,4991.6,no
430,0.953972,yes,High,26,admin.,single,university.degree,no,yes,yes,cellular,apr,tue,295,4,6,2,success,-1.8,93.749,-34.6,0.644,5008.7,yes
431,0.953964,yes,High,28,student,single,basic.9y,no,yes,no,cellular,aug,wed,178,1,0,1,success,-1.7,94.027,-38.3,0.9,4991.6,yes
432,0.953643,yes,High,36,management,married,university.degree,no,no,no,cellular,jun,tue,867,1,3,2,success,-1.7,94.055,-39.8,0.737,4991.6,yes
433,0.953602,yes,High,36,management,married,university.degree,no,no,yes,cellular,nov,wed,166,3,3,3,success,-3.4,92.649,-30.1,0.715,5017.5,yes
434,0.953566,yes,High,32,self-employed,married,university.degree,no,no,no,cellular,nov,thu,707,2,3,2,success,-3.4,92.649,-30.1,0.714,5017.5,yes
435,0.953481,yes,High,34,admin.,single,university.degree,no,no,no,cellular,sep,fri,260,3,3,2,success,-3.4,92.379,-29.8,0.773,5017.5,yes
436,0.953379,yes,High,57,admin.,married,university.degree,no,no,no,cellular,nov,wed,182,1,3,2,success,-3.4,92.649,-30.1,0.716,5017.5,yes
437,0.953334,yes,High,46,technician,married,professional.course,no,no,yes,cellular,apr,tue,189,1,5,2,success,-1.8,93.749,-34.6,0.638,5008.7,yes
438,0.953278,yes,High,24,student,single,high.school,no,no,no,cellular,may,wed,389,1,7,2,success,-1.8,93.876,-40.0,0.672,5008.7,yes
439,0.953263,yes,High,65,retired,married,basic.4y,no,yes,yes,cellular,oct,wed,190,1,3,3,success,-1.1,94.601,-49.5,0.985,4963.6,yes
440,0.953226,yes,High,55,admin.,married,professional.course,no,yes,no,cellular,dec,thu,798,1,9,2,success,-3.0,92.713,-33.0,0.714,5023.5,yes
441,0.952885,yes,High,28,services,married,high.school,no,no,yes,cellular,jun,wed,479,2,6,2,success,-1.7,94.055,-39.8,0.715,4991.6,yes
442,0.952837,yes,High,50,admin.,married,high.school,no,no,no,cellular,may,wed,208,2,3,5,success,-1.8,93.876,-40.0,0.682,5008.7,no
443,0.952809,yes,High,44,admin.,married,university.degree,no,yes,no,cellular,oct,wed,192,3,6,1,success,-3.4,92.431,-26.9,0.735,5017.5,yes
444,0.952714,yes,High,60,admin.,married,unknown,no,no,no,cellular,nov,tue,787,1,7,2,success,-1.1,94.767,-50.8,1.046,4963.6,yes
445,0.952662,yes,High,26,admin.,single,university.degree,no,yes,no,cellular,nov,tue,309,3,7,1,success,-3.4,92.649,-30.1,0.715,5017.5,yes
446,0.95254,yes,High,53,technician,married,professional.course,no,no,no,cellular,sep,tue,925,1,3,1,success,-3.4,92.379,-29.8,0.77,5017.5,yes
447,0.952336,yes,High,28,technician,single,professional.course,no,yes,no,cellular,nov,wed,238,2,6,1,success,-3.4,92.649,-30.1,0.716,5017.5,yes
448,0.95232,yes,High,34,technician,married,high.school,no,yes,no,cellular,jun,wed,190,1,3,4,success,-1.7,94.055,-39.8,0.715,4991.6,yes
449,0.952151,yes,High,20,student,single,basic.9y,no,yes,no,cellular,jul,thu,361,3,6,3,success,-1.7,94.215,-40.3,0.846,4991.6,yes
450,0.951841,yes,High,42,services,married,university.degree,no,no,no,cellular,dec,wed,179,1,6,1,success,-3.0,92.713,-33.0,0.715,5023.5,yes
451,0.951745,yes,High,65,retired,married,basic.4y,no,yes,no,cellular,oct,wed,258,1,3,3,success,-1.1,94.601,-49.5,1.043,4963.6,yes
452,0.951706,yes,High,70,retired,married,professional.course,no,no,no,cellular,oct,thu,585,1,6,3,success,-1.1,94.601,-49.5,0.987,4963.6,yes
453,0.951594,yes,High,27,services,single,university.degree,no,yes,no,cellular,mar,mon,104,1,6,1,success,-1.8,93.369,-34.8,0.652,5008.7,yes
454,0.951572,yes,High,38,technician,single,professional.course,no,yes,no,cellular,sep,thu,284,3,22,1,success,-1.1,94.199,-37.5,0.879,4963.6,yes
455,0.951552,yes,High,45,unemployed,married,high.school,no,no,no,cellular,sep,wed,213,4,6,2,success,-1.1,94.199,-37.5,0.88,4963.6,no
456,0.95114,yes,High,26,technician,single,university.degree,no,no,no,cellular,jul,fri,129,2,6,1,success,-1.7,94.215,-40.3,0.861,4991.6,no
457,0.951067,yes,High,37,technician,married,professional.course,no,yes,yes,cellular,mar,wed,395,1,9,1,success,-1.8,93.369,-34.8,0.644,5008.7,no
458,0.951035,yes,High,37,admin.,single,university.degree,no,yes,no,cellular,jul,fri,844,2,6,3,success,-1.7,94.215,-40.3,0.79,4991.6,no
459,0.950958,yes,High,65,management,married,unknown,no,no,no,cellular,dec,wed,456,2,9,1,success,-3.0,92.713,-33.0,0.715,5023.5,yes
460,0.950875,yes,High,70,retired,divorced,high.school,no,yes,no,telephone,may,wed,283,2,4,2,success,-1.8,93.876,-40.0,0.697,5008.7,yes
461,0.950825,yes,High,27,services,single,high.school,no,no,no,cellular,jul,fri,700,5,6,2,success,-1.7,94.215,-40.3,0.896,4991.6,yes
462,0.950783,yes,High,27,admin.,single,university.degree,no,no,no,cellular,apr,tue,317,1,12,1,success,-1.8,93.749,-34.6,0.638,5008.7,yes
463,0.950729,yes,High,33,admin.,single,university.degree,no,yes,no,cellular,oct,mon,400,1,5,2,success,-1.1,94.601,-49.5,1.032,4963.6,yes
464,0.950571,yes,High,22,student,single,unknown,no,yes,no,cellular,may,mon,171,2,3,2,success,-1.8,93.876,-40.0,0.682,5008.7,yes
465,0.950563,yes,High,37,admin.,single,university.degree,no,yes,no,cellular,jul,fri,96,2,4,3,success,-1.7,94.215,-40.3,0.79,4991.6,no
466,0.950546,yes,High,34,admin.,divorced,high.school,no,no,no,cellular,nov,tue,492,2,6,3,success,-3.4,92.649,-30.1,0.716,5017.5,no
467,0.950529,yes,High,34,admin.,married,high.school,no,yes,no,cellular,jun,wed,161,1,5,1,success,-1.7,94.055,-39.8,0.704,4991.6,no
468,0.950489,yes,High,49,technician,divorced,professional.course,no,yes,no,cellular,mar,tue,236,4,3,1,success,-1.8,93.369,-34.8,0.635,5008.7,yes
469,0.950353,yes,High,23,student,single,high.school,no,yes,no,cellular,jul,tue,682,2,13,1,success,-2.9,92.469,-33.6,1.044,5076.2,yes
470,0.950267,yes,High,25,student,single,high.school,no,yes,no,cellular,oct,fri,234,1,3,1,success,-1.1,94.601,-49.5,1.029,4963.6,yes
471,0.950245,yes,High,25,services,single,high.school,no,no,yes,telephone,jul,thu,411,2,8,4,success,-1.7,94.215,-40.3,0.81,4991.6,yes
472,0.950196,yes,High,72,retired,married,basic.4y,no,no,no,cellular,sep,fri,230,1,3,2,success,-3.4,92.379,-29.8,0.803,5017.5,yes
473,0.950179,yes,High,31,self-employed,married,university.degree,no,no,no,cellular,sep,wed,152,1,3,1,success,-3.4,92.379,-29.8,0.768,5017.5,yes
474,0.950081,yes,High,35,admin.,single,university.degree,no,yes,no,cellular,jun,mon,293,1,14,1,success,-1.7,94.055,-39.8,0.72,4991.6,yes
475,0.94993,yes,High,38,admin.,single,high.school,no,yes,yes,cellular,apr,thu,449,1,13,1,success,-1.8,93.749,-34.6,0.659,5008.7,yes
476,0.949675,yes,High,62,blue-collar,married,high.school,no,yes,no,cellular,jun,mon,563,4,4,3,success,-1.7,94.055,-39.8,0.754,4991.6,yes
477,0.949654,yes,High,67,unknown,divorced,unknown,unknown,yes,no,cellular,sep,wed,220,2,6,2,success,-1.1,94.199,-37.5,0.88,4963.6,yes
478,0.949529,yes,High,26,unemployed,single,high.school,no,yes,no,cellular,oct,fri,394,3,14,1,success,-1.1,94.601,-49.5,1.029,4963.6,yes
479,0.949486,yes,High,65,retired,married,basic.4y,no,yes,yes,cellular,oct,mon,165,1,3,1,success,-1.1,94.601,-49.5,0.977,4963.6,yes
480,0.949416,yes,High,61,management,married,university.degree,no,yes,no,cellular,nov,tue,195,1,7,1,success,-3.4,92.649,-30.1,0.715,5017.5,yes
481,0.949391,yes,High,26,student,single,high.school,no,yes,yes,cellular,apr,fri,888,1,6,2,success,-1.8,93.749,-34.6,0.645,5008.7,yes
482,0.949299,yes,High,49,admin.,divorced,university.degree,no,yes,no,cellular,sep,fri,283,3,3,1,success,-3.4,92.379,-29.8,0.773,5017.5,yes
483,0.949204,yes,High,29,admin.,single,high.school,no,yes,no,cellular,nov,fri,176,2,7,2,success,-3.4,92.649,-30.1,0.714,5017.5,yes
484,0.949162,yes,High,48,management,married,university.degree,no,no,no,cellular,oct,wed,81,1,6,1,success,-3.4,92.431,-26.9,0.74,5017.5,yes
485,0.949043,yes,High,35,management,married,university.degree,no,no,no,cellular,nov,tue,56,1,3,2,success,-3.4,92.649,-30.1,0.716,5017.5,no
486,0.948716,yes,High,32,technician,single,university.degree,no,no,no,cellular,jul,fri,125,1,3,2,success,-1.7,94.215,-40.3,0.885,4991.6,no
487,0.948443,yes,High,24,student,single,high.school,no,yes,no,cellular,may,wed,329,1,1,2,success,-1.8,93.876,-40.0,0.672,5008.7,no
488,0.948384,yes,High,33,services,single,university.degree,no,yes,no,cellular,oct,mon,252,2,3,2,success,-1.1,94.601,-49.5,0.977,4963.6,yes
489,0.94818,yes,High,68,retired,divorced,high.school,no,yes,yes,cellular,oct,mon,567,1,3,1,success,-1.1,94.601,-49.5,1.0,4963.6,yes
490,0.948142,yes,High,56,retired,married,professional.course,no,unknown,unknown,cellular,oct,thu,181,1,6,1,success,-3.4,92.431,-26.9,0.733,5017.5,yes
491,0.948135,yes,High,35,services,married,professional.course,no,yes,no,cellular,apr,thu,218,2,6,1,success,-1.8,93.749,-34.6,0.644,5008.7,yes
492,0.948078,yes,High,35,unemployed,married,university.degree,no,no,no,cellular,oct,thu,344,1,6,1,success,-3.4,92.431,-26.9,0.733,5017.5,yes
493,0.948054,yes,High,29,technician,single,professional.course,no,unknown,unknown,cellular,sep,fri,255,1,3,2,success,-1.1,94.199,-37.5,0.878,4963.6,yes
494,0.948028,yes,High,23,student,single,high.school,no,no,no,telephone,mar,fri,290,1,3,1,success,-1.8,93.369,-34.8,0.649,5008.7,yes
495,0.94799,yes,High,34,technician,married,professional.course,no,yes,no,cellular,oct,wed,442,2,8,1,success,-3.4,92.431,-26.9,0.735,5017.5,yes
496,0.947842,yes,High,33,services,single,high.school,no,yes,no,cellular,oct,mon,182,1,6,1,success,-1.1,94.601,-49.5,1.032,4963.6,yes
497,0.947674,yes,High,34,technician,married,professional.course,no,yes,no,cellular,apr,fri,211,2,6,2,success,-1.8,93.749,-34.6,0.663,5008.7,no
498,0.947573,yes,High,44,admin.,single,university.degree,no,no,no,cellular,jun,tue,924,2,4,1,success,-2.9,92.963,-40.8,1.262,5076.2,yes
499,0.947453,yes,High,54,admin.,married,professional.course,no,no,no,cellular,nov,tue,1868,2,10,1,success,-1.1,94.767,-50.8,1.035,4963.6,yes
500,0.947335,yes,High,60,technician,married,basic.4y,no,yes,no,cellular,oct,tue,595,2,6,1,success,-3.4,92.431,-26.9,0.737,5017.5,yes
501,0.947324,yes,High,31,admin.,single,university.degree,no,unknown,unknown,cellular,oct,tue,192,1,3,1,success,-1.1,94.601,-49.5,1.008,4963.6,yes
502,0.94728,yes,High,56,retired,married,professional.course,no,no,no,cellular,oct,thu,133,1,3,1,success,-3.4,92.431,-26.9,0.733,5017.5,yes
503,0.947206,yes,High,52,technician,married,professional.course,no,yes,no,cellular,nov,fri,495,1,3,1,success,-3.4,92.649,-30.1,0.714,5017.5,yes
504,0.947128,yes,High,28,admin.,single,university.degree,no,yes,no,cellular,mar,thu,370,1,9,1,success,-1.8,93.369,-34.8,0.643,5008.7,no
505,0.946552,yes,High,44,technician,married,professional.course,no,yes,no,cellular,sep,tue,173,1,4,1,success,-3.4,92.379,-29.8,0.755,5017.5,yes
506,0.946503,yes,High,35,admin.,married,university.degree,no,yes,no,cellular,jun,tue,385,1,5,1,success,-1.7,94.055,-39.8,0.761,4991.6,no
507,0.946481,yes,High,65,retired,married,basic.4y,no,no,no,cellular,oct,fri,187,2,7,3,success,-1.1,94.601,-49.5,0.993,4963.6,yes
508,0.946426,yes,High,21,student,single,unknown,no,no,no,telephone,jul,thu,250,1,12,1,success,-1.7,94.215,-40.3,0.81,4991.6,yes
509,0.946395,yes,High,59,management,married,university.degree,no,yes,no,cellular,sep,fri,328,2,3,1,success,-3.4,92.379,-29.8,0.803,5017.5,yes
510,0.946114,yes,High,29,technician,single,professional.course,no,yes,yes,cellular,mar,thu,467,2,13,1,success,-1.8,93.369,-34.8,0.643,5008.7,yes
511,0.946067,yes,High,47,admin.,divorced,university.degree,no,no,no,cellular,nov,tue,181,4,6,1,success,-3.4,92.649,-30.1,0.72,5017.5,yes
512,0.946019,yes,High,64,housemaid,married,basic.4y,no,no,no,cellular,dec,thu,422,1,6,2,success,-3.0,92.713,-33.0,0.714,5023.5,yes
513,0.945951,yes,High,18,student,single,unknown,no,yes,no,telephone,may,tue,421,1,3,1,success,-1.8,93.876,-40.0,0.668,5008.7,yes
514,0.945704,yes,High,56,technician,married,basic.4y,no,no,no,cellular,oct,thu,257,1,6,1,success,-3.4,92.431,-26.9,0.733,5017.5,yes
515,0.94555,yes,High,37,admin.,married,university.degree,no,unknown,unknown,cellular,jun,fri,602,1,10,1,success,-1.7,94.055,-39.8,0.719,4991.6,yes
516,0.945541,yes,High,30,student,single,unknown,no,no,no,cellular,mar,thu,101,1,14,1,success,-1.8,93.369,-34.8,0.635,5008.7,yes
517,0.945537,yes,High,24,admin.,single,university.degree,no,yes,no,cellular,oct,fri,1176,3,3,2,success,-1.1,94.601,-49.5,0.993,4963.6,yes
518,0.945504,yes,High,26,admin.,married,high.school,no,yes,no,cellular,nov,fri,338,1,7,1,success,-3.4,92.649,-30.1,0.714,5017.5,yes
519,0.94543,yes,High,60,unemployed,married,basic.4y,no,no,no,cellular,nov,thu,627,2,6,1,success,-3.4,92.649,-30.1,0.714,5017.5,yes
520,0.945375,yes,High,28,technician,single,university.degree,no,no,no,cellular,jul,tue,146,3,6,2,success,-1.7,94.215,-40.3,0.876,4991.6,no
521,0.945335,yes,High,29,admin.,married,high.school,no,yes,no,cellular,jun,tue,379,2,13,1,success,-1.7,94.055,-39.8,0.723,4991.6,yes
522,0.945322,yes,High,29,admin.,single,university.degree,no,no,no,cellular,sep,fri,110,4,6,1,success,-1.1,94.199,-37.5,0.878,4963.6,no
523,0.94527,yes,High,70,retired,married,basic.4y,no,no,no,cellular,sep,tue,150,1,3,2,success,-3.4,92.379,-29.8,0.77,5017.5,yes
524,0.945249,yes,High,38,admin.,married,university.degree,no,no,no,telephone,nov,thu,71,1,13,1,success,-3.4,92.649,-30.1,0.714,5017.5,yes
525,0.945229,yes,High,33,admin.,married,university.degree,no,yes,no,cellular,mar,thu,117,1,3,1,success,-1.8,93.369,-34.8,0.65,5008.7,no
526,0.945163,yes,High,32,blue-collar,single,high.school,no,no,no,cellular,jun,mon,247,1,2,2,success,-1.7,94.055,-39.8,0.754,4991.6,yes
527,0.944821,yes,High,33,student,married,professional.course,no,yes,no,cellular,aug,mon,265,3,3,4,success,-1.7,94.027,-38.3,0.896,4991.6,yes
528,0.944771,yes,High,32,admin.,single,university.degree,no,no,no,cellular,jun,tue,856,1,12,2,success,-1.7,94.055,-39.8,0.737,4991.6,yes
529,0.944744,yes,High,64,retired,divorced,basic.4y,no,yes,yes,telephone,sep,fri,211,2,6,2,success,-1.1,94.199,-37.5,0.878,4963.6,yes
530,0.944621,yes,High,23,student,single,high.school,no,no,yes,cellular,oct,fri,380,1,3,1,success,-1.1,94.601,-49.5,1.029,4963.6,yes
531,0.944524,yes,High,52,technician,married,university.degree,no,no,yes,telephone,may,tue,209,1,2,2,success,-1.8,93.876,-40.0,0.668,5008.7,yes
532,0.944389,yes,High,49,blue-collar,married,basic.9y,unknown,no,no,cellular,mar,mon,172,1,6,2,success,-1.8,93.369,-34.8,0.652,5008.7,yes
533,0.944123,yes,High,26,admin.,single,university.degree,no,no,yes,cellular,jun,fri,91,2,6,1,success,-1.7,94.055,-39.8,0.732,4991.6,no
534,0.943921,yes,High,49,blue-collar,married,basic.9y,unknown,no,no,cellular,mar,mon,301,1,3,1,success,-1.8,93.369,-34.8,0.652,5008.7,yes
535,0.943409,yes,High,25,admin.,single,high.school,no,no,no,cellular,sep,thu,185,1,3,1,success,-3.4,92.379,-29.8,0.778,5017.5,yes
536,0.943319,yes,High,42,management,married,university.degree,no,no,no,telephone,oct,tue,83,1,3,1,success,-3.4,92.431,-26.9,0.728,5017.5,yes
537,0.943244,yes,High,60,self-employed,divorced,university.degree,no,no,no,cellular,sep,tue,83,1,3,1,success,-3.4,92.379,-29.8,0.755,5017.5,yes
538,0.943053,yes,High,37,admin.,divorced,university.degree,no,no,no,cellular,aug,thu,329,3,9,1,success,-2.9,92.201,-31.4,0.851,5076.2,yes
539,0.94299,yes,High,53,admin.,married,university.degree,no,no,no,cellular,dec,thu,110,1,6,1,success,-3.0,92.713,-33.0,0.72,5023.5,no
540,0.942963,yes,High,30,admin.,married,university.degree,no,no,yes,cellular,may,mon,85,2,9,2,success,-1.8,93.876,-40.0,0.701,5008.7,no
541,0.942918,yes,High,45,blue-collar,married,professional.course,no,yes,no,telephone,may,thu,414,1,6,2,success,-1.8,93.876,-40.0,0.683,5008.7,yes
542,0.942873,yes,High,23,student,single,university.degree,no,yes,no,cellular,dec,fri,127,2,6,2,success,-3.0,92.713,-33.0,0.718,5023.5,no
543,0.942833,yes,High,24,technician,married,university.degree,no,yes,yes,cellular,sep,tue,89,2,3,1,success,-3.4,92.379,-29.8,0.77,5017.5,yes
544,0.942804,yes,High,62,housemaid,married,university.degree,no,yes,no,cellular,nov,thu,237,1,3,3,success,-3.4,92.649,-30.1,0.714,5017.5,no
545,0.942729,yes,High,24,admin.,single,university.degree,no,yes,yes,cellular,aug,fri,101,5,6,2,success,-1.7,94.027,-38.3,0.905,4991.6,no
546,0.94272,yes,High,29,student,single,high.school,no,no,no,cellular,may,tue,104,1,7,1,success,-1.8,93.876,-40.0,0.668,5008.7,no
547,0.94265,yes,High,83,retired,married,high.school,no,no,no,cellular,dec,thu,155,1,4,3,success,-3.0,92.713,-33.0,0.72,5023.5,yes
548,0.942629,yes,High,26,admin.,single,university.degree,no,yes,no,telephone,sep,thu,471,1,7,1,success,-3.4,92.379,-29.8,0.809,5017.5,yes
549,0.942461,yes,High,55,services,married,basic.9y,no,yes,no,cellular,dec,wed,314,1,6,1,success,-3.0,92.713,-33.0,0.715,5023.5,yes
550,0.942428,yes,High,22,services,single,professional.course,no,yes,yes,cellular,sep,tue,239,1,3,2,success,-3.4,92.379,-29.8,0.755,5017.5,yes
551,0.942426,yes,High,37,admin.,married,university.degree,no,no,yes,cellular,dec,mon,206,2,6,1,success,-3.0,92.713,-33.0,0.706,5023.5,yes
552,0.942399,yes,High,30,technician,unknown,university.degree,no,no,no,cellular,mar,mon,977,2,11,2,success,-1.8,93.369,-34.8,0.639,5008.7,yes
553,0.94231,yes,High,26,admin.,single,university.degree,no,unknown,unknown,cellular,jun,tue,271,2,3,1,success,-2.9,92.963,-40.8,1.262,5076.2,yes
554,0.942173,yes,High,30,technician,married,university.degree,no,yes,no,cellular,dec,thu,244,2,6,1,success,-3.0,92.713,-33.0,0.72,5023.5,yes
555,0.942162,yes,High,20,student,single,basic.4y,no,yes,yes,cellular,apr,tue,278,4,6,1,success,-1.8,93.749,-34.6,0.644,5008.7,yes
556,0.941764,yes,High,35,technician,single,professional.course,no,yes,no,cellular,jun,tue,187,1,6,2,success,-1.7,94.055,-39.8,0.713,4991.6,yes
557,0.941721,yes,High,28,admin.,single,university.degree,no,yes,no,cellular,sep,fri,91,1,1,3,success,-3.4,92.379,-29.8,0.773,5017.5,yes
558,0.941678,yes,High,32,admin.,married,university.degree,no,no,yes,cellular,jun,thu,327,3,3,1,success,-2.9,92.963,-40.8,1.26,5076.2,yes
559,0.941444,yes,High,30,admin.,single,high.school,no,no,no,cellular,may,wed,177,1,13,1,success,-1.8,93.876,-40.0,0.682,5008.7,no
560,0.941442,yes,High,53,admin.,single,university.degree,no,yes,no,cellular,jun,fri,304,2,3,1,success,-2.9,92.963,-40.8,1.268,5076.2,yes
561,0.941436,yes,High,54,admin.,married,high.school,no,yes,no,cellular,nov,fri,402,1,3,3,success,-3.4,92.649,-30.1,0.716,5017.5,yes
562,0.941393,yes,High,55,retired,married,high.school,no,yes,no,cellular,oct,thu,424,2,7,1,success,-3.4,92.431,-26.9,0.722,5017.5,yes
563,0.941376,yes,High,29,admin.,married,university.degree,no,yes,yes,cellular,jul,tue,256,2,6,1,success,-1.7,94.215,-40.3,0.835,4991.6,no
564,0.941374,yes,High,29,management,married,university.degree,no,yes,no,cellular,nov,wed,199,1,9,1,success,-3.4,92.649,-30.1,0.719,5017.5,no
565,0.941374,yes,High,37,unemployed,married,university.degree,unknown,yes,no,cellular,jun,mon,614,3,3,2,success,-1.7,94.055,-39.8,0.754,4991.6,yes
566,0.941334,yes,High,32,admin.,married,high.school,no,unknown,unknown,cellular,sep,mon,908,1,6,4,success,-1.1,94.199,-37.5,0.882,4963.6,yes
567,0.941225,yes,High,31,technician,married,professional.course,no,yes,no,cellular,jun,tue,619,2,3,1,success,-1.7,94.055,-39.8,0.723,4991.6,yes
568,0.9412,yes,High,47,technician,married,basic.6y,no,no,no,cellular,sep,mon,164,2,6,3,success,-1.1,94.199,-37.5,0.882,4963.6,no
569,0.94116,yes,High,18,student,single,unknown,no,no,no,cellular,sep,thu,385,1,3,1,success,-3.4,92.379,-29.8,0.809,5017.5,yes
570,0.941134,yes,High,77,retired,married,university.degree,no,yes,no,telephone,may,wed,372,1,3,4,success,-1.8,93.876,-40.0,0.682,5008.7,yes
571,0.941115,yes,High,48,admin.,married,university.degree,no,yes,no,cellular,jun,wed,447,2,4,1,success,-2.9,92.963,-40.8,1.26,5076.2,yes
572,0.941008,yes,High,54,services,divorced,high.school,no,yes,yes,cellular,oct,wed,178,4,3,1,success,-1.1,94.601,-49.5,1.016,4963.6,yes
573,0.940975,yes,High,48,unemployed,married,professional.course,no,no,no,telephone,may,wed,360,1,6,1,success,-1.8,93.876,-40.0,0.682,5008.7,yes
574,0.940848,yes,High,30,admin.,single,professional.course,no,unknown,unknown,cellular,jun,thu,246,1,7,1,success,-2.9,92.963,-40.8,1.26,5076.2,yes
575,0.940825,yes,High,59,services,married,professional.course,no,yes,no,cellular,sep,fri,251,3,2,4,success,-1.1,94.199,-37.5,0.883,4963.6,no
576,0.940783,yes,High,19,student,single,basic.6y,no,yes,yes,cellular,sep,thu,452,5,13,1,success,-1.1,94.199,-37.5,0.879,4963.6,yes
577,0.940761,yes,High,29,technician,single,basic.9y,no,yes,no,telephone,jul,wed,247,1,6,1,success,-1.7,94.215,-40.3,0.84,4991.6,yes
578,0.940579,yes,High,20,student,single,high.school,no,yes,no,cellular,nov,wed,166,1,7,1,success,-3.4,92.649,-30.1,0.715,5017.5,yes
579,0.940522,yes,High,37,admin.,married,university.degree,no,yes,no,cellular,jul,fri,1005,5,4,2,success,-1.7,94.215,-40.3,0.896,4991.6,yes
580,0.940489,yes,High,36,blue-collar,single,high.school,no,yes,yes,cellular,jun,wed,342,2,3,1,success,-1.7,94.055,-39.8,0.739,4991.6,yes
581,0.940428,yes,High,25,unemployed,single,high.school,no,no,no,cellular,aug,tue,188,1,3,3,success,-1.7,94.027,-38.3,0.904,4991.6,no
582,0.940363,yes,High,61,retired,married,university.degree,no,no,no,telephone,aug,wed,250,2,7,1,success,-1.7,94.027,-38.3,0.9,4991.6,yes
583,0.940358,yes,High,39,technician,married,university.degree,no,no,no,cellular,oct,fri,170,1,6,1,success,-3.4,92.431,-26.9,0.739,5017.5,yes
584,0.940237,yes,High,59,management,married,university.degree,no,yes,no,cellular,dec,thu,646,3,6,1,success,-3.0,92.713,-33.0,0.7,5023.5,no
585,0.940221,yes,High,62,retired,married,university.degree,no,no,no,cellular,nov,thu,483,2,6,3,success,-1.1,94.767,-50.8,1.031,4963.6,yes
586,0.940205,yes,High,59,housemaid,married,basic.4y,no,yes,no,cellular,oct,tue,518,2,6,1,success,-3.4,92.431,-26.9,0.737,5017.5,yes
587,0.940181,yes,High,34,technician,married,unknown,no,no,no,cellular,nov,tue,206,1,6,2,success,-1.1,94.767,-50.8,1.046,4963.6,yes
588,0.940087,yes,High,30,technician,married,university.degree,no,no,no,cellular,jun,fri,171,1,7,1,success,-1.7,94.055,-39.8,0.748,4991.6,no
589,0.940007,yes,High,78,retired,divorced,basic.4y,no,yes,no,cellular,nov,thu,463,1,3,1,success,-3.4,92.649,-30.1,0.714,5017.5,no
590,0.939972,yes,High,63,admin.,married,university.degree,no,yes,no,cellular,oct,thu,174,2,6,1,success,-1.1,94.601,-49.5,0.987,4963.6,no
591,0.939732,yes,High,57,retired,married,basic.4y,no,yes,no,cellular,nov,wed,295,1,3,2,success,-3.4,92.649,-30.1,0.716,5017.5,no
592,0.939654,yes,High,21,student,single,university.degree,no,yes,no,cellular,dec,fri,379,3,6,1,success,-3.0,92.713,-33.0,0.71,5023.5,yes
593,0.939611,yes,High,32,admin.,married,professional.course,no,no,yes,cellular,oct,tue,221,1,6,1,success,-3.4,92.431,-26.9,0.742,5017.5,yes
594,0.939601,yes,High,30,admin.,married,university.degree,no,yes,no,cellular,jun,thu,96,2,4,1,success,-2.9,92.963,-40.8,1.26,5076.2,yes
595,0.939491,yes,High,43,admin.,married,university.degree,no,yes,no,cellular,jun,wed,262,2,3,1,success,-2.9,92.963,-40.8,1.26,5076.2,yes
596,0.939395,yes,High,85,housemaid,married,basic.4y,unknown,no,no,cellular,apr,tue,175,6,6,1,success,-1.8,93.749,-34.6,0.642,5008.7,yes
597,0.939004,yes,High,41,technician,married,professional.course,no,no,no,cellular,oct,wed,391,2,27,1,success,-1.1,94.601,-49.5,0.959,4963.6,yes
598,0.938975,yes,High,39,self-employed,divorced,high.school,no,no,no,cellular,sep,tue,108,2,3,1,success,-3.4,92.379,-29.8,0.788,5017.5,yes
599,0.938903,yes,High,51,technician,married,professional.course,no,yes,yes,cellular,apr,thu,297,1,2,2,success,-1.8,93.075,-47.1,1.365,5099.1,yes
600,0.938867,yes,High,23,student,single,basic.6y,no,no,no,cellular,jun,fri,276,1,14,1,success,-1.7,94.055,-39.8,0.748,4991.6,yes
601,0.938864,yes,High,39,entrepreneur,married,professional.course,no,no,no,telephone,sep,wed,511,3,6,1,success,-1.1,94.199,-37.5,0.876,4963.6,yes
602,0.938839,yes,High,24,technician,married,professional.course,no,no,no,cellular,jul,fri,192,4,26,1,success,-1.7,94.215,-40.3,0.885,4991.6,yes
603,0.938692,yes,High,39,admin.,married,university.degree,no,yes,yes,cellular,aug,fri,343,2,14,1,success,-2.9,92.201,-31.4,0.849,5076.2,yes
604,0.938622,yes,High,24,blue-collar,single,high.school,no,no,no,cellular,oct,thu,1032,1,3,1,success,-1.1,94.601,-49.5,1.025,4963.6,yes
605,0.938611,yes,High,37,technician,married,university.degree,no,yes,no,telephone,sep,tue,773,1,3,2,success,-3.4,92.379,-29.8,0.755,5017.5,yes
606,0.938533,yes,High,59,admin.,single,university.degree,no,no,no,cellular,aug,thu,259,3,15,1,success,-2.9,92.201,-31.4,0.829,5076.2,yes
607,0.938405,yes,High,61,admin.,married,university.degree,no,yes,yes,telephone,aug,wed,425,1,6,2,success,-1.7,94.027,-38.3,0.903,4991.6,yes
608,0.93825,yes,High,56,technician,married,basic.4y,no,no,no,cellular,oct,thu,306,3,3,1,success,-3.4,92.431,-26.9,0.733,5017.5,yes
609,0.938163,yes,High,31,management,married,university.degree,no,yes,no,cellular,oct,tue,255,3,4,1,success,-3.4,92.431,-26.9,0.728,5017.5,yes
610,0.937891,yes,High,33,admin.,married,university.degree,no,no,no,cellular,oct,fri,130,1,6,1,success,-3.4,92.431,-26.9,0.739,5017.5,yes
611,0.937845,yes,High,26,self-employed,single,university.degree,no,yes,no,cellular,sep,thu,318,1,6,4,success,-1.1,94.199,-37.5,0.878,4963.6,no
612,0.937843,yes,High,30,admin.,single,university.degree,no,no,yes,cellular,jun,fri,199,1,3,1,success,-2.9,92.963,-40.8,1.268,5076.2,yes
613,0.937742,yes,High,88,retired,divorced,basic.4y,no,no,no,cellular,oct,wed,512,2,6,1,success,-3.4,92.431,-26.9,0.735,5017.5,yes
614,0.937737,yes,High,40,technician,married,professional.course,no,yes,no,cellular,apr,thu,580,2,2,1,success,-1.8,93.075,-47.1,1.365,5099.1,yes
615,0.937697,yes,High,29,admin.,single,high.school,no,yes,no,cellular,sep,tue,107,2,3,1,success,-3.4,92.379,-29.8,0.77,5017.5,yes
616,0.937667,yes,High,56,blue-collar,married,basic.4y,unknown,yes,no,cellular,dec,tue,280,3,6,1,success,-3.0,92.713,-33.0,0.715,5023.5,yes
617,0.937651,yes,High,56,admin.,married,university.degree,no,yes,no,cellular,sep,thu,169,2,3,2,success,-3.4,92.379,-29.8,0.778,5017.5,yes
618,0.93764,yes,High,82,retired,divorced,basic.4y,no,no,no,cellular,apr,mon,529,1,6,2,success,-1.8,93.749,-34.6,0.643,5008.7,yes
619,0.937425,yes,High,34,technician,single,professional.course,no,yes,no,cellular,aug,tue,1416,2,12,1,success,-2.9,92.201,-31.4,0.883,5076.2,yes
620,0.9374,yes,High,30,admin.,single,university.degree,no,no,no,cellular,aug,fri,177,6,6,3,success,-1.7,94.027,-38.3,0.898,4991.6,yes
621,0.937371,yes,High,31,services,married,high.school,no,no,no,telephone,nov,fri,271,2,3,2,success,-3.4,92.649,-30.1,0.714,5017.5,yes
622,0.937317,yes,High,54,admin.,married,university.degree,no,yes,no,cellular,aug,fri,91,2,3,1,success,-2.9,92.201,-31.4,0.849,5076.2,yes
623,0.93731,yes,High,34,technician,married,professional.course,no,yes,yes,cellular,sep,fri,120,1,6,3,success,-1.1,94.199,-37.5,0.883,4963.6,no
624,0.93691,yes,High,36,technician,married,professional.course,no,yes,yes,cellular,apr,thu,266,2,2,2,success,-1.8,93.075,-47.1,1.365,5099.1,yes
625,0.936856,yes,High,35,technician,married,university.degree,no,yes,no,cellular,aug,wed,182,1,6,3,failure,-1.7,94.027,-38.3,0.9,4991.6,yes
626,0.936805,yes,High,26,blue-collar,single,high.school,no,yes,no,telephone,nov,fri,208,2,3,1,success,-3.4,92.649,-30.1,0.714,5017.5,yes
627,0.936748,yes,High,59,admin.,divorced,professional.course,no,unknown,unknown,cellular,aug,tue,203,1,4,1,success,-2.9,92.201,-31.4,0.883,5076.2,yes
628,0.936532,yes,High,24,student,single,unknown,no,yes,yes,cellular,aug,fri,744,1,3,2,success,-2.9,92.201,-31.4,0.849,5076.2,yes
629,0.936416,yes,High,21,student,single,university.degree,no,yes,no,cellular,nov,fri,180,3,3,1,success,-3.4,92.649,-30.1,0.714,5017.5,no
630,0.93618,yes,High,61,retired,married,university.degree,no,no,no,cellular,sep,mon,350,1,3,2,success,-3.4,92.379,-29.8,0.797,5017.5,yes
631,0.936169,yes,High,40,blue-collar,married,basic.9y,no,yes,no,cellular,jun,wed,133,3,3,2,success,-1.7,94.055,-39.8,0.739,4991.6,no
632,0.935688,yes,High,31,technician,married,university.degree,no,yes,yes,cellular,oct,tue,203,4,6,2,success,-1.1,94.601,-49.5,0.982,4963.6,yes
633,0.935658,yes,High,28,management,single,university.degree,no,yes,no,cellular,jun,thu,383,1,22,1,success,-1.7,94.055,-39.8,0.729,4991.6,yes
634,0.93564,yes,High,25,blue-collar,single,professional.course,no,yes,no,cellular,jun,tue,179,2,3,1,success,-2.9,92.963,-40.8,1.262,5076.2,yes
635,0.935592,yes,High,36,management,single,university.degree,no,yes,no,cellular,jun,wed,300,2,3,1,success,-2.9,92.963,-40.8,1.26,5076.2,yes
636,0.935392,yes,High,68,retired,married,basic.4y,no,yes,no,cellular,oct,tue,102,1,6,2,success,-3.4,92.431,-26.9,0.728,5017.5,yes
637,0.935355,yes,High,39,self-employed,divorced,high.school,no,no,no,cellular,sep,tue,261,1,3,1,success,-3.4,92.379,-29.8,0.788,5017.5,yes
638,0.93516,yes,High,29,admin.,married,university.degree,no,no,yes,cellular,jun,tue,347,3,5,1,success,-1.7,94.055,-39.8,0.702,4991.6,yes
639,0.935079,yes,High,25,admin.,single,university.degree,no,yes,no,cellular,sep,thu,420,1,1,1,success,-3.4,92.379,-29.8,0.809,5017.5,no
640,0.935007,yes,High,47,admin.,married,university.degree,no,unknown,unknown,cellular,aug,wed,288,1,10,2,failure,-1.7,94.027,-38.3,0.9,4991.6,yes
641,0.934917,yes,High,38,entrepreneur,married,basic.6y,no,no,no,cellular,jun,tue,271,1,2,3,success,-1.7,94.055,-39.8,0.761,4991.6,yes
642,0.934813,yes,High,27,management,single,university.degree,no,yes,no,cellular,sep,tue,137,2,4,2,success,-3.4,92.379,-29.8,0.819,5017.5,no
643,0.934757,yes,High,24,student,single,unknown,no,yes,no,cellular,aug,fri,438,1,6,1,success,-2.9,92.201,-31.4,0.849,5076.2,yes
644,0.934675,yes,High,72,admin.,married,university.degree,unknown,no,yes,cellular,oct,tue,143,1,6,1,success,-3.4,92.431,-26.9,0.728,5017.5,yes
645,0.934356,yes,High,25,admin.,single,university.degree,no,yes,yes,cellular,jun,tue,431,3,4,1,success,-2.9,92.963,-40.8,1.286,5076.2,no
646,0.93423,yes,High,26,services,single,high.school,no,yes,no,cellular,jul,tue,407,1,13,1,success,-2.9,92.469,-33.6,1.044,5076.2,yes
647,0.934207,yes,High,30,admin.,married,unknown,no,yes,no,cellular,jun,fri,207,2,4,1,success,-2.9,92.963,-40.8,1.268,5076.2,yes
648,0.934013,yes,High,35,admin.,single,university.degree,no,no,no,cellular,jul,fri,391,5,4,1,success,-1.7,94.215,-40.3,0.79,4991.6,yes
649,0.933932,yes,High,39,admin.,divorced,university.degree,no,yes,no,cellular,mar,thu,93,1,13,1,success,-1.8,93.369,-34.8,0.65,5008.7,no
650,0.933927,yes,High,43,self-employed,married,university.degree,no,yes,no,cellular,mar,mon,264,2,9,1,success,-1.8,93.369,-34.8,0.652,5008.7,yes
651,0.933892,yes,High,33,services,single,high.school,no,yes,no,cellular,mar,fri,128,2,6,1,success,-1.8,93.369,-34.8,0.636,5008.7,no
652,0.933834,yes,High,34,technician,single,basic.9y,no,no,no,cellular,aug,mon,205,3,6,3,success,-1.7,94.027,-38.3,0.896,4991.6,yes
653,0.933779,yes,High,27,admin.,single,university.degree,no,yes,yes,cellular,oct,tue,242,1,3,2,success,-1.1,94.601,-49.5,0.982,4963.6,no
654,0.933731,yes,High,69,retired,married,basic.4y,no,no,no,cellular,sep,mon,258,3,6,1,success,-1.1,94.199,-37.5,0.879,4963.6,no
655,0.933548,yes,High,27,admin.,single,unknown,no,yes,no,cellular,mar,mon,247,3,6,2,success,-1.8,93.369,-34.8,0.639,5008.7,yes
656,0.933475,yes,High,76,retired,married,basic.4y,no,yes,no,cellular,sep,wed,259,2,3,1,success,-3.4,92.379,-29.8,0.781,5017.5,yes
657,0.933434,yes,High,37,technician,married,professional.course,no,no,no,cellular,apr,thu,277,1,18,1,success,-1.8,93.749,-34.6,0.659,5008.7,yes
658,0.933389,yes,High,20,student,single,high.school,no,no,no,cellular,nov,wed,229,2,3,3,success,-3.4,92.649,-30.1,0.715,5017.5,yes
659,0.933371,yes,High,46,admin.,single,high.school,no,no,no,cellular,aug,thu,510,2,17,1,success,-1.7,94.027,-38.3,0.904,4991.6,no
660,0.933036,yes,High,35,technician,divorced,basic.4y,no,yes,no,cellular,nov,tue,385,3,4,2,success,-1.1,94.767,-50.8,1.035,4963.6,yes
661,0.93292,yes,High,62,retired,married,professional.course,no,yes,no,cellular,aug,tue,531,3,6,1,success,-2.9,92.201,-31.4,0.838,5076.2,yes
662,0.93292,yes,High,34,technician,married,professional.course,no,unknown,unknown,cellular,sep,fri,126,1,6,4,success,-1.1,94.199,-37.5,0.883,4963.6,no
663,0.932894,yes,High,25,student,single,high.school,no,yes,no,cellular,oct,mon,211,2,6,3,success,-1.1,94.601,-49.5,1.032,4963.6,yes
664,0.932843,yes,High,34,technician,married,unknown,no,yes,no,cellular,nov,tue,200,1,3,1,success,-1.1,94.767,-50.8,1.046,4963.6,yes
665,0.932698,yes,High,27,admin.,married,university.degree,no,yes,no,cellular,aug,tue,415,5,12,1,success,-1.7,94.027,-38.3,0.886,4991.6,yes
666,0.932578,yes,High,31,admin.,single,university.degree,no,yes,no,cellular,jun,tue,282,2,13,1,success,-2.9,92.963,-40.8,1.262,5076.2,yes
667,0.932457,yes,High,54,unknown,married,basic.9y,no,yes,no,cellular,jul,tue,174,2,13,2,success,-1.7,94.215,-40.3,0.876,4991.6,no
668,0.932388,yes,High,34,admin.,married,university.degree,no,yes,no,cellular,aug,wed,250,1,10,2,failure,-1.7,94.027,-38.3,0.9,4991.6,yes
669,0.932345,yes,High,56,technician,divorced,professional.course,no,no,no,cellular,oct,mon,464,1,3,2,success,-1.1,94.601,-49.5,1.0,4963.6,yes
670,0.932237,yes,High,33,self-employed,married,university.degree,no,yes,no,cellular,mar,wed,184,1,11,1,success,-1.8,93.369,-34.8,0.644,5008.7,no
671,0.931963,yes,High,23,student,single,basic.9y,no,yes,yes,cellular,sep,mon,218,3,6,2,success,-1.1,94.199,-37.5,0.879,4963.6,yes
672,0.931854,yes,High,41,unemployed,married,basic.9y,no,no,no,cellular,nov,thu,597,2,3,2,success,-1.1,94.767,-50.8,1.041,4963.6,yes
673,0.931629,yes,High,32,admin.,married,university.degree,no,no,no,cellular,jun,tue,74,1,4,1,success,-2.9,92.963,-40.8,1.262,5076.2,yes
674,0.931394,yes,High,20,student,single,unknown,no,yes,yes,cellular,oct,tue,187,1,3,4,success,-1.1,94.601,-49.5,0.982,4963.6,yes
675,0.930825,yes,High,25,services,single,unknown,no,yes,no,cellular,jun,tue,154,2,3,3,success,-1.7,94.055,-39.8,0.702,4991.6,yes
676,0.930817,yes,High,54,management,divorced,university.degree,no,yes,no,cellular,oct,thu,234,2,6,1,success,-3.4,92.431,-26.9,0.741,5017.5,yes
677,0.930624,yes,High,30,self-employed,single,university.degree,no,yes,yes,cellular,dec,fri,127,2,6,1,success,-3.0,92.713,-33.0,0.71,5023.5,no
678,0.93062,yes,High,34,unemployed,single,professional.course,no,no,no,cellular,aug,fri,531,2,2,1,success,-2.9,92.201,-31.4,0.849,5076.2,yes
679,0.930593,yes,High,25,admin.,single,university.degree,no,no,no,cellular,dec,fri,1139,2,4,1,success,-3.0,92.713,-33.0,0.718,5023.5,no
680,0.930569,yes,High,48,admin.,married,high.school,unknown,no,yes,cellular,dec,thu,274,1,8,1,success,-3.0,92.713,-33.0,0.72,5023.5,yes
681,0.930555,yes,High,28,technician,single,professional.course,no,yes,no,cellular,aug,thu,63,2,3,1,success,-2.9,92.201,-31.4,0.851,5076.2,yes
682,0.930548,yes,High,37,admin.,single,high.school,no,no,no,telephone,oct,thu,301,1,3,1,success,-1.1,94.601,-49.5,0.987,4963.6,yes
683,0.930492,yes,High,62,retired,married,high.school,no,no,no,cellular,oct,wed,207,1,6,1,success,-3.4,92.431,-26.9,0.724,5017.5,yes
684,0.930352,yes,High,28,unemployed,married,high.school,no,no,no,telephone,mar,fri,341,4,6,1,success,-1.8,93.369,-34.8,0.653,5008.7,yes
685,0.930251,yes,High,36,services,married,university.degree,no,no,yes,cellular,jun,tue,255,2,3,1,success,-2.9,92.963,-40.8,1.206,5076.2,yes
686,0.930208,yes,High,39,technician,married,professional.course,no,no,no,cellular,apr,thu,225,1,2,1,success,-1.8,93.075,-47.1,1.365,5099.1,yes
687,0.930087,yes,High,35,technician,divorced,basic.4y,no,yes,no,cellular,nov,tue,514,1,9,4,success,-1.1,94.767,-50.8,1.035,4963.6,yes
688,0.930067,yes,High,38,student,single,unknown,no,no,yes,cellular,mar,mon,248,1,3,4,success,-1.8,93.369,-34.8,0.639,5008.7,yes
689,0.930061,yes,High,67,admin.,married,basic.4y,unknown,no,no,cellular,oct,thu,299,2,2,2,success,-3.4,92.431,-26.9,0.722,5017.5,yes
690,0.930045,yes,High,28,admin.,single,university.degree,no,yes,no,cellular,sep,mon,387,2,6,3,success,-1.1,94.199,-37.5,0.882,4963.6,no
691,0.929985,yes,High,74,retired,married,university.degree,no,yes,no,cellular,oct,fri,212,2,3,2,success,-1.1,94.601,-49.5,0.993,4963.6,no
692,0.929911,yes,High,60,housemaid,married,basic.4y,no,yes,no,cellular,jul,thu,503,2,5,2,success,-2.9,92.469,-33.6,1.072,5076.2,yes
693,0.929861,yes,High,53,admin.,married,university.degree,no,yes,yes,telephone,dec,mon,824,1,6,2,success,-3.0,92.713,-33.0,0.706,5023.5,yes
694,0.929754,yes,High,32,management,single,university.degree,no,no,no,cellular,jul,fri,221,4,16,1,success,-1.7,94.215,-40.3,0.896,4991.6,no
695,0.929468,yes,High,36,technician,single,professional.course,no,yes,no,cellular,jun,fri,126,2,3,1,success,-2.9,92.963,-40.8,1.268,5076.2,yes
696,0.929462,yes,High,28,admin.,single,university.degree,no,no,no,cellular,oct,mon,225,1,3,3,success,-1.1,94.601,-49.5,1.032,4963.6,yes
697,0.929452,yes,High,43,admin.,married,high.school,no,yes,no,cellular,dec,tue,72,4,6,1,success,-3.0,92.713,-33.0,0.715,5023.5,no
698,0.929415,yes,High,53,housemaid,married,basic.4y,no,no,yes,telephone,nov,wed,513,1,3,1,success,-3.4,92.649,-30.1,0.715,5017.5,yes
699,0.929243,yes,High,35,management,divorced,university.degree,no,yes,yes,cellular,jun,tue,270,2,12,2,success,-1.7,94.055,-39.8,0.723,4991.6,no
700,0.928991,yes,High,19,student,single,basic.9y,no,no,yes,telephone,jul,mon,567,1,6,2,success,-1.7,94.215,-40.3,0.827,4991.6,yes
701,0.928653,yes,High,50,management,married,university.degree,no,yes,no,cellular,oct,thu,305,2,4,1,success,-3.4,92.431,-26.9,0.754,5017.5,yes
702,0.928541,yes,High,66,retired,married,high.school,no,no,no,cellular,jul,tue,475,1,999,0,nonexistent,-1.7,94.215,-40.3,0.835,4991.6,yes
703,0.928384,yes,High,25,student,single,high.school,no,yes,yes,cellular,jun,tue,660,2,6,3,success,-1.7,94.055,-39.8,0.761,4991.6,yes
704,0.928331,yes,High,32,blue-collar,married,basic.4y,no,no,no,telephone,sep,wed,606,3,3,4,success,-1.1,94.199,-37.5,0.88,4963.6,yes
705,0.928271,yes,High,29,admin.,single,high.school,no,no,no,telephone,oct,thu,330,2,6,1,success,-1.1,94.601,-49.5,1.025,4963.6,yes
706,0.928069,yes,High,62,technician,married,unknown,no,no,no,cellular,mar,mon,104,2,3,2,success,-1.8,93.369,-34.8,0.646,5008.7,yes
707,0.928044,yes,High,62,technician,married,unknown,no,yes,no,cellular,jul,mon,273,1,16,1,success,-1.7,94.215,-40.3,0.827,4991.6,no
708,0.927343,yes,High,54,admin.,divorced,high.school,no,yes,no,cellular,aug,thu,131,2,4,1,success,-2.9,92.201,-31.4,0.883,5076.2,yes
709,0.927218,yes,High,38,admin.,single,university.degree,unknown,yes,no,cellular,sep,wed,153,1,3,1,success,-3.4,92.379,-29.8,0.768,5017.5,yes
710,0.927106,yes,High,38,blue-collar,married,basic.6y,no,no,no,cellular,jun,fri,346,2,5,3,success,-1.7,94.055,-39.8,0.707,4991.6,no
711,0.927073,yes,High,34,technician,married,professional.course,no,no,no,cellular,aug,tue,193,1,13,1,success,-2.9,92.201,-31.4,0.859,5076.2,yes
712,0.927038,yes,High,51,technician,married,professional.course,no,yes,no,cellular,apr,thu,687,1,0,1,success,-1.8,93.075,-47.1,1.365,5099.1,yes
713,0.926973,yes,High,28,admin.,single,university.degree,no,yes,no,cellular,oct,mon,324,1,6,2,success,-1.1,94.601,-49.5,1.032,4963.6,no
714,0.926683,yes,High,37,technician,single,professional.course,no,yes,no,cellular,nov,wed,226,1,6,4,success,-1.1,94.767,-50.8,1.044,4963.6,yes
715,0.926664,yes,High,39,entrepreneur,married,basic.6y,no,yes,no,cellular,sep,tue,265,2,16,1,success,-3.4,92.379,-29.8,0.819,5017.5,yes
716,0.926589,yes,High,26,technician,single,professional.course,no,yes,no,cellular,jun,tue,163,2,3,1,success,-2.9,92.963,-40.8,1.262,5076.2,yes
717,0.92652,yes,High,34,technician,single,unknown,no,yes,no,cellular,aug,thu,320,2,3,1,success,-2.9,92.201,-31.4,0.851,5076.2,yes
718,0.926503,yes,High,66,retired,married,high.school,no,yes,no,cellular,jul,tue,317,1,999,0,nonexistent,-1.7,94.215,-40.3,0.835,4991.6,yes
719,0.92617,yes,High,72,retired,married,basic.4y,no,no,no,cellular,oct,fri,155,1,6,1,success,-3.4,92.431,-26.9,0.72,5017.5,no
720,0.92615,yes,High,36,admin.,married,university.degree,no,yes,no,cellular,may,tue,196,1,999,0,nonexistent,-1.8,93.876,-40.0,0.697,5008.7,yes
721,0.926063,yes,High,25,student,single,high.school,no,yes,no,cellular,oct,mon,189,1,6,4,success,-1.1,94.601,-49.5,1.032,4963.6,no
722,0.926032,yes,High,38,admin.,married,university.degree,no,yes,no,cellular,oct,fri,131,2,8,1,success,-3.4,92.431,-26.9,0.739,5017.5,no
723,0.925885,yes,High,35,technician,married,professional.course,no,no,no,cellular,apr,thu,337,2,5,1,success,-1.8,93.075,-47.1,1.365,5099.1,yes
724,0.925738,yes,High,27,unknown,single,university.degree,no,yes,no,cellular,jun,wed,665,4,3,2,success,-1.7,94.055,-39.8,0.767,4991.6,yes
725,0.925699,yes,High,71,retired,married,basic.4y,no,yes,yes,cellular,oct,tue,120,1,6,1,success,-3.4,92.431,-26.9,0.728,5017.5,no
726,0.925654,yes,High,73,retired,married,basic.4y,no,yes,no,cellular,jul,tue,305,1,999,0,nonexistent,-1.7,94.215,-40.3,0.835,4991.6,yes
727,0.925637,yes,High,53,blue-collar,married,basic.6y,no,yes,no,cellular,jun,thu,328,2,3,1,success,-2.9,92.963,-40.8,1.26,5076.2,yes
728,0.92559,yes,High,39,technician,divorced,high.school,no,no,no,cellular,mar,mon,174,1,3,1,success,-1.8,93.369,-34.8,0.639,5008.7,yes
729,0.925579,yes,High,47,management,married,university.degree,no,yes,no,cellular,sep,mon,323,1,3,2,success,-3.4,92.379,-29.8,0.771,5017.5,yes
730,0.925034,yes,High,62,retired,married,high.school,no,no,no,cellular,jul,tue,355,2,999,0,nonexistent,-1.7,94.215,-40.3,0.876,4991.6,yes
731,0.924995,yes,High,46,admin.,married,university.degree,no,no,no,cellular,may,thu,154,1,999,0,nonexistent,-1.8,93.876,-40.0,0.692,5008.7,yes
732,0.924862,yes,High,67,housemaid,divorced,professional.course,no,yes,no,cellular,nov,mon,655,2,5,5,success,-1.1,94.767,-50.8,1.039,4963.6,yes
733,0.924743,yes,High,44,self-employed,married,university.degree,no,no,no,cellular,jun,tue,234,2,3,1,success,-2.9,92.963,-40.8,1.286,5076.2,yes
734,0.924727,yes,High,44,admin.,married,university.degree,no,yes,no,cellular,sep,thu,259,1,14,1,success,-3.4,92.379,-29.8,0.809,5017.5,no
735,0.924491,yes,High,30,admin.,married,university.degree,no,no,no,cellular,sep,mon,294,2,6,1,success,-3.4,92.379,-29.8,0.739,5017.5,yes
736,0.924475,yes,High,83,retired,married,professional.course,no,yes,no,cellular,oct,fri,849,2,4,1,success,-3.4,92.431,-26.9,0.752,5017.5,yes
737,0.92447,yes,High,29,admin.,single,university.degree,no,yes,yes,cellular,aug,thu,254,3,3,1,success,-2.9,92.201,-31.4,0.873,5076.2,yes
738,0.92444,yes,High,61,management,married,university.degree,no,yes,no,cellular,aug,fri,209,2,4,2,success,-2.9,92.201,-31.4,0.869,5076.2,yes
739,0.924343,yes,High,36,self-employed,single,university.degree,no,no,yes,cellular,jun,mon,458,1,4,4,success,-1.7,94.055,-39.8,0.72,4991.6,yes
740,0.924229,yes,High,46,services,single,basic.4y,no,no,no,cellular,apr,thu,191,3,6,1,success,-1.8,93.749,-34.6,0.644,5008.7,no
741,0.924152,yes,High,39,unemployed,single,university.degree,no,yes,no,cellular,dec,mon,387,1,6,2,success,-3.0,92.713,-33.0,0.706,5023.5,yes
742,0.924105,yes,High,45,management,married,university.degree,no,yes,no,cellular,jul,wed,817,2,999,0,nonexistent,-1.7,94.215,-40.3,0.84,4991.6,yes
743,0.923872,yes,High,45,admin.,married,university.degree,no,no,no,cellular,sep,mon,351,1,3,2,success,-3.4,92.379,-29.8,0.797,5017.5,yes
744,0.923628,yes,High,71,retired,married,basic.4y,no,no,no,cellular,apr,mon,328,2,4,1,success,-1.8,93.749,-34.6,0.645,5008.7,yes
745,0.923483,yes,High,30,technician,unknown,university.degree,no,no,no,cellular,oct,fri,131,2,16,1,success,-1.1,94.601,-49.5,0.942,4963.6,no
746,0.923441,yes,High,33,admin.,single,university.degree,no,yes,no,telephone,oct,thu,166,3,6,2,success,-3.4,92.431,-26.9,0.74,5017.5,yes
747,0.923425,yes,High,38,unemployed,single,high.school,no,yes,no,cellular,dec,fri,170,4,6,1,success,-3.0,92.713,-33.0,0.71,5023.5,yes
748,0.923295,yes,High,88,retired,divorced,basic.4y,no,no,no,cellular,mar,wed,266,2,999,0,nonexistent,-1.8,92.843,-50.0,1.663,5099.1,yes
749,0.923295,yes,High,88,retired,divorced,basic.4y,no,no,no,cellular,mar,wed,203,2,999,0,nonexistent,-1.8,92.843,-50.0,1.663,5099.1,yes
750,0.923273,yes,High,24,student,single,high.school,no,no,no,cellular,jun,wed,112,2,14,2,success,-1.7,94.055,-39.8,0.739,4991.6,no
751,0.9232,yes,High,41,technician,married,professional.course,no,unknown,unknown,cellular,jun,tue,318,1,4,3,success,-2.9,92.963,-40.8,1.262,5076.2,yes
752,0.92316,yes,High,40,services,married,professional.course,no,yes,no,cellular,oct,thu,244,1,3,1,success,-3.4,92.431,-26.9,0.74,5017.5,yes
753,0.923143,yes,High,22,student,single,high.school,no,yes,no,cellular,oct,tue,210,1,6,1,success,-3.4,92.431,-26.9,0.742,5017.5,yes
754,0.923135,yes,High,25,technician,single,university.degree,no,yes,no,cellular,jun,fri,271,2,3,1,success,-2.9,92.963,-40.8,1.268,5076.2,no
755,0.922902,yes,High,54,admin.,divorced,university.degree,no,yes,no,cellular,oct,wed,164,2,6,2,success,-3.4,92.431,-26.9,0.735,5017.5,no
756,0.922811,yes,High,37,admin.,married,university.degree,no,yes,yes,cellular,apr,thu,214,1,999,0,nonexistent,-1.8,93.749,-34.6,0.644,5008.7,yes
757,0.922645,yes,High,31,admin.,single,university.degree,no,no,no,cellular,aug,thu,81,1,3,1,success,-2.9,92.201,-31.4,0.829,5076.2,yes
758,0.922629,yes,High,88,retired,divorced,basic.4y,no,yes,no,cellular,mar,wed,188,3,999,0,nonexistent,-1.8,92.843,-50.0,1.663,5099.1,yes
759,0.922482,yes,High,70,admin.,married,basic.4y,no,no,no,cellular,sep,tue,111,1,3,1,success,-3.4,92.379,-29.8,0.77,5017.5,no
760,0.922437,yes,High,36,admin.,married,university.degree,no,no,no,cellular,may,tue,641,4,999,0,nonexistent,-1.8,93.876,-40.0,0.697,5008.7,yes
761,0.922241,yes,High,62,retired,married,university.degree,no,yes,no,cellular,nov,thu,208,1,1,6,success,-1.1,94.767,-50.8,1.031,4963.6,yes
762,0.921992,yes,High,52,technician,married,professional.course,no,yes,no,telephone,nov,fri,332,2,3,1,success,-3.4,92.649,-30.1,0.714,5017.5,no
763,0.921736,yes,High,63,retired,married,basic.4y,no,yes,no,cellular,nov,fri,413,1,3,2,success,-1.1,94.767,-50.8,1.049,4963.6,yes
764,0.921698,yes,High,74,retired,divorced,basic.4y,no,yes,no,cellular,oct,mon,102,3,3,2,success,-1.1,94.601,-49.5,1.0,4963.6,no
765,0.921645,yes,High,42,blue-collar,married,professional.course,no,yes,no,cellular,oct,wed,307,1,7,1,success,-3.4,92.431,-26.9,0.735,5017.5,yes
766,0.921455,yes,High,25,admin.,single,university.degree,no,no,yes,cellular,nov,mon,165,1,3,2,success,-3.4,92.649,-30.1,0.715,5017.5,yes
767,0.921332,yes,High,48,admin.,married,university.degree,no,yes,no,cellular,apr,thu,141,1,999,0,nonexistent,-1.8,93.749,-34.6,0.644,5008.7,yes
768,0.921282,yes,High,66,retired,married,basic.4y,no,yes,no,cellular,nov,mon,175,1,7,1,success,-3.4,92.649,-30.1,0.714,5017.5,yes
769,0.921124,yes,High,60,admin.,married,high.school,no,unknown,unknown,cellular,apr,thu,208,1,2,1,success,-1.8,93.075,-47.1,1.365,5099.1,yes
770,0.921091,yes,High,64,housemaid,married,basic.4y,no,no,yes,cellular,dec,thu,501,1,6,1,success,-3.0,92.713,-33.0,0.714,5023.5,no
771,0.921069,yes,High,46,admin.,married,university.degree,no,no,no,telephone,mar,thu,184,1,3,1,success,-1.8,93.369,-34.8,0.65,5008.7,no
772,0.920987,yes,High,22,student,single,basic.6y,no,yes,no,cellular,aug,thu,293,2,4,2,success,-2.9,92.201,-31.4,0.873,5076.2,yes
773,0.92083,yes,High,52,admin.,married,university.degree,no,yes,no,cellular,may,tue,556,2,999,0,nonexistent,-1.8,93.876,-40.0,0.668,5008.7,yes
774,0.92061,yes,High,64,admin.,married,high.school,no,no,no,cellular,jul,thu,368,1,999,0,nonexistent,-1.7,94.215,-40.3,0.884,4991.6,yes
775,0.920543,yes,High,50,management,married,university.degree,no,yes,no,cellular,jul,thu,367,1,999,0,nonexistent,-1.7,94.215,-40.3,0.846,4991.6,yes
776,0.920466,yes,High,31,technician,married,professional.course,no,yes,no,cellular,jun,tue,243,5,9,2,success,-1.7,94.055,-39.8,0.723,4991.6,yes
777,0.92044,yes,High,47,management,married,university.degree,no,yes,no,telephone,may,wed,267,2,3,3,success,-1.8,93.876,-40.0,0.682,5008.7,no
778,0.920415,yes,High,52,admin.,married,university.degree,no,yes,yes,cellular,jul,thu,942,1,999,0,nonexistent,-1.7,94.215,-40.3,0.884,4991.6,yes
779,0.920349,yes,High,38,blue-collar,single,high.school,no,yes,no,cellular,mar,wed,355,1,13,2,failure,-1.8,93.369,-34.8,0.655,5008.7,yes
780,0.920071,yes,High,52,retired,divorced,university.degree,no,yes,yes,cellular,aug,thu,155,2,4,1,success,-2.9,92.201,-31.4,0.883,5076.2,yes
781,0.920036,yes,High,78,retired,married,unknown,no,yes,no,cellular,jul,wed,87,3,999,0,nonexistent,-1.7,94.215,-40.3,0.84,4991.6,yes
782,0.920011,yes,High,27,admin.,single,university.degree,no,yes,no,cellular,aug,tue,287,1,6,1,success,-2.9,92.201,-31.4,0.883,5076.2,no
783,0.920002,yes,High,35,blue-collar,married,basic.9y,no,yes,no,cellular,dec,thu,105,1,4,3,success,-3.0,92.713,-33.0,0.707,5023.5,no
784,0.919982,yes,High,26,management,single,university.degree,no,yes,no,cellular,oct,tue,114,1,6,1,success,-3.4,92.431,-26.9,0.728,5017.5,no
785,0.919978,yes,High,40,services,married,high.school,no,yes,no,cellular,nov,thu,90,3,3,2,success,-3.4,92.649,-30.1,0.714,5017.5,yes
786,0.919929,yes,High,49,admin.,married,high.school,unknown,no,no,cellular,oct,wed,169,1,6,3,success,-1.1,94.601,-49.5,0.985,4963.6,yes
787,0.919879,yes,High,43,management,married,unknown,no,yes,no,telephone,dec,mon,2062,2,8,1,success,-3.0,92.713,-33.0,0.709,5023.5,yes
788,0.919805,yes,High,23,student,single,high.school,no,no,no,cellular,oct,wed,409,1,3,1,success,-1.1,94.601,-49.5,1.043,4963.6,no
789,0.919741,yes,High,60,admin.,married,university.degree,no,yes,no,cellular,jun,mon,324,3,3,1,success,-2.9,92.963,-40.8,1.266,5076.2,yes
790,0.91949,yes,High,36,admin.,married,university.degree,no,yes,yes,cellular,jun,fri,427,1,4,4,success,-1.7,94.055,-39.8,0.748,4991.6,no
791,0.919405,yes,High,23,unemployed,single,basic.9y,no,yes,no,cellular,oct,thu,238,1,4,1,success,-3.4,92.431,-26.9,0.754,5017.5,yes
792,0.919368,yes,High,29,admin.,married,university.degree,no,yes,yes,cellular,may,fri,567,3,13,2,failure,-1.8,93.876,-40.0,0.684,5008.7,yes
793,0.919352,yes,High,36,housemaid,single,university.degree,no,unknown,unknown,cellular,aug,fri,119,2,3,1,success,-2.9,92.201,-31.4,0.825,5076.2,no
794,0.919135,yes,High,41,admin.,divorced,university.degree,no,no,no,cellular,mar,fri,319,1,999,0,nonexistent,-1.8,93.369,-34.8,0.653,5008.7,yes
795,0.918926,yes,High,30,admin.,single,university.degree,no,yes,yes,cellular,aug,tue,155,1,4,1,success,-2.9,92.201,-31.4,0.883,5076.2,no
796,0.918833,yes,High,43,self-employed,married,university.degree,no,yes,no,cellular,mar,wed,239,1,999,0,nonexistent,-1.8,93.369,-34.8,0.651,5008.7,yes
797,0.918764,yes,High,38,management,divorced,university.degree,no,yes,no,cellular,apr,mon,182,2,6,1,success,-1.8,93.749,-34.6,0.645,5008.7,yes
798,0.918728,yes,High,45,admin.,single,high.school,no,yes,no,cellular,apr,thu,354,1,2,1,success,-1.8,93.075,-47.1,1.365,5099.1,yes
799,0.918694,yes,High,59,admin.,married,unknown,no,yes,yes,cellular,sep,mon,281,3,3,1,success,-3.4,92.379,-29.8,0.797,5017.5,yes
800,0.918634,yes,High,36,technician,single,professional.course,no,yes,no,cellular,apr,thu,218,1,2,2,success,-1.8,93.075,-47.1,1.365,5099.1,yes
801,0.918572,yes,High,35,technician,single,professional.course,no,yes,no,cellular,jul,tue,577,6,6,1,success,-1.7,94.215,-40.3,0.835,4991.6,yes
802,0.918409,yes,High,80,retired,divorced,basic.4y,no,yes,no,telephone,apr,wed,403,1,999,0,nonexistent,-1.8,93.749,-34.6,0.642,5008.7,yes
803,0.918365,yes,High,59,admin.,divorced,high.school,no,no,no,cellular,nov,thu,357,3,3,2,success,-1.1,94.767,-50.8,1.05,4963.6,yes
804,0.918301,yes,High,81,retired,married,university.degree,unknown,yes,yes,cellular,oct,tue,327,2,6,1,success,-3.4,92.431,-26.9,0.728,5017.5,no
805,0.918298,yes,High,39,technician,divorced,high.school,no,no,no,cellular,mar,mon,222,1,12,2,success,-1.8,93.369,-34.8,0.639,5008.7,yes
806,0.918226,yes,High,24,services,single,high.school,no,yes,no,cellular,jul,thu,860,2,9,2,failure,-1.7,94.215,-40.3,0.884,4991.6,yes
807,0.918185,yes,High,64,retired,married,high.school,no,no,no,cellular,nov,mon,146,1,3,1,success,-3.4,92.649,-30.1,0.714,5017.5,yes
808,0.91816,yes,High,62,technician,married,unknown,no,yes,no,cellular,mar,mon,192,1,6,1,success,-1.8,93.369,-34.8,0.646,5008.7,yes
809,0.918141,yes,High,66,retired,divorced,basic.4y,no,yes,no,cellular,apr,wed,476,1,999,0,nonexistent,-1.8,93.749,-34.6,0.642,5008.7,yes
810,0.918125,yes,High,60,admin.,married,high.school,no,no,no,cellular,apr,thu,447,1,2,1,success,-1.8,93.075,-47.1,1.365,5099.1,yes
811,0.918073,yes,High,41,admin.,divorced,university.degree,no,yes,yes,cellular,mar,fri,418,1,999,0,nonexistent,-1.8,93.369,-34.8,0.653,5008.7,yes
812,0.917928,yes,High,71,retired,married,basic.4y,no,yes,no,cellular,jul,thu,519,2,9,3,failure,-1.7,94.215,-40.3,0.899,4991.6,yes
813,0.917885,yes,High,34,admin.,married,university.degree,no,yes,no,cellular,may,fri,407,3,8,3,failure,-1.8,93.876,-40.0,0.695,5008.7,yes
814,0.917697,yes,High,63,housemaid,married,basic.4y,no,yes,no,cellular,sep,wed,299,1,3,1,success,-3.4,92.379,-29.8,0.749,5017.5,yes
815,0.91762,yes,High,46,admin.,married,high.school,no,yes,no,cellular,jul,tue,267,1,999,0,nonexistent,-1.7,94.215,-40.3,0.797,4991.6,yes
816,0.917512,yes,High,49,blue-collar,married,basic.9y,unknown,no,no,cellular,mar,mon,157,3,7,2,success,-1.8,93.369,-34.8,0.652,5008.7,no
817,0.917504,yes,High,41,admin.,divorced,university.degree,no,yes,no,cellular,mar,fri,376,2,999,0,nonexistent,-1.8,93.369,-34.8,0.653,5008.7,yes
818,0.917259,yes,High,32,self-employed,single,university.degree,no,yes,no,cellular,jul,thu,940,1,14,1,success,-2.9,92.469,-33.6,1.072,5076.2,yes
819,0.91706,yes,High,51,admin.,divorced,high.school,no,yes,no,cellular,aug,tue,192,1,6,1,success,-2.9,92.201,-31.4,0.838,5076.2,yes
820,0.916966,yes,High,31,technician,married,professional.course,no,yes,no,cellular,jun,tue,250,4,3,2,success,-1.7,94.055,-39.8,0.723,4991.6,no
821,0.916939,yes,High,53,admin.,divorced,high.school,no,yes,no,cellular,aug,tue,159,2,3,1,success,-2.9,92.201,-31.4,0.838,5076.2,no
822,0.916925,yes,High,22,student,single,high.school,unknown,yes,yes,telephone,may,thu,214,2,1,1,success,-1.8,93.876,-40.0,0.699,5008.7,yes
823,0.916921,yes,High,52,blue-collar,single,basic.9y,no,no,no,cellular,jun,fri,174,2,3,1,success,-2.9,92.963,-40.8,1.268,5076.2,yes
824,0.916915,yes,High,81,retired,divorced,basic.4y,no,yes,no,cellular,oct,thu,192,2,3,2,success,-1.1,94.601,-49.5,0.987,4963.6,no
825,0.916879,yes,High,47,services,divorced,university.degree,no,yes,yes,cellular,may,tue,336,1,15,3,failure,-1.8,93.876,-40.0,0.688,5008.7,yes
826,0.916857,yes,High,52,admin.,married,university.degree,no,yes,no,cellular,may,thu,227,2,999,0,nonexistent,-1.8,93.876,-40.0,0.677,5008.7,no
827,0.91682,yes,High,28,technician,single,professional.course,no,yes,yes,cellular,jun,fri,149,1,3,1,success,-2.9,92.963,-40.8,1.268,5076.2,yes
828,0.916816,yes,High,31,admin.,single,high.school,no,no,no,cellular,apr,thu,252,1,5,1,success,-1.8,93.075,-47.1,1.365,5099.1,yes
829,0.916619,yes,High,50,admin.,married,university.degree,no,no,no,cellular,jun,mon,269,1,3,1,success,-2.9,92.963,-40.8,1.215,5076.2,yes
830,0.916569,yes,High,48,admin.,married,basic.6y,no,yes,no,cellular,oct,tue,115,2,5,2,success,-3.4,92.431,-26.9,0.742,5017.5,no
831,0.916443,yes,High,25,services,single,high.school,no,yes,no,cellular,jun,thu,239,2,3,1,success,-2.9,92.963,-40.8,1.26,5076.2,yes
832,0.916356,yes,High,37,unemployed,single,professional.course,no,no,no,cellular,oct,fri,142,4,6,1,success,-1.1,94.601,-49.5,1.029,4963.6,no
833,0.91633,yes,High,35,unemployed,married,professional.course,no,yes,no,cellular,dec,mon,315,1,6,1,success,-3.0,92.713,-33.0,0.706,5023.5,yes
834,0.916326,yes,High,36,admin.,married,university.degree,no,no,no,cellular,jun,mon,174,1,3,1,success,-2.9,92.963,-40.8,1.266,5076.2,yes
835,0.916126,yes,High,72,retired,married,basic.6y,no,no,no,cellular,jul,wed,338,1,999,0,nonexistent,-1.7,94.215,-40.3,0.881,4991.6,no
836,0.916121,yes,High,38,admin.,single,university.degree,no,yes,no,cellular,mar,thu,420,1,999,0,nonexistent,-1.8,93.369,-34.8,0.643,5008.7,yes
837,0.916019,yes,High,28,student,single,basic.9y,no,no,yes,cellular,aug,wed,139,1,6,3,failure,-1.7,94.027,-38.3,0.9,4991.6,yes
838,0.91601,yes,High,30,admin.,married,university.degree,no,no,no,cellular,aug,tue,139,3,6,1,success,-2.9,92.201,-31.4,0.883,5076.2,yes
839,0.91598,yes,High,58,retired,married,basic.4y,no,no,no,cellular,apr,wed,1307,1,999,0,nonexistent,-1.8,93.749,-34.6,0.639,5008.7,yes
840,0.915869,yes,High,74,retired,married,basic.9y,no,yes,no,cellular,oct,thu,134,2,6,1,success,-3.4,92.431,-26.9,0.74,5017.5,yes
841,0.915842,yes,High,55,management,married,university.degree,no,no,yes,cellular,jul,wed,260,2,3,1,success,-2.9,92.469,-33.6,1.085,5076.2,yes
842,0.915798,yes,High,35,admin.,single,university.degree,no,no,yes,cellular,jun,mon,141,2,4,3,success,-1.7,94.055,-39.8,0.72,4991.6,no
843,0.915787,yes,High,33,admin.,married,high.school,no,no,no,cellular,aug,fri,207,3,15,1,success,-2.9,92.201,-31.4,0.825,5076.2,yes
844,0.915755,yes,High,80,retired,divorced,basic.4y,no,yes,no,telephone,apr,wed,623,2,999,0,nonexistent,-1.8,93.749,-34.6,0.642,5008.7,yes
845,0.915611,yes,High,34,admin.,single,university.degree,no,yes,yes,cellular,mar,tue,295,1,999,0,nonexistent,-1.8,93.369,-34.8,0.652,5008.7,yes
846,0.915534,yes,High,66,retired,married,basic.4y,no,no,yes,cellular,jun,wed,319,2,999,0,nonexistent,-1.7,94.055,-39.8,0.767,4991.6,yes
847,0.915502,yes,High,39,blue-collar,married,basic.9y,no,yes,no,cellular,sep,fri,293,1,3,1,success,-3.4,92.379,-29.8,0.803,5017.5,yes
848,0.915407,yes,High,61,retired,married,basic.4y,no,yes,no,cellular,aug,fri,168,1,15,1,success,-2.9,92.201,-31.4,0.849,5076.2,yes
849,0.915351,yes,High,30,student,married,university.degree,no,yes,no,cellular,aug,mon,186,3,3,1,success,-2.9,92.201,-31.4,0.821,5076.2,yes
850,0.915306,yes,High,88,retired,divorced,basic.4y,no,no,no,cellular,mar,wed,323,1,999,0,nonexistent,-1.8,92.843,-50.0,1.663,5099.1,yes
851,0.915297,yes,High,40,technician,single,university.degree,no,no,no,cellular,nov,mon,105,2,3,1,success,-3.4,92.649,-30.1,0.714,5017.5,yes
852,0.915279,yes,High,58,admin.,married,high.school,no,yes,yes,cellular,jul,thu,414,2,999,0,nonexistent,-1.7,94.215,-40.3,0.81,4991.6,yes
853,0.915219,yes,High,60,retired,married,professional.course,no,yes,no,cellular,sep,thu,365,1,3,1,success,-3.4,92.379,-29.8,0.809,5017.5,yes
854,0.915205,yes,High,25,admin.,single,university.degree,no,no,yes,cellular,nov,mon,295,1,7,2,success,-3.4,92.649,-30.1,0.714,5017.5,yes
855,0.915056,yes,High,48,admin.,divorced,university.degree,no,yes,no,cellular,aug,fri,103,1,4,1,success,-2.9,92.201,-31.4,0.881,5076.2,no
856,0.914929,yes,High,47,self-employed,divorced,university.degree,no,no,no,cellular,mar,tue,261,1,999,0,nonexistent,-1.8,93.369,-34.8,0.646,5008.7,yes
857,0.914889,yes,High,72,retired,married,basic.4y,no,yes,no,cellular,jul,mon,268,1,999,0,nonexistent,-1.7,94.215,-40.3,0.87,4991.6,yes
858,0.914872,yes,High,34,admin.,single,university.degree,no,yes,no,cellular,mar,tue,265,2,999,0,nonexistent,-1.8,93.369,-34.8,0.652,5008.7,no
859,0.914781,yes,High,74,retired,married,professional.course,no,yes,no,cellular,oct,thu,96,2,3,1,success,-3.4,92.431,-26.9,0.74,5017.5,no
860,0.914714,yes,High,48,self-employed,divorced,university.degree,no,no,no,cellular,may,wed,661,3,999,0,nonexistent,-1.8,93.876,-40.0,0.69,5008.7,yes
861,0.914602,yes,High,85,retired,single,professional.course,no,no,no,cellular,mar,fri,116,7,7,2,success,-1.8,93.369,-34.8,0.653,5008.7,no
862,0.914591,yes,High,78,retired,married,basic.4y,no,no,no,cellular,jul,mon,1148,1,999,0,nonexistent,-1.7,94.215,-40.3,0.87,4991.6,yes
863,0.914542,yes,High,72,retired,married,basic.6y,no,yes,no,cellular,jul,wed,143,1,999,0,nonexistent,-1.7,94.215,-40.3,0.881,4991.6,yes
864,0.914403,yes,High,40,management,married,university.degree,no,yes,no,cellular,jul,thu,321,4,999,0,nonexistent,-1.7,94.215,-40.3,0.884,4991.6,yes
865,0.914396,yes,High,26,admin.,single,university.degree,no,no,no,telephone,aug,mon,1087,1,3,1,success,-1.7,94.027,-38.3,0.904,4991.6,yes
866,0.914351,yes,High,51,technician,married,professional.course,no,no,no,cellular,jul,thu,566,1,13,1,success,-2.9,92.469,-33.6,1.072,5076.2,yes
867,0.914347,yes,High,33,admin.,married,university.degree,no,yes,no,cellular,nov,fri,482,1,12,1,success,-1.1,94.767,-50.8,1.049,4963.6,yes
868,0.914286,yes,High,34,admin.,single,university.degree,no,yes,no,cellular,aug,thu,377,6,3,1,success,-2.9,92.201,-31.4,0.851,5076.2,yes
869,0.914266,yes,High,42,blue-collar,married,basic.6y,no,yes,yes,cellular,mar,tue,185,1,7,3,failure,-1.8,93.369,-34.8,0.652,5008.7,yes
870,0.914149,yes,High,42,management,married,university.degree,no,yes,no,cellular,aug,fri,436,1,13,1,success,-2.9,92.201,-31.4,0.869,5076.2,yes
871,0.914129,yes,High,46,admin.,married,university.degree,no,yes,no,cellular,mar,thu,335,1,999,0,nonexistent,-1.8,93.369,-34.8,0.65,5008.7,yes
872,0.914065,yes,High,47,admin.,divorced,high.school,no,yes,no,cellular,sep,tue,188,1,3,1,success,-3.4,92.379,-29.8,0.77,5017.5,no
873,0.914055,yes,High,33,admin.,married,university.degree,no,yes,no,cellular,may,fri,663,3,999,0,nonexistent,-1.8,93.876,-40.0,0.699,5008.7,yes
874,0.914018,yes,High,80,retired,divorced,basic.4y,no,yes,yes,cellular,apr,wed,654,2,999,0,nonexistent,-1.8,93.749,-34.6,0.642,5008.7,yes
875,0.91386,yes,High,34,admin.,single,university.degree,no,no,yes,cellular,mar,tue,236,1,999,0,nonexistent,-1.8,93.369,-34.8,0.652,5008.7,yes
876,0.913853,yes,High,79,housemaid,married,basic.4y,no,no,no,cellular,aug,fri,126,1,3,2,success,-2.9,92.201,-31.4,0.849,5076.2,yes
877,0.913805,yes,High,66,management,divorced,university.degree,no,no,no,cellular,sep,tue,679,1,1,1,success,-3.4,92.379,-29.8,0.788,5017.5,yes
878,0.913445,yes,High,57,unknown,married,basic.4y,no,yes,no,cellular,jul,wed,183,3,999,0,nonexistent,-1.7,94.215,-40.3,0.802,4991.6,no
879,0.913414,yes,High,41,services,single,university.degree,no,yes,no,cellular,aug,fri,142,1,4,2,success,-2.9,92.201,-31.4,0.881,5076.2,yes
880,0.91341,yes,High,76,retired,single,basic.4y,no,no,no,cellular,nov,mon,347,4,6,1,success,-3.4,92.649,-30.1,0.715,5017.5,yes
881,0.913364,yes,High,38,blue-collar,married,basic.6y,no,no,yes,cellular,jun,fri,148,2,3,2,success,-1.7,94.055,-39.8,0.707,4991.6,no
882,0.91328,yes,High,52,admin.,married,university.degree,no,yes,no,cellular,may,wed,338,1,999,0,nonexistent,-1.8,93.876,-40.0,0.672,5008.7,yes
883,0.912662,yes,High,63,unknown,married,professional.course,no,no,no,cellular,oct,thu,235,1,6,1,success,-1.1,94.601,-49.5,1.025,4963.6,no
884,0.912602,yes,High,57,blue-collar,married,basic.4y,no,no,yes,cellular,jul,wed,471,2,999,0,nonexistent,-1.7,94.215,-40.3,0.896,4991.6,yes
885,0.912579,yes,High,58,services,married,high.school,no,no,no,cellular,mar,mon,92,2,3,1,success,-1.8,93.369,-34.8,0.635,5008.7,yes
886,0.912561,yes,High,32,management,single,university.degree,no,no,no,cellular,jun,mon,152,2,3,1,success,-2.9,92.963,-40.8,1.281,5076.2,no
887,0.912561,yes,High,32,management,single,university.degree,no,no,no,cellular,jun,mon,257,2,3,1,success,-2.9,92.963,-40.8,1.281,5076.2,yes
888,0.912416,yes,High,52,admin.,married,university.degree,no,no,no,cellular,may,thu,195,1,999,0,nonexistent,-1.8,93.876,-40.0,0.677,5008.7,yes
889,0.912328,yes,High,60,unemployed,married,high.school,no,yes,no,cellular,apr,thu,1260,2,2,1,success,-1.8,93.075,-47.1,1.365,5099.1,yes
890,0.912256,yes,High,50,admin.,married,university.degree,no,yes,no,cellular,nov,mon,183,1,3,1,success,-3.4,92.649,-30.1,0.714,5017.5,yes
891,0.912096,yes,High,70,admin.,married,basic.4y,no,yes,yes,cellular,sep,tue,91,1,3,1,success,-3.4,92.379,-29.8,0.77,5017.5,yes
892,0.911918,yes,High,80,retired,divorced,basic.4y,no,yes,no,cellular,apr,wed,354,1,999,0,nonexistent,-1.8,93.749,-34.6,0.642,5008.7,no
893,0.911905,yes,High,66,retired,married,basic.4y,unknown,unknown,unknown,cellular,oct,wed,216,1,6,3,success,-1.1,94.601,-49.5,0.985,4963.6,yes
894,0.911837,yes,High,29,unemployed,single,basic.4y,no,no,yes,cellular,jun,wed,243,3,3,2,success,-2.9,92.963,-40.8,1.244,5076.2,yes
895,0.911834,yes,High,22,student,single,high.school,no,no,no,cellular,oct,fri,270,3,6,1,success,-3.4,92.431,-26.9,0.73,5017.5,yes
896,0.911693,yes,High,98,retired,married,basic.4y,unknown,yes,no,cellular,oct,fri,476,1,2,2,success,-3.4,92.431,-26.9,0.73,5017.5,yes
897,0.911623,yes,High,29,admin.,single,high.school,no,no,no,cellular,jul,tue,319,1,999,0,nonexistent,-1.7,94.215,-40.3,0.797,4991.6,yes
898,0.911465,yes,High,43,admin.,married,high.school,no,yes,no,cellular,mar,thu,265,1,999,0,nonexistent,-1.8,93.369,-34.8,0.643,5008.7,yes
899,0.911329,yes,High,31,technician,single,university.degree,no,yes,no,cellular,apr,thu,701,1,5,1,success,-1.8,93.075,-47.1,1.365,5099.1,yes
900,0.911201,yes,High,34,management,married,university.degree,no,yes,no,cellular,oct,fri,87,1,2,1,success,-3.4,92.431,-26.9,0.739,5017.5,no
901,0.911128,yes,High,74,retired,married,university.degree,no,no,no,cellular,apr,thu,200,1,999,0,nonexistent,-1.8,93.749,-34.6,0.644,5008.7,yes
902,0.910972,yes,High,53,unknown,married,professional.course,no,no,no,cellular,jun,thu,217,2,3,1,success,-2.9,92.963,-40.8,1.26,5076.2,no
903,0.91089,yes,High,26,admin.,single,university.degree,no,no,no,cellular,jul,fri,196,1,9,3,failure,-1.7,94.215,-40.3,0.885,4991.6,yes
904,0.910859,yes,High,40,blue-collar,divorced,professional.course,no,no,no,cellular,jun,wed,115,2,3,1,success,-2.9,92.963,-40.8,1.26,5076.2,yes
905,0.910817,yes,High,52,admin.,married,professional.course,no,no,no,cellular,jul,tue,606,1,999,0,nonexistent,-1.7,94.215,-40.3,0.893,4991.6,yes
906,0.910794,yes,High,28,services,single,basic.6y,no,no,no,cellular,jun,wed,385,2,4,1,success,-2.9,92.963,-40.8,1.26,5076.2,yes
907,0.910729,yes,High,62,technician,married,unknown,no,no,yes,cellular,jul,mon,123,2,6,1,success,-1.7,94.215,-40.3,0.827,4991.6,no
908,0.910641,yes,High,38,entrepreneur,married,professional.course,no,yes,no,cellular,may,mon,583,6,2,4,success,-1.8,93.876,-40.0,0.682,5008.7,yes
909,0.910629,yes,High,56,retired,married,basic.4y,no,no,no,cellular,dec,thu,429,1,999,0,nonexistent,-3.0,92.713,-33.0,0.714,5023.5,yes
910,0.910606,yes,High,82,housemaid,divorced,basic.4y,no,no,no,cellular,jul,wed,316,1,999,0,nonexistent,-1.7,94.215,-40.3,0.881,4991.6,yes
911,0.910527,yes,High,37,admin.,married,high.school,no,yes,no,cellular,apr,thu,226,1,2,1,success,-1.8,93.075,-47.1,1.365,5099.1,no
912,0.910426,yes,High,54,admin.,married,university.degree,no,no,yes,cellular,jul,tue,822,6,13,1,success,-2.9,92.469,-33.6,0.908,5076.2,yes
913,0.910389,yes,High,43,admin.,married,university.degree,no,no,yes,cellular,aug,tue,161,3,13,1,success,-2.9,92.201,-31.4,0.838,5076.2,no
914,0.910386,yes,High,23,student,single,basic.9y,no,yes,no,cellular,jun,tue,189,1,6,3,success,-1.7,94.055,-39.8,0.761,4991.6,no
915,0.91019,yes,High,31,admin.,single,university.degree,no,no,no,cellular,aug,tue,138,1,15,1,success,-2.9,92.201,-31.4,0.884,5076.2,no
916,0.909924,yes,High,38,admin.,married,university.degree,no,no,no,cellular,nov,thu,126,1,7,4,failure,-3.4,92.649,-30.1,0.714,5017.5,yes
917,0.90984,yes,High,60,unemployed,married,basic.6y,no,yes,no,cellular,sep,thu,95,1,3,1,success,-3.4,92.379,-29.8,0.809,5017.5,no
918,0.909824,yes,High,38,technician,married,professional.course,no,yes,no,cellular,mar,fri,207,2,7,1,success,-1.8,92.843,-50.0,1.726,5099.1,yes
919,0.909801,yes,High,33,admin.,single,university.degree,no,yes,no,cellular,aug,wed,67,1,3,1,success,-2.9,92.201,-31.4,0.854,5076.2,no
920,0.909789,yes,High,42,self-employed,married,university.degree,no,yes,no,cellular,jun,wed,436,1,3,1,success,-2.9,92.963,-40.8,1.26,5076.2,yes
921,0.909635,yes,High,28,services,married,basic.9y,no,yes,no,cellular,oct,fri,847,1,2,1,success,-3.4,92.431,-26.9,0.739,5017.5,yes
922,0.909627,yes,High,29,admin.,single,high.school,no,yes,no,cellular,oct,fri,292,1,6,1,success,-3.4,92.431,-26.9,0.73,5017.5,yes
923,0.909521,yes,High,66,retired,married,professional.course,no,no,yes,cellular,mar,tue,525,1,21,2,failure,-1.8,93.369,-34.8,0.655,5008.7,yes
924,0.909501,yes,High,21,student,single,unknown,no,yes,no,cellular,jul,thu,968,1,13,2,failure,-1.7,94.215,-40.3,0.81,4991.6,yes
925,0.909344,yes,High,25,technician,single,professional.course,no,yes,no,cellular,nov,fri,712,2,19,1,success,-1.1,94.767,-50.8,1.04,4963.6,yes
926,0.909328,yes,High,60,blue-collar,married,basic.4y,no,yes,no,cellular,nov,tue,347,2,4,1,success,-1.1,94.767,-50.8,1.035,4963.6,no
927,0.909325,yes,High,53,entrepreneur,married,basic.4y,no,yes,yes,cellular,apr,tue,398,2,999,0,nonexistent,-1.8,93.749,-34.6,0.644,5008.7,yes
928,0.909317,yes,High,49,admin.,married,high.school,no,no,no,cellular,sep,tue,495,1,3,1,success,-3.4,92.379,-29.8,0.788,5017.5,yes
929,0.909202,yes,High,24,technician,single,professional.course,no,no,no,cellular,jun,tue,227,1,4,1,success,-2.9,92.963,-40.8,1.206,5076.2,yes
930,0.909185,yes,High,30,student,married,university.degree,no,no,no,cellular,aug,mon,98,2,3,2,success,-2.9,92.201,-31.4,0.821,5076.2,yes
931,0.909183,yes,High,31,admin.,married,university.degree,no,no,no,cellular,aug,tue,164,1,999,0,nonexistent,-1.7,94.027,-38.3,0.904,4991.6,yes
932,0.909137,yes,High,32,admin.,single,university.degree,no,no,no,cellular,oct,fri,147,2,6,1,success,-3.4,92.431,-26.9,0.739,5017.5,no
933,0.909129,yes,High,27,blue-collar,single,high.school,no,yes,no,cellular,jun,mon,148,2,4,1,success,-2.9,92.963,-40.8,1.281,5076.2,yes
934,0.909079,yes,High,28,management,single,university.degree,no,yes,no,cellular,jun,thu,1161,1,4,1,success,-2.9,92.963,-40.8,1.26,5076.2,yes
935,0.909017,yes,High,31,blue-collar,single,basic.9y,no,yes,yes,cellular,jun,tue,103,1,3,2,success,-2.9,92.963,-40.8,1.262,5076.2,yes
936,0.909002,yes,High,42,admin.,married,university.degree,no,yes,no,cellular,aug,tue,576,1,4,1,success,-2.9,92.201,-31.4,0.884,5076.2,yes
937,0.908992,yes,High,36,admin.,divorced,university.degree,no,no,yes,cellular,aug,wed,623,2,6,2,success,-2.9,92.201,-31.4,0.879,5076.2,yes
938,0.908908,yes,High,31,admin.,single,high.school,no,no,no,cellular,sep,mon,262,5,6,3,success,-1.1,94.199,-37.5,0.879,4963.6,yes
939,0.908896,yes,High,35,admin.,married,high.school,no,yes,no,cellular,oct,thu,194,1,4,1,success,-3.4,92.431,-26.9,0.754,5017.5,yes
940,0.908893,yes,High,26,admin.,single,university.degree,no,no,no,cellular,aug,tue,221,1,15,1,success,-2.9,92.201,-31.4,0.883,5076.2,yes
941,0.908889,yes,High,41,technician,married,professional.course,no,no,no,cellular,nov,mon,526,2,6,1,success,-1.1,94.767,-50.8,1.039,4963.6,yes
942,0.908865,yes,High,78,retired,divorced,unknown,no,no,no,cellular,jun,thu,544,1,999,0,nonexistent,-1.7,94.055,-39.8,0.729,4991.6,yes
943,0.908792,yes,High,60,admin.,married,basic.9y,no,no,no,cellular,jul,thu,174,2,25,2,failure,-1.7,94.215,-40.3,0.884,4991.6,yes
944,0.908714,yes,High,34,technician,single,professional.course,no,no,no,cellular,mar,fri,301,3,999,0,nonexistent,-1.8,92.843,-50.0,1.726,5099.1,yes
945,0.908633,yes,High,41,admin.,divorced,high.school,no,yes,no,cellular,aug,fri,174,1,4,3,failure,-1.7,94.027,-38.3,0.905,4991.6,yes
946,0.908358,yes,High,27,admin.,single,university.degree,no,no,no,cellular,mar,tue,273,1,999,0,nonexistent,-1.8,93.369,-34.8,0.637,5008.7,yes
947,0.908265,yes,High,45,admin.,married,university.degree,no,no,no,cellular,jul,wed,194,1,13,1,success,-2.9,92.469,-33.6,1.029,5076.2,no
948,0.908025,yes,High,55,retired,married,basic.4y,no,yes,no,cellular,aug,fri,137,1,3,1,success,-2.9,92.201,-31.4,0.869,5076.2,yes
949,0.907828,yes,High,58,management,married,university.degree,no,yes,no,cellular,may,thu,342,2,999,0,nonexistent,-1.8,93.876,-40.0,0.692,5008.7,yes
950,0.907763,yes,High,33,admin.,married,university.degree,no,no,no,cellular,nov,tue,843,1,999,0,nonexistent,-1.1,94.767,-50.8,1.035,4963.6,yes
951,0.907728,yes,High,49,technician,divorced,unknown,no,yes,no,cellular,oct,thu,168,1,4,1,success,-3.4,92.431,-26.9,0.754,5017.5,no
952,0.907614,yes,High,56,unknown,married,basic.4y,no,no,no,cellular,oct,tue,480,1,2,2,success,-3.4,92.431,-26.9,0.744,5017.5,yes
953,0.907571,yes,High,40,technician,single,university.degree,no,yes,no,cellular,nov,mon,139,2,3,1,success,-3.4,92.649,-30.1,0.714,5017.5,no
954,0.907547,yes,High,30,admin.,single,university.degree,no,unknown,unknown,cellular,may,fri,466,3,999,0,nonexistent,-1.8,93.876,-40.0,0.699,5008.7,yes
955,0.907423,yes,High,49,technician,married,university.degree,no,yes,no,cellular,may,thu,820,1,999,0,nonexistent,-1.8,93.876,-40.0,0.699,5008.7,yes
956,0.907356,yes,High,38,admin.,single,basic.9y,no,no,no,cellular,may,thu,275,2,999,0,nonexistent,-1.8,93.876,-40.0,0.699,5008.7,yes
957,0.90716,yes,High,52,self-employed,married,university.degree,no,yes,no,cellular,jun,mon,322,1,3,1,success,-2.9,92.963,-40.8,1.26,5076.2,yes
958,0.906698,yes,High,37,student,divorced,university.degree,no,yes,yes,cellular,may,thu,417,2,999,0,nonexistent,-1.8,93.876,-40.0,0.699,5008.7,yes
959,0.906681,yes,High,37,self-employed,married,professional.course,no,yes,yes,cellular,nov,mon,1024,1,5,1,success,-3.4,92.649,-30.1,0.722,5017.5,yes
960,0.906642,yes,High,85,retired,divorced,basic.4y,unknown,yes,no,cellular,dec,mon,321,3,6,1,success,-3.0,92.713,-33.0,0.715,5023.5,yes
961,0.906488,yes,High,27,technician,single,professional.course,no,no,no,cellular,jun,tue,130,2,3,3,success,-1.7,94.055,-39.8,0.737,4991.6,no
962,0.906484,yes,High,20,services,single,unknown,no,no,no,cellular,mar,mon,150,3,3,3,success,-1.8,93.369,-34.8,0.635,5008.7,no
963,0.906378,yes,High,46,housemaid,single,university.degree,no,yes,yes,cellular,jun,fri,324,1,3,1,success,-2.9,92.963,-40.8,1.268,5076.2,yes
964,0.906374,yes,High,37,admin.,married,university.degree,no,no,yes,cellular,sep,thu,173,1,999,0,nonexistent,-1.1,94.199,-37.5,0.879,4963.6,yes
965,0.906305,yes,High,33,management,married,university.degree,no,no,no,telephone,aug,thu,201,1,6,2,success,-1.7,94.027,-38.3,0.899,4991.6,yes
966,0.906178,yes,High,28,technician,single,high.school,no,unknown,unknown,cellular,oct,wed,84,1,6,1,success,-3.4,92.431,-26.9,0.742,5017.5,yes
967,0.906129,yes,High,31,admin.,single,university.degree,no,no,no,cellular,aug,tue,265,1,4,3,success,-2.9,92.201,-31.4,0.883,5076.2,yes
968,0.906085,yes,High,53,admin.,single,university.degree,no,no,no,cellular,apr,thu,494,1,2,1,success,-1.8,93.075,-47.1,1.365,5099.1,yes
969,0.906033,yes,High,88,retired,divorced,basic.4y,no,yes,no,cellular,mar,wed,126,1,999,0,nonexistent,-1.8,92.843,-50.0,1.663,5099.1,yes
970,0.906033,yes,High,88,retired,divorced,basic.4y,no,yes,no,cellular,mar,wed,85,1,999,0,nonexistent,-1.8,92.843,-50.0,1.663,5099.1,no
971,0.906033,yes,High,88,retired,divorced,basic.4y,no,yes,no,cellular,mar,wed,101,1,999,0,nonexistent,-1.8,92.843,-50.0,1.663,5099.1,yes
972,0.906033,yes,High,88,retired,divorced,basic.4y,no,yes,no,cellular,mar,wed,48,1,999,0,nonexistent,-1.8,92.843,-50.0,1.663,5099.1,no
973,0.905893,yes,High,50,technician,married,university.degree,no,yes,no,cellular,mar,fri,809,1,999,0,nonexistent,-1.8,93.369,-34.8,0.653,5008.7,yes
974,0.905891,yes,High,59,admin.,divorced,basic.4y,no,yes,no,cellular,may,wed,193,1,999,0,nonexistent,-1.8,93.876,-40.0,0.682,5008.7,yes
975,0.905858,yes,High,22,student,single,basic.9y,no,no,no,cellular,oct,fri,221,2,6,1,success,-3.4,92.431,-26.9,0.73,5017.5,yes
976,0.905738,yes,High,30,admin.,single,university.degree,no,yes,no,cellular,jul,thu,248,1,999,0,nonexistent,-1.7,94.215,-40.3,0.884,4991.6,yes
977,0.905666,yes,High,36,technician,married,high.school,no,no,no,telephone,oct,wed,157,1,999,0,nonexistent,-0.1,93.798,-40.4,4.936,5195.8,yes
978,0.905593,yes,High,32,technician,single,professional.course,no,yes,no,cellular,jun,fri,329,1,3,1,success,-2.9,92.963,-40.8,1.268,5076.2,no
979,0.905562,yes,High,56,unemployed,divorced,basic.4y,no,no,no,cellular,mar,wed,577,1,999,0,nonexistent,-1.8,93.369,-34.8,0.634,5008.7,yes
980,0.905532,yes,High,54,blue-collar,married,basic.9y,no,yes,no,cellular,jun,fri,239,2,3,1,success,-2.9,92.963,-40.8,1.268,5076.2,yes
981,0.905518,yes,High,57,retired,married,high.school,no,yes,no,cellular,apr,thu,407,2,999,0,nonexistent,-1.8,93.749,-34.6,0.644,5008.7,yes
982,0.905507,yes,High,50,blue-collar,divorced,professional.course,no,yes,no,telephone,nov,tue,301,2,7,2,success,-1.1,94.767,-50.8,1.049,4963.6,yes
983,0.9055,yes,High,40,admin.,married,high.school,no,no,yes,cellular,aug,tue,654,2,999,0,nonexistent,-1.7,94.027,-38.3,0.899,4991.6,yes
984,0.905415,yes,High,54,admin.,divorced,university.degree,no,no,no,cellular,dec,wed,288,7,6,2,success,-3.0,92.713,-33.0,0.715,5023.5,yes
985,0.905379,yes,High,34,self-employed,single,university.degree,no,no,no,cellular,jul,thu,967,3,999,0,nonexistent,-1.7,94.215,-40.3,0.81,4991.6,yes
986,0.90513,yes,High,32,self-employed,married,university.degree,no,yes,no,cellular,nov,thu,247,1,6,3,failure,-3.4,92.649,-30.1,0.714,5017.5,yes
987,0.905113,yes,High,25,admin.,single,university.degree,no,yes,no,cellular,aug,mon,163,1,6,1,success,-2.9,92.201,-31.4,0.861,5076.2,yes
988,0.905071,yes,High,52,admin.,married,university.degree,no,yes,no,cellular,aug,mon,179,3,4,2,success,-2.9,92.201,-31.4,0.884,5076.2,yes
989,0.905032,yes,High,33,entrepreneur,single,professional.course,no,yes,no,cellular,mar,fri,373,1,999,0,nonexistent,-1.8,93.369,-34.8,0.653,5008.7,yes
990,0.905009,yes,High,25,admin.,single,high.school,no,no,no,cellular,jul,thu,449,2,999,0,nonexistent,-1.7,94.215,-40.3,0.81,4991.6,yes
991,0.904773,yes,High,33,admin.,single,university.degree,no,yes,no,cellular,may,fri,396,5,999,0,nonexistent,-1.8,93.876,-40.0,0.684,5008.7,yes
992,0.904771,yes,High,38,technician,married,professional.course,no,yes,no,cellular,mar,fri,363,2,10,1,success,-1.8,92.843,-50.0,1.726,5099.1,yes
993,0.90476,yes,High,29,technician,single,professional.course,no,no,no,cellular,nov,tue,449,2,1,1,success,-1.1,94.767,-50.8,1.046,4963.6,yes
994,0.904738,yes,High,28,admin.,single,university.degree,no,no,no,cellular,aug,fri,262,1,4,2,success,-2.9,92.201,-31.4,0.881,5076.2,yes
995,0.904656,yes,High,37,admin.,married,high.school,no,yes,no,cellular,jul,thu,230,2,999,0,nonexistent,-1.7,94.215,-40.3,0.81,4991.6,no
996,0.904626,yes,High,35,services,married,high.school,no,no,no,cellular,sep,tue,421,2,3,1,success,-3.4,92.379,-29.8,0.788,5017.5,no
997,0.904435,yes,High,30,admin.,single,university.degree,no,yes,no,cellular,jun,thu,106,1,3,2,success,-2.9,92.963,-40.8,1.26,5076.2,no
998,0.904435,yes,High,49,admin.,married,high.school,no,yes,no,cellular,aug,wed,668,2,15,1,success,-2.9,92.201,-31.4,0.879,5076.2,yes
999,0.904404,yes,High,52,admin.,married,professional.course,no,no,yes,cellular,sep,wed,506,3,999,0,nonexistent,-1.1,94.199,-37.5,0.876,4963.6,yes
1000,0.904384,yes,High,78,retired,divorced,unknown,no,no,no,cellular,jun,thu,282,4,999,0,nonexistent,-1.7,94.055,-39.8,0.729,4991.6,yes
1001,0.904355,yes,High,74,retired,divorced,basic.4y,no,yes,no,cellular,aug,wed,536,1,13,1,success,-2.9,92.201,-31.4,0.854,5076.2,yes
1002,0.904327,yes,High,32,admin.,single,university.degree,no,no,no,cellular,jul,tue,527,1,999,0,nonexistent,-1.7,94.215,-40.3,0.893,4991.6,yes
1003,0.904262,yes,High,31,student,single,university.degree,no,no,no,cellular,aug,tue,224,1,9,2,failure,-1.7,94.027,-38.3,0.899,4991.6,no
1004,0.904229,yes,High,36,unemployed,single,university.degree,no,yes,no,cellular,jun,mon,205,1,4,1,success,-2.9,92.963,-40.8,1.266,5076.2,yes
1005,0.903883,yes,High,34,technician,single,professional.course,no,no,no,cellular,mar,fri,229,1,999,0,nonexistent,-1.8,92.843,-50.0,1.726,5099.1,yes
1006,0.90387,yes,High,45,admin.,married,university.degree,no,no,no,cellular,aug,thu,323,1,999,0,nonexistent,-1.7,94.027,-38.3,0.904,4991.6,yes
1007,0.903807,yes,High,34,technician,married,unknown,no,yes,no,cellular,nov,tue,138,1,1,4,success,-1.1,94.767,-50.8,1.046,4963.6,no
1008,0.903789,yes,High,27,student,single,university.degree,no,no,yes,cellular,jun,mon,237,2,3,4,success,-1.7,94.055,-39.8,0.72,4991.6,no
1009,0.90374,yes,High,24,student,single,high.school,no,no,yes,cellular,jun,thu,176,2,12,2,failure,-1.7,94.055,-39.8,0.729,4991.6,yes
1010,0.903521,yes,High,29,admin.,single,university.degree,no,yes,no,telephone,jun,wed,294,2,3,1,success,-1.7,94.055,-39.8,0.715,4991.6,no
1011,0.903517,yes,High,34,technician,single,professional.course,no,yes,no,cellular,mar,fri,227,1,999,0,nonexistent,-1.8,92.843,-50.0,1.726,5099.1,yes
1012,0.903517,yes,High,34,technician,single,professional.course,no,yes,no,cellular,mar,fri,266,1,999,0,nonexistent,-1.8,92.843,-50.0,1.726,5099.1,yes
1013,0.903499,yes,High,31,student,single,university.degree,no,yes,yes,cellular,jul,fri,350,2,999,0,nonexistent,-1.7,94.215,-40.3,0.885,4991.6,yes
1014,0.903446,yes,High,34,technician,single,university.degree,no,yes,no,cellular,mar,thu,180,2,999,0,nonexistent,-1.8,93.369,-34.8,0.654,5008.7,yes
1015,0.903376,yes,High,29,services,single,high.school,no,no,no,cellular,jun,wed,725,2,3,1,success,-2.9,92.963,-40.8,1.26,5076.2,yes
1016,0.903238,yes,High,63,retired,divorced,basic.4y,no,yes,no,cellular,aug,fri,153,2,3,1,success,-2.9,92.201,-31.4,0.869,5076.2,no
1017,0.9031,yes,High,33,admin.,single,university.degree,no,yes,no,cellular,aug,wed,173,1,1,1,success,-2.9,92.201,-31.4,0.854,5076.2,yes
1018,0.903079,yes,High,82,retired,married,university.degree,unknown,no,no,cellular,sep,mon,81,3,3,4,success,-1.1,94.199,-37.5,0.879,4963.6,no
1019,0.903064,yes,High,46,admin.,married,university.degree,no,yes,no,cellular,jul,fri,341,3,999,0,nonexistent,-1.7,94.215,-40.3,0.822,4991.6,yes
1020,0.903047,yes,High,28,admin.,single,university.degree,no,no,no,cellular,mar,thu,237,1,999,0,nonexistent,-1.8,93.369,-34.8,0.643,5008.7,yes
1021,0.903047,yes,High,28,admin.,single,university.degree,no,no,no,cellular,mar,thu,125,1,999,0,nonexistent,-1.8,93.369,-34.8,0.643,5008.7,no
1022,0.90294,yes,High,29,student,single,high.school,no,unknown,unknown,cellular,aug,tue,505,1,4,3,success,-2.9,92.201,-31.4,0.884,5076.2,yes
1023,0.902664,yes,High,32,admin.,single,university.degree,no,yes,yes,cellular,apr,fri,109,5,6,1,success,-1.8,93.749,-34.6,0.645,5008.7,no
1024,0.902659,yes,High,44,admin.,single,university.degree,no,no,no,cellular,aug,mon,207,1,6,1,success,-2.9,92.201,-31.4,0.861,5076.2,yes
1025,0.902617,yes,High,38,technician,married,professional.course,no,yes,no,cellular,jun,tue,993,4,3,1,success,-2.9,92.963,-40.8,1.286,5076.2,yes
1026,0.902519,yes,High,27,admin.,single,university.degree,no,no,no,cellular,mar,tue,191,2,999,0,nonexistent,-1.8,93.369,-34.8,0.637,5008.7,yes
1027,0.902471,yes,High,29,unemployed,single,basic.4y,no,yes,no,cellular,nov,fri,112,1,9,1,success,-1.1,94.767,-50.8,1.028,4963.6,no
1028,0.902201,yes,High,31,services,single,basic.9y,no,yes,no,cellular,may,fri,214,4,999,0,nonexistent,-1.8,93.876,-40.0,0.695,5008.7,yes
1029,0.902115,yes,High,33,admin.,married,university.degree,no,no,no,cellular,aug,thu,361,1,999,0,nonexistent,-1.7,94.027,-38.3,0.899,4991.6,yes
1030,0.902039,yes,High,81,unknown,divorced,unknown,unknown,yes,no,cellular,nov,mon,263,1,999,1,failure,-3.4,92.649,-30.1,0.715,5017.5,yes
1031,0.902039,yes,High,81,unknown,divorced,unknown,unknown,yes,no,cellular,nov,mon,161,1,999,1,failure,-3.4,92.649,-30.1,0.715,5017.5,yes
1032,0.902008,yes,High,36,blue-collar,single,basic.6y,no,no,no,cellular,nov,tue,238,1,999,0,nonexistent,-1.1,94.767,-50.8,1.046,4963.6,yes
1033,0.901957,yes,High,49,housemaid,single,university.degree,no,yes,no,cellular,dec,mon,583,2,6,1,success,-3.0,92.713,-33.0,0.717,5023.5,yes
1034,0.901876,yes,High,43,admin.,married,high.school,no,yes,no,cellular,aug,tue,291,2,3,2,success,-2.9,92.201,-31.4,0.838,5076.2,yes
1035,0.901846,yes,High,33,admin.,single,university.degree,no,yes,no,cellular,apr,tue,179,3,999,0,nonexistent,-1.8,93.749,-34.6,0.638,5008.7,yes
1036,0.901768,yes,High,52,services,married,high.school,unknown,yes,no,cellular,mar,thu,177,2,11,3,failure,-1.8,93.369,-34.8,0.654,5008.7,yes
1037,0.901572,yes,High,25,admin.,single,university.degree,no,no,no,cellular,nov,fri,350,5,3,1,success,-3.4,92.649,-30.1,0.714,5017.5,no
1038,0.901569,yes,High,28,self-employed,single,university.degree,no,yes,no,cellular,jul,thu,198,2,999,0,nonexistent,-1.7,94.215,-40.3,0.846,4991.6,yes
1039,0.901472,yes,High,43,technician,married,high.school,no,yes,no,cellular,sep,tue,260,1,3,1,success,-3.4,92.379,-29.8,0.788,5017.5,yes
1040,0.901324,yes,High,48,admin.,married,university.degree,no,yes,no,cellular,nov,mon,159,1,6,3,success,-1.1,94.767,-50.8,1.05,4963.6,yes
1041,0.901029,yes,High,30,admin.,single,university.degree,no,yes,no,cellular,apr,thu,502,1,0,1,success,-1.8,93.075,-47.1,1.365,5099.1,yes
1042,0.900944,yes,High,42,unemployed,married,unknown,no,yes,yes,cellular,aug,thu,250,4,4,2,success,-2.9,92.201,-31.4,0.883,5076.2,yes
1043,0.900859,yes,High,37,technician,single,professional.course,no,yes,no,cellular,nov,wed,224,1,999,0,nonexistent,-1.1,94.767,-50.8,1.044,4963.6,yes
1044,0.90075,yes,High,30,admin.,single,high.school,no,yes,no,cellular,may,fri,532,5,999,0,nonexistent,-1.8,93.876,-40.0,0.684,5008.7,yes
1045,0.900681,yes,High,32,services,single,unknown,no,no,yes,cellular,jul,thu,415,2,999,0,nonexistent,-1.7,94.215,-40.3,0.846,4991.6,yes
1046,0.900637,yes,High,56,retired,married,basic.4y,no,no,no,cellular,mar,wed,181,2,9,2,failure,-1.8,93.369,-34.8,0.644,5008.7,no
1047,0.900637,yes,High,42,management,divorced,unknown,no,yes,no,cellular,aug,wed,137,2,4,1,success,-2.9,92.201,-31.4,0.879,5076.2,yes
1048,0.900512,yes,High,70,retired,married,basic.4y,no,no,no,cellular,dec,wed,546,2,999,0,nonexistent,-3.0,92.713,-33.0,0.715,5023.5,yes
1049,0.900457,yes,High,41,management,married,unknown,no,yes,no,cellular,may,fri,588,1,18,2,failure,-1.8,93.876,-40.0,0.695,5008.7,yes
1050,0.900341,yes,High,34,admin.,married,university.degree,no,no,yes,cellular,sep,wed,245,3,999,0,nonexistent,-1.1,94.199,-37.5,0.886,4963.6,yes
1051,0.900314,yes,High,66,retired,married,high.school,no,no,no,cellular,mar,tue,618,1,999,0,nonexistent,-1.8,93.369,-34.8,0.646,5008.7,no
1052,0.90019,yes,High,51,retired,divorced,high.school,no,no,no,cellular,jul,wed,115,3,999,0,nonexistent,-1.7,94.215,-40.3,0.896,4991.6,yes
1053,0.900028,yes,High,43,technician,married,professional.course,no,yes,no,cellular,jul,thu,1193,1,999,0,nonexistent,-1.7,94.215,-40.3,0.884,4991.6,yes
1054,0.900025,yes,High,33,admin.,single,university.degree,no,yes,no,cellular,apr,thu,305,3,999,0,nonexistent,-1.8,93.749,-34.6,0.659,5008.7,yes
1055,0.89997,yes,High,74,retired,divorced,basic.4y,no,yes,yes,cellular,jul,wed,106,2,999,0,nonexistent,-1.7,94.215,-40.3,0.896,4991.6,no
1056,0.899962,yes,High,32,services,single,university.degree,no,no,yes,cellular,may,fri,473,3,999,0,nonexistent,-1.8,93.876,-40.0,0.699,5008.7,yes
1057,0.899924,yes,High,58,technician,married,basic.4y,no,no,yes,cellular,oct,wed,867,2,4,2,success,-3.4,92.431,-26.9,0.74,5017.5,no
1058,0.899849,yes,High,44,blue-collar,married,professional.course,no,yes,no,cellular,jun,fri,336,3,3,1,success,-2.9,92.963,-40.8,1.268,5076.2,no
1059,0.899804,yes,High,38,technician,single,high.school,no,yes,no,cellular,mar,fri,292,2,999,0,nonexistent,-1.8,93.369,-34.8,0.653,5008.7,yes
1060,0.899775,yes,High,29,technician,single,university.degree,no,no,no,cellular,jun,thu,176,1,3,1,success,-2.9,92.963,-40.8,1.26,5076.2,no
1061,0.899719,yes,High,62,technician,married,unknown,no,unknown,unknown,cellular,jul,mon,220,3,999,1,failure,-1.7,94.215,-40.3,0.827,4991.6,yes
1062,0.899709,yes,High,57,admin.,married,unknown,no,yes,no,cellular,dec,wed,391,2,999,0,nonexistent,-3.0,92.713,-33.0,0.706,5023.5,yes
1063,0.899691,yes,High,22,student,single,high.school,no,yes,no,cellular,may,tue,272,1,999,0,nonexistent,-1.8,93.876,-40.0,0.697,5008.7,yes
1064,0.899688,yes,High,70,retired,married,unknown,no,no,no,telephone,mar,mon,174,2,7,2,success,-1.8,93.369,-34.8,0.639,5008.7,no
1065,0.899622,yes,High,54,technician,married,basic.9y,no,no,no,cellular,nov,tue,293,3,7,2,failure,-3.4,92.649,-30.1,0.715,5017.5,yes
1066,0.899615,yes,High,28,admin.,married,high.school,no,no,yes,cellular,may,wed,530,2,999,0,nonexistent,-1.8,93.876,-40.0,0.697,5008.7,yes
1067,0.899567,yes,High,29,technician,single,professional.course,no,no,yes,cellular,jul,tue,178,2,15,2,failure,-1.7,94.215,-40.3,0.876,4991.6,yes
1068,0.89947,yes,High,36,admin.,single,high.school,no,yes,no,cellular,aug,fri,159,1,3,2,success,-2.9,92.201,-31.4,0.849,5076.2,yes
1069,0.899402,yes,High,17,student,single,unknown,no,no,yes,cellular,oct,tue,896,1,2,2,success,-3.4,92.431,-26.9,0.742,5017.5,yes
1070,0.899245,yes,High,30,technician,single,university.degree,no,no,no,telephone,oct,wed,676,1,999,0,nonexistent,-0.1,93.798,-40.4,4.936,5195.8,yes
1071,0.899223,yes,High,21,student,single,high.school,no,no,no,cellular,oct,tue,701,2,999,0,nonexistent,-1.1,94.601,-49.5,1.037,4963.6,yes
1072,0.899155,yes,High,62,technician,married,unknown,no,no,no,cellular,mar,mon,435,3,6,1,success,-1.8,93.369,-34.8,0.646,5008.7,no
1073,0.899152,yes,High,89,retired,divorced,basic.4y,no,no,no,cellular,jun,mon,245,1,999,0,nonexistent,-1.7,94.055,-39.8,0.72,4991.6,yes
1074,0.899143,yes,High,64,retired,married,high.school,no,yes,no,cellular,dec,wed,354,1,999,0,nonexistent,-3.0,92.713,-33.0,0.715,5023.5,yes
1075,0.899102,yes,High,42,unknown,single,university.degree,no,no,no,cellular,jul,fri,366,6,999,0,nonexistent,-1.7,94.215,-40.3,0.885,4991.6,yes
1076,0.899101,yes,High,29,admin.,single,university.degree,no,yes,no,cellular,jul,wed,276,1,999,0,nonexistent,-1.7,94.215,-40.3,0.84,4991.6,yes
1077,0.899039,yes,High,26,admin.,single,high.school,no,no,no,telephone,oct,fri,257,2,4,1,success,-3.4,92.431,-26.9,0.73,5017.5,yes
1078,0.898985,yes,High,52,retired,divorced,university.degree,no,no,no,cellular,aug,thu,427,1,15,1,success,-2.9,92.201,-31.4,0.883,5076.2,yes
1079,0.898965,yes,High,39,admin.,divorced,university.degree,no,no,yes,cellular,jul,mon,375,3,999,0,nonexistent,-1.7,94.215,-40.3,0.827,4991.6,yes
1080,0.898935,yes,High,29,technician,single,basic.9y,no,yes,no,cellular,jul,wed,603,1,999,0,nonexistent,-1.7,94.215,-40.3,0.84,4991.6,yes
1081,0.898899,yes,High,33,admin.,married,university.degree,no,yes,yes,cellular,jul,fri,217,3,999,0,nonexistent,-1.7,94.215,-40.3,0.79,4991.6,yes
1082,0.898862,yes,High,27,admin.,single,high.school,no,no,no,cellular,jun,tue,421,2,999,0,nonexistent,-1.7,94.055,-39.8,0.761,4991.6,yes
1083,0.898862,yes,High,27,admin.,single,high.school,no,no,no,cellular,jun,tue,586,2,999,0,nonexistent,-1.7,94.055,-39.8,0.761,4991.6,yes
1084,0.898844,yes,High,69,retired,married,basic.9y,no,yes,no,cellular,sep,wed,71,1,5,1,success,-3.4,92.379,-29.8,0.781,5017.5,no
1085,0.898835,yes,High,41,admin.,married,university.degree,no,yes,no,cellular,apr,fri,342,1,999,0,nonexistent,-1.8,93.749,-34.6,0.645,5008.7,yes
1086,0.89877,yes,High,29,admin.,married,university.degree,no,yes,no,cellular,jun,tue,201,1,999,0,nonexistent,-1.7,94.055,-39.8,0.702,4991.6,yes
1087,0.898728,yes,High,50,admin.,married,university.degree,no,no,no,cellular,nov,mon,176,1,7,2,success,-3.4,92.649,-30.1,0.714,5017.5,no
1088,0.898685,yes,High,62,technician,married,unknown,no,no,no,cellular,jul,mon,262,2,999,2,failure,-1.7,94.215,-40.3,0.827,4991.6,yes
1089,0.898625,yes,High,36,technician,married,university.degree,no,no,no,cellular,jun,mon,59,1,3,1,success,-2.9,92.963,-40.8,1.266,5076.2,no
1090,0.898587,yes,High,83,retired,divorced,basic.4y,no,no,yes,cellular,jun,fri,472,2,999,0,nonexistent,-1.7,94.055,-39.8,0.748,4991.6,yes
1091,0.898576,yes,High,41,admin.,divorced,high.school,no,no,no,telephone,apr,thu,558,2,999,0,nonexistent,-1.8,93.749,-34.6,0.635,5008.7,yes
1092,0.898514,yes,High,33,technician,single,professional.course,no,yes,no,cellular,mar,tue,459,1,999,0,nonexistent,-1.8,93.369,-34.8,0.646,5008.7,yes
1093,0.898451,yes,High,71,retired,married,professional.course,no,yes,no,cellular,jul,thu,115,3,999,0,nonexistent,-1.7,94.215,-40.3,0.884,4991.6,no
1094,0.898443,yes,High,35,admin.,married,high.school,no,no,no,cellular,oct,thu,302,1,4,2,success,-3.4,92.431,-26.9,0.754,5017.5,no
1095,0.898412,yes,High,51,admin.,married,university.degree,no,no,yes,cellular,jul,fri,486,1,999,0,nonexistent,-1.7,94.215,-40.3,0.861,4991.6,yes
1096,0.898409,yes,High,34,admin.,married,high.school,no,no,yes,cellular,sep,wed,214,2,999,0,nonexistent,-1.1,94.199,-37.5,0.876,4963.6,no
1097,0.898336,yes,High,56,retired,married,high.school,no,yes,yes,cellular,aug,tue,97,1,3,2,success,-2.9,92.201,-31.4,0.883,5076.2,no
1098,0.898167,yes,High,63,admin.,married,university.degree,no,yes,no,cellular,jul,fri,396,2,999,0,nonexistent,-1.7,94.215,-40.3,0.885,4991.6,yes
1099,0.898091,yes,High,35,admin.,divorced,high.school,no,yes,yes,telephone,apr,thu,111,1,999,0,nonexistent,-1.8,93.749,-34.6,0.635,5008.7,yes
1100,0.89806,yes,High,27,admin.,single,university.degree,no,no,no,cellular,aug,tue,249,1,999,0,nonexistent,-1.7,94.027,-38.3,0.899,4991.6,yes
1101,0.898058,yes,High,37,services,married,high.school,no,no,yes,cellular,nov,wed,54,4,6,1,success,-3.4,92.649,-30.1,0.715,5017.5,no
1102,0.897894,yes,High,38,services,married,high.school,no,yes,no,cellular,mar,thu,257,1,999,0,nonexistent,-1.8,93.369,-34.8,0.65,5008.7,yes
1103,0.897883,yes,High,32,management,single,university.degree,no,no,no,cellular,aug,thu,149,1,3,2,success,-2.9,92.201,-31.4,0.851,5076.2,yes
1104,0.897784,yes,High,56,retired,married,basic.4y,no,no,no,cellular,dec,thu,582,4,999,0,nonexistent,-3.0,92.713,-33.0,0.714,5023.5,yes
1105,0.897783,yes,High,31,admin.,single,university.degree,no,yes,no,cellular,nov,thu,260,1,999,0,nonexistent,-1.1,94.767,-50.8,1.041,4963.6,yes
1106,0.897698,yes,High,25,student,single,high.school,no,no,no,cellular,oct,fri,554,3,999,0,nonexistent,-1.1,94.601,-49.5,1.029,4963.6,yes
1107,0.897551,yes,High,35,admin.,single,university.degree,no,yes,no,cellular,apr,thu,388,2,999,0,nonexistent,-1.8,93.749,-34.6,0.659,5008.7,yes
1108,0.89755,yes,High,38,admin.,married,high.school,no,yes,no,telephone,oct,fri,97,1,999,0,nonexistent,-0.1,93.798,-40.4,4.918,5195.8,yes
1109,0.897522,yes,High,31,admin.,single,university.degree,no,yes,no,telephone,oct,tue,125,1,999,0,nonexistent,-0.1,93.798,-40.4,4.86,5195.8,yes
1110,0.897411,yes,High,74,retired,divorced,university.degree,no,yes,no,cellular,may,tue,387,1,999,0,nonexistent,-1.8,93.876,-40.0,0.688,5008.7,yes
1111,0.897348,yes,High,61,retired,married,high.school,no,yes,no,cellular,sep,wed,117,1,3,1,success,-3.4,92.379,-29.8,0.753,5017.5,yes
1112,0.897248,yes,High,35,technician,married,university.degree,no,yes,no,cellular,aug,wed,560,1,999,0,nonexistent,-1.7,94.027,-38.3,0.9,4991.6,yes
1113,0.897106,yes,High,33,technician,married,professional.course,no,no,no,cellular,sep,wed,569,1,999,0,nonexistent,-1.1,94.199,-37.5,0.879,4963.6,yes
1114,0.897062,yes,High,82,housemaid,divorced,basic.4y,no,unknown,unknown,cellular,apr,tue,139,6,999,0,nonexistent,-1.8,93.749,-34.6,0.638,5008.7,yes
1115,0.896969,yes,High,56,management,married,professional.course,no,no,no,cellular,dec,wed,124,1,999,0,nonexistent,-3.0,92.713,-33.0,0.715,5023.5,no
1116,0.896968,yes,High,33,technician,married,university.degree,no,no,no,cellular,sep,wed,216,1,999,0,nonexistent,-1.1,94.199,-37.5,0.876,4963.6,yes
1117,0.89694,yes,High,71,retired,married,professional.course,no,no,no,cellular,apr,thu,559,1,999,0,nonexistent,-1.8,93.749,-34.6,0.64,5008.7,yes
1118,0.896888,yes,High,37,admin.,married,high.school,no,no,no,cellular,jun,wed,671,3,999,0,nonexistent,-1.7,94.055,-39.8,0.739,4991.6,yes
1119,0.896829,yes,High,23,student,single,high.school,no,no,no,cellular,mar,wed,128,1,999,0,nonexistent,-1.8,93.369,-34.8,0.644,5008.7,yes
1120,0.896778,yes,High,59,management,married,basic.4y,no,yes,no,cellular,jul,fri,351,3,999,0,nonexistent,-1.7,94.215,-40.3,0.885,4991.6,yes
1121,0.896701,yes,High,53,admin.,divorced,university.degree,no,no,no,cellular,mar,thu,2486,1,999,0,nonexistent,-1.8,93.369,-34.8,0.654,5008.7,yes
1122,0.896691,yes,High,24,student,single,high.school,no,no,no,cellular,jun,wed,288,6,6,1,success,-1.7,94.055,-39.8,0.727,4991.6,yes
1123,0.896687,yes,High,88,retired,divorced,basic.4y,no,yes,yes,cellular,mar,wed,103,3,999,0,nonexistent,-1.8,92.843,-50.0,1.663,5099.1,no
1124,0.896585,yes,High,23,technician,married,professional.course,no,yes,no,cellular,aug,mon,341,1,3,2,success,-2.9,92.201,-31.4,0.861,5076.2,yes
1125,0.896546,yes,High,28,admin.,single,university.degree,no,no,no,cellular,mar,wed,506,2,999,0,nonexistent,-1.8,92.843,-50.0,1.548,5099.1,yes
1126,0.896546,yes,High,28,admin.,single,university.degree,no,no,no,cellular,mar,wed,411,2,999,0,nonexistent,-1.8,92.843,-50.0,1.548,5099.1,yes
1127,0.89652,yes,High,88,retired,divorced,basic.4y,no,yes,no,cellular,mar,wed,96,6,999,0,nonexistent,-1.8,92.843,-50.0,1.663,5099.1,no
1128,0.896516,yes,High,36,technician,single,university.degree,no,yes,yes,cellular,jul,mon,305,4,3,1,success,-1.7,94.215,-40.3,0.827,4991.6,no
1129,0.896305,yes,High,36,admin.,divorced,university.degree,no,no,no,cellular,aug,mon,559,1,5,1,success,-2.9,92.201,-31.4,0.884,5076.2,yes
1130,0.896235,yes,High,24,blue-collar,single,basic.9y,no,no,no,cellular,oct,mon,485,1,6,1,success,-1.1,94.601,-49.5,0.977,4963.6,no
1131,0.896089,yes,High,36,services,married,basic.9y,no,yes,no,cellular,aug,fri,221,1,4,1,success,-2.9,92.201,-31.4,0.881,5076.2,yes
1132,0.896066,yes,High,30,technician,married,university.degree,no,yes,yes,cellular,jul,mon,204,4,999,0,nonexistent,-1.7,94.215,-40.3,0.87,4991.6,yes
1133,0.896008,yes,High,29,technician,single,professional.course,no,no,yes,cellular,nov,fri,127,1,6,2,success,-1.1,94.767,-50.8,1.04,4963.6,no
1134,0.895984,yes,High,37,technician,single,university.degree,no,yes,yes,cellular,aug,thu,73,2,4,1,success,-2.9,92.201,-31.4,0.873,5076.2,no
1135,0.895964,yes,High,29,admin.,single,university.degree,no,no,no,cellular,nov,thu,134,2,9,2,failure,-3.4,92.649,-30.1,0.714,5017.5,yes
1136,0.895957,yes,High,28,student,single,university.degree,no,unknown,unknown,cellular,may,fri,1027,2,999,0,nonexistent,-1.8,93.876,-40.0,0.695,5008.7,yes
1137,0.895846,yes,High,32,admin.,single,university.degree,no,no,no,cellular,jul,fri,184,1,9,3,failure,-1.7,94.215,-40.3,0.861,4991.6,no
1138,0.895679,yes,High,30,admin.,single,university.degree,no,yes,no,cellular,apr,tue,321,1,999,0,nonexistent,-1.8,93.749,-34.6,0.646,5008.7,yes
1139,0.895654,yes,High,31,admin.,divorced,professional.course,no,yes,no,cellular,mar,tue,107,1,999,0,nonexistent,-1.8,93.369,-34.8,0.655,5008.7,no
1140,0.895636,yes,High,48,blue-collar,married,basic.9y,no,no,no,cellular,aug,wed,296,1,16,3,failure,-1.7,94.027,-38.3,0.9,4991.6,yes
1141,0.895629,yes,High,61,retired,married,basic.4y,no,yes,no,cellular,nov,mon,301,1,9,3,failure,-3.4,92.649,-30.1,0.714,5017.5,yes
1142,0.895506,yes,High,88,retired,divorced,basic.4y,no,yes,no,cellular,mar,wed,101,7,999,0,nonexistent,-1.8,92.843,-50.0,1.663,5099.1,yes
1143,0.895479,yes,High,36,technician,married,university.degree,no,unknown,unknown,cellular,sep,thu,1334,2,999,0,nonexistent,-1.1,94.199,-37.5,0.879,4963.6,yes
1144,0.895456,yes,High,35,management,married,university.degree,no,no,no,cellular,nov,tue,190,3,7,3,failure,-3.4,92.649,-30.1,0.716,5017.5,no
1145,0.895406,yes,High,33,admin.,married,university.degree,no,no,no,cellular,sep,wed,208,2,999,0,nonexistent,-1.1,94.199,-37.5,0.879,4963.6,yes
1146,0.895281,yes,High,35,technician,married,professional.course,no,no,no,telephone,mar,thu,282,2,6,1,success,-1.8,93.369,-34.8,0.65,5008.7,no
1147,0.895218,yes,High,24,student,single,professional.course,no,yes,no,cellular,jul,wed,817,2,999,0,nonexistent,-1.7,94.215,-40.3,0.896,4991.6,yes
1148,0.895139,yes,High,68,retired,married,basic.4y,no,yes,no,cellular,apr,fri,177,1,999,0,nonexistent,-1.8,93.749,-34.6,0.644,5008.7,no
1149,0.895021,yes,High,27,self-employed,single,university.degree,no,no,no,cellular,mar,fri,281,1,999,0,nonexistent,-1.8,93.369,-34.8,0.636,5008.7,yes
1150,0.894973,yes,High,66,retired,married,basic.4y,no,yes,no,cellular,jul,mon,568,7,999,0,nonexistent,-1.7,94.215,-40.3,0.87,4991.6,yes
1151,0.894965,yes,High,44,technician,married,basic.9y,no,yes,no,cellular,oct,tue,306,1,2,1,success,-3.4,92.431,-26.9,0.742,5017.5,no
1152,0.894938,yes,High,38,technician,married,professional.course,no,yes,no,cellular,mar,fri,166,3,999,0,nonexistent,-1.8,92.843,-50.0,1.726,5099.1,yes
1153,0.894927,yes,High,41,admin.,divorced,university.degree,no,no,no,cellular,jul,mon,101,3,999,0,nonexistent,-1.7,94.215,-40.3,0.793,4991.6,no
1154,0.894916,yes,High,50,admin.,married,basic.9y,no,yes,no,cellular,apr,thu,717,3,999,0,nonexistent,-1.8,93.749,-34.6,0.659,5008.7,yes
1155,0.894835,yes,High,82,retired,divorced,basic.4y,no,yes,yes,cellular,apr,mon,125,2,999,0,nonexistent,-1.8,93.749,-34.6,0.643,5008.7,yes
1156,0.894788,yes,High,23,student,single,high.school,no,yes,no,telephone,jun,mon,434,1,9,1,success,-1.7,94.055,-39.8,0.72,4991.6,yes
1157,0.894764,yes,High,31,technician,single,university.degree,no,no,no,telephone,oct,thu,154,1,999,0,nonexistent,-0.1,93.798,-40.4,4.794,5195.8,yes
1158,0.894756,yes,High,58,management,married,university.degree,no,no,no,cellular,aug,tue,412,1,999,0,nonexistent,-1.7,94.027,-38.3,0.904,4991.6,yes
1159,0.89474,yes,High,31,student,single,unknown,no,yes,no,cellular,aug,thu,306,2,999,0,nonexistent,-1.7,94.027,-38.3,0.904,4991.6,yes
1160,0.89474,yes,High,31,student,single,unknown,no,yes,no,cellular,aug,thu,375,2,999,0,nonexistent,-1.7,94.027,-38.3,0.904,4991.6,yes
1161,0.894726,yes,High,41,entrepreneur,married,university.degree,no,yes,no,cellular,aug,thu,324,1,999,0,nonexistent,-1.7,94.027,-38.3,0.904,4991.6,yes
1162,0.894726,yes,High,41,entrepreneur,married,university.degree,no,yes,no,cellular,aug,thu,736,1,999,0,nonexistent,-1.7,94.027,-38.3,0.904,4991.6,yes
1163,0.894612,yes,High,63,retired,married,basic.4y,no,no,no,cellular,jul,fri,273,1,999,0,nonexistent,-1.7,94.215,-40.3,0.896,4991.6,no
1164,0.894603,yes,High,31,admin.,single,university.degree,no,yes,no,cellular,nov,thu,353,1,999,0,nonexistent,-1.1,94.767,-50.8,1.031,4963.6,yes
1165,0.894481,yes,High,52,admin.,married,professional.course,no,no,no,cellular,sep,wed,953,2,999,0,nonexistent,-1.1,94.199,-37.5,0.876,4963.6,yes
1166,0.894454,yes,High,35,blue-collar,divorced,high.school,no,no,no,cellular,aug,thu,151,1,3,1,success,-2.9,92.201,-31.4,0.851,5076.2,yes
1167,0.894427,yes,High,29,admin.,married,university.degree,no,yes,no,cellular,jul,mon,173,3,999,0,nonexistent,-1.7,94.215,-40.3,0.87,4991.6,yes
1168,0.894416,yes,High,41,admin.,divorced,university.degree,no,no,no,cellular,jul,mon,128,2,999,0,nonexistent,-1.7,94.215,-40.3,0.793,4991.6,yes
1169,0.894333,yes,High,28,unemployed,single,basic.4y,no,yes,no,cellular,oct,fri,160,2,4,1,success,-3.4,92.431,-26.9,0.752,5017.5,no
1170,0.894209,yes,High,68,retired,married,university.degree,no,yes,no,cellular,apr,fri,330,3,999,0,nonexistent,-1.8,93.749,-34.6,0.644,5008.7,yes
1171,0.894206,yes,High,58,retired,married,high.school,no,yes,no,cellular,aug,tue,242,6,3,1,success,-2.9,92.201,-31.4,0.838,5076.2,yes
1172,0.894179,yes,High,29,technician,single,professional.course,no,yes,no,cellular,jul,wed,133,3,999,0,nonexistent,-1.7,94.215,-40.3,0.84,4991.6,no
1173,0.894157,yes,High,68,retired,single,university.degree,no,yes,no,cellular,sep,fri,81,1,3,1,success,-3.4,92.379,-29.8,0.741,5017.5,no
1174,0.894065,yes,High,64,retired,married,basic.4y,no,yes,no,cellular,aug,wed,145,1,3,2,success,-2.9,92.201,-31.4,0.854,5076.2,yes
1175,0.894034,yes,High,48,admin.,divorced,university.degree,no,no,no,cellular,aug,thu,544,1,999,0,nonexistent,-1.7,94.027,-38.3,0.904,4991.6,yes
1176,0.893992,yes,High,52,technician,married,basic.9y,no,no,no,cellular,mar,wed,272,3,999,0,nonexistent,-1.8,93.369,-34.8,0.644,5008.7,yes
1177,0.893769,yes,High,36,services,married,high.school,no,yes,no,cellular,oct,fri,104,1,6,1,success,-3.4,92.431,-26.9,0.739,5017.5,no
1178,0.893762,yes,High,74,retired,married,unknown,no,no,yes,cellular,mar,fri,607,2,999,0,nonexistent,-1.8,93.369,-34.8,0.653,5008.7,yes
1179,0.893677,yes,High,32,admin.,married,high.school,no,no,no,telephone,oct,tue,101,1,999,0,nonexistent,-0.1,93.798,-40.4,4.968,5195.8,yes
1180,0.893643,yes,High,21,student,single,basic.9y,no,yes,no,cellular,jul,tue,209,2,999,0,nonexistent,-1.7,94.215,-40.3,0.797,4991.6,yes
1181,0.8935,yes,High,51,admin.,married,university.degree,no,no,yes,cellular,jul,fri,73,4,999,0,nonexistent,-1.7,94.215,-40.3,0.861,4991.6,no
1182,0.893386,yes,High,54,technician,divorced,professional.course,no,yes,no,cellular,dec,mon,352,1,6,1,success,-3.0,92.713,-33.0,0.715,5023.5,no
1183,0.893305,yes,High,39,management,married,university.degree,no,yes,yes,cellular,sep,tue,358,2,999,0,nonexistent,-1.1,94.199,-37.5,0.877,4963.6,yes
1184,0.893247,yes,High,68,retired,married,university.degree,no,no,no,cellular,mar,wed,201,1,999,0,nonexistent,-1.8,92.843,-50.0,1.602,5099.1,yes
1185,0.893238,yes,High,27,services,single,high.school,no,no,no,cellular,jul,fri,423,3,999,0,nonexistent,-1.7,94.215,-40.3,0.79,4991.6,yes
1186,0.893228,yes,High,32,admin.,single,university.degree,no,yes,no,cellular,apr,thu,358,2,999,0,nonexistent,-1.8,93.749,-34.6,0.635,5008.7,yes
1187,0.893207,yes,High,37,management,married,unknown,no,no,no,cellular,dec,wed,149,3,999,0,nonexistent,-3.0,92.713,-33.0,0.715,5023.5,yes
1188,0.893096,yes,High,59,admin.,divorced,university.degree,no,yes,no,cellular,mar,tue,236,1,999,0,nonexistent,-1.8,93.369,-34.8,0.635,5008.7,yes
1189,0.893071,yes,High,56,housemaid,divorced,professional.course,no,yes,no,cellular,nov,tue,566,1,7,2,failure,-3.4,92.649,-30.1,0.72,5017.5,yes
1190,0.893065,yes,High,55,admin.,divorced,high.school,no,no,no,cellular,aug,tue,245,1,999,0,nonexistent,-1.7,94.027,-38.3,0.904,4991.6,yes
1191,0.892966,yes,High,27,admin.,single,university.degree,no,no,no,telephone,oct,tue,540,1,999,0,nonexistent,-0.1,93.798,-40.4,4.86,5195.8,yes
1192,0.892884,yes,High,34,admin.,divorced,high.school,no,no,no,cellular,mar,fri,156,1,999,0,nonexistent,-1.8,93.369,-34.8,0.636,5008.7,no
1193,0.892812,yes,High,38,entrepreneur,married,professional.course,no,no,no,cellular,may,mon,269,5,3,2,success,-1.8,93.876,-40.0,0.682,5008.7,no
1194,0.892709,yes,High,35,admin.,married,university.degree,no,yes,no,cellular,aug,fri,419,5,3,2,success,-2.9,92.201,-31.4,0.849,5076.2,no
1195,0.892617,yes,High,80,retired,divorced,basic.4y,no,yes,no,cellular,apr,thu,234,1,999,0,nonexistent,-1.8,93.749,-34.6,0.644,5008.7,no
1196,0.892594,yes,High,34,blue-collar,married,high.school,no,yes,no,cellular,mar,fri,115,1,999,0,nonexistent,-1.8,93.369,-34.8,0.653,5008.7,yes
1197,0.892505,yes,High,31,admin.,married,university.degree,no,unknown,unknown,cellular,mar,tue,207,1,999,0,nonexistent,-1.8,93.369,-34.8,0.655,5008.7,yes
1198,0.892425,yes,High,34,services,married,basic.9y,no,no,no,cellular,jul,wed,604,1,999,0,nonexistent,-1.7,94.215,-40.3,0.84,4991.6,yes
1199,0.89242,yes,High,51,services,married,high.school,no,yes,no,cellular,nov,mon,354,3,6,3,success,-1.1,94.767,-50.8,1.05,4963.6,no
1200,0.892322,yes,High,46,admin.,married,high.school,no,yes,yes,cellular,apr,mon,128,2,6,2,success,-1.8,93.749,-34.6,0.645,5008.7,no
1201,0.892264,yes,High,53,blue-collar,single,basic.9y,no,yes,no,cellular,jul,wed,355,1,999,0,nonexistent,-1.7,94.215,-40.3,0.84,4991.6,yes
1202,0.89223,yes,High,30,entrepreneur,married,university.degree,no,no,no,telephone,oct,fri,223,1,999,0,nonexistent,-0.1,93.798,-40.4,5.045,5195.8,yes
1203,0.892173,yes,High,31,technician,single,professional.course,no,unknown,unknown,cellular,oct,thu,212,2,999,0,nonexistent,-1.1,94.601,-49.5,1.025,4963.6,yes
1204,0.892095,yes,High,31,admin.,single,university.degree,no,no,no,cellular,mar,thu,275,2,999,0,nonexistent,-1.8,93.369,-34.8,0.65,5008.7,no
1205,0.892089,yes,High,31,student,single,university.degree,no,no,no,cellular,oct,wed,508,1,999,0,nonexistent,-1.1,94.601,-49.5,1.043,4963.6,yes
1206,0.892044,yes,High,53,admin.,married,high.school,no,yes,no,cellular,jul,thu,99,6,999,0,nonexistent,-1.7,94.215,-40.3,0.899,4991.6,no
1207,0.892023,yes,High,47,admin.,married,university.degree,no,yes,yes,cellular,apr,thu,149,1,2,1,success,-1.8,93.075,-47.1,1.365,5099.1,no
1208,0.891886,yes,High,38,student,single,unknown,no,yes,no,cellular,mar,mon,344,1,11,1,success,-1.8,93.369,-34.8,0.639,5008.7,no
1209,0.891811,yes,High,56,admin.,married,basic.9y,no,yes,yes,cellular,sep,thu,319,1,999,0,nonexistent,-1.1,94.199,-37.5,0.879,4963.6,yes
1210,0.891767,yes,High,51,services,married,basic.6y,no,no,no,cellular,apr,thu,407,1,2,1,success,-1.8,93.075,-47.1,1.365,5099.1,yes
1211,0.891636,yes,High,30,admin.,single,university.degree,no,no,no,cellular,aug,tue,343,1,999,0,nonexistent,-1.7,94.027,-38.3,0.886,4991.6,yes
1212,0.891608,yes,High,57,technician,married,high.school,no,yes,yes,cellular,aug,wed,290,2,4,1,success,-2.9,92.201,-31.4,0.884,5076.2,yes
1213,0.891598,yes,High,61,retired,married,high.school,no,yes,no,cellular,apr,tue,930,4,999,0,nonexistent,-1.8,93.749,-34.6,0.642,5008.7,no
1214,0.891492,yes,High,49,admin.,divorced,university.degree,no,yes,no,cellular,jun,tue,88,1,4,1,success,-2.9,92.963,-40.8,1.262,5076.2,no
1215,0.891489,yes,High,31,unemployed,single,high.school,no,no,no,cellular,may,thu,339,2,999,0,nonexistent,-1.8,93.876,-40.0,0.692,5008.7,no
1216,0.891434,yes,High,65,retired,married,high.school,no,yes,no,cellular,oct,thu,201,5,3,1,success,-1.1,94.601,-49.5,1.025,4963.6,no
1217,0.891423,yes,High,37,unknown,single,university.degree,no,no,no,cellular,sep,wed,314,1,1,1,success,-3.4,92.379,-29.8,0.753,5017.5,no
1218,0.891298,yes,High,51,services,married,high.school,no,yes,no,cellular,sep,tue,208,1,3,1,success,-3.4,92.379,-29.8,0.77,5017.5,no
1219,0.891284,yes,High,56,technician,married,professional.course,no,no,no,cellular,jul,mon,230,2,999,1,failure,-1.7,94.215,-40.3,0.87,4991.6,yes
1220,0.891269,yes,High,65,housemaid,divorced,basic.4y,unknown,no,no,cellular,mar,fri,288,3,999,0,nonexistent,-1.8,93.369,-34.8,0.636,5008.7,yes
1221,0.891228,yes,High,45,blue-collar,married,high.school,no,yes,yes,cellular,nov,mon,449,2,5,3,success,-1.1,94.767,-50.8,1.05,4963.6,yes
1222,0.891112,yes,High,69,unknown,married,university.degree,no,yes,yes,cellular,sep,tue,109,2,3,1,success,-3.4,92.379,-29.8,0.77,5017.5,no
1223,0.891039,yes,High,25,admin.,single,university.degree,no,no,no,cellular,aug,thu,215,1,999,0,nonexistent,-1.7,94.027,-38.3,0.904,4991.6,yes
1224,0.891031,yes,High,88,retired,divorced,basic.4y,no,yes,yes,cellular,mar,wed,82,2,999,0,nonexistent,-1.8,92.843,-50.0,1.663,5099.1,no
1225,0.890944,yes,High,59,admin.,married,high.school,no,yes,no,cellular,aug,wed,1019,2,2,1,success,-2.9,92.201,-31.4,0.884,5076.2,yes
1226,0.890905,yes,High,41,admin.,married,university.degree,no,no,no,cellular,dec,thu,213,1,999,0,nonexistent,-3.0,92.713,-33.0,0.707,5023.5,yes
1227,0.890849,yes,High,53,technician,married,high.school,no,yes,no,cellular,mar,tue,539,2,999,0,nonexistent,-1.8,93.369,-34.8,0.655,5008.7,yes
1228,0.89083,yes,High,35,services,married,high.school,no,yes,no,cellular,apr,thu,412,1,5,1,success,-1.8,93.075,-47.1,1.365,5099.1,yes
1229,0.890814,yes,High,51,technician,married,professional.course,no,yes,no,cellular,aug,thu,1226,3,999,0,nonexistent,-1.7,94.027,-38.3,0.899,4991.6,yes
1230,0.890807,yes,High,43,technician,married,high.school,no,yes,no,cellular,aug,wed,1363,1,999,0,nonexistent,-1.7,94.027,-38.3,0.903,4991.6,yes
1231,0.890543,yes,High,80,retired,married,basic.4y,no,yes,no,cellular,aug,wed,76,1,3,2,success,-2.9,92.201,-31.4,0.834,5076.2,no
1232,0.890486,yes,High,50,unknown,married,unknown,no,no,no,cellular,oct,wed,209,1,8,3,failure,-3.4,92.431,-26.9,0.74,5017.5,yes
1233,0.890434,yes,High,37,admin.,married,high.school,no,no,no,telephone,apr,tue,426,2,999,0,nonexistent,-1.8,93.749,-34.6,0.646,5008.7,yes
1234,0.89029,yes,High,32,technician,married,professional.course,no,no,no,cellular,oct,wed,486,1,999,0,nonexistent,-1.1,94.601,-49.5,0.959,4963.6,yes
1235,0.890236,yes,High,36,blue-collar,single,basic.6y,no,no,no,cellular,nov,tue,1556,4,999,0,nonexistent,-1.1,94.767,-50.8,1.046,4963.6,yes
1236,0.890193,yes,High,52,admin.,married,unknown,no,no,no,cellular,apr,wed,387,2,999,0,nonexistent,-1.8,93.749,-34.6,0.654,5008.7,yes
1237,0.890017,yes,High,26,blue-collar,single,basic.6y,no,no,no,cellular,oct,wed,808,1,999,0,nonexistent,-1.1,94.601,-49.5,0.959,4963.6,yes
1238,0.889942,yes,High,65,retired,married,basic.4y,no,yes,no,cellular,mar,tue,189,1,999,0,nonexistent,-1.8,93.369,-34.8,0.646,5008.7,no
1239,0.889845,yes,High,38,technician,married,professional.course,no,unknown,unknown,telephone,aug,mon,473,2,9,1,success,-2.9,92.201,-31.4,0.821,5076.2,yes
1240,0.889792,yes,High,31,unknown,single,high.school,no,no,no,cellular,may,mon,140,5,6,2,success,-1.8,93.876,-40.0,0.701,5008.7,no
1241,0.889723,yes,High,50,blue-collar,divorced,professional.course,no,yes,no,cellular,nov,tue,137,2,9,3,success,-1.1,94.767,-50.8,1.049,4963.6,no
1242,0.889699,yes,High,38,admin.,married,university.degree,no,no,no,cellular,sep,thu,79,2,999,0,nonexistent,-1.1,94.199,-37.5,0.879,4963.6,no
1243,0.88966,yes,High,27,admin.,single,university.degree,no,no,no,cellular,mar,tue,238,4,999,0,nonexistent,-1.8,93.369,-34.8,0.635,5008.7,yes
1244,0.889657,yes,High,26,admin.,single,high.school,no,yes,no,cellular,nov,mon,262,1,3,1,success,-3.4,92.649,-30.1,0.715,5017.5,yes
1245,0.889618,yes,High,40,technician,single,university.degree,no,yes,no,cellular,nov,mon,95,1,7,1,success,-3.4,92.649,-30.1,0.714,5017.5,no
1246,0.889567,yes,High,31,admin.,single,university.degree,no,yes,yes,cellular,sep,tue,194,1,999,0,nonexistent,-1.1,94.199,-37.5,0.877,4963.6,yes
1247,0.889503,yes,High,48,entrepreneur,married,university.degree,no,no,no,cellular,apr,thu,294,2,2,1,success,-1.8,93.075,-47.1,1.365,5099.1,yes
1248,0.889492,yes,High,77,retired,divorced,basic.4y,no,no,no,cellular,may,tue,393,1,999,0,nonexistent,-1.8,93.876,-40.0,0.697,5008.7,yes
1249,0.889296,yes,High,47,management,married,basic.9y,no,yes,no,cellular,jun,tue,118,2,3,1,success,-2.9,92.963,-40.8,1.262,5076.2,no
1250,0.889124,yes,High,43,technician,married,high.school,no,yes,yes,cellular,sep,thu,167,1,3,2,success,-3.4,92.379,-29.8,0.809,5017.5,no
1251,0.889098,yes,High,80,retired,married,basic.4y,no,yes,no,cellular,mar,thu,156,1,999,0,nonexistent,-1.8,93.369,-34.8,0.635,5008.7,yes
1252,0.889068,yes,High,44,admin.,married,high.school,no,yes,no,cellular,apr,thu,292,4,999,0,nonexistent,-1.8,93.749,-34.6,0.644,5008.7,no
1253,0.889047,yes,High,36,blue-collar,single,basic.6y,no,yes,no,cellular,nov,tue,330,1,999,0,nonexistent,-1.1,94.767,-50.8,1.046,4963.6,yes
1254,0.889007,yes,High,28,admin.,single,university.degree,no,no,no,cellular,mar,thu,189,1,999,0,nonexistent,-1.8,93.369,-34.8,0.635,5008.7,no
1255,0.889003,yes,High,33,technician,single,university.degree,no,yes,no,cellular,sep,thu,463,1,999,0,nonexistent,-1.1,94.199,-37.5,0.879,4963.6,yes
1256,0.888993,yes,High,37,admin.,single,high.school,no,yes,no,telephone,oct,wed,313,1,999,0,nonexistent,-0.1,93.798,-40.4,4.936,5195.8,yes
1257,0.888943,yes,High,34,self-employed,married,university.degree,no,no,no,cellular,oct,wed,201,1,5,3,failure,-3.4,92.431,-26.9,0.74,5017.5,yes
1258,0.88884,yes,High,36,management,married,university.degree,no,unknown,unknown,cellular,sep,wed,331,1,6,4,failure,-1.1,94.199,-37.5,0.876,4963.6,yes
1259,0.888824,yes,High,33,admin.,married,university.degree,no,yes,no,cellular,sep,thu,234,1,999,0,nonexistent,-1.1,94.199,-37.5,0.879,4963.6,no
1260,0.888811,yes,High,34,admin.,single,university.degree,no,no,no,telephone,oct,tue,135,1,999,0,nonexistent,-0.1,93.798,-40.4,4.86,5195.8,yes
1261,0.88874,yes,High,27,student,single,basic.9y,no,yes,no,cellular,aug,wed,111,1,999,0,nonexistent,-1.7,94.027,-38.3,0.9,4991.6,no
1262,0.888731,yes,High,30,management,married,university.degree,no,no,no,cellular,oct,wed,711,1,999,0,nonexistent,-1.1,94.601,-49.5,1.043,4963.6,yes
1263,0.88867,yes,High,62,housemaid,married,professional.course,no,yes,no,cellular,dec,fri,141,2,999,0,nonexistent,-3.0,92.713,-33.0,0.714,5023.5,yes
1264,0.888514,yes,High,29,admin.,single,high.school,no,yes,no,cellular,jun,mon,415,1,3,1,success,-2.9,92.963,-40.8,1.26,5076.2,yes
1265,0.888397,yes,High,28,admin.,single,high.school,no,no,no,cellular,oct,wed,1246,2,999,0,nonexistent,-1.1,94.601,-49.5,0.959,4963.6,yes
1266,0.888385,yes,High,31,admin.,married,professional.course,no,yes,yes,cellular,may,thu,291,2,999,0,nonexistent,-1.8,93.876,-40.0,0.692,5008.7,yes
1267,0.888329,yes,High,38,technician,married,professional.course,no,no,yes,cellular,mar,fri,195,1,999,0,nonexistent,-1.8,92.843,-50.0,1.726,5099.1,yes
1268,0.88829,yes,High,37,housemaid,married,university.degree,no,yes,no,cellular,may,wed,100,1,999,0,nonexistent,-1.8,93.876,-40.0,0.672,5008.7,no
1269,0.887988,yes,High,61,retired,married,university.degree,no,no,no,telephone,aug,tue,249,2,3,1,success,-2.9,92.201,-31.4,0.859,5076.2,yes
1270,0.887914,yes,High,38,technician,married,professional.course,no,no,no,cellular,jul,thu,561,2,999,0,nonexistent,-1.7,94.215,-40.3,0.846,4991.6,no
1271,0.887893,yes,High,30,management,married,university.degree,no,yes,no,cellular,apr,thu,271,1,2,1,success,-1.8,93.075,-47.1,1.365,5099.1,yes
1272,0.887852,yes,High,50,management,married,university.degree,no,no,no,telephone,jun,mon,278,5,6,1,success,-1.7,94.055,-39.8,0.72,4991.6,yes
1273,0.887846,yes,High,24,unknown,single,university.degree,no,no,no,cellular,jun,tue,119,1,3,2,success,-2.9,92.963,-40.8,1.262,5076.2,yes
1274,0.887693,yes,High,19,student,single,high.school,no,unknown,unknown,cellular,aug,tue,1120,1,999,0,nonexistent,-1.7,94.027,-38.3,0.886,4991.6,yes
1275,0.887627,yes,High,37,management,married,high.school,no,no,no,cellular,may,fri,292,3,999,0,nonexistent,-1.8,93.876,-40.0,0.682,5008.7,yes
1276,0.887606,yes,High,38,entrepreneur,married,basic.4y,no,no,no,telephone,oct,fri,227,1,999,0,nonexistent,-0.1,93.798,-40.4,4.76,5195.8,yes
1277,0.88751,yes,High,30,admin.,married,university.degree,no,no,no,telephone,oct,wed,313,1,999,0,nonexistent,-0.1,93.798,-40.4,4.827,5195.8,yes
1278,0.887506,yes,High,28,technician,single,university.degree,no,yes,no,cellular,jul,tue,175,5,999,0,nonexistent,-1.7,94.215,-40.3,0.876,4991.6,no
1279,0.887455,yes,High,51,admin.,divorced,high.school,no,yes,no,cellular,nov,tue,283,1,3,7,success,-1.1,94.767,-50.8,1.049,4963.6,no
1280,0.887438,yes,High,34,blue-collar,single,high.school,no,yes,no,telephone,oct,wed,266,1,999,0,nonexistent,-0.1,93.798,-40.4,4.827,5195.8,yes
1281,0.887164,yes,High,28,admin.,single,university.degree,no,yes,yes,cellular,apr,thu,68,1,2,1,success,-1.8,93.075,-47.1,1.365,5099.1,no
1282,0.887118,yes,High,64,retired,married,basic.4y,no,yes,no,cellular,mar,wed,262,2,999,0,nonexistent,-1.8,93.369,-34.8,0.634,5008.7,yes
1283,0.887043,yes,High,76,retired,married,professional.course,no,no,no,cellular,aug,mon,308,1,15,1,success,-2.9,92.201,-31.4,0.861,5076.2,yes
1284,0.887006,yes,High,27,student,single,high.school,no,no,no,cellular,mar,fri,219,1,999,0,nonexistent,-1.8,93.369,-34.8,0.653,5008.7,yes
1285,0.886733,yes,High,25,student,single,high.school,no,no,no,cellular,nov,thu,244,1,999,0,nonexistent,-1.1,94.767,-50.8,1.041,4963.6,yes
1286,0.886615,yes,High,39,admin.,married,high.school,no,no,no,cellular,aug,thu,315,2,4,1,success,-2.9,92.201,-31.4,0.873,5076.2,yes
1287,0.886566,yes,High,27,admin.,single,university.degree,no,no,no,cellular,oct,tue,143,1,999,0,nonexistent,-1.1,94.601,-49.5,0.982,4963.6,no
1288,0.886495,yes,High,24,student,single,high.school,no,no,no,cellular,jun,tue,225,1,3,1,success,-2.9,92.963,-40.8,1.262,5076.2,no
1289,0.886446,yes,High,34,unemployed,single,university.degree,no,no,no,cellular,jun,tue,401,1,999,0,nonexistent,-1.7,94.055,-39.8,0.761,4991.6,yes
1290,0.886387,yes,High,48,admin.,married,professional.course,no,yes,no,cellular,apr,mon,333,1,7,1,success,-1.8,93.749,-34.6,0.642,5008.7,yes
1291,0.886386,yes,High,38,services,single,high.school,no,yes,no,telephone,sep,thu,1,1,9,3,success,-1.1,94.199,-37.5,0.879,4963.6,no
1292,0.886381,yes,High,32,admin.,single,university.degree,no,yes,no,cellular,jul,fri,1185,1,999,0,nonexistent,-1.7,94.215,-40.3,0.822,4991.6,no
1293,0.886365,yes,High,21,student,single,high.school,no,no,no,cellular,oct,tue,362,1,999,0,nonexistent,-1.1,94.601,-49.5,0.982,4963.6,yes
1294,0.886357,yes,High,28,admin.,married,university.degree,no,no,no,cellular,apr,thu,258,1,2,2,success,-1.8,93.075,-47.1,1.365,5099.1,yes
1295,0.886293,yes,High,28,student,single,basic.9y,no,no,no,telephone,aug,wed,199,2,6,2,success,-1.7,94.027,-38.3,0.9,4991.6,no
1296,0.886291,yes,High,66,retired,married,professional.course,no,no,no,cellular,mar,tue,328,1,999,0,nonexistent,-1.8,93.369,-34.8,0.655,5008.7,no
1297,0.886241,yes,High,36,admin.,single,university.degree,no,yes,no,cellular,oct,wed,113,1,2,2,success,-3.4,92.431,-26.9,0.742,5017.5,no
1298,0.886089,yes,High,37,admin.,married,university.degree,no,no,no,cellular,nov,mon,282,2,6,1,success,-1.1,94.767,-50.8,1.05,4963.6,yes
1299,0.886021,yes,High,64,retired,married,professional.course,no,no,no,cellular,aug,tue,482,1,999,0,nonexistent,-1.7,94.027,-38.3,0.899,4991.6,yes
1300,0.885858,yes,High,71,retired,married,professional.course,no,yes,no,cellular,apr,thu,236,2,999,0,nonexistent,-1.8,93.749,-34.6,0.64,5008.7,no
1301,0.885765,yes,High,24,unemployed,single,high.school,no,yes,no,cellular,may,mon,699,1,13,2,failure,-1.8,93.876,-40.0,0.697,5008.7,yes
1302,0.88576,yes,High,22,student,single,high.school,no,no,yes,cellular,jun,mon,563,1,12,2,failure,-1.7,94.055,-39.8,0.72,4991.6,yes
1303,0.88566,yes,High,41,admin.,married,university.degree,no,yes,no,cellular,dec,thu,422,2,999,0,nonexistent,-3.0,92.713,-33.0,0.707,5023.5,yes
1304,0.885594,yes,High,30,student,single,professional.course,no,yes,no,cellular,sep,mon,1616,4,19,1,success,-1.1,94.199,-37.5,0.879,4963.6,no
1305,0.885593,yes,High,35,technician,divorced,basic.4y,no,no,no,cellular,nov,tue,363,1,999,0,nonexistent,-1.1,94.767,-50.8,1.035,4963.6,yes
1306,0.885545,yes,High,22,student,single,high.school,no,no,no,cellular,aug,thu,53,2,3,1,success,-2.9,92.201,-31.4,0.873,5076.2,no
1307,0.885535,yes,High,33,admin.,married,university.degree,no,no,no,telephone,oct,wed,167,1,999,0,nonexistent,-0.1,93.798,-40.4,4.827,5195.8,no
1308,0.885532,yes,High,31,technician,married,university.degree,no,no,no,cellular,mar,wed,625,4,999,0,nonexistent,-1.8,93.369,-34.8,0.651,5008.7,no
1309,0.885493,yes,High,41,admin.,married,university.degree,no,yes,no,cellular,dec,thu,500,1,999,0,nonexistent,-3.0,92.713,-33.0,0.707,5023.5,yes
1310,0.885451,yes,High,50,technician,married,professional.course,no,unknown,unknown,cellular,oct,fri,447,1,8,2,failure,-3.4,92.431,-26.9,0.739,5017.5,yes
1311,0.885403,yes,High,49,entrepreneur,single,university.degree,no,yes,no,cellular,aug,wed,78,6,5,1,success,-2.9,92.201,-31.4,0.834,5076.2,no
1312,0.885333,yes,High,72,retired,divorced,basic.6y,no,yes,no,cellular,nov,wed,199,1,999,0,nonexistent,-3.4,92.649,-30.1,0.715,5017.5,yes
1313,0.885293,yes,High,26,admin.,married,high.school,no,no,no,cellular,jun,wed,301,5,999,0,nonexistent,-1.7,94.055,-39.8,0.767,4991.6,yes
1314,0.885231,yes,High,37,admin.,married,university.degree,no,yes,no,cellular,nov,fri,315,1,999,0,nonexistent,-1.1,94.767,-50.8,1.04,4963.6,yes
1315,0.885108,yes,High,54,technician,married,university.degree,no,yes,no,cellular,aug,fri,325,1,4,1,success,-2.9,92.201,-31.4,0.881,5076.2,no
1316,0.885098,yes,High,17,student,single,basic.9y,no,yes,no,cellular,aug,fri,92,3,4,2,success,-2.9,92.201,-31.4,0.869,5076.2,no
1317,0.885029,yes,High,34,blue-collar,divorced,high.school,no,yes,no,telephone,oct,thu,160,1,999,0,nonexistent,-0.1,93.798,-40.4,4.794,5195.8,yes
1318,0.885024,yes,High,31,student,single,high.school,no,yes,no,cellular,oct,fri,716,3,999,0,nonexistent,-1.1,94.601,-49.5,1.029,4963.6,yes
1319,0.884823,yes,High,41,admin.,married,university.degree,no,yes,no,cellular,jul,fri,269,7,6,3,success,-1.7,94.215,-40.3,0.896,4991.6,no
1320,0.884796,yes,High,53,technician,married,university.degree,no,no,no,cellular,sep,thu,156,2,999,0,nonexistent,-1.1,94.199,-37.5,0.878,4963.6,yes
1321,0.884791,yes,High,31,admin.,married,university.degree,no,yes,no,cellular,sep,thu,193,1,999,0,nonexistent,-1.1,94.199,-37.5,0.879,4963.6,yes
1322,0.884641,yes,High,30,technician,single,university.degree,no,no,no,cellular,sep,thu,327,2,999,0,nonexistent,-1.1,94.199,-37.5,0.879,4963.6,yes
1323,0.884528,yes,High,26,admin.,married,high.school,no,no,no,cellular,jun,wed,428,1,999,0,nonexistent,-1.7,94.055,-39.8,0.767,4991.6,no
1324,0.884429,yes,High,37,management,married,high.school,no,yes,no,cellular,aug,thu,633,1,999,0,nonexistent,-1.7,94.027,-38.3,0.904,4991.6,yes
1325,0.884339,yes,High,31,admin.,single,university.degree,no,no,no,cellular,aug,tue,172,3,999,0,nonexistent,-1.7,94.027,-38.3,0.899,4991.6,no
1326,0.884294,yes,High,34,technician,married,unknown,no,no,no,cellular,nov,tue,985,3,999,0,nonexistent,-1.1,94.767,-50.8,1.046,4963.6,yes
1327,0.884274,yes,High,37,admin.,single,university.degree,no,yes,yes,cellular,jun,tue,209,3,999,0,nonexistent,-1.7,94.055,-39.8,0.702,4991.6,no
1328,0.884253,yes,High,57,admin.,married,high.school,no,yes,no,cellular,nov,mon,169,1,3,3,success,-3.4,92.649,-30.1,0.715,5017.5,yes
1329,0.884012,yes,High,29,technician,single,professional.course,no,no,no,cellular,apr,thu,96,2,2,1,success,-1.8,93.075,-47.1,1.365,5099.1,no
1330,0.883975,yes,High,27,unknown,single,university.degree,no,no,no,cellular,mar,tue,133,1,999,0,nonexistent,-1.8,93.369,-34.8,0.655,5008.7,no
1331,0.883941,yes,High,48,admin.,married,university.degree,no,yes,no,cellular,dec,mon,347,4,6,2,success,-3.0,92.713,-33.0,0.717,5023.5,no
1332,0.883882,yes,High,74,retired,divorced,basic.4y,no,yes,no,cellular,apr,mon,142,2,999,0,nonexistent,-1.8,93.749,-34.6,0.643,5008.7,yes
1333,0.883878,yes,High,30,technician,married,professional.course,no,yes,no,cellular,mar,tue,368,1,999,0,nonexistent,-1.8,93.369,-34.8,0.655,5008.7,yes
1334,0.883861,yes,High,33,admin.,married,high.school,no,yes,no,cellular,sep,thu,202,1,999,0,nonexistent,-1.1,94.199,-37.5,0.879,4963.6,yes
1335,0.883834,yes,High,31,technician,married,university.degree,no,no,no,cellular,sep,thu,261,1,999,0,nonexistent,-1.1,94.199,-37.5,0.878,4963.6,no
1336,0.883807,yes,High,77,retired,married,basic.4y,no,no,no,cellular,aug,thu,318,1,9,4,failure,-1.7,94.027,-38.3,0.904,4991.6,yes
1337,0.883709,yes,High,29,admin.,single,high.school,no,yes,yes,cellular,mar,mon,257,1,999,0,nonexistent,-1.8,93.369,-34.8,0.646,5008.7,yes
1338,0.883708,yes,High,71,retired,married,basic.9y,no,yes,yes,cellular,jul,fri,230,6,999,0,nonexistent,-1.7,94.215,-40.3,0.896,4991.6,yes
1339,0.883598,yes,High,26,student,single,basic.9y,no,yes,no,cellular,aug,wed,182,1,4,1,success,-2.9,92.201,-31.4,0.879,5076.2,yes
1340,0.883575,yes,High,56,unemployed,divorced,basic.4y,no,yes,no,cellular,jul,mon,187,6,999,0,nonexistent,-1.7,94.215,-40.3,0.87,4991.6,yes
1341,0.883568,yes,High,26,technician,single,university.degree,no,no,no,cellular,sep,fri,374,1,999,0,nonexistent,-1.1,94.199,-37.5,0.879,4963.6,yes
1342,0.883558,yes,High,64,housemaid,married,basic.4y,no,no,no,cellular,dec,thu,232,1,999,0,nonexistent,-3.0,92.713,-33.0,0.714,5023.5,yes
1343,0.883516,yes,High,21,admin.,single,university.degree,no,yes,no,cellular,aug,mon,89,2,4,1,success,-2.9,92.201,-31.4,0.884,5076.2,no
1344,0.88335,yes,High,59,retired,divorced,basic.4y,no,no,no,cellular,jul,mon,410,2,999,0,nonexistent,-1.7,94.215,-40.3,0.827,4991.6,no
1345,0.883134,yes,High,52,blue-collar,single,basic.9y,no,yes,no,cellular,nov,thu,191,3,9,1,success,-3.4,92.649,-30.1,0.714,5017.5,no
1346,0.883131,yes,High,36,admin.,married,university.degree,no,yes,no,cellular,apr,thu,483,1,0,1,success,-1.8,93.075,-47.1,1.365,5099.1,yes
1347,0.883033,yes,High,62,technician,married,unknown,no,yes,no,cellular,jul,mon,248,1,999,2,failure,-1.7,94.215,-40.3,0.827,4991.6,yes
1348,0.882997,yes,High,35,admin.,married,high.school,no,yes,no,cellular,mar,tue,350,3,999,0,nonexistent,-1.8,92.843,-50.0,1.799,5099.1,yes
1349,0.882955,yes,High,33,entrepreneur,married,university.degree,no,yes,no,telephone,oct,tue,454,1,999,0,nonexistent,-0.1,93.798,-40.4,4.86,5195.8,yes
1350,0.882847,yes,High,31,admin.,married,high.school,no,no,no,cellular,jun,wed,161,1,2,1,success,-2.9,92.963,-40.8,1.26,5076.2,no
1351,0.882816,yes,High,88,retired,divorced,basic.4y,no,yes,yes,cellular,mar,wed,796,5,999,0,nonexistent,-1.8,92.843,-50.0,1.663,5099.1,yes
1352,0.882667,yes,High,26,technician,single,professional.course,no,no,no,cellular,jul,thu,588,3,999,2,failure,-1.7,94.215,-40.3,0.899,4991.6,yes
1353,0.882665,yes,High,36,admin.,married,university.degree,no,no,no,cellular,aug,wed,212,7,6,1,success,-1.7,94.027,-38.3,0.894,4991.6,no
1354,0.882619,yes,High,54,retired,single,basic.4y,no,yes,no,cellular,jul,thu,392,4,999,0,nonexistent,-1.7,94.215,-40.3,0.846,4991.6,no
1355,0.882568,yes,High,64,admin.,married,high.school,no,yes,no,cellular,oct,fri,427,1,999,1,failure,-3.4,92.431,-26.9,0.73,5017.5,yes
1356,0.882568,yes,High,64,admin.,married,high.school,no,yes,no,cellular,oct,fri,130,1,999,1,failure,-3.4,92.431,-26.9,0.73,5017.5,yes
1357,0.882516,yes,High,49,admin.,married,high.school,unknown,no,no,cellular,apr,mon,119,1,6,1,success,-1.8,93.749,-34.6,0.642,5008.7,no
1358,0.882489,yes,High,30,self-employed,married,university.degree,no,yes,no,cellular,jun,mon,661,1,999,0,nonexistent,-1.7,94.055,-39.8,0.72,4991.6,yes
1359,0.882359,yes,High,30,self-employed,married,university.degree,no,no,no,cellular,jun,mon,212,4,999,0,nonexistent,-1.7,94.055,-39.8,0.72,4991.6,yes
1360,0.882359,yes,High,26,student,single,high.school,no,no,no,cellular,mar,wed,236,2,999,0,nonexistent,-1.8,92.843,-50.0,1.602,5099.1,no
1361,0.882273,yes,High,26,technician,single,professional.course,no,no,yes,cellular,nov,wed,358,1,9,2,failure,-3.4,92.649,-30.1,0.719,5017.5,yes
1362,0.882265,yes,High,26,admin.,single,university.degree,no,no,no,cellular,nov,fri,528,3,999,0,nonexistent,-1.1,94.767,-50.8,1.04,4963.6,yes
1363,0.882256,yes,High,31,self-employed,single,university.degree,no,no,no,cellular,dec,wed,854,1,999,0,nonexistent,-3.0,92.713,-33.0,0.715,5023.5,yes
1364,0.882242,yes,High,52,admin.,married,university.degree,no,yes,no,cellular,aug,wed,261,1,999,0,nonexistent,-1.7,94.027,-38.3,0.9,4991.6,no
1365,0.882173,yes,High,28,student,single,basic.9y,no,yes,no,cellular,mar,tue,156,1,999,0,nonexistent,-1.8,92.843,-50.0,1.799,5099.1,yes
1366,0.882173,yes,High,28,student,single,basic.9y,no,yes,no,cellular,mar,tue,320,1,999,0,nonexistent,-1.8,92.843,-50.0,1.799,5099.1,yes
1367,0.882155,yes,High,45,unemployed,married,high.school,no,no,no,cellular,sep,wed,1081,2,999,0,nonexistent,-1.1,94.199,-37.5,0.88,4963.6,yes
1368,0.882102,yes,High,33,admin.,married,university.degree,no,yes,no,cellular,sep,thu,272,2,999,0,nonexistent,-1.1,94.199,-37.5,0.878,4963.6,yes
1369,0.882047,yes,High,77,retired,married,unknown,no,yes,no,cellular,nov,fri,381,1,999,0,nonexistent,-3.4,92.649,-30.1,0.714,5017.5,yes
1370,0.88201,yes,High,51,admin.,married,university.degree,no,no,no,cellular,jun,mon,297,4,999,0,nonexistent,-1.7,94.055,-39.8,0.754,4991.6,yes
1371,0.882007,yes,High,63,retired,divorced,basic.4y,no,no,no,cellular,mar,wed,78,1,999,0,nonexistent,-1.8,92.843,-50.0,1.548,5099.1,no
1372,0.881903,yes,High,58,retired,married,professional.course,no,no,yes,cellular,jul,thu,82,1,3,1,success,-2.9,92.469,-33.6,1.072,5076.2,no
1373,0.881885,yes,High,32,student,single,unknown,no,yes,no,cellular,may,wed,188,2,999,0,nonexistent,-1.8,93.876,-40.0,0.672,5008.7,yes
1374,0.881873,yes,High,27,services,single,university.degree,no,no,no,cellular,mar,fri,212,1,999,0,nonexistent,-1.8,93.369,-34.8,0.649,5008.7,yes
1375,0.881865,yes,High,39,blue-collar,married,basic.6y,no,no,no,cellular,aug,thu,320,2,3,1,success,-2.9,92.201,-31.4,0.873,5076.2,yes
1376,0.881825,yes,High,26,self-employed,single,university.degree,no,yes,no,cellular,sep,thu,333,1,999,0,nonexistent,-1.1,94.199,-37.5,0.878,4963.6,no
1377,0.881825,yes,High,52,management,married,university.degree,no,unknown,unknown,cellular,aug,thu,157,2,999,0,nonexistent,-1.7,94.027,-38.3,0.899,4991.6,no
1378,0.881818,yes,High,32,technician,married,university.degree,no,yes,no,cellular,aug,thu,148,2,4,1,success,-2.9,92.201,-31.4,0.883,5076.2,no
1379,0.881613,yes,High,56,admin.,married,basic.9y,no,yes,no,cellular,aug,wed,73,1,4,1,success,-2.9,92.201,-31.4,0.879,5076.2,yes
1380,0.881566,yes,High,25,blue-collar,single,basic.9y,no,no,yes,cellular,jul,fri,667,1,999,0,nonexistent,-1.7,94.215,-40.3,0.79,4991.6,yes
1381,0.88149,yes,High,48,entrepreneur,married,university.degree,no,yes,no,cellular,apr,thu,62,1,2,1,success,-1.8,93.075,-47.1,1.365,5099.1,no
1382,0.881476,yes,High,48,technician,single,professional.course,no,yes,no,cellular,apr,tue,159,3,999,0,nonexistent,-1.8,93.749,-34.6,0.646,5008.7,yes
1383,0.881449,yes,High,29,admin.,married,high.school,no,unknown,unknown,cellular,jun,tue,238,6,3,3,success,-1.7,94.055,-39.8,0.723,4991.6,no
1384,0.881442,yes,High,48,entrepreneur,married,university.degree,no,no,yes,cellular,aug,fri,295,2,4,2,success,-2.9,92.201,-31.4,0.881,5076.2,yes
1385,0.881415,yes,High,37,management,married,university.degree,no,yes,yes,telephone,aug,tue,365,2,6,1,success,-1.7,94.027,-38.3,0.904,4991.6,no
1386,0.881324,yes,High,28,admin.,single,university.degree,no,no,no,cellular,oct,thu,116,1,17,1,success,-1.1,94.601,-49.5,0.965,4963.6,no
1387,0.881322,yes,High,53,management,divorced,university.degree,no,yes,no,cellular,apr,thu,222,2,999,0,nonexistent,-1.8,93.749,-34.6,0.64,5008.7,yes
1388,0.881304,yes,High,22,technician,single,professional.course,no,yes,no,cellular,aug,tue,122,1,999,0,nonexistent,-1.7,94.027,-38.3,0.904,4991.6,no
1389,0.881297,yes,High,22,self-employed,single,professional.course,no,yes,no,cellular,oct,wed,218,1,999,0,nonexistent,-1.1,94.601,-49.5,0.959,4963.6,yes
1390,0.881215,yes,High,18,student,single,unknown,no,yes,no,cellular,aug,wed,561,1,17,2,failure,-1.7,94.027,-38.3,0.9,4991.6,yes
1391,0.881147,yes,High,31,admin.,married,university.degree,no,no,no,cellular,jul,fri,106,1,999,0,nonexistent,-1.7,94.215,-40.3,0.861,4991.6,no
1392,0.881123,yes,High,29,services,single,high.school,no,no,no,telephone,apr,tue,370,1,999,0,nonexistent,-1.8,93.749,-34.6,0.646,5008.7,yes
1393,0.881044,yes,High,84,retired,married,high.school,no,no,no,cellular,dec,tue,351,1,999,0,nonexistent,-3.0,92.713,-33.0,0.715,5023.5,yes
1394,0.881044,yes,High,33,technician,married,professional.course,no,yes,no,cellular,sep,wed,269,1,999,0,nonexistent,-1.1,94.199,-37.5,0.886,4963.6,yes
1395,0.881016,yes,High,29,technician,single,university.degree,no,no,no,telephone,nov,mon,360,1,3,2,success,-1.1,94.767,-50.8,1.05,4963.6,yes
1396,0.881007,yes,High,36,admin.,single,unknown,no,yes,no,cellular,mar,thu,231,1,999,0,nonexistent,-1.8,93.369,-34.8,0.635,5008.7,no
1397,0.880917,yes,High,35,technician,married,professional.course,no,yes,no,cellular,sep,thu,390,2,999,0,nonexistent,-1.1,94.199,-37.5,0.878,4963.6,no
1398,0.880914,yes,High,43,services,married,high.school,no,no,yes,cellular,aug,tue,79,2,3,2,success,-2.9,92.201,-31.4,0.838,5076.2,no
1399,0.880831,yes,High,26,admin.,married,high.school,no,no,no,cellular,jun,wed,598,4,12,3,failure,-1.7,94.055,-39.8,0.767,4991.6,yes
1400,0.88082,yes,High,33,blue-collar,single,high.school,no,no,no,cellular,mar,wed,278,2,999,0,nonexistent,-1.8,92.843,-50.0,1.602,5099.1,yes
1401,0.880704,yes,High,45,technician,divorced,high.school,no,yes,no,telephone,oct,tue,141,1,999,0,nonexistent,-0.1,93.798,-40.4,4.86,5195.8,yes
1402,0.880615,yes,High,29,admin.,single,high.school,no,no,no,cellular,jun,wed,108,5,999,0,nonexistent,-1.7,94.055,-39.8,0.767,4991.6,no
1403,0.880559,yes,High,33,admin.,single,university.degree,no,yes,no,cellular,sep,thu,761,1,999,0,nonexistent,-1.1,94.199,-37.5,0.879,4963.6,no
1404,0.880466,yes,High,26,admin.,single,university.degree,no,yes,no,cellular,sep,tue,201,1,999,0,nonexistent,-1.1,94.199,-37.5,0.881,4963.6,yes
1405,0.880438,yes,High,28,student,single,basic.9y,no,yes,no,cellular,mar,tue,96,2,999,0,nonexistent,-1.8,92.843,-50.0,1.799,5099.1,yes
1406,0.880402,yes,High,43,admin.,married,high.school,no,no,yes,cellular,dec,mon,415,2,8,2,failure,-3.0,92.713,-33.0,0.717,5023.5,yes
1407,0.880268,yes,High,31,self-employed,single,university.degree,no,no,no,cellular,apr,thu,210,1,999,0,nonexistent,-1.8,93.749,-34.6,0.659,5008.7,yes
1408,0.880235,yes,High,29,technician,single,professional.course,no,no,no,cellular,mar,tue,299,2,999,0,nonexistent,-1.8,92.843,-50.0,1.614,5099.1,yes
1409,0.880218,yes,High,78,retired,married,basic.4y,no,yes,no,cellular,jul,mon,173,2,999,1,failure,-1.7,94.215,-40.3,0.87,4991.6,yes
1410,0.880214,yes,High,77,retired,married,basic.4y,no,yes,no,cellular,sep,thu,190,1,999,0,nonexistent,-1.1,94.199,-37.5,0.879,4963.6,yes
1411,0.880009,yes,High,25,student,single,high.school,no,no,no,cellular,oct,fri,294,1,999,1,failure,-3.4,92.431,-26.9,0.72,5017.5,yes
1412,0.879973,yes,High,24,blue-collar,single,basic.9y,no,unknown,unknown,cellular,jun,mon,128,1,3,1,success,-2.9,92.963,-40.8,1.266,5076.2,no
1413,0.879965,yes,High,29,blue-collar,single,professional.course,no,yes,yes,cellular,mar,tue,176,1,999,0,nonexistent,-1.8,93.369,-34.8,0.652,5008.7,yes
1414,0.879797,yes,High,27,student,single,high.school,no,yes,no,cellular,mar,thu,80,4,999,0,nonexistent,-1.8,92.843,-50.0,1.65,5099.1,yes
1415,0.879597,yes,High,34,unemployed,single,university.degree,no,yes,no,cellular,jun,tue,167,2,999,0,nonexistent,-1.7,94.055,-39.8,0.761,4991.6,yes
1416,0.879588,yes,High,37,admin.,single,high.school,no,no,no,cellular,oct,thu,322,1,999,0,nonexistent,-1.1,94.601,-49.5,0.987,4963.6,no
1417,0.879588,yes,High,37,admin.,single,high.school,no,no,no,cellular,oct,thu,509,1,999,0,nonexistent,-1.1,94.601,-49.5,0.987,4963.6,yes
1418,0.879522,yes,High,30,technician,single,university.degree,no,yes,no,cellular,sep,fri,173,2,15,4,failure,-1.1,94.199,-37.5,0.879,4963.6,yes
1419,0.879462,yes,High,29,admin.,single,university.degree,no,yes,no,cellular,mar,mon,215,1,999,0,nonexistent,-1.8,93.369,-34.8,0.639,5008.7,yes
1420,0.879428,yes,High,75,retired,married,unknown,no,yes,no,cellular,apr,thu,237,2,999,0,nonexistent,-1.8,93.749,-34.6,0.64,5008.7,no
1421,0.879416,yes,High,44,admin.,divorced,high.school,no,yes,no,telephone,nov,mon,1628,2,6,1,success,-3.4,92.649,-30.1,0.719,5017.5,yes
1422,0.879357,yes,High,37,admin.,married,university.degree,no,yes,no,cellular,nov,fri,281,1,999,0,nonexistent,-1.1,94.767,-50.8,1.028,4963.6,yes
1423,0.879344,yes,High,78,retired,married,basic.4y,no,yes,no,telephone,mar,fri,139,1,999,0,nonexistent,-1.8,93.369,-34.8,0.636,5008.7,no
1424,0.879144,yes,High,65,technician,married,professional.course,no,no,no,cellular,sep,thu,263,1,999,0,nonexistent,-1.1,94.199,-37.5,0.879,4963.6,no
1425,0.879072,yes,High,66,retired,single,basic.4y,no,yes,no,cellular,nov,tue,525,3,999,0,nonexistent,-3.4,92.649,-30.1,0.715,5017.5,yes
1426,0.879063,yes,High,72,retired,divorced,basic.6y,no,yes,no,cellular,nov,wed,244,2,999,0,nonexistent,-3.4,92.649,-30.1,0.715,5017.5,yes
1427,0.878994,yes,High,38,technician,single,professional.course,no,no,no,cellular,sep,thu,430,4,999,0,nonexistent,-1.1,94.199,-37.5,0.879,4963.6,yes
1428,0.878935,yes,High,40,technician,single,university.degree,no,no,no,cellular,nov,mon,130,1,7,2,failure,-3.4,92.649,-30.1,0.714,5017.5,yes
1429,0.87889,yes,High,25,services,single,unknown,no,yes,no,cellular,jun,tue,318,1,999,0,nonexistent,-1.7,94.055,-39.8,0.702,4991.6,yes
1430,0.878829,yes,High,27,student,single,university.degree,no,yes,no,telephone,aug,wed,153,1,0,5,success,-1.7,94.027,-38.3,0.9,4991.6,no
1431,0.878725,yes,High,23,student,single,basic.9y,no,yes,no,cellular,sep,thu,954,1,999,0,nonexistent,-1.1,94.199,-37.5,0.879,4963.6,yes
1432,0.878628,yes,High,26,admin.,single,high.school,no,yes,no,cellular,mar,fri,454,1,999,0,nonexistent,-1.8,93.369,-34.8,0.636,5008.7,no
1433,0.878502,yes,High,33,technician,single,professional.course,no,yes,no,cellular,sep,fri,395,1,999,0,nonexistent,-1.1,94.199,-37.5,0.879,4963.6,yes
1434,0.87849,yes,High,34,technician,single,university.degree,no,yes,no,cellular,jul,mon,251,3,999,0,nonexistent,-1.7,94.215,-40.3,0.793,4991.6,yes
1435,0.878431,yes,High,61,retired,married,basic.9y,no,no,no,cellular,apr,thu,165,2,999,0,nonexistent,-1.8,93.749,-34.6,0.659,5008.7,no
1436,0.878415,yes,High,41,admin.,married,university.degree,no,yes,no,cellular,apr,fri,961,6,999,0,nonexistent,-1.8,93.749,-34.6,0.644,5008.7,yes
1437,0.87841,yes,High,30,admin.,single,university.degree,no,yes,no,cellular,aug,tue,193,1,999,0,nonexistent,-1.7,94.027,-38.3,0.886,4991.6,no
1438,0.878406,yes,High,21,student,single,high.school,no,yes,yes,cellular,jun,wed,286,2,999,0,nonexistent,-1.7,94.055,-39.8,0.767,4991.6,yes
1439,0.878381,yes,High,32,entrepreneur,married,university.degree,no,no,yes,cellular,jul,fri,116,1,999,0,nonexistent,-1.7,94.215,-40.3,0.822,4991.6,no
1440,0.878315,yes,High,28,blue-collar,single,university.degree,no,unknown,unknown,cellular,sep,thu,744,1,999,0,nonexistent,-1.1,94.199,-37.5,0.878,4963.6,yes
1441,0.878303,yes,High,66,technician,married,professional.course,no,yes,no,cellular,mar,tue,83,1,999,0,nonexistent,-1.8,92.843,-50.0,1.799,5099.1,yes
1442,0.878294,yes,High,25,student,single,unknown,no,no,no,cellular,sep,fri,732,1,999,0,nonexistent,-1.1,94.199,-37.5,0.879,4963.6,yes
1443,0.878162,yes,High,32,unemployed,single,professional.course,no,yes,yes,cellular,jun,wed,310,1,999,0,nonexistent,-1.7,94.055,-39.8,0.704,4991.6,yes
1444,0.87816,yes,High,33,admin.,single,university.degree,no,yes,no,cellular,jul,mon,182,1,999,0,nonexistent,-1.7,94.215,-40.3,0.793,4991.6,no
1445,0.878039,yes,High,34,admin.,married,university.degree,no,no,no,cellular,nov,wed,134,1,3,3,success,-1.1,94.767,-50.8,1.048,4963.6,no
1446,0.877994,yes,High,37,technician,married,university.degree,no,yes,no,cellular,aug,mon,187,1,4,1,success,-2.9,92.201,-31.4,0.884,5076.2,yes
1447,0.877988,yes,High,39,blue-collar,married,basic.9y,no,no,no,telephone,oct,fri,270,1,999,0,nonexistent,-0.1,93.798,-40.4,5.045,5195.8,yes
1448,0.877962,yes,High,28,self-employed,single,university.degree,no,yes,no,cellular,nov,thu,97,2,6,3,success,-1.1,94.767,-50.8,1.041,4963.6,no
1449,0.87783,yes,High,33,admin.,single,university.degree,no,yes,no,cellular,jul,mon,175,4,999,0,nonexistent,-1.7,94.215,-40.3,0.793,4991.6,no
1450,0.877593,yes,High,19,student,single,unknown,no,no,no,cellular,nov,mon,132,2,3,2,success,-3.4,92.649,-30.1,0.714,5017.5,no
1451,0.877561,yes,High,35,admin.,single,professional.course,no,yes,no,cellular,nov,fri,397,3,999,0,nonexistent,-1.1,94.767,-50.8,1.04,4963.6,yes
1452,0.877467,yes,High,33,admin.,married,high.school,no,no,yes,cellular,aug,tue,113,1,6,2,success,-2.9,92.201,-31.4,0.859,5076.2,no
1453,0.877463,yes,High,43,management,married,university.degree,no,no,no,cellular,jun,thu,185,1,999,0,nonexistent,-1.7,94.055,-39.8,0.742,4991.6,no
1454,0.877462,yes,High,33,admin.,married,high.school,no,yes,no,cellular,aug,mon,252,1,6,1,success,-2.9,92.201,-31.4,0.884,5076.2,yes
1455,0.877433,yes,High,41,admin.,single,high.school,no,yes,no,cellular,aug,mon,606,1,6,1,success,-2.9,92.201,-31.4,0.861,5076.2,yes
1456,0.877424,yes,High,32,technician,married,high.school,no,no,no,cellular,sep,thu,245,1,999,0,nonexistent,-1.1,94.199,-37.5,0.878,4963.6,no
1457,0.877407,yes,High,28,admin.,single,university.degree,no,no,yes,cellular,mar,wed,96,2,999,0,nonexistent,-1.8,92.843,-50.0,1.548,5099.1,yes
1458,0.877354,yes,High,85,housemaid,married,basic.4y,unknown,no,no,cellular,apr,tue,166,1,999,0,nonexistent,-1.8,93.749,-34.6,0.642,5008.7,no
1459,0.877229,yes,High,27,admin.,single,university.degree,no,yes,no,cellular,apr,tue,605,1,999,0,nonexistent,-1.8,93.749,-34.6,0.646,5008.7,no
1460,0.87715,yes,High,32,admin.,married,high.school,no,yes,no,cellular,jun,wed,342,1,10,1,success,-2.9,92.963,-40.8,1.26,5076.2,no
1461,0.877146,yes,High,71,retired,married,professional.course,no,no,no,cellular,oct,tue,323,1,999,0,nonexistent,-1.1,94.601,-49.5,0.982,4963.6,yes
1462,0.877131,yes,High,30,student,single,professional.course,no,unknown,unknown,cellular,sep,mon,132,4,6,3,success,-1.1,94.199,-37.5,0.879,4963.6,no
1463,0.87709,yes,High,50,management,married,university.degree,no,no,no,cellular,aug,tue,89,3,4,1,success,-2.9,92.201,-31.4,0.883,5076.2,no
1464,0.876972,yes,High,32,blue-collar,married,basic.4y,no,no,no,cellular,sep,wed,830,2,999,0,nonexistent,-1.1,94.199,-37.5,0.88,4963.6,yes
1465,0.876912,yes,High,41,technician,married,professional.course,no,no,no,cellular,mar,fri,229,2,999,0,nonexistent,-1.8,92.843,-50.0,1.531,5099.1,yes
1466,0.876873,yes,High,34,admin.,married,university.degree,no,no,yes,cellular,sep,mon,250,3,999,0,nonexistent,-1.1,94.199,-37.5,0.882,4963.6,yes
1467,0.876867,yes,High,36,admin.,single,university.degree,no,no,no,cellular,mar,mon,409,1,999,0,nonexistent,-1.8,93.369,-34.8,0.652,5008.7,yes
1468,0.876715,yes,High,32,admin.,married,high.school,no,yes,yes,cellular,dec,wed,479,2,999,0,nonexistent,-3.0,92.713,-33.0,0.715,5023.5,yes
1469,0.876644,yes,High,25,student,single,high.school,no,no,no,cellular,jun,mon,485,2,999,0,nonexistent,-1.7,94.055,-39.8,0.72,4991.6,yes
1470,0.876626,yes,High,30,technician,married,professional.course,no,no,no,telephone,aug,wed,5,1,0,4,success,-1.7,94.027,-38.3,0.89,4991.6,no
1471,0.876597,yes,High,27,admin.,married,university.degree,no,yes,no,cellular,sep,tue,173,2,6,2,failure,-3.4,92.379,-29.8,0.77,5017.5,yes
1472,0.876592,yes,High,29,admin.,married,high.school,no,yes,no,cellular,jun,wed,605,3,999,0,nonexistent,-1.7,94.055,-39.8,0.727,4991.6,yes
1473,0.876525,yes,High,24,unknown,single,university.degree,no,yes,no,cellular,jun,tue,74,1,3,2,success,-2.9,92.963,-40.8,1.262,5076.2,no
1474,0.876512,yes,High,44,management,married,unknown,no,no,no,telephone,apr,tue,473,2,999,1,failure,-1.8,93.749,-34.6,0.646,5008.7,yes
1475,0.876479,yes,High,37,self-employed,married,university.degree,no,no,no,cellular,jun,mon,181,2,999,0,nonexistent,-1.7,94.055,-39.8,0.754,4991.6,no
1476,0.876389,yes,High,29,admin.,single,unknown,no,yes,no,cellular,mar,mon,132,1,999,0,nonexistent,-1.8,93.369,-34.8,0.652,5008.7,yes
1477,0.876373,yes,High,70,technician,married,unknown,no,no,no,cellular,aug,thu,411,1,999,0,nonexistent,-1.7,94.027,-38.3,0.899,4991.6,yes
1478,0.876329,yes,High,27,technician,single,university.degree,no,no,no,cellular,oct,wed,223,2,999,0,nonexistent,-1.1,94.601,-49.5,1.043,4963.6,no
1479,0.876314,yes,High,31,technician,single,university.degree,no,no,no,cellular,jul,thu,200,4,999,1,failure,-1.7,94.215,-40.3,0.899,4991.6,yes
1480,0.876312,yes,High,34,technician,married,university.degree,no,yes,no,cellular,apr,thu,193,2,8,1,success,-1.8,93.075,-47.1,1.365,5099.1,no
1481,0.876278,yes,High,49,admin.,divorced,high.school,no,no,no,cellular,apr,wed,381,2,999,0,nonexistent,-1.8,93.749,-34.6,0.642,5008.7,no
1482,0.876242,yes,High,53,management,divorced,university.degree,no,yes,no,cellular,apr,thu,297,1,2,1,success,-1.8,93.075,-47.1,1.365,5099.1,yes
1483,0.876193,yes,High,34,technician,single,professional.course,no,yes,yes,cellular,mar,fri,544,3,999,0,nonexistent,-1.8,92.843,-50.0,1.726,5099.1,yes
1484,0.876153,yes,High,34,housemaid,married,university.degree,no,no,yes,cellular,aug,thu,1152,2,6,1,success,-2.9,92.201,-31.4,0.873,5076.2,no
1485,0.876109,yes,High,60,retired,married,high.school,no,no,no,cellular,sep,wed,1640,1,999,0,nonexistent,-1.1,94.199,-37.5,0.876,4963.6,yes
1486,0.87609,yes,High,30,blue-collar,married,high.school,no,no,no,cellular,mar,tue,658,1,999,0,nonexistent,-1.8,93.369,-34.8,0.655,5008.7,yes
1487,0.875956,yes,High,27,blue-collar,unknown,high.school,no,no,no,cellular,aug,fri,192,1,4,1,success,-2.9,92.201,-31.4,0.881,5076.2,yes
1488,0.875903,yes,High,58,technician,married,professional.course,no,yes,no,cellular,sep,thu,156,1,999,0,nonexistent,-1.1,94.199,-37.5,0.879,4963.6,no
1489,0.875795,yes,High,26,technician,divorced,university.degree,no,yes,no,cellular,jun,tue,101,1,3,1,success,-2.9,92.963,-40.8,1.262,5076.2,no
1490,0.875759,yes,High,41,technician,married,unknown,no,yes,yes,cellular,may,mon,963,1,3,2,success,-1.8,92.893,-46.2,1.354,5099.1,yes
1491,0.875724,yes,High,30,technician,married,professional.course,no,yes,yes,cellular,mar,tue,147,1,999,0,nonexistent,-1.8,93.369,-34.8,0.655,5008.7,no
1492,0.875616,yes,High,23,technician,single,professional.course,unknown,yes,yes,cellular,jun,tue,421,1,4,3,success,-1.7,94.055,-39.8,0.702,4991.6,no
1493,0.875587,yes,High,42,admin.,married,university.degree,no,no,no,telephone,dec,fri,104,5,6,1,success,-3.0,92.713,-33.0,0.71,5023.5,no
1494,0.87557,yes,High,50,admin.,married,university.degree,no,yes,no,cellular,dec,tue,410,3,999,0,nonexistent,-3.0,92.713,-33.0,0.708,5023.5,yes
1495,0.875529,yes,High,27,student,single,basic.9y,no,yes,yes,cellular,may,mon,775,1,999,0,nonexistent,-1.8,93.876,-40.0,0.701,5008.7,yes
1496,0.875468,yes,High,35,technician,divorced,professional.course,no,no,no,cellular,jun,wed,66,1,13,2,failure,-1.7,94.055,-39.8,0.739,4991.6,no
1497,0.875396,yes,High,30,technician,single,university.degree,no,unknown,unknown,cellular,mar,tue,272,3,999,0,nonexistent,-1.8,93.369,-34.8,0.646,5008.7,no
1498,0.875104,yes,High,28,services,single,high.school,no,yes,no,cellular,jul,tue,192,1,999,0,nonexistent,-1.7,94.215,-40.3,0.876,4991.6,no
1499,0.875074,yes,High,41,admin.,divorced,high.school,no,unknown,unknown,cellular,aug,thu,272,1,999,0,nonexistent,-1.7,94.027,-38.3,0.904,4991.6,yes
1500,0.875047,yes,High,32,services,single,high.school,no,yes,yes,cellular,aug,wed,253,1,4,2,success,-2.9,92.201,-31.4,0.884,5076.2,yes
1501,0.874846,yes,High,31,admin.,single,high.school,no,yes,no,cellular,nov,wed,456,2,999,0,nonexistent,-1.1,94.767,-50.8,1.044,4963.6,yes
1502,0.874775,yes,High,33,technician,married,professional.course,no,yes,no,telephone,oct,wed,171,1,999,0,nonexistent,-0.1,93.798,-40.4,4.827,5195.8,yes
1503,0.874716,yes,High,37,unemployed,married,university.degree,no,yes,no,telephone,jun,tue,126,3,2,2,success,-1.7,94.055,-39.8,0.723,4991.6,no
1504,0.874659,yes,High,29,technician,married,professional.course,no,no,no,cellular,mar,thu,186,1,999,0,nonexistent,-1.8,92.843,-50.0,1.65,5099.1,yes
1505,0.874497,yes,High,21,student,single,unknown,no,no,no,cellular,jul,thu,184,1,999,0,nonexistent,-1.7,94.215,-40.3,0.81,4991.6,no
1506,0.874481,yes,High,21,student,single,basic.9y,no,unknown,unknown,cellular,sep,tue,875,1,999,0,nonexistent,-3.4,92.379,-29.8,0.77,5017.5,yes
1507,0.874399,yes,High,31,admin.,married,high.school,no,yes,yes,cellular,jul,fri,44,4,999,0,nonexistent,-1.7,94.215,-40.3,0.861,4991.6,no
1508,0.874355,yes,High,56,entrepreneur,married,university.degree,no,no,no,cellular,apr,thu,457,1,2,1,success,-1.8,93.075,-47.1,1.365,5099.1,yes
1509,0.874355,yes,High,56,entrepreneur,married,university.degree,no,no,no,cellular,apr,thu,196,1,2,1,success,-1.8,93.075,-47.1,1.365,5099.1,no
1510,0.874344,yes,High,42,admin.,single,high.school,no,no,no,cellular,sep,thu,209,1,999,0,nonexistent,-1.1,94.199,-37.5,0.878,4963.6,yes
1511,0.873915,yes,High,31,unknown,single,high.school,no,no,no,cellular,may,mon,392,1,999,0,nonexistent,-1.8,93.876,-40.0,0.701,5008.7,yes
1512,0.873853,yes,High,76,housemaid,married,basic.4y,no,no,no,cellular,jun,tue,296,5,999,0,nonexistent,-1.7,94.055,-39.8,0.702,4991.6,yes
1513,0.873839,yes,High,39,admin.,single,high.school,no,yes,no,cellular,mar,tue,395,3,999,0,nonexistent,-1.8,92.843,-50.0,1.687,5099.1,yes
1514,0.873822,yes,High,30,admin.,single,university.degree,no,no,no,cellular,jun,thu,124,1,999,0,nonexistent,-1.7,94.055,-39.8,0.742,4991.6,no
1515,0.873752,yes,High,72,retired,married,basic.4y,no,yes,no,cellular,may,wed,443,4,999,0,nonexistent,-1.8,93.876,-40.0,0.672,5008.7,yes
1516,0.873705,yes,High,72,retired,married,basic.4y,no,yes,no,cellular,jul,mon,128,2,999,1,failure,-1.7,94.215,-40.3,0.87,4991.6,no
1517,0.873664,yes,High,34,admin.,single,university.degree,no,no,no,cellular,mar,tue,325,2,999,0,nonexistent,-1.8,92.843,-50.0,1.614,5099.1,yes
1518,0.873623,yes,High,31,technician,single,professional.course,no,yes,no,cellular,oct,fri,401,2,999,0,nonexistent,-1.1,94.601,-49.5,0.972,4963.6,yes
1519,0.873617,yes,High,33,technician,married,unknown,no,yes,yes,cellular,sep,thu,414,1,9,3,failure,-1.1,94.199,-37.5,0.879,4963.6,yes
1520,0.873605,yes,High,39,entrepreneur,married,university.degree,no,yes,no,cellular,sep,tue,120,3,999,0,nonexistent,-1.1,94.199,-37.5,0.881,4963.6,no
1521,0.873487,yes,High,27,services,single,high.school,no,yes,yes,cellular,mar,tue,384,1,9,2,failure,-1.8,93.369,-34.8,0.646,5008.7,no
1522,0.873455,yes,High,34,technician,married,professional.course,no,yes,no,telephone,mar,mon,129,1,6,1,success,-1.8,93.369,-34.8,0.646,5008.7,no
1523,0.87345,yes,High,72,retired,married,high.school,no,no,no,cellular,nov,mon,257,1,999,0,nonexistent,-3.4,92.649,-30.1,0.714,5017.5,yes
1524,0.873429,yes,High,35,admin.,married,university.degree,no,yes,no,cellular,apr,mon,176,1,999,0,nonexistent,-1.8,93.749,-34.6,0.642,5008.7,yes
1525,0.873279,yes,High,72,retired,married,basic.4y,no,yes,no,cellular,nov,wed,406,1,999,1,failure,-3.4,92.649,-30.1,0.715,5017.5,yes
1526,0.873204,yes,High,54,admin.,married,high.school,no,yes,no,cellular,apr,mon,158,2,999,0,nonexistent,-1.8,93.749,-34.6,0.642,5008.7,yes
1527,0.873179,yes,High,25,student,single,high.school,no,yes,no,cellular,sep,thu,574,3,999,0,nonexistent,-1.1,94.199,-37.5,0.879,4963.6,yes
1528,0.873118,yes,High,46,services,married,university.degree,no,yes,no,cellular,sep,wed,630,1,999,0,nonexistent,-1.1,94.199,-37.5,0.88,4963.6,yes
1529,0.87305,yes,High,33,blue-collar,married,professional.course,no,yes,no,cellular,aug,tue,253,4,999,0,nonexistent,-1.7,94.027,-38.3,0.886,4991.6,yes
1530,0.872973,yes,High,54,self-employed,married,university.degree,no,yes,no,cellular,oct,thu,317,6,6,1,success,-1.1,94.601,-49.5,0.987,4963.6,no
1531,0.872969,yes,High,31,technician,single,professional.course,no,no,no,cellular,mar,fri,172,2,999,0,nonexistent,-1.8,93.369,-34.8,0.653,5008.7,no
1532,0.872852,yes,High,17,student,single,unknown,no,yes,no,cellular,aug,wed,432,3,4,2,success,-2.9,92.201,-31.4,0.884,5076.2,no
1533,0.872821,yes,High,86,retired,married,unknown,unknown,yes,no,cellular,sep,tue,340,1,999,0,nonexistent,-1.1,94.199,-37.5,0.877,4963.6,yes
1534,0.872797,yes,High,33,admin.,married,university.degree,no,no,no,cellular,may,mon,157,2,15,3,failure,-1.8,93.876,-40.0,0.685,5008.7,no
1535,0.872789,yes,High,29,student,single,high.school,no,yes,yes,cellular,nov,thu,289,1,3,3,success,-1.1,94.767,-50.8,1.05,4963.6,yes
1536,0.872777,yes,High,61,management,married,university.degree,no,yes,no,cellular,oct,fri,336,2,999,1,failure,-3.4,92.431,-26.9,0.73,5017.5,yes
1537,0.872734,yes,High,66,retired,married,professional.course,no,no,no,cellular,mar,tue,177,1,999,1,failure,-1.8,93.369,-34.8,0.655,5008.7,yes
1538,0.872526,yes,High,61,blue-collar,married,high.school,no,no,no,cellular,oct,wed,190,1,2,1,success,-3.4,92.431,-26.9,0.724,5017.5,no
1539,0.872516,yes,High,81,retired,divorced,basic.4y,no,yes,no,cellular,dec,fri,166,3,999,0,nonexistent,-3.0,92.713,-33.0,0.714,5023.5,yes
1540,0.872453,yes,High,43,self-employed,married,high.school,no,yes,no,telephone,oct,wed,181,1,999,0,nonexistent,-0.1,93.798,-40.4,4.936,5195.8,yes
1541,0.872415,yes,High,26,unemployed,single,university.degree,no,yes,no,cellular,apr,thu,618,1,999,0,nonexistent,-1.8,93.749,-34.6,0.64,5008.7,yes
1542,0.872382,yes,High,40,technician,married,high.school,no,yes,no,cellular,jul,wed,475,3,3,1,success,-2.9,92.469,-33.6,1.029,5076.2,no
1543,0.872354,yes,High,60,retired,married,high.school,no,no,no,cellular,dec,thu,472,1,999,0,nonexistent,-3.0,92.713,-33.0,0.72,5023.5,yes
1544,0.87235,yes,High,34,technician,single,university.degree,no,no,no,cellular,oct,thu,136,1,999,1,failure,-3.4,92.431,-26.9,0.722,5017.5,yes
1545,0.872306,yes,High,32,management,single,university.degree,no,no,no,cellular,jun,tue,264,4,999,0,nonexistent,-1.7,94.055,-39.8,0.761,4991.6,no
1546,0.872262,yes,High,39,technician,married,university.degree,no,yes,no,cellular,oct,fri,141,1,7,2,failure,-3.4,92.431,-26.9,0.739,5017.5,no
1547,0.872242,yes,High,33,blue-collar,single,high.school,no,yes,no,cellular,mar,wed,163,1,999,0,nonexistent,-1.8,92.843,-50.0,1.602,5099.1,no
1548,0.872227,yes,High,26,technician,single,university.degree,no,no,no,cellular,oct,wed,649,1,999,0,nonexistent,-1.1,94.601,-49.5,0.959,4963.6,yes
1549,0.872202,yes,High,34,technician,single,university.degree,no,no,no,cellular,sep,fri,152,2,999,0,nonexistent,-1.1,94.199,-37.5,0.879,4963.6,no
1550,0.872034,yes,High,42,self-employed,married,basic.4y,no,no,no,telephone,oct,fri,478,1,999,0,nonexistent,-0.1,93.798,-40.4,5.045,5195.8,yes
1551,0.872016,yes,High,28,unemployed,single,high.school,no,yes,no,cellular,dec,mon,94,3,6,3,success,-3.0,92.713,-33.0,0.709,5023.5,no
1552,0.87195,yes,High,44,technician,married,professional.course,no,no,no,cellular,nov,fri,442,1,999,0,nonexistent,-1.1,94.767,-50.8,1.028,4963.6,yes
1553,0.87187,yes,High,34,technician,single,professional.course,no,yes,yes,cellular,mar,fri,136,1,999,0,nonexistent,-1.8,92.843,-50.0,1.726,5099.1,no
1554,0.871766,yes,High,34,admin.,married,university.degree,no,yes,no,cellular,sep,wed,691,2,999,0,nonexistent,-1.1,94.199,-37.5,0.886,4963.6,no
1555,0.871599,yes,High,26,management,single,university.degree,no,no,no,cellular,mar,thu,139,1,999,0,nonexistent,-1.8,92.843,-50.0,1.65,5099.1,yes
1556,0.871566,yes,High,34,admin.,single,high.school,no,yes,no,cellular,aug,tue,168,2,999,0,nonexistent,-1.7,94.027,-38.3,0.904,4991.6,no
1557,0.8715,yes,High,29,admin.,single,high.school,no,no,no,cellular,sep,thu,134,1,999,0,nonexistent,-1.1,94.199,-37.5,0.878,4963.6,no
1558,0.871393,yes,High,22,technician,single,professional.course,no,yes,no,cellular,nov,tue,358,1,999,0,nonexistent,-3.4,92.649,-30.1,0.72,5017.5,yes
1559,0.87132,yes,High,27,blue-collar,single,high.school,no,no,no,cellular,nov,tue,775,2,8,2,failure,-3.4,92.649,-30.1,0.715,5017.5,yes
1560,0.871309,yes,High,33,technician,married,university.degree,no,yes,no,cellular,may,mon,508,1,999,0,nonexistent,-1.8,93.876,-40.0,0.685,5008.7,yes
1561,0.871301,yes,High,24,student,single,basic.9y,no,unknown,unknown,cellular,sep,tue,137,1,999,0,nonexistent,-3.4,92.379,-29.8,0.788,5017.5,yes
1562,0.871125,yes,High,41,services,married,high.school,no,no,no,cellular,mar,wed,396,2,999,0,nonexistent,-1.8,92.843,-50.0,1.778,5099.1,yes
1563,0.871073,yes,High,25,services,single,unknown,no,yes,no,cellular,jun,tue,516,1,13,2,failure,-1.7,94.055,-39.8,0.702,4991.6,yes
1564,0.871045,yes,High,39,blue-collar,married,basic.9y,no,yes,no,telephone,oct,fri,112,1,999,0,nonexistent,-0.1,93.798,-40.4,4.918,5195.8,yes
1565,0.870956,yes,High,31,unknown,single,high.school,no,yes,yes,telephone,may,mon,664,1,2,1,success,-1.8,93.876,-40.0,0.701,5008.7,no
1566,0.870955,yes,High,37,technician,married,professional.course,no,no,no,cellular,aug,wed,157,3,4,2,success,-2.9,92.201,-31.4,0.884,5076.2,yes
1567,0.87092,yes,High,61,management,married,professional.course,no,no,no,cellular,sep,tue,380,1,999,0,nonexistent,-1.1,94.199,-37.5,0.877,4963.6,no
1568,0.870918,yes,High,55,retired,married,high.school,no,yes,no,cellular,jun,fri,136,3,3,1,success,-2.9,92.963,-40.8,1.268,5076.2,no
1569,0.870823,yes,High,28,admin.,single,high.school,no,yes,no,cellular,mar,tue,143,2,999,0,nonexistent,-1.8,92.843,-50.0,1.799,5099.1,yes
1570,0.870702,yes,High,42,management,single,university.degree,no,no,no,cellular,oct,mon,134,1,6,1,success,-3.4,92.431,-26.9,0.743,5017.5,no
1571,0.870661,yes,High,34,admin.,single,university.degree,no,yes,no,cellular,jun,mon,452,1,999,0,nonexistent,-1.7,94.055,-39.8,0.754,4991.6,yes
1572,0.870637,yes,High,30,housemaid,single,university.degree,no,no,no,cellular,sep,thu,103,2,999,0,nonexistent,-1.1,94.199,-37.5,0.878,4963.6,no
1573,0.87062,yes,High,89,retired,divorced,basic.4y,no,yes,no,cellular,sep,tue,314,1,999,0,nonexistent,-1.1,94.199,-37.5,0.881,4963.6,yes
1574,0.870562,yes,High,73,retired,married,unknown,no,yes,no,telephone,mar,mon,659,1,999,0,nonexistent,-1.8,93.369,-34.8,0.652,5008.7,yes
1575,0.870499,yes,High,67,retired,married,basic.4y,no,yes,no,cellular,nov,thu,99,1,999,0,nonexistent,-3.4,92.649,-30.1,0.714,5017.5,yes
1576,0.870472,yes,High,38,technician,married,professional.course,no,no,no,cellular,mar,thu,66,3,999,0,nonexistent,-1.8,92.843,-50.0,1.757,5099.1,no
1577,0.870367,yes,High,41,admin.,single,high.school,no,no,no,cellular,oct,thu,786,2,999,0,nonexistent,-1.1,94.601,-49.5,0.987,4963.6,no
1578,0.870342,yes,High,95,retired,divorced,basic.6y,no,no,no,cellular,mar,thu,85,1,999,0,nonexistent,-1.8,92.843,-50.0,1.65,5099.1,no
1579,0.870311,yes,High,51,unemployed,divorced,high.school,no,no,no,cellular,dec,thu,112,2,999,0,nonexistent,-3.0,92.713,-33.0,0.714,5023.5,no
1580,0.870276,yes,High,44,admin.,married,high.school,no,yes,no,telephone,oct,fri,159,1,999,0,nonexistent,-0.1,93.798,-40.4,5.045,5195.8,no
1581,0.870261,yes,High,41,management,married,university.degree,no,no,no,cellular,nov,mon,696,2,7,3,failure,-3.4,92.649,-30.1,0.715,5017.5,yes
1582,0.870222,yes,High,24,unemployed,single,high.school,no,no,yes,cellular,may,mon,375,2,999,0,nonexistent,-1.8,93.876,-40.0,0.697,5008.7,yes
1583,0.870147,yes,High,32,admin.,single,university.degree,no,no,no,cellular,sep,thu,154,1,999,0,nonexistent,-1.1,94.199,-37.5,0.884,4963.6,no
1584,0.870146,yes,High,31,blue-collar,single,high.school,no,yes,no,cellular,mar,tue,272,1,999,0,nonexistent,-1.8,92.843,-50.0,1.687,5099.1,yes
1585,0.870105,yes,High,29,admin.,single,university.degree,no,yes,no,cellular,oct,mon,526,1,999,0,nonexistent,-1.1,94.601,-49.5,1.0,4963.6,yes
1586,0.870058,yes,High,28,admin.,married,university.degree,no,no,no,cellular,aug,fri,161,4,999,0,nonexistent,-1.7,94.027,-38.3,0.898,4991.6,no
1587,0.870057,yes,High,60,admin.,married,unknown,unknown,yes,no,cellular,dec,wed,357,1,999,0,nonexistent,-3.0,92.713,-33.0,0.721,5023.5,yes
1588,0.870055,yes,High,19,student,single,basic.9y,no,yes,no,cellular,mar,fri,126,4,999,0,nonexistent,-1.8,92.843,-50.0,1.64,5099.1,yes
1589,0.869992,yes,High,51,retired,married,basic.4y,no,no,no,cellular,jul,wed,1057,1,13,1,success,-2.9,92.469,-33.6,1.085,5076.2,no
1590,0.869958,yes,High,38,technician,married,professional.course,no,no,no,cellular,mar,thu,84,1,999,0,nonexistent,-1.8,92.843,-50.0,1.757,5099.1,no
1591,0.869958,yes,High,38,technician,married,professional.course,no,no,no,cellular,mar,thu,106,1,999,0,nonexistent,-1.8,92.843,-50.0,1.757,5099.1,yes
1592,0.869958,yes,High,38,technician,married,professional.course,no,no,no,cellular,mar,thu,92,1,999,0,nonexistent,-1.8,92.843,-50.0,1.757,5099.1,no
1593,0.869958,yes,High,38,technician,married,professional.course,no,no,no,cellular,mar,thu,119,1,999,0,nonexistent,-1.8,92.843,-50.0,1.757,5099.1,no
1594,0.869908,yes,High,69,retired,divorced,professional.course,no,no,no,cellular,jun,fri,213,6,12,2,failure,-1.7,94.055,-39.8,0.748,4991.6,yes
1595,0.869873,yes,High,36,services,single,university.degree,no,no,no,cellular,aug,fri,394,6,999,0,nonexistent,-1.7,94.027,-38.3,0.898,4991.6,yes
1596,0.869863,yes,High,71,retired,married,professional.course,no,yes,no,cellular,nov,tue,102,1,999,0,nonexistent,-3.4,92.649,-30.1,0.72,5017.5,yes
1597,0.869806,yes,High,64,admin.,married,university.degree,no,no,yes,telephone,apr,thu,766,3,2,1,success,-1.8,93.075,-47.1,1.365,5099.1,yes
1598,0.869651,yes,High,48,self-employed,divorced,university.degree,no,no,no,cellular,aug,fri,222,4,999,0,nonexistent,-1.7,94.027,-38.3,0.898,4991.6,yes
1599,0.869646,yes,High,52,admin.,married,university.degree,no,yes,no,cellular,jun,wed,255,2,999,0,nonexistent,-1.7,94.055,-39.8,0.767,4991.6,no
1600,0.869563,yes,High,63,housemaid,married,basic.9y,no,yes,no,cellular,apr,fri,164,1,999,0,nonexistent,-1.8,93.749,-34.6,0.645,5008.7,no
1601,0.869557,yes,High,71,retired,married,high.school,no,no,no,cellular,sep,wed,222,1,999,0,nonexistent,-1.1,94.199,-37.5,0.886,4963.6,no
1602,0.869554,yes,High,77,retired,married,high.school,no,yes,no,cellular,apr,thu,165,7,999,0,nonexistent,-1.8,93.749,-34.6,0.644,5008.7,yes
1603,0.869549,yes,High,48,admin.,married,university.degree,no,no,no,telephone,oct,wed,98,1,999,0,nonexistent,-0.1,93.798,-40.4,4.936,5195.8,yes
1604,0.869354,yes,High,36,admin.,married,unknown,no,no,no,cellular,apr,thu,91,1,999,0,nonexistent,-1.8,93.749,-34.6,0.659,5008.7,no
1605,0.869347,yes,High,66,retired,married,basic.4y,no,yes,no,cellular,mar,thu,156,1,999,0,nonexistent,-1.8,92.843,-50.0,1.65,5099.1,yes
1606,0.869333,yes,High,29,admin.,single,university.degree,no,yes,no,cellular,apr,mon,378,3,12,1,success,-1.8,93.749,-34.6,0.645,5008.7,no
1607,0.869323,yes,High,50,admin.,married,university.degree,no,yes,no,cellular,nov,mon,204,1,7,1,success,-3.4,92.649,-30.1,0.722,5017.5,no
1608,0.869242,yes,High,77,retired,divorced,unknown,no,yes,no,cellular,mar,tue,178,1,999,0,nonexistent,-1.8,92.843,-50.0,1.614,5099.1,yes
1609,0.869236,yes,High,39,technician,married,professional.course,no,yes,no,cellular,aug,mon,247,1,4,1,success,-2.9,92.201,-31.4,0.884,5076.2,no
1610,0.869193,yes,High,23,student,single,high.school,no,yes,no,cellular,oct,thu,262,3,999,0,nonexistent,-1.1,94.601,-49.5,1.025,4963.6,no
1611,0.869153,yes,High,30,admin.,single,university.degree,no,yes,no,cellular,nov,mon,109,1,6,1,success,-3.4,92.649,-30.1,0.722,5017.5,no
1612,0.868996,yes,High,33,technician,single,professional.course,no,no,no,cellular,sep,wed,425,1,999,0,nonexistent,-1.1,94.199,-37.5,0.886,4963.6,no
1613,0.868943,yes,High,29,services,married,high.school,no,no,no,cellular,oct,tue,424,1,999,1,failure,-3.4,92.431,-26.9,0.728,5017.5,yes
1614,0.868836,yes,High,36,self-employed,single,university.degree,no,yes,no,telephone,oct,thu,248,1,999,0,nonexistent,-0.1,93.798,-40.4,4.794,5195.8,yes
1615,0.868605,yes,High,21,student,single,high.school,no,no,no,cellular,aug,thu,185,2,4,2,success,-2.9,92.201,-31.4,0.873,5076.2,no
1616,0.868598,yes,High,33,admin.,married,university.degree,no,yes,yes,cellular,may,mon,312,2,999,0,nonexistent,-1.8,93.876,-40.0,0.685,5008.7,no
1617,0.868508,yes,High,21,student,single,high.school,no,no,no,cellular,nov,tue,280,1,7,2,failure,-3.4,92.649,-30.1,0.715,5017.5,no
1618,0.868494,yes,High,44,self-employed,divorced,professional.course,no,yes,no,cellular,jun,thu,310,1,999,0,nonexistent,-1.7,94.055,-39.8,0.742,4991.6,yes
1619,0.86847,yes,High,35,admin.,married,university.degree,no,no,no,cellular,dec,tue,554,1,999,0,nonexistent,-3.0,92.713,-33.0,0.707,5023.5,no
1620,0.868379,yes,High,73,retired,divorced,high.school,no,yes,no,cellular,dec,tue,284,1,999,0,nonexistent,-3.0,92.713,-33.0,0.707,5023.5,yes
1621,0.868271,yes,High,63,retired,married,basic.4y,no,yes,no,cellular,nov,tue,408,3,999,0,nonexistent,-3.4,92.649,-30.1,0.715,5017.5,no
1622,0.868233,yes,High,69,retired,married,high.school,no,no,no,cellular,nov,mon,178,1,999,0,nonexistent,-3.4,92.649,-30.1,0.715,5017.5,yes
1623,0.868227,yes,High,34,housemaid,married,university.degree,no,no,no,cellular,aug,thu,485,3,4,1,success,-2.9,92.201,-31.4,0.873,5076.2,no
1624,0.8682,yes,High,74,retired,married,basic.4y,no,no,no,telephone,apr,mon,1143,5,999,0,nonexistent,-1.8,93.749,-34.6,0.643,5008.7,yes
1625,0.868192,yes,High,35,blue-collar,single,high.school,no,no,no,cellular,oct,fri,622,1,6,1,success,-3.4,92.431,-26.9,0.73,5017.5,no
1626,0.868167,yes,High,21,student,single,high.school,no,no,no,cellular,jun,thu,400,1,999,0,nonexistent,-2.9,92.963,-40.8,1.26,5076.2,yes
1627,0.868156,yes,High,50,management,married,university.degree,no,yes,no,cellular,mar,thu,245,2,999,0,nonexistent,-1.8,93.369,-34.8,0.643,5008.7,no
1628,0.868124,yes,High,38,technician,married,professional.course,no,no,yes,cellular,mar,thu,137,1,999,0,nonexistent,-1.8,92.843,-50.0,1.757,5099.1,yes
1629,0.86807,yes,High,68,retired,married,university.degree,no,yes,no,cellular,jul,mon,546,2,999,1,failure,-1.7,94.215,-40.3,0.889,4991.6,yes
1630,0.868038,yes,High,24,student,single,unknown,no,yes,yes,telephone,sep,wed,663,1,10,1,success,-1.1,94.199,-37.5,0.886,4963.6,no
1631,0.867996,yes,High,56,admin.,married,basic.9y,no,no,no,cellular,aug,wed,338,2,4,1,success,-2.9,92.201,-31.4,0.879,5076.2,yes
1632,0.867939,yes,High,26,admin.,single,university.degree,no,yes,no,telephone,oct,mon,251,1,999,0,nonexistent,-0.1,93.798,-40.4,4.912,5195.8,yes
1633,0.867923,yes,High,60,retired,married,university.degree,no,no,no,cellular,sep,thu,799,2,999,0,nonexistent,-1.1,94.199,-37.5,0.884,4963.6,yes
1634,0.867898,yes,High,33,management,married,university.degree,no,yes,no,cellular,nov,fri,237,2,999,0,nonexistent,-1.1,94.767,-50.8,1.04,4963.6,yes
1635,0.867798,yes,High,26,student,single,high.school,no,no,no,cellular,mar,thu,200,1,999,0,nonexistent,-1.8,92.843,-50.0,1.538,5099.1,yes
1636,0.867797,yes,High,51,technician,married,professional.course,no,no,yes,cellular,dec,mon,267,2,999,0,nonexistent,-3.0,92.713,-33.0,0.709,5023.5,yes
1637,0.867795,yes,High,27,admin.,single,university.degree,no,yes,no,cellular,aug,fri,177,2,999,0,nonexistent,-1.7,94.027,-38.3,0.905,4991.6,yes
1638,0.867737,yes,High,31,admin.,single,university.degree,no,yes,no,cellular,nov,wed,404,1,2,5,success,-1.1,94.767,-50.8,1.048,4963.6,yes
1639,0.867676,yes,High,31,admin.,divorced,professional.course,no,yes,no,cellular,mar,tue,292,2,999,1,failure,-1.8,93.369,-34.8,0.655,5008.7,yes
1640,0.867578,yes,High,22,technician,single,professional.course,no,yes,no,cellular,dec,mon,1141,1,999,0,nonexistent,-3.0,92.713,-33.0,0.706,5023.5,yes
1641,0.867569,yes,High,29,management,married,university.degree,no,yes,no,cellular,aug,thu,75,1,4,2,success,-2.9,92.201,-31.4,0.873,5076.2,no
1642,0.867474,yes,High,65,retired,married,basic.4y,no,no,no,cellular,oct,wed,882,1,999,0,nonexistent,-1.1,94.601,-49.5,1.043,4963.6,yes
1643,0.86744,yes,High,38,entrepreneur,married,basic.6y,no,yes,no,cellular,jun,tue,189,1,999,0,nonexistent,-1.7,94.055,-39.8,0.761,4991.6,no
1644,0.867388,yes,High,39,admin.,married,high.school,no,no,no,cellular,nov,mon,1011,1,3,2,success,-3.4,92.649,-30.1,0.714,5017.5,no
1645,0.867314,yes,High,53,management,divorced,university.degree,no,no,no,cellular,apr,thu,198,2,999,0,nonexistent,-1.8,93.749,-34.6,0.64,5008.7,no
1646,0.867267,yes,High,29,blue-collar,single,basic.9y,no,no,no,telephone,jun,tue,1563,1,6,2,success,-1.7,94.055,-39.8,0.702,4991.6,no
1647,0.867261,yes,High,27,technician,single,professional.course,no,no,no,cellular,jun,tue,136,2,999,0,nonexistent,-1.7,94.055,-39.8,0.737,4991.6,no
1648,0.867204,yes,High,26,entrepreneur,married,basic.9y,no,yes,no,telephone,oct,fri,5,1,999,0,nonexistent,-0.1,93.798,-40.4,4.918,5195.8,no
1649,0.867168,yes,High,33,self-employed,single,university.degree,no,yes,no,cellular,mar,mon,265,2,999,0,nonexistent,-1.8,93.369,-34.8,0.652,5008.7,yes
1650,0.867102,yes,High,47,blue-collar,married,basic.9y,no,no,no,cellular,jun,tue,544,1,999,0,nonexistent,-1.7,94.055,-39.8,0.713,4991.6,no
1651,0.867046,yes,High,27,student,single,high.school,no,no,no,telephone,oct,tue,187,1,999,0,nonexistent,-0.1,93.798,-40.4,4.968,5195.8,yes
1652,0.86704,yes,High,32,technician,married,professional.course,no,yes,no,cellular,oct,wed,275,2,999,0,nonexistent,-1.1,94.601,-49.5,0.959,4963.6,yes
1653,0.867006,yes,High,29,admin.,single,university.degree,no,no,no,cellular,may,wed,720,1,6,2,failure,-1.8,93.876,-40.0,0.672,5008.7,no
1654,0.866994,yes,High,50,entrepreneur,divorced,university.degree,no,yes,no,telephone,oct,tue,898,7,11,2,success,-1.1,94.601,-49.5,1.008,4963.6,yes
1655,0.866851,yes,High,44,admin.,married,university.degree,no,no,no,cellular,aug,wed,96,2,4,1,success,-2.9,92.201,-31.4,0.879,5076.2,no
1656,0.866809,yes,High,33,housemaid,married,high.school,no,no,no,telephone,oct,tue,37,1,999,0,nonexistent,-0.1,93.798,-40.4,4.968,5195.8,yes
1657,0.866777,yes,High,38,admin.,married,university.degree,no,yes,no,cellular,nov,mon,110,3,6,1,success,-3.4,92.649,-30.1,0.719,5017.5,no
1658,0.866752,yes,High,21,student,single,high.school,no,no,no,cellular,oct,tue,113,1,999,0,nonexistent,-3.4,92.431,-26.9,0.728,5017.5,yes
1659,0.866584,yes,High,22,services,single,professional.course,no,yes,yes,cellular,sep,tue,369,1,999,0,nonexistent,-3.4,92.379,-29.8,0.755,5017.5,yes
1660,0.866562,yes,High,38,entrepreneur,married,university.degree,no,no,no,cellular,nov,wed,144,2,999,0,nonexistent,-1.1,94.767,-50.8,1.03,4963.6,no
1661,0.866528,yes,High,47,blue-collar,married,basic.9y,no,unknown,unknown,cellular,jun,tue,380,1,999,0,nonexistent,-1.7,94.055,-39.8,0.713,4991.6,yes
1662,0.866473,yes,High,62,technician,married,unknown,no,no,no,cellular,jul,mon,167,1,999,0,nonexistent,-1.7,94.215,-40.3,0.827,4991.6,no
1663,0.866469,yes,High,38,technician,married,professional.course,no,no,yes,cellular,mar,thu,196,2,999,0,nonexistent,-1.8,92.843,-50.0,1.757,5099.1,yes
1664,0.866308,yes,High,37,admin.,married,high.school,no,unknown,unknown,cellular,jul,thu,294,1,999,1,failure,-1.7,94.215,-40.3,0.81,4991.6,yes
1665,0.866305,yes,High,28,technician,married,high.school,no,yes,no,cellular,sep,mon,89,1,4,1,success,-3.4,92.379,-29.8,0.797,5017.5,no
1666,0.866301,yes,High,42,management,married,university.degree,no,no,no,telephone,oct,fri,615,1,999,0,nonexistent,-0.1,93.798,-40.4,4.76,5195.8,yes
1667,0.86627,yes,High,98,retired,married,basic.4y,unknown,yes,no,cellular,oct,fri,272,2,999,0,nonexistent,-3.4,92.431,-26.9,0.73,5017.5,yes
1668,0.866052,yes,High,44,admin.,married,unknown,no,no,no,cellular,jul,fri,745,1,999,1,failure,-1.7,94.215,-40.3,0.861,4991.6,yes
1669,0.865937,yes,High,48,technician,married,professional.course,no,no,no,cellular,jul,tue,288,1,999,1,failure,-1.7,94.215,-40.3,0.876,4991.6,no
1670,0.865826,yes,High,28,self-employed,single,university.degree,no,no,no,cellular,mar,fri,296,2,999,0,nonexistent,-1.8,92.843,-50.0,1.64,5099.1,yes
1671,0.865774,yes,High,22,student,single,basic.6y,no,yes,no,cellular,jun,mon,814,1,3,1,success,-2.9,92.963,-40.8,1.266,5076.2,no
1672,0.865737,yes,High,77,retired,divorced,basic.4y,no,yes,no,cellular,nov,mon,445,2,999,1,failure,-3.4,92.649,-30.1,0.714,5017.5,yes
1673,0.865728,yes,High,28,self-employed,single,university.degree,no,no,no,cellular,mar,fri,114,1,999,0,nonexistent,-1.8,92.843,-50.0,1.64,5099.1,no
1674,0.865715,yes,High,37,blue-collar,married,basic.6y,no,no,no,cellular,oct,thu,128,2,6,3,failure,-3.4,92.431,-26.9,0.74,5017.5,yes
1675,0.865715,yes,High,71,housemaid,married,basic.4y,no,yes,no,cellular,nov,tue,193,2,999,0,nonexistent,-3.4,92.649,-30.1,0.715,5017.5,yes
1676,0.865661,yes,High,62,entrepreneur,married,basic.9y,no,yes,no,cellular,apr,mon,366,2,10,1,success,-1.8,93.749,-34.6,0.642,5008.7,no
1677,0.86566,yes,High,36,admin.,single,basic.9y,no,yes,yes,telephone,apr,wed,173,1,999,0,nonexistent,-1.8,93.749,-34.6,0.644,5008.7,yes
1678,0.865643,yes,High,28,management,single,university.degree,no,no,no,cellular,oct,fri,324,1,999,1,failure,-3.4,92.431,-26.9,0.739,5017.5,yes
1679,0.865529,yes,High,25,student,single,university.degree,no,no,yes,cellular,jun,thu,136,1,999,0,nonexistent,-2.9,92.963,-40.8,1.26,5076.2,yes
1680,0.865493,yes,High,39,technician,married,university.degree,no,yes,no,cellular,jun,mon,713,2,999,0,nonexistent,-1.7,94.055,-39.8,0.72,4991.6,yes
1681,0.865427,yes,High,60,retired,married,professional.course,no,yes,no,cellular,mar,wed,74,1,999,0,nonexistent,-1.8,92.843,-50.0,1.663,5099.1,no
1682,0.865415,yes,High,39,technician,married,professional.course,no,no,no,telephone,oct,thu,171,1,999,0,nonexistent,-0.1,93.798,-40.4,4.921,5195.8,yes
1683,0.865316,yes,High,33,admin.,married,university.degree,no,no,no,cellular,apr,thu,157,6,999,0,nonexistent,-1.8,93.749,-34.6,0.659,5008.7,no
1684,0.865283,yes,High,60,retired,married,high.school,no,no,no,cellular,aug,tue,123,1,4,1,success,-2.9,92.201,-31.4,0.883,5076.2,no
1685,0.865252,yes,High,46,admin.,married,high.school,no,no,no,cellular,apr,mon,194,3,999,0,nonexistent,-1.8,93.749,-34.6,0.645,5008.7,yes
1686,0.865166,yes,High,46,blue-collar,married,professional.course,no,yes,no,cellular,may,wed,410,1,999,0,nonexistent,-1.8,93.876,-40.0,0.697,5008.7,yes
1687,0.864843,yes,High,21,housemaid,single,high.school,no,no,no,cellular,jul,fri,222,2,999,0,nonexistent,-1.7,94.215,-40.3,0.861,4991.6,no
1688,0.86475,yes,High,32,management,single,university.degree,no,yes,no,cellular,mar,tue,427,3,999,0,nonexistent,-1.8,92.843,-50.0,1.687,5099.1,yes
1689,0.86475,yes,High,32,management,single,university.degree,no,yes,no,cellular,mar,tue,71,3,999,0,nonexistent,-1.8,92.843,-50.0,1.687,5099.1,yes
1690,0.864706,yes,High,30,unemployed,single,professional.course,no,yes,no,cellular,mar,mon,341,1,999,0,nonexistent,-1.8,93.369,-34.8,0.646,5008.7,no
1691,0.864695,yes,High,50,technician,single,university.degree,no,yes,no,telephone,apr,fri,634,1,999,0,nonexistent,-1.8,93.749,-34.6,0.644,5008.7,yes
1692,0.864619,yes,High,38,blue-collar,single,high.school,no,no,no,cellular,mar,wed,141,1,999,1,failure,-1.8,93.369,-34.8,0.655,5008.7,yes
1693,0.864554,yes,High,71,self-employed,married,university.degree,no,yes,no,cellular,apr,thu,78,2,5,1,success,-1.8,93.075,-47.1,1.365,5099.1,no
1694,0.864552,yes,High,41,admin.,single,high.school,no,no,no,telephone,oct,tue,49,1,999,0,nonexistent,-0.1,93.798,-40.4,4.968,5195.8,no
1695,0.864465,yes,High,29,services,married,high.school,no,yes,no,cellular,aug,wed,90,2,4,1,success,-2.9,92.201,-31.4,0.879,5076.2,no
1696,0.864397,yes,High,32,technician,single,university.degree,no,no,no,cellular,oct,tue,96,1,999,1,failure,-3.4,92.431,-26.9,0.728,5017.5,yes
1697,0.864321,yes,High,31,blue-collar,married,basic.6y,no,yes,no,telephone,oct,tue,154,1,999,0,nonexistent,-0.1,93.798,-40.4,4.86,5195.8,yes
1698,0.863966,yes,High,43,technician,married,professional.course,no,no,no,cellular,may,thu,460,1,999,1,failure,-1.8,93.876,-40.0,0.699,5008.7,yes
1699,0.863917,yes,High,30,student,single,unknown,no,yes,no,cellular,mar,thu,292,1,999,0,nonexistent,-1.8,93.369,-34.8,0.635,5008.7,yes
1700,0.863897,yes,High,35,services,single,high.school,no,yes,no,telephone,mar,tue,187,3,999,0,nonexistent,-1.8,93.369,-34.8,0.655,5008.7,yes
1701,0.86384,yes,High,43,self-employed,married,university.degree,no,no,no,cellular,jul,tue,386,3,999,1,failure,-1.7,94.215,-40.3,0.797,4991.6,yes
1702,0.863774,yes,High,38,technician,single,university.degree,no,yes,yes,cellular,jun,thu,288,1,999,0,nonexistent,-1.7,94.055,-39.8,0.742,4991.6,no
1703,0.863752,yes,High,33,admin.,married,university.degree,no,no,no,cellular,sep,mon,369,3,999,0,nonexistent,-1.1,94.199,-37.5,0.882,4963.6,yes
1704,0.863735,yes,High,71,retired,married,basic.4y,no,no,no,cellular,apr,mon,117,3,999,0,nonexistent,-1.8,93.749,-34.6,0.645,5008.7,no
1705,0.863705,yes,High,25,blue-collar,single,basic.6y,no,no,no,cellular,mar,tue,228,4,999,0,nonexistent,-1.8,93.369,-34.8,0.655,5008.7,yes
1706,0.863689,yes,High,45,technician,single,university.degree,no,no,no,cellular,may,tue,146,2,999,1,failure,-1.8,93.876,-40.0,0.697,5008.7,yes
1707,0.863676,yes,High,71,retired,married,high.school,no,no,no,cellular,sep,mon,363,1,999,0,nonexistent,-1.1,94.199,-37.5,0.879,4963.6,yes
1708,0.863621,yes,High,28,management,single,university.degree,no,yes,no,cellular,jun,thu,169,1,999,0,nonexistent,-1.7,94.055,-39.8,0.729,4991.6,yes
1709,0.863368,yes,High,46,unknown,single,unknown,unknown,yes,no,cellular,dec,mon,1472,1,6,1,success,-3.0,92.713,-33.0,0.706,5023.5,no
1710,0.863342,yes,High,22,services,single,professional.course,no,no,no,cellular,jul,tue,256,3,999,1,failure,-1.7,94.215,-40.3,0.835,4991.6,yes
1711,0.863227,yes,High,26,unemployed,married,high.school,no,yes,no,cellular,jul,fri,474,7,999,0,nonexistent,-1.7,94.215,-40.3,0.822,4991.6,yes
1712,0.863224,yes,High,47,management,married,basic.9y,no,yes,no,cellular,nov,tue,709,2,999,0,nonexistent,-3.4,92.649,-30.1,0.715,5017.5,yes
1713,0.863201,yes,High,57,admin.,single,high.school,no,no,no,cellular,dec,mon,388,1,6,2,success,-3.0,92.713,-33.0,0.715,5023.5,no
1714,0.863172,yes,High,35,services,married,basic.6y,no,no,no,cellular,may,mon,392,2,3,2,success,-1.8,92.893,-46.2,1.354,5099.1,yes
1715,0.863156,yes,High,23,student,single,high.school,no,no,no,cellular,jun,wed,200,2,999,0,nonexistent,-2.9,92.963,-40.8,1.26,5076.2,yes
1716,0.863156,yes,High,39,management,married,university.degree,no,no,no,telephone,apr,tue,325,1,999,2,failure,-1.8,93.749,-34.6,0.646,5008.7,yes
1717,0.863071,yes,High,46,admin.,single,university.degree,no,yes,yes,cellular,dec,tue,324,2,999,0,nonexistent,-3.0,92.713,-33.0,0.715,5023.5,yes
1718,0.863022,yes,High,62,retired,divorced,high.school,no,yes,no,cellular,jun,fri,201,4,999,0,nonexistent,-1.7,94.055,-39.8,0.732,4991.6,no
1719,0.86299,yes,High,32,management,single,university.degree,no,yes,no,cellular,mar,tue,59,1,999,0,nonexistent,-1.8,92.843,-50.0,1.687,5099.1,no
1720,0.86299,yes,High,32,management,single,university.degree,no,yes,no,cellular,mar,tue,164,1,999,0,nonexistent,-1.8,92.843,-50.0,1.687,5099.1,no
1721,0.86299,yes,High,32,management,single,university.degree,no,yes,no,cellular,mar,tue,106,1,999,0,nonexistent,-1.8,92.843,-50.0,1.687,5099.1,yes
1722,0.86292,yes,High,39,admin.,single,high.school,no,yes,no,cellular,mar,tue,100,2,999,0,nonexistent,-1.8,92.843,-50.0,1.687,5099.1,no
1723,0.862878,yes,High,26,student,single,high.school,no,no,no,cellular,oct,fri,373,3,999,0,nonexistent,-3.4,92.431,-26.9,0.72,5017.5,yes
1724,0.862827,yes,High,55,admin.,married,university.degree,no,yes,no,cellular,jul,fri,687,1,999,2,failure,-1.7,94.215,-40.3,0.79,4991.6,yes
1725,0.862807,yes,High,38,technician,married,professional.course,no,yes,no,cellular,mar,fri,119,5,999,0,nonexistent,-1.8,92.843,-50.0,1.726,5099.1,no
1726,0.862769,yes,High,35,admin.,single,university.degree,no,yes,no,cellular,oct,mon,129,1,999,0,nonexistent,-1.1,94.601,-49.5,1.032,4963.6,no
1727,0.862745,yes,High,36,admin.,single,university.degree,no,yes,yes,cellular,jun,wed,1407,1,999,0,nonexistent,-1.7,94.055,-39.8,0.739,4991.6,yes
1728,0.862649,yes,High,50,admin.,married,high.school,no,yes,no,cellular,oct,thu,326,1,999,0,nonexistent,-1.1,94.601,-49.5,0.987,4963.6,yes
1729,0.86255,yes,High,44,admin.,married,university.degree,no,yes,no,cellular,oct,mon,252,1,999,0,nonexistent,-1.1,94.601,-49.5,1.0,4963.6,yes
1730,0.86245,yes,High,22,student,single,basic.9y,no,no,no,cellular,oct,fri,438,1,999,1,failure,-3.4,92.431,-26.9,0.73,5017.5,yes
1731,0.862355,yes,High,39,management,married,university.degree,no,yes,no,cellular,sep,thu,291,3,999,0,nonexistent,-1.1,94.199,-37.5,0.884,4963.6,yes
1732,0.862203,yes,High,45,blue-collar,single,high.school,no,yes,yes,cellular,sep,wed,327,1,999,0,nonexistent,-1.1,94.199,-37.5,0.886,4963.6,yes
1733,0.862181,yes,High,35,admin.,married,university.degree,no,yes,no,cellular,jul,wed,287,2,999,1,failure,-1.7,94.215,-40.3,0.84,4991.6,yes
1734,0.862135,yes,High,36,admin.,married,university.degree,no,no,no,cellular,nov,fri,254,2,999,0,nonexistent,-1.1,94.767,-50.8,1.028,4963.6,no
1735,0.862093,yes,High,47,services,single,unknown,no,unknown,unknown,cellular,mar,thu,394,2,999,0,nonexistent,-1.8,93.369,-34.8,0.643,5008.7,no
1736,0.862082,yes,High,30,technician,single,professional.course,no,yes,no,cellular,sep,fri,789,2,999,0,nonexistent,-1.1,94.199,-37.5,0.883,4963.6,no
1737,0.862012,yes,High,42,unknown,single,university.degree,no,yes,no,cellular,jul,fri,513,1,999,2,failure,-1.7,94.215,-40.3,0.885,4991.6,yes
1738,0.861865,yes,High,34,admin.,married,university.degree,no,yes,no,cellular,dec,tue,195,2,999,0,nonexistent,-3.0,92.713,-33.0,0.707,5023.5,no
1739,0.861786,yes,High,58,housemaid,single,professional.course,no,no,yes,cellular,apr,thu,335,1,999,0,nonexistent,-1.8,93.749,-34.6,0.64,5008.7,yes
1740,0.861747,yes,High,27,services,single,high.school,no,unknown,unknown,cellular,jul,fri,179,1,999,1,failure,-1.7,94.215,-40.3,0.79,4991.6,yes
1741,0.861729,yes,High,42,admin.,married,high.school,no,yes,yes,telephone,oct,fri,103,1,999,0,nonexistent,-0.1,93.798,-40.4,5.045,5195.8,yes
1742,0.861688,yes,High,63,retired,married,basic.4y,no,no,no,cellular,aug,thu,163,1,999,0,nonexistent,-1.7,94.027,-38.3,0.904,4991.6,no
1743,0.861636,yes,High,33,technician,married,professional.course,no,yes,yes,cellular,may,fri,62,2,999,0,nonexistent,-1.8,93.876,-40.0,0.684,5008.7,no
1744,0.861566,yes,High,29,admin.,single,high.school,no,no,no,cellular,aug,fri,384,1,4,3,success,-2.9,92.201,-31.4,0.881,5076.2,no
1745,0.861561,yes,High,36,admin.,married,high.school,no,no,no,cellular,mar,tue,168,1,999,0,nonexistent,-1.8,92.843,-50.0,1.799,5099.1,yes
1746,0.861546,yes,High,27,blue-collar,single,university.degree,no,no,no,cellular,jun,wed,722,2,999,0,nonexistent,-1.7,94.055,-39.8,0.715,4991.6,no
1747,0.861473,yes,High,54,admin.,married,high.school,no,no,no,cellular,apr,mon,220,1,12,1,success,-1.8,93.749,-34.6,0.643,5008.7,no
1748,0.861458,yes,High,45,unemployed,married,professional.course,unknown,no,no,cellular,sep,thu,679,1,999,0,nonexistent,-1.1,94.199,-37.5,0.879,4963.6,yes
1749,0.861445,yes,High,43,admin.,divorced,university.degree,no,no,no,telephone,apr,fri,263,4,999,0,nonexistent,-1.8,93.749,-34.6,0.645,5008.7,yes
1750,0.861425,yes,High,31,admin.,married,professional.course,no,no,no,cellular,aug,mon,318,2,999,0,nonexistent,-1.7,94.027,-38.3,0.896,4991.6,yes
1751,0.861417,yes,High,29,admin.,married,high.school,no,yes,no,cellular,sep,thu,147,3,999,0,nonexistent,-1.1,94.199,-37.5,0.879,4963.6,no
1752,0.861339,yes,High,33,services,single,high.school,no,no,no,cellular,oct,tue,137,1,999,0,nonexistent,-3.4,92.431,-26.9,0.728,5017.5,yes
1753,0.861117,yes,High,59,admin.,married,university.degree,no,yes,no,cellular,aug,wed,443,3,999,0,nonexistent,-1.7,94.027,-38.3,0.903,4991.6,no
1754,0.861116,yes,High,74,retired,married,basic.4y,unknown,yes,no,cellular,aug,mon,467,2,6,1,success,-2.9,92.201,-31.4,0.843,5076.2,yes
1755,0.861059,yes,High,37,unemployed,single,university.degree,no,no,no,cellular,jun,fri,249,2,999,0,nonexistent,-1.7,94.055,-39.8,0.748,4991.6,no
1756,0.860989,yes,High,34,admin.,married,professional.course,no,yes,no,cellular,mar,thu,562,3,999,1,failure,-1.8,93.369,-34.8,0.654,5008.7,yes
1757,0.860864,yes,High,62,blue-collar,married,basic.4y,no,yes,no,cellular,nov,mon,152,1,6,1,success,-3.4,92.649,-30.1,0.719,5017.5,no
1758,0.860841,yes,High,29,unemployed,single,high.school,no,yes,no,cellular,oct,fri,168,2,999,0,nonexistent,-1.1,94.601,-49.5,1.029,4963.6,no
1759,0.860631,yes,High,38,housemaid,divorced,university.degree,no,no,no,cellular,nov,wed,403,2,999,0,nonexistent,-1.1,94.767,-50.8,1.03,4963.6,yes
1760,0.860575,yes,High,27,unknown,single,university.degree,no,yes,no,cellular,jun,wed,121,3,999,0,nonexistent,-1.7,94.055,-39.8,0.767,4991.6,no
1761,0.860542,yes,High,53,management,divorced,university.degree,no,no,no,cellular,jun,mon,345,1,999,0,nonexistent,-1.7,94.055,-39.8,0.754,4991.6,yes
1762,0.860533,yes,High,55,services,divorced,high.school,no,yes,no,cellular,jul,fri,160,3,999,0,nonexistent,-1.7,94.215,-40.3,0.896,4991.6,no
1763,0.860506,yes,High,56,technician,married,high.school,no,no,no,telephone,oct,thu,234,1,999,0,nonexistent,-0.1,93.798,-40.4,4.794,5195.8,yes
1764,0.860403,yes,High,28,admin.,single,high.school,no,yes,no,cellular,mar,fri,102,1,999,0,nonexistent,-1.8,92.843,-50.0,1.531,5099.1,no
1765,0.860403,yes,High,28,admin.,single,high.school,no,yes,no,cellular,mar,fri,342,1,999,0,nonexistent,-1.8,92.843,-50.0,1.531,5099.1,yes
1766,0.860403,yes,High,28,admin.,single,high.school,no,yes,no,cellular,mar,fri,300,1,999,0,nonexistent,-1.8,92.843,-50.0,1.531,5099.1,yes
1767,0.860239,yes,High,21,student,single,high.school,no,yes,no,cellular,jun,mon,270,1,999,0,nonexistent,-1.7,94.055,-39.8,0.72,4991.6,yes
1768,0.860172,yes,High,58,management,married,university.degree,no,yes,no,cellular,nov,thu,193,1,999,0,nonexistent,-1.1,94.767,-50.8,1.041,4963.6,no
1769,0.860067,yes,High,34,management,married,university.degree,no,no,no,cellular,mar,tue,499,1,999,0,nonexistent,-1.8,92.843,-50.0,1.799,5099.1,yes
1770,0.86006,yes,High,82,retired,married,professional.course,no,yes,no,telephone,mar,mon,506,2,999,0,nonexistent,-1.8,93.369,-34.8,0.646,5008.7,yes
1771,0.860055,yes,High,59,services,single,high.school,no,yes,no,cellular,mar,fri,169,2,999,0,nonexistent,-1.8,93.369,-34.8,0.636,5008.7,no
1772,0.859977,yes,High,36,services,married,high.school,no,no,no,cellular,jun,thu,101,3,999,0,nonexistent,-1.7,94.055,-39.8,0.729,4991.6,no
1773,0.859864,yes,High,49,technician,married,university.degree,no,no,no,cellular,may,thu,188,1,999,1,failure,-1.8,93.876,-40.0,0.699,5008.7,no
1774,0.85983,yes,High,21,student,single,high.school,no,yes,no,cellular,oct,fri,149,1,999,0,nonexistent,-3.4,92.431,-26.9,0.73,5017.5,yes
1775,0.859626,yes,High,34,blue-collar,married,basic.9y,no,yes,no,cellular,aug,tue,298,2,999,0,nonexistent,-1.7,94.027,-38.3,0.886,4991.6,no
1776,0.859577,yes,High,27,admin.,married,university.degree,no,yes,no,cellular,jun,mon,262,3,999,0,nonexistent,-1.7,94.055,-39.8,0.72,4991.6,no
1777,0.859557,yes,High,28,technician,single,university.degree,no,yes,no,cellular,apr,fri,148,1,999,0,nonexistent,-1.8,93.749,-34.6,0.663,5008.7,no
1778,0.859545,yes,High,21,student,single,high.school,no,no,no,cellular,mar,tue,220,1,999,0,nonexistent,-1.8,92.843,-50.0,1.614,5099.1,yes
1779,0.859518,yes,High,30,unemployed,single,basic.9y,no,yes,no,cellular,nov,tue,537,1,999,0,nonexistent,-3.4,92.649,-30.1,0.72,5017.5,yes
1780,0.859506,yes,High,24,management,single,university.degree,no,yes,no,cellular,oct,tue,676,2,999,1,failure,-3.4,92.431,-26.9,0.737,5017.5,yes
1781,0.859454,yes,High,32,technician,divorced,professional.course,no,no,no,cellular,mar,tue,115,2,999,0,nonexistent,-1.8,92.843,-50.0,1.556,5099.1,no
1782,0.859386,yes,High,56,unknown,married,unknown,no,no,no,telephone,oct,fri,235,1,999,0,nonexistent,-0.1,93.798,-40.4,5.045,5195.8,yes
1783,0.859296,yes,High,27,admin.,single,university.degree,no,no,no,cellular,oct,mon,278,1,999,0,nonexistent,-1.1,94.601,-49.5,0.977,4963.6,yes
1784,0.859259,yes,High,40,management,divorced,university.degree,no,no,no,cellular,aug,fri,183,1,999,0,nonexistent,-1.7,94.027,-38.3,0.898,4991.6,no
1785,0.859237,yes,High,38,technician,married,university.degree,no,no,no,cellular,mar,tue,261,1,999,0,nonexistent,-1.8,92.843,-50.0,1.687,5099.1,yes
1786,0.859237,yes,High,38,technician,married,university.degree,no,no,no,cellular,mar,tue,59,1,999,0,nonexistent,-1.8,92.843,-50.0,1.687,5099.1,no
1787,0.859216,yes,High,31,admin.,married,university.degree,no,yes,no,cellular,mar,tue,170,3,999,0,nonexistent,-1.8,92.843,-50.0,1.556,5099.1,yes
1788,0.859077,yes,High,34,technician,single,university.degree,no,no,no,cellular,oct,fri,144,1,999,0,nonexistent,-3.4,92.431,-26.9,0.72,5017.5,yes
1789,0.859045,yes,High,26,student,single,high.school,no,yes,no,cellular,aug,fri,155,2,6,2,failure,-2.9,92.201,-31.4,0.825,5076.2,yes
1790,0.858917,yes,High,20,student,single,high.school,no,yes,no,cellular,jun,fri,201,2,999,0,nonexistent,-2.9,92.963,-40.8,1.268,5076.2,yes
1791,0.858901,yes,High,47,self-employed,married,professional.course,no,yes,no,telephone,mar,tue,110,1,999,0,nonexistent,-1.8,93.369,-34.8,0.635,5008.7,yes
1792,0.858861,yes,High,55,technician,married,high.school,no,yes,no,cellular,dec,thu,284,1,999,1,failure,-3.0,92.713,-33.0,0.72,5023.5,yes
1793,0.858838,yes,High,32,technician,married,professional.course,no,yes,no,cellular,aug,wed,44,1,3,1,success,-2.9,92.201,-31.4,0.879,5076.2,no
1794,0.858823,yes,High,40,self-employed,married,university.degree,no,no,yes,cellular,dec,mon,893,1,999,0,nonexistent,-3.0,92.713,-33.0,0.706,5023.5,yes
1795,0.858807,yes,High,60,management,single,university.degree,no,yes,yes,cellular,mar,wed,194,1,999,0,nonexistent,-1.8,92.843,-50.0,1.602,5099.1,yes
1796,0.858683,yes,High,29,self-employed,married,university.degree,no,no,no,cellular,mar,wed,197,2,999,0,nonexistent,-1.8,92.843,-50.0,1.663,5099.1,yes
1797,0.858672,yes,High,31,admin.,married,high.school,no,no,yes,cellular,aug,mon,155,2,4,1,success,-2.9,92.201,-31.4,0.884,5076.2,yes
1798,0.858662,yes,High,44,admin.,divorced,high.school,no,yes,no,telephone,oct,tue,294,1,999,0,nonexistent,-0.1,93.798,-40.4,4.968,5195.8,yes
1799,0.858588,yes,High,46,technician,married,professional.course,no,no,no,cellular,mar,tue,163,2,999,0,nonexistent,-1.8,92.843,-50.0,1.614,5099.1,no
1800,0.85857,yes,High,54,unemployed,married,high.school,no,yes,no,cellular,dec,wed,346,1,999,0,nonexistent,-3.0,92.713,-33.0,0.721,5023.5,yes
1801,0.858538,yes,High,52,technician,married,high.school,no,no,no,cellular,dec,fri,406,1,999,1,failure,-3.0,92.713,-33.0,0.71,5023.5,yes
1802,0.858533,yes,High,56,admin.,divorced,unknown,no,no,no,cellular,dec,wed,205,1,999,0,nonexistent,-3.0,92.713,-33.0,0.715,5023.5,no
1803,0.858521,yes,High,72,retired,married,basic.6y,no,yes,yes,cellular,oct,thu,189,3,999,0,nonexistent,-3.4,92.431,-26.9,0.722,5017.5,yes
1804,0.858506,yes,High,27,technician,single,university.degree,no,no,no,cellular,aug,thu,103,1,4,1,success,-2.9,92.201,-31.4,0.873,5076.2,no
1805,0.858419,yes,High,35,technician,single,professional.course,no,no,no,cellular,jul,mon,562,4,999,0,nonexistent,-1.7,94.215,-40.3,0.827,4991.6,yes
1806,0.858395,yes,High,26,technician,single,university.degree,no,yes,no,cellular,sep,fri,284,3,999,1,failure,-1.1,94.199,-37.5,0.879,4963.6,yes
1807,0.85834,yes,High,51,admin.,married,university.degree,no,no,no,cellular,jul,thu,396,4,999,1,failure,-1.7,94.215,-40.3,0.899,4991.6,yes
1808,0.858328,yes,High,38,blue-collar,single,high.school,no,yes,no,telephone,mar,wed,557,1,999,0,nonexistent,-1.8,93.369,-34.8,0.655,5008.7,yes
1809,0.858316,yes,High,28,admin.,single,high.school,no,yes,no,cellular,mar,fri,78,2,999,0,nonexistent,-1.8,92.843,-50.0,1.531,5099.1,no
1810,0.858188,yes,High,38,technician,married,professional.course,no,yes,no,cellular,mar,thu,182,1,999,0,nonexistent,-1.8,92.843,-50.0,1.757,5099.1,yes
1811,0.85818,yes,High,26,admin.,single,university.degree,no,no,no,cellular,mar,fri,81,1,7,4,failure,-1.8,93.369,-34.8,0.636,5008.7,no
1812,0.858174,yes,High,35,technician,single,university.degree,no,no,no,cellular,jun,mon,516,1,999,0,nonexistent,-1.7,94.055,-39.8,0.72,4991.6,no
1813,0.857957,yes,High,38,technician,married,university.degree,no,no,no,cellular,dec,wed,415,1,999,2,failure,-3.0,92.713,-33.0,0.721,5023.5,yes
1814,0.85789,yes,High,23,blue-collar,single,high.school,no,no,no,cellular,jul,fri,104,2,999,0,nonexistent,-2.9,92.469,-33.6,1.007,5076.2,yes
1815,0.857885,yes,High,27,self-employed,single,university.degree,no,no,no,telephone,oct,fri,24,1,999,0,nonexistent,-0.1,93.798,-40.4,5.045,5195.8,no
1816,0.857844,yes,High,32,admin.,married,university.degree,no,yes,no,cellular,nov,wed,236,3,999,0,nonexistent,-1.1,94.767,-50.8,1.03,4963.6,no
1817,0.857833,yes,High,84,retired,divorced,basic.4y,unknown,yes,yes,cellular,oct,mon,138,4,3,1,success,-1.1,94.601,-49.5,1.0,4963.6,no
1818,0.857668,yes,High,50,admin.,married,university.degree,no,no,yes,cellular,aug,thu,460,1,15,2,failure,-2.9,92.201,-31.4,0.829,5076.2,yes
1819,0.857378,yes,High,48,technician,married,professional.course,no,yes,no,cellular,oct,thu,235,1,999,0,nonexistent,-1.1,94.601,-49.5,0.987,4963.6,no
1820,0.857292,yes,High,34,housemaid,single,basic.4y,no,yes,no,cellular,nov,tue,393,4,999,0,nonexistent,-3.4,92.649,-30.1,0.715,5017.5,yes
1821,0.857248,yes,High,49,admin.,single,high.school,no,no,no,cellular,oct,fri,165,1,999,1,failure,-3.4,92.431,-26.9,0.739,5017.5,no
1822,0.85724,yes,High,64,retired,married,professional.course,no,yes,no,cellular,sep,wed,222,2,999,0,nonexistent,-1.1,94.199,-37.5,0.886,4963.6,yes
1823,0.857149,yes,High,65,retired,married,professional.course,no,yes,no,cellular,aug,tue,170,2,999,0,nonexistent,-1.7,94.027,-38.3,0.904,4991.6,no
1824,0.857016,yes,High,28,self-employed,single,university.degree,no,yes,no,cellular,mar,fri,41,1,999,0,nonexistent,-1.8,92.843,-50.0,1.64,5099.1,no
1825,0.856976,yes,High,66,retired,married,high.school,no,unknown,unknown,cellular,mar,tue,881,3,999,1,failure,-1.8,93.369,-34.8,0.646,5008.7,yes
1826,0.856937,yes,High,51,admin.,single,high.school,no,yes,no,telephone,jul,wed,372,1,999,0,nonexistent,-2.9,92.469,-33.6,1.085,5076.2,yes
1827,0.856913,yes,High,31,admin.,single,university.degree,no,yes,no,cellular,nov,wed,228,1,999,0,nonexistent,-1.1,94.767,-50.8,1.048,4963.6,no
1828,0.856892,yes,High,32,technician,divorced,professional.course,no,yes,no,cellular,mar,tue,144,2,999,0,nonexistent,-1.8,92.843,-50.0,1.556,5099.1,yes
1829,0.856681,yes,High,29,admin.,single,high.school,no,no,no,cellular,jul,fri,446,1,999,0,nonexistent,-2.9,92.469,-33.6,1.059,5076.2,yes
1830,0.85659,yes,High,82,retired,single,basic.4y,no,yes,no,cellular,oct,thu,185,2,999,0,nonexistent,-3.4,92.431,-26.9,0.722,5017.5,no
1831,0.85659,yes,High,82,retired,single,basic.4y,no,yes,no,cellular,oct,thu,251,2,999,0,nonexistent,-3.4,92.431,-26.9,0.722,5017.5,yes
1832,0.856588,yes,High,26,management,single,university.degree,no,yes,no,cellular,mar,thu,119,1,999,0,nonexistent,-1.8,92.843,-50.0,1.65,5099.1,yes
1833,0.856506,yes,High,46,admin.,single,high.school,no,no,no,cellular,aug,thu,329,2,9,4,failure,-1.7,94.027,-38.3,0.904,4991.6,no
1834,0.856494,yes,High,33,technician,married,university.degree,no,yes,no,cellular,mar,tue,56,2,999,0,nonexistent,-1.8,92.843,-50.0,1.687,5099.1,no
1835,0.856388,yes,High,44,technician,married,university.degree,no,yes,no,telephone,jun,wed,712,1,6,3,failure,-1.7,94.055,-39.8,0.715,4991.6,yes
1836,0.856378,yes,High,19,student,single,basic.6y,no,no,no,cellular,mar,tue,136,1,999,0,nonexistent,-1.8,92.843,-50.0,1.556,5099.1,yes
1837,0.856373,yes,High,81,retired,married,basic.6y,no,no,no,cellular,aug,thu,189,2,4,1,success,-2.9,92.201,-31.4,0.873,5076.2,no
1838,0.856356,yes,High,34,technician,single,university.degree,no,no,no,cellular,mar,thu,251,1,999,2,failure,-1.8,93.369,-34.8,0.654,5008.7,yes
1839,0.856329,yes,High,48,technician,married,university.degree,no,yes,yes,cellular,oct,tue,337,2,999,0,nonexistent,-1.1,94.601,-49.5,1.008,4963.6,yes
1840,0.856219,yes,High,41,admin.,married,university.degree,no,yes,no,cellular,nov,fri,252,4,999,0,nonexistent,-1.1,94.767,-50.8,1.04,4963.6,yes
1841,0.856012,yes,High,25,blue-collar,single,basic.9y,no,no,no,cellular,mar,thu,117,2,999,0,nonexistent,-1.8,93.369,-34.8,0.654,5008.7,no
1842,0.856009,yes,High,25,admin.,single,university.degree,no,no,yes,cellular,apr,fri,207,1,999,0,nonexistent,-1.8,93.749,-34.6,0.645,5008.7,no
1843,0.855982,yes,High,64,unknown,married,unknown,no,no,no,cellular,nov,mon,78,1,3,3,success,-1.1,94.767,-50.8,1.048,4963.6,no
1844,0.855968,yes,High,33,technician,single,university.degree,no,yes,no,cellular,mar,tue,325,1,999,0,nonexistent,-1.8,92.843,-50.0,1.614,5099.1,no
1845,0.855921,yes,High,51,services,married,high.school,no,no,yes,cellular,nov,mon,120,2,3,4,success,-1.1,94.767,-50.8,1.05,4963.6,no
1846,0.855781,yes,High,24,student,single,high.school,no,yes,no,cellular,jun,thu,530,1,999,0,nonexistent,-1.7,94.055,-39.8,0.729,4991.6,no
1847,0.855749,yes,High,29,self-employed,married,university.degree,no,no,no,cellular,mar,wed,101,1,999,0,nonexistent,-1.8,92.843,-50.0,1.663,5099.1,no
1848,0.855749,yes,High,29,self-employed,married,university.degree,no,no,no,cellular,mar,wed,74,1,999,0,nonexistent,-1.8,92.843,-50.0,1.663,5099.1,no
1849,0.855653,yes,High,39,technician,single,university.degree,unknown,no,yes,cellular,oct,fri,125,1,999,0,nonexistent,-3.4,92.431,-26.9,0.72,5017.5,yes
1850,0.855634,yes,High,35,management,married,university.degree,no,yes,no,cellular,jun,mon,150,3,999,0,nonexistent,-1.7,94.055,-39.8,0.754,4991.6,no
1851,0.855583,yes,High,62,retired,married,basic.4y,no,no,no,cellular,aug,mon,317,1,9,2,failure,-1.7,94.027,-38.3,0.898,4991.6,yes
1852,0.855581,yes,High,21,student,single,unknown,no,no,no,cellular,sep,thu,150,1,999,0,nonexistent,-1.1,94.199,-37.5,0.878,4963.6,no
1853,0.855567,yes,High,51,blue-collar,married,professional.course,no,yes,no,cellular,dec,wed,241,3,999,0,nonexistent,-3.0,92.713,-33.0,0.7,5023.5,yes
1854,0.855513,yes,High,54,retired,married,basic.4y,no,no,no,cellular,oct,thu,377,1,999,0,nonexistent,-3.4,92.431,-26.9,0.722,5017.5,yes
1855,0.855507,yes,High,21,student,single,high.school,no,yes,no,cellular,jun,mon,202,2,999,0,nonexistent,-2.9,92.963,-40.8,1.266,5076.2,yes
1856,0.855491,yes,High,52,admin.,married,university.degree,no,no,yes,telephone,apr,thu,395,3,999,0,nonexistent,-1.8,93.749,-34.6,0.659,5008.7,yes
1857,0.855462,yes,High,43,technician,divorced,unknown,no,no,no,cellular,jul,fri,377,1,999,1,failure,-1.7,94.215,-40.3,0.861,4991.6,no
1858,0.855362,yes,High,31,admin.,married,university.degree,no,yes,no,telephone,oct,mon,131,1,999,0,nonexistent,-0.1,93.798,-40.4,4.912,5195.8,yes
1859,0.85532,yes,High,29,technician,married,high.school,no,no,no,cellular,jun,fri,157,2,999,0,nonexistent,-2.9,92.963,-40.8,1.268,5076.2,yes
1860,0.855256,yes,High,28,blue-collar,single,basic.9y,no,yes,no,cellular,apr,thu,315,1,2,1,success,-1.8,93.075,-47.1,1.365,5099.1,yes
1861,0.854972,yes,High,54,retired,married,basic.4y,no,no,yes,cellular,oct,thu,164,2,999,0,nonexistent,-3.4,92.431,-26.9,0.722,5017.5,yes
1862,0.854939,yes,High,25,unemployed,married,high.school,no,no,no,cellular,jun,thu,125,2,999,0,nonexistent,-2.9,92.963,-40.8,1.26,5076.2,no
1863,0.854815,yes,High,57,housemaid,married,basic.4y,no,yes,no,telephone,apr,wed,595,3,999,1,failure,-1.8,93.749,-34.6,0.642,5008.7,yes
1864,0.854774,yes,High,44,unemployed,married,high.school,no,yes,no,cellular,aug,thu,143,1,3,1,success,-2.9,92.201,-31.4,0.873,5076.2,no
1865,0.854772,yes,High,21,student,single,high.school,no,no,no,cellular,jun,wed,295,4,999,0,nonexistent,-2.9,92.963,-40.8,1.26,5076.2,no
1866,0.854742,yes,High,29,technician,single,university.degree,no,yes,no,cellular,dec,mon,264,2,999,0,nonexistent,-3.0,92.713,-33.0,0.709,5023.5,yes
1867,0.854701,yes,High,48,unemployed,married,professional.course,no,yes,no,cellular,sep,mon,315,2,999,0,nonexistent,-1.1,94.199,-37.5,0.879,4963.6,yes
1868,0.854653,yes,High,48,services,married,basic.6y,no,no,no,cellular,sep,mon,188,2,999,0,nonexistent,-1.1,94.199,-37.5,0.879,4963.6,yes
1869,0.854652,yes,High,29,services,single,unknown,no,yes,no,cellular,apr,thu,1241,5,999,0,nonexistent,-1.8,93.749,-34.6,0.659,5008.7,yes
1870,0.854636,yes,High,23,student,single,high.school,no,yes,no,cellular,aug,thu,784,3,15,3,failure,-2.9,92.201,-31.4,0.873,5076.2,yes
1871,0.854589,yes,High,60,admin.,married,unknown,no,no,no,cellular,nov,tue,333,2,999,0,nonexistent,-1.1,94.767,-50.8,1.046,4963.6,no
1872,0.854527,yes,High,32,admin.,single,professional.course,no,yes,no,cellular,mar,tue,159,2,999,0,nonexistent,-1.8,92.843,-50.0,1.614,5099.1,no
1873,0.85451,yes,High,22,student,single,high.school,no,no,no,cellular,oct,fri,154,2,999,1,failure,-3.4,92.431,-26.9,0.739,5017.5,yes
1874,0.854476,yes,High,71,retired,married,basic.4y,no,no,no,cellular,oct,tue,207,1,999,0,nonexistent,-3.4,92.431,-26.9,0.728,5017.5,yes
1875,0.854476,yes,High,71,retired,married,basic.4y,no,no,no,cellular,oct,tue,353,1,999,0,nonexistent,-3.4,92.431,-26.9,0.728,5017.5,yes
1876,0.854469,yes,High,28,technician,single,professional.course,no,no,yes,cellular,aug,wed,162,1,3,1,success,-2.9,92.201,-31.4,0.879,5076.2,no
1877,0.854469,yes,High,40,admin.,married,university.degree,no,no,no,cellular,aug,mon,246,1,3,1,success,-2.9,92.201,-31.4,0.884,5076.2,no
1878,0.854451,yes,High,63,management,married,basic.4y,unknown,yes,no,cellular,nov,tue,131,4,999,2,failure,-3.4,92.649,-30.1,0.715,5017.5,yes
1879,0.854386,yes,High,38,technician,single,university.degree,no,yes,no,cellular,jun,mon,737,6,999,0,nonexistent,-1.7,94.055,-39.8,0.754,4991.6,yes
1880,0.854363,yes,High,34,technician,married,professional.course,no,yes,no,cellular,nov,tue,336,4,999,0,nonexistent,-3.4,92.649,-30.1,0.715,5017.5,yes
1881,0.854315,yes,High,50,blue-collar,married,basic.4y,no,no,no,cellular,aug,mon,123,2,15,1,success,-2.9,92.201,-31.4,0.861,5076.2,no
1882,0.854311,yes,High,64,retired,married,basic.9y,no,yes,no,cellular,aug,mon,79,2,3,1,success,-2.9,92.201,-31.4,0.843,5076.2,no
1883,0.854309,yes,High,28,self-employed,single,university.degree,no,yes,no,cellular,mar,fri,186,2,999,0,nonexistent,-1.8,92.843,-50.0,1.64,5099.1,no
1884,0.854223,yes,High,28,admin.,single,high.school,no,no,no,cellular,mar,fri,347,2,999,0,nonexistent,-1.8,92.843,-50.0,1.531,5099.1,yes
1885,0.854223,yes,High,28,admin.,single,high.school,no,no,no,cellular,mar,fri,144,2,999,0,nonexistent,-1.8,92.843,-50.0,1.531,5099.1,no
1886,0.854191,yes,High,30,student,single,high.school,no,yes,yes,cellular,apr,mon,102,3,10,1,success,-1.8,93.749,-34.6,0.645,5008.7,no
1887,0.853972,yes,High,39,services,single,high.school,no,yes,no,cellular,aug,fri,308,6,999,0,nonexistent,-1.7,94.027,-38.3,0.898,4991.6,yes
1888,0.853966,yes,High,55,admin.,married,high.school,no,no,no,telephone,oct,mon,317,2,10,3,success,-1.1,94.601,-49.5,0.977,4963.6,no
1889,0.853951,yes,High,33,services,single,high.school,no,yes,no,cellular,oct,tue,189,2,999,0,nonexistent,-3.4,92.431,-26.9,0.728,5017.5,no
1890,0.853918,yes,High,32,management,single,university.degree,no,no,yes,cellular,mar,thu,167,1,999,0,nonexistent,-1.8,92.843,-50.0,1.584,5099.1,yes
1891,0.853768,yes,High,68,retired,divorced,professional.course,no,yes,no,cellular,oct,tue,418,2,999,0,nonexistent,-3.4,92.431,-26.9,0.728,5017.5,yes
1892,0.853695,yes,High,22,services,single,professional.course,no,no,no,cellular,jul,tue,363,1,999,1,failure,-1.7,94.215,-40.3,0.835,4991.6,yes
1893,0.85369,yes,High,21,student,single,university.degree,no,no,no,cellular,jun,fri,493,2,999,0,nonexistent,-2.9,92.963,-40.8,1.268,5076.2,yes
1894,0.853671,yes,High,71,retired,married,basic.4y,no,no,no,cellular,nov,tue,71,2,999,1,failure,-3.4,92.649,-30.1,0.715,5017.5,no
1895,0.853492,yes,High,59,admin.,married,university.degree,no,no,no,telephone,oct,tue,85,1,999,0,nonexistent,-0.1,93.798,-40.4,4.968,5195.8,yes
1896,0.853361,yes,High,59,unemployed,married,basic.9y,no,yes,no,cellular,mar,mon,254,2,999,0,nonexistent,-1.8,93.369,-34.8,0.639,5008.7,yes
1897,0.853318,yes,High,26,admin.,single,university.degree,no,no,yes,cellular,jun,thu,224,1,999,0,nonexistent,-2.9,92.963,-40.8,1.26,5076.2,yes
1898,0.853279,yes,High,43,blue-collar,married,basic.9y,no,no,no,telephone,oct,tue,10,1,999,0,nonexistent,-0.1,93.798,-40.4,4.86,5195.8,no
1899,0.853216,yes,High,63,technician,married,unknown,no,yes,no,cellular,dec,mon,510,2,999,1,failure,-3.0,92.713,-33.0,0.715,5023.5,yes
1900,0.853189,yes,High,35,technician,divorced,professional.course,no,yes,yes,cellular,jun,wed,181,1,999,0,nonexistent,-1.7,94.055,-39.8,0.739,4991.6,no
1901,0.85318,yes,High,39,technician,married,professional.course,no,yes,no,cellular,jul,thu,202,1,999,1,failure,-1.7,94.215,-40.3,0.81,4991.6,no
1902,0.853055,yes,High,36,admin.,married,high.school,no,yes,no,cellular,mar,wed,114,6,999,0,nonexistent,-1.8,93.369,-34.8,0.655,5008.7,no
1903,0.853039,yes,High,29,technician,single,university.degree,no,no,no,cellular,nov,mon,240,1,4,1,success,-1.1,94.767,-50.8,1.05,4963.6,no
1904,0.853003,yes,High,55,admin.,married,high.school,no,yes,no,cellular,mar,wed,106,2,999,1,failure,-1.8,93.369,-34.8,0.651,5008.7,yes
1905,0.852964,yes,High,80,retired,married,basic.4y,no,no,no,telephone,jul,thu,552,2,999,0,nonexistent,-1.7,94.215,-40.3,0.846,4991.6,yes
1906,0.852963,yes,High,32,admin.,married,high.school,no,no,no,cellular,sep,mon,169,2,999,0,nonexistent,-1.1,94.199,-37.5,0.879,4963.6,no
1907,0.852939,yes,High,69,retired,married,basic.4y,no,yes,yes,cellular,oct,fri,257,3,999,0,nonexistent,-3.4,92.431,-26.9,0.72,5017.5,yes
1908,0.852929,yes,High,33,admin.,single,university.degree,no,no,no,cellular,oct,thu,410,1,999,1,failure,-3.4,92.431,-26.9,0.722,5017.5,yes
1909,0.852914,yes,High,56,retired,divorced,university.degree,no,yes,no,cellular,jun,mon,164,1,3,1,success,-2.9,92.963,-40.8,1.266,5076.2,no
1910,0.852873,yes,High,41,admin.,divorced,high.school,no,yes,yes,cellular,aug,thu,98,3,999,0,nonexistent,-1.7,94.027,-38.3,0.904,4991.6,no
1911,0.85274,yes,High,28,admin.,married,high.school,no,no,no,cellular,nov,tue,406,2,999,0,nonexistent,-3.4,92.649,-30.1,0.715,5017.5,yes
1912,0.852675,yes,High,28,self-employed,married,professional.course,no,yes,no,cellular,nov,tue,179,1,999,0,nonexistent,-3.4,92.649,-30.1,0.72,5017.5,yes
1913,0.852583,yes,High,48,unemployed,single,basic.9y,no,yes,no,cellular,apr,thu,242,1,2,1,success,-1.8,93.075,-47.1,1.365,5099.1,yes
1914,0.852547,yes,High,67,retired,married,basic.4y,no,yes,no,cellular,nov,thu,39,3,999,0,nonexistent,-3.4,92.649,-30.1,0.714,5017.5,no
1915,0.852474,yes,High,31,admin.,single,university.degree,no,no,yes,cellular,nov,wed,212,2,3,6,success,-1.1,94.767,-50.8,1.048,4963.6,no
1916,0.852461,yes,High,32,admin.,married,high.school,no,yes,no,cellular,sep,mon,1298,1,999,0,nonexistent,-1.1,94.199,-37.5,0.879,4963.6,yes
1917,0.852454,yes,High,25,services,single,high.school,no,yes,no,telephone,oct,thu,301,1,999,0,nonexistent,-0.1,93.798,-40.4,4.921,5195.8,yes
1918,0.852343,yes,High,49,admin.,single,high.school,no,yes,no,telephone,oct,fri,434,1,999,1,failure,-3.4,92.431,-26.9,0.739,5017.5,yes
1919,0.85202,yes,High,57,blue-collar,divorced,basic.4y,no,no,no,cellular,jun,mon,233,1,12,1,success,-2.9,92.963,-40.8,1.266,5076.2,no
1920,0.851989,yes,High,36,admin.,divorced,university.degree,no,yes,yes,cellular,sep,fri,157,3,999,0,nonexistent,-1.1,94.199,-37.5,0.879,4963.6,no
1921,0.851961,yes,High,41,self-employed,married,university.degree,no,unknown,unknown,telephone,dec,wed,595,1,999,0,nonexistent,-3.0,92.713,-33.0,0.715,5023.5,yes
1922,0.851854,yes,High,55,admin.,married,university.degree,no,yes,yes,cellular,jul,fri,129,2,999,1,failure,-1.7,94.215,-40.3,0.79,4991.6,no
1923,0.851656,yes,High,50,blue-collar,married,basic.6y,no,yes,no,cellular,may,mon,293,3,3,1,success,-1.8,92.893,-46.2,1.354,5099.1,yes
1924,0.851535,yes,High,69,entrepreneur,married,high.school,no,no,no,cellular,jun,wed,140,2,999,0,nonexistent,-2.9,92.963,-40.8,1.26,5076.2,yes
1925,0.851535,yes,High,69,entrepreneur,married,high.school,no,no,no,cellular,jun,wed,144,2,999,0,nonexistent,-2.9,92.963,-40.8,1.26,5076.2,yes
1926,0.85145,yes,High,38,technician,single,high.school,no,no,no,cellular,mar,fri,154,3,17,3,failure,-1.8,93.369,-34.8,0.653,5008.7,no
1927,0.851441,yes,High,25,student,single,university.degree,no,yes,yes,cellular,jun,thu,393,2,999,0,nonexistent,-2.9,92.963,-40.8,1.235,5076.2,yes
1928,0.851392,yes,High,79,retired,married,basic.4y,no,no,yes,cellular,jul,fri,464,1,999,1,failure,-1.7,94.215,-40.3,0.822,4991.6,yes
1929,0.851358,yes,High,51,admin.,divorced,high.school,no,yes,yes,cellular,nov,tue,334,2,6,4,failure,-1.1,94.767,-50.8,1.049,4963.6,yes
1930,0.851328,yes,High,24,student,single,high.school,no,yes,yes,cellular,jun,thu,344,1,999,0,nonexistent,-1.7,94.055,-39.8,0.729,4991.6,no
1931,0.851312,yes,High,30,blue-collar,married,high.school,no,yes,no,telephone,mar,tue,904,1,999,0,nonexistent,-1.8,93.369,-34.8,0.655,5008.7,yes
1932,0.851293,yes,High,29,services,single,unknown,no,yes,no,cellular,apr,thu,226,2,999,0,nonexistent,-1.8,93.749,-34.6,0.659,5008.7,yes
1933,0.851283,yes,High,32,admin.,single,university.degree,no,yes,no,cellular,dec,tue,215,2,999,0,nonexistent,-3.0,92.713,-33.0,0.707,5023.5,no
1934,0.851283,yes,High,32,admin.,single,university.degree,no,yes,no,cellular,dec,tue,449,2,999,0,nonexistent,-3.0,92.713,-33.0,0.707,5023.5,yes
1935,0.851277,yes,High,78,retired,married,professional.course,no,yes,no,cellular,nov,wed,103,1,999,0,nonexistent,-3.4,92.649,-30.1,0.716,5017.5,no
1936,0.851129,yes,High,73,retired,divorced,professional.course,unknown,yes,no,cellular,jul,thu,131,2,999,0,nonexistent,-1.7,94.215,-40.3,0.81,4991.6,no
1937,0.851114,yes,High,38,unemployed,single,high.school,no,yes,no,cellular,dec,mon,1002,3,10,1,success,-3.0,92.713,-33.0,0.717,5023.5,no
1938,0.851009,yes,High,71,retired,married,university.degree,no,yes,no,cellular,aug,thu,134,1,999,0,nonexistent,-1.7,94.027,-38.3,0.904,4991.6,no
1939,0.850967,yes,High,73,retired,married,professional.course,no,yes,no,cellular,nov,fri,334,1,999,0,nonexistent,-1.1,94.767,-50.8,1.028,4963.6,yes
1940,0.850878,yes,High,37,unemployed,married,university.degree,no,yes,no,cellular,oct,thu,249,2,999,1,failure,-3.4,92.431,-26.9,0.733,5017.5,yes
1941,0.850865,yes,High,31,unemployed,single,high.school,no,yes,no,cellular,jun,thu,167,3,999,0,nonexistent,-1.7,94.055,-39.8,0.742,4991.6,no
1942,0.850763,yes,High,60,retired,married,basic.4y,unknown,yes,no,cellular,oct,fri,59,1,999,0,nonexistent,-3.4,92.431,-26.9,0.72,5017.5,no
1943,0.850712,yes,High,35,services,married,basic.6y,no,no,no,cellular,may,mon,592,1,3,1,success,-1.8,92.893,-46.2,1.354,5099.1,yes
1944,0.850615,yes,High,79,retired,married,high.school,no,yes,no,cellular,may,thu,196,2,999,0,nonexistent,-1.8,93.876,-40.0,0.699,5008.7,no
1945,0.850434,yes,High,61,admin.,married,high.school,no,yes,no,cellular,apr,tue,196,1,999,1,failure,-1.8,93.749,-34.6,0.638,5008.7,yes
1946,0.850409,yes,High,86,retired,married,basic.4y,no,yes,no,cellular,sep,tue,288,3,999,0,nonexistent,-1.1,94.199,-37.5,0.881,4963.6,yes
1947,0.85031,yes,High,39,unemployed,single,high.school,no,yes,no,cellular,jul,fri,240,3,999,0,nonexistent,-1.7,94.215,-40.3,0.896,4991.6,no
1948,0.850295,yes,High,59,retired,divorced,basic.4y,no,no,yes,cellular,jul,mon,210,3,999,2,failure,-1.7,94.215,-40.3,0.827,4991.6,yes
1949,0.850068,yes,High,38,admin.,married,high.school,no,yes,no,cellular,aug,mon,470,1,6,2,failure,-2.9,92.201,-31.4,0.821,5076.2,yes
1950,0.850043,yes,High,38,technician,married,professional.course,no,yes,yes,cellular,mar,thu,63,2,999,0,nonexistent,-1.8,92.843,-50.0,1.757,5099.1,yes
1951,0.850041,yes,High,38,admin.,married,university.degree,no,no,no,cellular,aug,wed,236,1,4,1,success,-2.9,92.201,-31.4,0.879,5076.2,no
1952,0.850038,yes,High,37,student,divorced,university.degree,no,yes,no,cellular,may,thu,489,1,999,1,failure,-1.8,93.876,-40.0,0.699,5008.7,yes
1953,0.85,yes,High,43,admin.,married,university.degree,no,yes,no,cellular,nov,tue,255,1,999,0,nonexistent,-3.4,92.649,-30.1,0.715,5017.5,yes
1954,0.84999,yes,High,65,management,married,university.degree,no,yes,no,cellular,jul,mon,183,1,999,2,failure,-1.7,94.215,-40.3,0.889,4991.6,yes
1955,0.849809,yes,High,45,admin.,married,university.degree,no,no,no,cellular,aug,wed,363,1,4,2,success,-2.9,92.201,-31.4,0.879,5076.2,no
1956,0.849797,yes,High,53,management,divorced,university.degree,no,yes,yes,cellular,apr,thu,126,6,999,0,nonexistent,-1.8,93.749,-34.6,0.64,5008.7,no
1957,0.849722,yes,High,34,admin.,married,university.degree,no,yes,no,cellular,jul,thu,344,1,999,2,failure,-1.7,94.215,-40.3,0.81,4991.6,yes
1958,0.84965,yes,High,24,admin.,single,university.degree,no,no,no,cellular,jun,fri,255,2,999,0,nonexistent,-2.9,92.963,-40.8,1.268,5076.2,yes
1959,0.849544,yes,High,69,retired,married,basic.4y,no,yes,no,cellular,oct,thu,124,1,999,0,nonexistent,-3.4,92.431,-26.9,0.722,5017.5,yes
1960,0.849507,yes,High,72,retired,married,basic.4y,no,yes,no,cellular,jul,fri,582,2,999,1,failure,-1.7,94.215,-40.3,0.822,4991.6,no
1961,0.849484,yes,High,50,technician,married,high.school,no,no,no,cellular,dec,mon,620,3,999,0,nonexistent,-3.0,92.713,-33.0,0.717,5023.5,yes
1962,0.849478,yes,High,46,blue-collar,married,professional.course,no,no,no,cellular,nov,fri,383,1,999,0,nonexistent,-1.1,94.767,-50.8,1.028,4963.6,no
1963,0.849476,yes,High,36,admin.,married,high.school,no,yes,no,cellular,mar,thu,220,3,999,0,nonexistent,-1.8,92.843,-50.0,1.584,5099.1,yes
1964,0.849469,yes,High,38,services,single,high.school,no,no,no,cellular,sep,fri,256,2,999,0,nonexistent,-1.1,94.199,-37.5,0.878,4963.6,yes
1965,0.849463,yes,High,76,retired,divorced,basic.4y,no,yes,no,cellular,may,mon,168,1,999,1,failure,-1.8,93.876,-40.0,0.697,5008.7,yes
1966,0.849432,yes,High,56,unemployed,married,basic.9y,no,no,no,cellular,may,mon,540,1,999,1,failure,-1.8,93.876,-40.0,0.701,5008.7,yes
1967,0.849394,yes,High,52,housemaid,married,high.school,no,no,no,cellular,oct,tue,297,1,999,2,failure,-3.4,92.431,-26.9,0.728,5017.5,yes
1968,0.849339,yes,High,29,unemployed,married,basic.4y,no,no,no,telephone,dec,thu,805,1,999,0,nonexistent,-3.0,92.713,-33.0,0.714,5023.5,yes
1969,0.849287,yes,High,71,management,married,university.degree,no,yes,no,cellular,oct,thu,127,3,999,2,failure,-3.4,92.431,-26.9,0.733,5017.5,yes
1970,0.849138,yes,High,26,admin.,single,high.school,no,yes,no,cellular,jul,fri,251,1,999,1,failure,-1.7,94.215,-40.3,0.885,4991.6,yes
1971,0.849113,yes,High,29,admin.,single,university.degree,no,no,no,cellular,mar,mon,287,2,999,0,nonexistent,-1.8,93.369,-34.8,0.646,5008.7,no
1972,0.84908,yes,High,39,unemployed,single,high.school,no,yes,no,cellular,jul,fri,90,2,999,0,nonexistent,-1.7,94.215,-40.3,0.896,4991.6,no
1973,0.849056,yes,High,29,self-employed,single,university.degree,no,yes,yes,cellular,sep,wed,95,2,999,0,nonexistent,-1.1,94.199,-37.5,0.886,4963.6,no
1974,0.849023,yes,High,50,technician,married,high.school,no,yes,no,cellular,dec,mon,229,1,999,1,failure,-3.0,92.713,-33.0,0.717,5023.5,yes
1975,0.848799,yes,High,26,admin.,single,university.degree,no,yes,no,telephone,dec,wed,395,1,999,0,nonexistent,-3.0,92.713,-33.0,0.715,5023.5,yes
1976,0.848792,yes,High,28,student,single,high.school,no,yes,no,cellular,jun,mon,1144,2,999,0,nonexistent,-2.9,92.963,-40.8,1.266,5076.2,yes
1977,0.848635,yes,High,36,management,married,basic.6y,no,yes,no,cellular,oct,tue,332,1,999,1,failure,-3.4,92.431,-26.9,0.737,5017.5,yes
1978,0.848558,yes,High,39,blue-collar,married,basic.6y,no,yes,no,telephone,jul,fri,25,1,14,1,success,-1.7,94.215,-40.3,0.79,4991.6,no
1979,0.848533,yes,High,37,management,single,university.degree,no,no,no,cellular,oct,thu,570,1,999,1,failure,-3.4,92.431,-26.9,0.74,5017.5,yes
1980,0.848506,yes,High,27,housemaid,married,high.school,no,yes,no,cellular,mar,fri,378,1,999,0,nonexistent,-1.8,92.843,-50.0,1.531,5099.1,yes
1981,0.84842,yes,High,29,self-employed,married,university.degree,no,yes,no,cellular,mar,wed,95,4,999,0,nonexistent,-1.8,92.843,-50.0,1.663,5099.1,yes
1982,0.848418,yes,High,49,technician,single,professional.course,no,yes,no,cellular,jun,mon,68,1,3,1,success,-2.9,92.963,-40.8,1.215,5076.2,no
1983,0.848406,yes,High,37,unemployed,single,university.degree,no,yes,no,cellular,mar,fri,432,1,999,0,nonexistent,-1.8,92.843,-50.0,1.64,5099.1,no
1984,0.848405,yes,High,29,technician,married,high.school,no,no,no,cellular,jun,fri,397,1,999,0,nonexistent,-2.9,92.963,-40.8,1.268,5076.2,yes
1985,0.848404,yes,High,31,student,married,high.school,no,yes,no,cellular,dec,wed,158,3,999,0,nonexistent,-3.0,92.713,-33.0,0.7,5023.5,no
1986,0.848356,yes,High,47,housemaid,single,professional.course,no,yes,no,cellular,jun,mon,67,1,3,1,success,-2.9,92.963,-40.8,1.215,5076.2,no
1987,0.848303,yes,High,75,retired,married,basic.9y,no,no,no,cellular,mar,mon,153,2,999,0,nonexistent,-1.8,93.369,-34.8,0.639,5008.7,no
1988,0.848267,yes,High,38,technician,married,university.degree,no,yes,no,cellular,mar,tue,122,1,999,0,nonexistent,-1.8,92.843,-50.0,1.687,5099.1,yes
1989,0.848264,yes,High,31,student,single,unknown,no,no,no,cellular,may,thu,243,2,999,1,failure,-1.8,93.876,-40.0,0.677,5008.7,yes
1990,0.848237,yes,High,39,technician,married,university.degree,no,no,yes,cellular,jun,tue,434,2,999,1,failure,-1.7,94.055,-39.8,0.702,4991.6,yes
1991,0.848232,yes,High,28,blue-collar,single,high.school,no,no,no,cellular,mar,thu,247,1,999,0,nonexistent,-1.8,93.369,-34.8,0.635,5008.7,no
1992,0.848199,yes,High,27,admin.,single,university.degree,unknown,no,yes,cellular,jul,mon,537,1,999,0,nonexistent,-1.7,94.215,-40.3,0.827,4991.6,yes
1993,0.848078,yes,High,33,admin.,single,university.degree,no,yes,no,cellular,apr,mon,143,1,999,0,nonexistent,-1.8,93.749,-34.6,0.642,5008.7,no
1994,0.848078,yes,High,33,admin.,single,university.degree,no,yes,no,cellular,apr,mon,169,1,999,0,nonexistent,-1.8,93.749,-34.6,0.642,5008.7,no
1995,0.847939,yes,High,39,admin.,single,high.school,no,yes,no,cellular,oct,tue,386,1,999,0,nonexistent,-3.4,92.431,-26.9,0.737,5017.5,yes
1996,0.847851,yes,High,88,retired,married,basic.4y,no,no,no,cellular,sep,mon,272,1,999,0,nonexistent,-1.1,94.199,-37.5,0.882,4963.6,no
1997,0.847825,yes,High,55,retired,married,basic.4y,no,yes,no,cellular,oct,thu,139,1,999,0,nonexistent,-3.4,92.431,-26.9,0.722,5017.5,yes
1998,0.847816,yes,High,30,admin.,married,university.degree,no,unknown,unknown,cellular,mar,mon,291,3,8,1,success,-1.8,92.843,-50.0,1.629,5099.1,no
1999,0.847583,yes,High,78,retired,divorced,professional.course,no,yes,no,cellular,mar,tue,591,1,999,1,failure,-1.8,93.369,-34.8,0.655,5008.7,yes
2000,0.847551,yes,High,45,self-employed,married,high.school,no,no,no,cellular,may,fri,374,1,999,1,failure,-1.8,93.876,-40.0,0.695,5008.7,yes
2001,0.847491,yes,High,29,technician,single,professional.course,no,yes,no,telephone,oct,mon,150,1,999,0,nonexistent,-0.1,93.798,-40.4,4.912,5195.8,yes
2002,0.847467,yes,High,76,retired,divorced,professional.course,no,yes,no,cellular,dec,thu,956,1,999,0,nonexistent,-3.0,92.713,-33.0,0.707,5023.5,no
2003,0.847356,yes,High,53,admin.,married,university.degree,no,yes,no,cellular,nov,tue,409,2,999,0,nonexistent,-3.4,92.649,-30.1,0.715,5017.5,yes
2004,0.847341,yes,High,55,admin.,married,high.school,no,no,no,cellular,dec,fri,254,2,999,0,nonexistent,-3.0,92.713,-33.0,0.718,5023.5,no
2005,0.847333,yes,High,71,retired,single,university.degree,no,yes,no,cellular,aug,thu,217,1,6,2,failure,-2.9,92.201,-31.4,0.851,5076.2,yes
2006,0.847322,yes,High,75,retired,married,university.degree,no,yes,no,cellular,jul,thu,229,1,999,2,failure,-1.7,94.215,-40.3,0.81,4991.6,yes
2007,0.847311,yes,High,68,retired,married,basic.4y,no,no,no,cellular,mar,thu,331,4,999,0,nonexistent,-1.8,92.843,-50.0,1.538,5099.1,yes
2008,0.84729,yes,High,61,management,married,university.degree,no,no,no,cellular,may,wed,228,2,999,1,failure,-1.8,93.876,-40.0,0.682,5008.7,yes
2009,0.847266,yes,High,31,admin.,married,high.school,no,yes,no,cellular,oct,thu,269,2,999,1,failure,-3.4,92.431,-26.9,0.722,5017.5,no
2010,0.847235,yes,High,46,admin.,married,university.degree,no,no,no,cellular,mar,tue,269,3,999,0,nonexistent,-1.8,92.843,-50.0,1.556,5099.1,yes
2011,0.847142,yes,High,61,admin.,married,high.school,no,yes,yes,cellular,nov,wed,386,2,999,0,nonexistent,-1.1,94.767,-50.8,1.044,4963.6,yes
2012,0.846962,yes,High,29,services,single,high.school,no,no,no,cellular,jun,wed,136,6,3,1,success,-2.9,92.963,-40.8,1.26,5076.2,no
2013,0.846933,yes,High,66,admin.,married,university.degree,no,no,no,cellular,aug,mon,489,2,4,1,success,-2.9,92.201,-31.4,0.884,5076.2,no
2014,0.846878,yes,High,43,blue-collar,married,professional.course,no,yes,yes,cellular,jun,thu,1720,1,999,0,nonexistent,-1.7,94.055,-39.8,0.729,4991.6,yes
2015,0.846774,yes,High,29,self-employed,married,university.degree,no,yes,no,cellular,mar,wed,60,3,999,0,nonexistent,-1.8,92.843,-50.0,1.663,5099.1,no
2016,0.846696,yes,High,47,admin.,single,university.degree,no,yes,yes,cellular,may,mon,178,1,999,0,nonexistent,-1.8,93.876,-40.0,0.701,5008.7,no
2017,0.84664,yes,High,37,unemployed,married,university.degree,no,yes,no,cellular,mar,tue,195,1,999,0,nonexistent,-1.8,92.843,-50.0,1.614,5099.1,yes
2018,0.84663,yes,High,58,housemaid,single,professional.course,no,no,no,cellular,apr,mon,158,2,6,2,success,-1.8,93.749,-34.6,0.642,5008.7,no
2019,0.846626,yes,High,36,services,married,high.school,no,yes,no,telephone,oct,thu,41,1,999,0,nonexistent,-0.1,93.798,-40.4,4.921,5195.8,no
2020,0.846474,yes,High,28,student,single,high.school,no,yes,no,cellular,jun,fri,577,3,999,0,nonexistent,-2.9,92.963,-40.8,1.268,5076.2,yes
2021,0.84637,yes,High,73,retired,married,basic.9y,no,no,no,cellular,aug,fri,239,1,15,1,success,-2.9,92.201,-31.4,0.881,5076.2,no
2022,0.846314,yes,High,19,student,single,basic.9y,no,yes,no,cellular,jul,mon,236,2,999,0,nonexistent,-1.7,94.215,-40.3,0.827,4991.6,no
2023,0.846146,yes,High,28,student,single,high.school,no,yes,no,cellular,jun,wed,296,4,999,0,nonexistent,-2.9,92.963,-40.8,1.26,5076.2,yes
2024,0.846138,yes,High,50,management,married,basic.9y,no,no,no,cellular,mar,wed,115,1,999,0,nonexistent,-1.8,92.843,-50.0,1.548,5099.1,yes
2025,0.846131,yes,High,48,technician,married,professional.course,no,yes,no,cellular,nov,mon,69,5,3,2,success,-3.4,92.649,-30.1,0.714,5017.5,no
2026,0.84601,yes,High,60,housemaid,married,basic.4y,no,no,no,cellular,aug,fri,270,4,6,4,failure,-1.7,94.027,-38.3,0.905,4991.6,no
2027,0.846008,yes,High,70,retired,divorced,basic.4y,no,yes,no,cellular,mar,mon,187,3,999,0,nonexistent,-1.8,92.843,-50.0,1.811,5099.1,yes
2028,0.845987,yes,High,33,admin.,single,university.degree,no,no,no,cellular,jul,fri,704,1,999,0,nonexistent,-2.9,92.469,-33.6,1.059,5076.2,yes
2029,0.845959,yes,High,72,retired,single,university.degree,no,no,no,cellular,may,fri,114,3,999,0,nonexistent,-1.8,93.876,-40.0,0.699,5008.7,no
2030,0.845952,yes,High,25,self-employed,single,unknown,no,unknown,unknown,cellular,jul,wed,844,5,999,2,failure,-1.7,94.215,-40.3,0.896,4991.6,yes
2031,0.845905,yes,High,37,services,married,high.school,no,yes,yes,cellular,oct,fri,608,2,12,2,failure,-1.1,94.601,-49.5,1.029,4963.6,yes
2032,0.845879,yes,High,25,technician,single,professional.course,no,yes,no,cellular,nov,wed,541,1,999,0,nonexistent,-3.4,92.649,-30.1,0.716,5017.5,yes
2033,0.845831,yes,High,51,self-employed,single,basic.9y,no,yes,no,cellular,nov,thu,104,1,999,0,nonexistent,-3.4,92.649,-30.1,0.714,5017.5,yes
2034,0.845737,yes,High,30,blue-collar,single,university.degree,no,no,no,cellular,mar,fri,166,1,999,0,nonexistent,-1.8,92.843,-50.0,1.531,5099.1,no
2035,0.845609,yes,High,32,admin.,single,university.degree,no,yes,no,cellular,mar,fri,271,2,999,0,nonexistent,-1.8,92.843,-50.0,1.531,5099.1,yes
2036,0.845602,yes,High,26,admin.,married,university.degree,no,yes,no,cellular,mar,mon,154,1,999,0,nonexistent,-1.8,92.843,-50.0,1.811,5099.1,yes
2037,0.845593,yes,High,30,admin.,single,university.degree,no,no,no,cellular,jun,fri,275,1,999,0,nonexistent,-2.9,92.963,-40.8,1.268,5076.2,yes
2038,0.845522,yes,High,40,admin.,married,high.school,no,no,no,cellular,oct,wed,524,3,999,1,failure,-3.4,92.431,-26.9,0.724,5017.5,yes
2039,0.845515,yes,High,78,retired,married,unknown,no,yes,no,cellular,jul,wed,203,1,999,1,failure,-1.7,94.215,-40.3,0.84,4991.6,no
2040,0.845456,yes,High,18,student,single,high.school,no,no,no,cellular,nov,fri,256,2,7,2,failure,-3.4,92.649,-30.1,0.714,5017.5,yes
2041,0.845443,yes,High,58,retired,married,basic.4y,no,yes,no,cellular,apr,thu,185,1,2,1,success,-1.8,93.075,-47.1,1.365,5099.1,no
2042,0.845434,yes,High,37,admin.,single,university.degree,no,no,no,cellular,oct,fri,416,2,999,0,nonexistent,-3.4,92.431,-26.9,0.72,5017.5,yes
2043,0.845407,yes,High,30,management,married,university.degree,no,no,no,cellular,oct,tue,411,2,999,0,nonexistent,-3.4,92.431,-26.9,0.742,5017.5,yes
2044,0.845397,yes,High,64,housemaid,married,basic.4y,no,no,no,telephone,dec,thu,208,1,999,0,nonexistent,-3.0,92.713,-33.0,0.714,5023.5,no
2045,0.845396,yes,High,23,blue-collar,single,basic.9y,no,no,no,cellular,jul,thu,250,4,999,1,failure,-1.7,94.215,-40.3,0.846,4991.6,yes
2046,0.845371,yes,High,25,admin.,single,unknown,no,yes,no,cellular,nov,mon,381,1,999,1,failure,-3.4,92.649,-30.1,0.714,5017.5,yes
2047,0.845353,yes,High,30,admin.,single,university.degree,no,no,no,cellular,jun,fri,92,2,999,0,nonexistent,-2.9,92.963,-40.8,1.268,5076.2,no
2048,0.845229,yes,High,29,admin.,single,high.school,no,yes,no,telephone,nov,mon,207,1,6,1,success,-1.1,94.767,-50.8,1.05,4963.6,no
2049,0.845125,yes,High,29,student,single,university.degree,no,yes,no,cellular,may,mon,556,1,999,1,failure,-1.8,93.876,-40.0,0.685,5008.7,yes
2050,0.845014,yes,High,85,housemaid,married,basic.4y,unknown,yes,no,cellular,apr,tue,462,1,999,1,failure,-1.8,93.749,-34.6,0.642,5008.7,yes
2051,0.844847,yes,High,32,admin.,married,high.school,no,yes,no,cellular,nov,tue,322,1,999,0,nonexistent,-3.4,92.649,-30.1,0.72,5017.5,yes
2052,0.844793,yes,High,30,student,single,high.school,no,yes,no,cellular,sep,wed,201,2,999,0,nonexistent,-1.1,94.199,-37.5,0.886,4963.6,no
2053,0.844784,yes,High,30,admin.,married,university.degree,no,no,no,cellular,jul,fri,438,2,999,0,nonexistent,-2.9,92.469,-33.6,1.059,5076.2,yes
2054,0.844784,yes,High,83,retired,married,high.school,no,yes,no,cellular,dec,thu,96,1,999,0,nonexistent,-3.0,92.713,-33.0,0.72,5023.5,no
2055,0.844763,yes,High,24,services,single,unknown,no,no,no,cellular,mar,tue,103,1,999,0,nonexistent,-1.8,92.843,-50.0,1.799,5099.1,no
2056,0.844625,yes,High,34,management,married,university.degree,no,unknown,unknown,cellular,mar,tue,57,4,999,0,nonexistent,-1.8,93.369,-34.8,0.635,5008.7,no
2057,0.844582,yes,High,34,admin.,married,university.degree,no,yes,no,cellular,sep,mon,125,2,999,0,nonexistent,-1.1,94.199,-37.5,0.882,4963.6,no
2058,0.844446,yes,High,30,technician,single,basic.9y,no,no,no,cellular,jun,mon,93,1,12,1,success,-2.9,92.963,-40.8,1.266,5076.2,no
2059,0.844443,yes,High,75,retired,married,basic.4y,no,no,yes,cellular,aug,fri,714,1,999,0,nonexistent,-2.9,92.201,-31.4,0.881,5076.2,yes
2060,0.844387,yes,High,30,admin.,single,university.degree,no,no,no,cellular,jun,thu,144,1,999,0,nonexistent,-2.9,92.963,-40.8,1.26,5076.2,no
2061,0.844387,yes,High,30,admin.,single,university.degree,no,no,no,cellular,jun,thu,323,1,999,0,nonexistent,-2.9,92.963,-40.8,1.26,5076.2,yes
2062,0.84434,yes,High,22,student,single,unknown,no,no,no,cellular,jun,mon,77,1,999,0,nonexistent,-2.9,92.963,-40.8,1.26,5076.2,no
2063,0.84432,yes,High,58,housemaid,single,professional.course,no,yes,no,cellular,apr,mon,284,1,6,1,success,-1.8,93.749,-34.6,0.642,5008.7,no
2064,0.844272,yes,High,65,management,married,unknown,no,yes,no,telephone,dec,wed,207,3,999,1,failure,-3.0,92.713,-33.0,0.715,5023.5,yes
2065,0.844206,yes,High,28,admin.,single,high.school,no,no,no,cellular,jun,wed,198,1,999,0,nonexistent,-2.9,92.963,-40.8,1.26,5076.2,yes
2066,0.844164,yes,High,29,admin.,single,university.degree,no,no,no,cellular,jun,wed,174,1,999,0,nonexistent,-2.9,92.963,-40.8,1.26,5076.2,yes
2067,0.844132,yes,High,25,student,single,high.school,no,yes,no,cellular,aug,mon,100,8,4,1,success,-1.7,94.027,-38.3,0.898,4991.6,no
2068,0.844082,yes,High,21,student,single,high.school,no,yes,no,cellular,apr,fri,551,1,999,0,nonexistent,-1.8,93.749,-34.6,0.663,5008.7,yes
2069,0.843891,yes,High,48,unemployed,married,university.degree,no,yes,no,cellular,mar,mon,195,2,999,0,nonexistent,-1.8,93.369,-34.8,0.646,5008.7,no
2070,0.843807,yes,High,54,admin.,married,university.degree,no,yes,no,cellular,mar,mon,415,1,999,0,nonexistent,-1.8,92.843,-50.0,1.56,5099.1,yes
2071,0.843807,yes,High,54,admin.,married,university.degree,no,yes,no,cellular,mar,mon,115,1,999,0,nonexistent,-1.8,92.843,-50.0,1.56,5099.1,yes
2072,0.843714,yes,High,29,technician,single,professional.course,no,yes,no,cellular,sep,mon,157,7,3,5,success,-1.1,94.199,-37.5,0.879,4963.6,no
2073,0.843705,yes,High,80,retired,married,illiterate,unknown,yes,yes,cellular,aug,tue,125,1,6,1,success,-2.9,92.201,-31.4,0.883,5076.2,yes
2074,0.843667,yes,High,30,student,single,professional.course,no,yes,no,cellular,jul,wed,334,4,999,2,failure,-1.7,94.215,-40.3,0.84,4991.6,yes
2075,0.843493,yes,High,47,admin.,single,university.degree,no,no,no,cellular,oct,mon,767,3,999,0,nonexistent,-1.1,94.601,-49.5,1.0,4963.6,yes
2076,0.843425,yes,High,63,retired,married,professional.course,no,no,no,cellular,dec,mon,83,4,999,0,nonexistent,-3.0,92.713,-33.0,0.706,5023.5,no
2077,0.843313,yes,High,27,admin.,single,university.degree,no,no,no,cellular,jun,fri,398,2,999,0,nonexistent,-2.9,92.963,-40.8,1.268,5076.2,no
2078,0.843313,yes,High,27,admin.,single,university.degree,no,no,no,cellular,jun,fri,96,2,999,0,nonexistent,-2.9,92.963,-40.8,1.268,5076.2,no
2079,0.843229,yes,High,31,admin.,married,professional.course,no,no,no,cellular,mar,mon,161,2,999,0,nonexistent,-1.8,93.369,-34.8,0.646,5008.7,yes
2080,0.843008,yes,High,25,student,married,university.degree,no,no,no,cellular,jun,fri,191,1,999,0,nonexistent,-2.9,92.963,-40.8,1.268,5076.2,yes
2081,0.842967,yes,High,40,blue-collar,married,high.school,no,yes,no,cellular,aug,mon,158,1,4,1,success,-2.9,92.201,-31.4,0.884,5076.2,no
2082,0.84284,yes,High,32,technician,married,university.degree,no,no,no,cellular,sep,mon,175,2,999,0,nonexistent,-1.1,94.199,-37.5,0.879,4963.6,no
2083,0.842812,yes,High,30,technician,married,professional.course,no,yes,no,cellular,mar,tue,105,1,999,1,failure,-1.8,93.369,-34.8,0.655,5008.7,no
2084,0.842783,yes,High,36,self-employed,single,university.degree,no,no,no,cellular,oct,fri,480,1,999,0,nonexistent,-3.4,92.431,-26.9,0.72,5017.5,yes
2085,0.84275,yes,High,35,admin.,divorced,high.school,no,yes,no,telephone,apr,thu,216,3,999,1,failure,-1.8,93.749,-34.6,0.635,5008.7,yes
2086,0.842743,yes,High,34,admin.,single,high.school,no,no,no,cellular,jul,wed,346,1,999,1,failure,-1.7,94.215,-40.3,0.802,4991.6,yes
2087,0.842723,yes,High,31,services,married,high.school,no,no,no,cellular,jun,wed,592,4,999,0,nonexistent,-2.9,92.963,-40.8,1.26,5076.2,yes
2088,0.84259,yes,High,38,admin.,married,university.degree,no,yes,no,cellular,oct,wed,828,1,999,1,failure,-3.4,92.431,-26.9,0.735,5017.5,yes
2089,0.842561,yes,High,49,technician,married,professional.course,no,yes,no,cellular,may,mon,113,1,999,0,nonexistent,-1.8,93.876,-40.0,0.701,5008.7,no
2090,0.842476,yes,High,36,management,married,university.degree,no,no,no,cellular,mar,thu,148,1,999,2,failure,-1.8,93.369,-34.8,0.654,5008.7,yes
2091,0.84246,yes,High,78,retired,divorced,basic.6y,no,no,no,cellular,oct,fri,212,2,999,0,nonexistent,-3.4,92.431,-26.9,0.72,5017.5,yes
2092,0.842433,yes,High,26,admin.,single,university.degree,no,yes,no,cellular,jul,wed,226,2,999,0,nonexistent,-2.9,92.469,-33.6,0.979,5076.2,no
2093,0.842414,yes,High,73,retired,married,university.degree,no,yes,no,cellular,mar,fri,179,1,999,0,nonexistent,-1.8,92.843,-50.0,1.531,5099.1,yes
2094,0.84233,yes,High,31,self-employed,single,university.degree,no,yes,no,cellular,oct,fri,91,1,999,1,failure,-3.4,92.431,-26.9,0.73,5017.5,no
2095,0.842311,yes,High,33,management,single,university.degree,no,no,no,cellular,oct,thu,119,3,999,0,nonexistent,-1.1,94.601,-49.5,0.987,4963.6,no
2096,0.842232,yes,High,34,technician,single,university.degree,no,no,no,cellular,sep,fri,285,3,999,1,failure,-1.1,94.199,-37.5,0.879,4963.6,yes
2097,0.842226,yes,High,55,entrepreneur,divorced,basic.9y,no,no,no,cellular,dec,fri,415,7,999,0,nonexistent,-3.0,92.713,-33.0,0.71,5023.5,yes
2098,0.84222,yes,High,36,technician,single,professional.course,no,no,no,cellular,dec,mon,371,1,999,0,nonexistent,-3.0,92.713,-33.0,0.717,5023.5,no
2099,0.842217,yes,High,57,blue-collar,married,basic.9y,no,no,no,cellular,mar,fri,698,1,999,0,nonexistent,-1.8,93.369,-34.8,0.636,5008.7,no
2100,0.842207,yes,High,76,unknown,married,unknown,no,no,no,telephone,jul,thu,301,3,999,0,nonexistent,-1.7,94.215,-40.3,0.899,4991.6,yes
2101,0.842166,yes,High,67,retired,married,professional.course,no,no,no,cellular,sep,fri,116,2,999,0,nonexistent,-1.1,94.199,-37.5,0.883,4963.6,no
2102,0.842154,yes,High,26,unknown,single,basic.9y,no,no,no,cellular,mar,tue,212,1,999,0,nonexistent,-1.8,92.843,-50.0,1.799,5099.1,no
2103,0.842129,yes,High,24,technician,single,university.degree,no,yes,yes,cellular,nov,tue,467,3,6,3,failure,-1.1,94.767,-50.8,1.049,4963.6,yes
2104,0.842067,yes,High,79,retired,married,basic.4y,no,no,yes,cellular,nov,tue,149,1,999,0,nonexistent,-3.4,92.649,-30.1,0.72,5017.5,yes
2105,0.841961,yes,High,29,technician,married,university.degree,no,no,no,cellular,jun,wed,150,2,999,0,nonexistent,-2.9,92.963,-40.8,1.26,5076.2,no
2106,0.841926,yes,High,37,admin.,married,university.degree,no,yes,yes,cellular,mar,tue,159,3,999,0,nonexistent,-1.8,92.843,-50.0,1.687,5099.1,yes
2107,0.841918,yes,High,36,admin.,married,university.degree,unknown,yes,yes,cellular,jun,tue,308,1,3,1,success,-2.9,92.963,-40.8,1.262,5076.2,no
2108,0.841905,yes,High,28,technician,single,high.school,no,no,no,cellular,oct,wed,216,1,999,1,failure,-3.4,92.431,-26.9,0.742,5017.5,yes
2109,0.841885,yes,High,29,student,single,high.school,no,no,no,cellular,dec,wed,390,1,999,0,nonexistent,-3.0,92.713,-33.0,0.715,5023.5,no
2110,0.841784,yes,High,68,retired,married,professional.course,no,no,yes,cellular,may,thu,420,1,999,1,failure,-1.8,93.876,-40.0,0.692,5008.7,yes
2111,0.841592,yes,High,48,self-employed,married,university.degree,no,no,no,cellular,aug,thu,135,1,4,3,success,-2.9,92.201,-31.4,0.873,5076.2,no
2112,0.841581,yes,High,39,admin.,divorced,professional.course,no,no,no,cellular,mar,thu,593,4,999,1,failure,-1.8,93.369,-34.8,0.643,5008.7,yes
2113,0.841568,yes,High,29,admin.,single,university.degree,no,yes,no,cellular,jul,mon,110,2,999,1,failure,-1.7,94.215,-40.3,0.889,4991.6,no
2114,0.841479,yes,High,30,admin.,single,university.degree,no,no,no,cellular,jun,wed,656,1,999,0,nonexistent,-2.9,92.963,-40.8,1.26,5076.2,no
2115,0.841434,yes,High,48,technician,married,professional.course,no,yes,yes,cellular,dec,mon,122,3,999,0,nonexistent,-3.0,92.713,-33.0,0.715,5023.5,no
2116,0.841424,yes,High,27,admin.,single,university.degree,no,yes,no,cellular,sep,tue,126,2,999,0,nonexistent,-3.4,92.379,-29.8,0.77,5017.5,yes
2117,0.841399,yes,High,86,retired,divorced,basic.4y,no,yes,no,cellular,nov,wed,237,1,999,1,failure,-3.4,92.649,-30.1,0.716,5017.5,no
2118,0.841331,yes,High,46,admin.,divorced,high.school,no,yes,no,telephone,jul,thu,176,1,999,0,nonexistent,-2.9,92.469,-33.6,1.072,5076.2,yes
2119,0.841326,yes,High,24,student,single,high.school,no,yes,no,cellular,jun,wed,74,3,999,0,nonexistent,-2.9,92.963,-40.8,1.26,5076.2,no
2120,0.841275,yes,High,31,student,single,unknown,no,yes,no,cellular,aug,mon,868,3,18,3,failure,-1.7,94.027,-38.3,0.898,4991.6,yes
2121,0.841194,yes,High,56,unemployed,divorced,basic.4y,no,yes,no,cellular,mar,wed,170,1,999,1,failure,-1.8,93.369,-34.8,0.634,5008.7,yes
2122,0.841186,yes,High,24,services,single,high.school,no,no,no,cellular,jun,wed,150,1,999,0,nonexistent,-2.9,92.963,-40.8,1.26,5076.2,no
2123,0.841169,yes,High,52,management,married,high.school,no,yes,yes,cellular,aug,tue,167,1,10,4,failure,-2.9,92.201,-31.4,0.883,5076.2,yes
2124,0.841126,yes,High,57,management,married,university.degree,no,yes,no,cellular,aug,tue,71,1,5,2,failure,-2.9,92.201,-31.4,0.883,5076.2,no
2125,0.841115,yes,High,29,admin.,single,university.degree,no,no,yes,cellular,jun,thu,813,4,999,0,nonexistent,-2.9,92.963,-40.8,1.235,5076.2,yes
2126,0.8411,yes,High,32,admin.,single,university.degree,no,yes,no,cellular,jul,wed,210,5,999,0,nonexistent,-2.9,92.469,-33.6,1.029,5076.2,yes
2127,0.841066,yes,High,51,admin.,divorced,high.school,no,no,no,cellular,aug,tue,83,1,6,2,failure,-2.9,92.201,-31.4,0.838,5076.2,no
2128,0.841049,yes,High,86,retired,married,professional.course,no,no,no,telephone,dec,wed,343,2,999,0,nonexistent,-3.0,92.713,-33.0,0.715,5023.5,yes
2129,0.841017,yes,High,29,admin.,married,high.school,no,no,no,cellular,jun,wed,200,1,999,0,nonexistent,-2.9,92.963,-40.8,1.26,5076.2,yes
2130,0.840942,yes,High,39,technician,single,university.degree,unknown,yes,no,cellular,oct,fri,217,1,999,0,nonexistent,-3.4,92.431,-26.9,0.72,5017.5,yes
2131,0.840855,yes,High,22,student,single,basic.6y,no,yes,no,cellular,oct,tue,89,1,999,0,nonexistent,-3.4,92.431,-26.9,0.728,5017.5,no
2132,0.840855,yes,High,22,student,single,basic.6y,no,yes,no,cellular,oct,tue,88,1,999,0,nonexistent,-3.4,92.431,-26.9,0.728,5017.5,no
2133,0.840743,yes,High,39,technician,divorced,university.degree,no,no,yes,telephone,oct,mon,2016,1,999,0,nonexistent,-0.1,93.798,-40.4,5.0,5195.8,yes
2134,0.840652,yes,High,37,technician,single,university.degree,no,yes,no,cellular,aug,tue,481,2,999,4,failure,-1.7,94.027,-38.3,0.899,4991.6,yes
2135,0.840545,yes,High,57,blue-collar,married,basic.9y,no,no,no,cellular,mar,fri,94,2,999,0,nonexistent,-1.8,93.369,-34.8,0.636,5008.7,no
2136,0.840483,yes,High,31,admin.,married,high.school,no,no,no,cellular,jul,fri,136,8,999,0,nonexistent,-1.7,94.215,-40.3,0.861,4991.6,no
2137,0.84043,yes,High,32,admin.,single,university.degree,no,unknown,unknown,telephone,nov,mon,143,3,7,1,success,-3.4,92.649,-30.1,0.722,5017.5,no
2138,0.840332,yes,High,28,technician,single,professional.course,no,no,no,cellular,jun,wed,411,1,999,0,nonexistent,-2.9,92.963,-40.8,1.26,5076.2,yes
2139,0.840319,yes,High,30,student,single,basic.4y,no,yes,yes,cellular,mar,tue,70,2,999,0,nonexistent,-1.8,92.843,-50.0,1.687,5099.1,no
2140,0.840299,yes,High,29,admin.,single,high.school,no,no,yes,cellular,apr,wed,319,1,6,1,success,-1.8,93.075,-47.1,1.405,5099.1,yes
2141,0.840181,yes,High,45,blue-collar,single,basic.9y,no,yes,no,cellular,aug,wed,249,1,4,1,success,-2.9,92.201,-31.4,0.879,5076.2,no
2142,0.840156,yes,High,32,management,single,university.degree,no,no,no,cellular,jul,fri,237,2,999,1,failure,-1.7,94.215,-40.3,0.861,4991.6,no
2143,0.84015,yes,High,22,student,single,university.degree,no,yes,no,cellular,oct,tue,166,1,999,0,nonexistent,-1.1,94.601,-49.5,0.982,4963.6,no
2144,0.840126,yes,High,29,admin.,single,university.degree,no,no,no,cellular,jun,tue,160,2,999,0,nonexistent,-2.9,92.963,-40.8,1.286,5076.2,yes
2145,0.840115,yes,High,25,admin.,single,university.degree,no,no,no,cellular,jun,tue,417,1,999,0,nonexistent,-2.9,92.963,-40.8,1.262,5076.2,yes
2146,0.840007,yes,High,46,admin.,divorced,high.school,no,yes,no,telephone,oct,fri,3253,1,999,0,nonexistent,-0.1,93.798,-40.4,5.045,5195.8,no
2147,0.84,yes,High,42,management,single,university.degree,no,no,no,cellular,oct,fri,1106,2,999,0,nonexistent,-3.4,92.431,-26.9,0.743,5017.5,yes
2148,0.839926,yes,High,59,blue-collar,divorced,basic.4y,no,no,no,cellular,jul,thu,367,1,999,0,nonexistent,-2.9,92.469,-33.6,1.072,5076.2,yes
2149,0.839917,yes,High,53,housemaid,married,high.school,no,yes,no,cellular,jun,fri,195,6,999,0,nonexistent,-1.7,94.055,-39.8,0.748,4991.6,no
2150,0.839893,yes,High,58,unemployed,married,university.degree,no,yes,no,cellular,nov,thu,344,2,999,0,nonexistent,-1.1,94.767,-50.8,1.041,4963.6,yes
2151,0.839872,yes,High,54,blue-collar,married,high.school,no,no,no,cellular,dec,mon,344,1,999,0,nonexistent,-3.0,92.713,-33.0,0.717,5023.5,yes
2152,0.839831,yes,High,23,student,single,unknown,no,no,no,cellular,jul,tue,267,1,999,2,failure,-1.7,94.215,-40.3,0.893,4991.6,yes
2153,0.839829,yes,High,76,retired,married,basic.4y,no,yes,no,cellular,aug,fri,345,2,999,0,nonexistent,-2.9,92.201,-31.4,0.881,5076.2,yes
2154,0.839806,yes,High,29,admin.,married,university.degree,no,yes,no,cellular,jul,tue,88,1,999,2,failure,-1.7,94.215,-40.3,0.835,4991.6,no
2155,0.83969,yes,High,33,blue-collar,married,basic.4y,no,yes,no,telephone,oct,mon,99,3,3,1,success,-3.4,92.431,-26.9,0.743,5017.5,no
2156,0.839667,yes,High,20,technician,single,unknown,no,no,no,cellular,jun,mon,441,1,999,0,nonexistent,-2.9,92.963,-40.8,1.26,5076.2,yes
2157,0.839495,yes,High,64,retired,married,professional.course,no,no,no,cellular,jun,tue,222,1,999,3,failure,-1.7,94.055,-39.8,0.761,4991.6,yes
2158,0.839481,yes,High,31,services,married,high.school,no,yes,no,cellular,nov,fri,202,3,999,0,nonexistent,-1.1,94.767,-50.8,1.04,4963.6,no
2159,0.839463,yes,High,57,retired,married,university.degree,no,yes,no,cellular,apr,thu,374,1,2,1,success,-1.8,93.075,-47.1,1.365,5099.1,no
2160,0.839418,yes,High,69,retired,married,university.degree,no,yes,no,cellular,apr,thu,616,1,999,0,nonexistent,-1.8,93.075,-47.1,1.365,5099.1,yes
2161,0.839365,yes,High,32,management,single,university.degree,no,yes,yes,cellular,mar,tue,97,1,999,0,nonexistent,-1.8,92.843,-50.0,1.687,5099.1,no
2162,0.839325,yes,High,32,admin.,married,university.degree,no,no,yes,telephone,oct,mon,27,1,999,0,nonexistent,-0.1,93.798,-40.4,4.912,5195.8,no
2163,0.839321,yes,High,23,student,single,high.school,no,no,no,cellular,jun,tue,310,1,999,0,nonexistent,-2.9,92.963,-40.8,1.262,5076.2,yes
2164,0.839284,yes,High,29,technician,married,high.school,no,yes,no,cellular,jun,fri,365,3,999,0,nonexistent,-2.9,92.963,-40.8,1.268,5076.2,yes
2165,0.83926,yes,High,30,unemployed,married,high.school,no,no,no,cellular,may,mon,417,1,3,1,success,-1.8,92.893,-46.2,1.354,5099.1,yes
2166,0.839197,yes,High,26,admin.,single,high.school,no,unknown,unknown,cellular,nov,mon,347,1,999,0,nonexistent,-3.4,92.649,-30.1,0.715,5017.5,yes
2167,0.839187,yes,High,46,admin.,divorced,university.degree,no,no,no,telephone,oct,mon,376,1,999,0,nonexistent,-0.1,93.798,-40.4,4.912,5195.8,yes
2168,0.839153,yes,High,24,student,single,university.degree,no,no,no,cellular,jun,mon,223,1,999,0,nonexistent,-2.9,92.963,-40.8,1.266,5076.2,no
2169,0.839099,yes,High,70,retired,married,basic.4y,no,yes,no,telephone,apr,tue,268,2,999,1,failure,-1.8,93.749,-34.6,0.642,5008.7,no
2170,0.839058,yes,High,30,technician,married,professional.course,no,yes,no,cellular,oct,tue,427,1,999,0,nonexistent,-3.4,92.431,-26.9,0.737,5017.5,yes
2171,0.839052,yes,High,28,admin.,single,university.degree,no,yes,no,cellular,jul,fri,67,2,999,0,nonexistent,-2.9,92.469,-33.6,1.059,5076.2,no
2172,0.839007,yes,High,30,management,married,university.degree,no,yes,no,cellular,oct,tue,1226,2,999,0,nonexistent,-3.4,92.431,-26.9,0.742,5017.5,yes
2173,0.838873,yes,High,32,admin.,single,university.degree,no,no,no,cellular,jun,fri,255,1,999,0,nonexistent,-2.9,92.963,-40.8,1.268,5076.2,yes
2174,0.838873,yes,High,32,admin.,single,university.degree,no,no,no,cellular,jun,fri,462,1,999,0,nonexistent,-2.9,92.963,-40.8,1.268,5076.2,yes
2175,0.838807,yes,High,28,admin.,single,high.school,no,no,no,cellular,jun,mon,491,2,999,0,nonexistent,-2.9,92.963,-40.8,1.26,5076.2,yes
2176,0.838776,yes,High,64,retired,married,university.degree,no,yes,no,cellular,apr,wed,102,1,999,0,nonexistent,-1.8,93.075,-47.1,1.405,5099.1,no
2177,0.838761,yes,High,37,admin.,married,high.school,no,yes,no,cellular,nov,mon,101,3,3,1,success,-3.4,92.649,-30.1,0.722,5017.5,no
2178,0.838753,yes,High,43,management,single,university.degree,no,no,no,cellular,oct,tue,408,1,999,1,failure,-3.4,92.431,-26.9,0.744,5017.5,no
2179,0.838712,yes,High,73,retired,married,basic.4y,no,no,no,cellular,aug,fri,453,1,999,0,nonexistent,-2.9,92.201,-31.4,0.881,5076.2,yes
2180,0.838682,yes,High,30,blue-collar,single,professional.course,no,yes,no,cellular,nov,tue,111,2,999,0,nonexistent,-1.1,94.767,-50.8,1.049,4963.6,no
2181,0.838653,yes,High,21,student,single,unknown,no,yes,yes,cellular,jul,thu,173,11,9,2,failure,-1.7,94.215,-40.3,0.81,4991.6,no
2182,0.838598,yes,High,24,student,single,high.school,no,yes,no,cellular,oct,thu,423,3,999,0,nonexistent,-3.4,92.431,-26.9,0.722,5017.5,yes
2183,0.838489,yes,High,28,blue-collar,single,high.school,no,no,no,cellular,jul,mon,194,3,999,0,nonexistent,-1.7,94.215,-40.3,0.827,4991.6,no
2184,0.83838,yes,High,48,technician,married,high.school,no,no,yes,cellular,oct,thu,288,3,999,0,nonexistent,-3.4,92.431,-26.9,0.722,5017.5,yes
2185,0.838288,yes,High,58,housemaid,single,professional.course,no,no,no,cellular,apr,mon,147,1,6,1,success,-1.8,93.749,-34.6,0.642,5008.7,no
2186,0.838246,yes,High,22,student,single,unknown,no,yes,no,cellular,jun,mon,139,1,999,0,nonexistent,-2.9,92.963,-40.8,1.26,5076.2,no
2187,0.838138,yes,High,53,services,married,basic.9y,no,yes,no,cellular,aug,mon,196,2,999,0,nonexistent,-1.7,94.027,-38.3,0.898,4991.6,yes
2188,0.838101,yes,High,32,self-employed,married,basic.6y,no,yes,no,cellular,may,mon,1121,3,3,1,success,-1.8,92.893,-46.2,1.354,5099.1,no
2189,0.838051,yes,High,61,technician,married,professional.course,no,no,no,cellular,oct,thu,106,2,999,1,failure,-3.4,92.431,-26.9,0.722,5017.5,yes
2190,0.837991,yes,High,32,admin.,single,university.degree,no,yes,no,cellular,jul,tue,206,1,999,1,failure,-1.7,94.215,-40.3,0.893,4991.6,no
2191,0.837919,yes,High,33,admin.,single,university.degree,no,no,no,cellular,mar,tue,406,2,999,1,failure,-1.8,92.843,-50.0,1.614,5099.1,yes
2192,0.837891,yes,High,60,blue-collar,married,basic.4y,no,yes,no,cellular,aug,thu,187,2,999,0,nonexistent,-1.7,94.027,-38.3,0.899,4991.6,no
2193,0.83789,yes,High,20,student,single,high.school,no,no,no,telephone,aug,fri,159,2,4,2,success,-2.9,92.201,-31.4,0.869,5076.2,no
2194,0.837837,yes,High,24,student,single,unknown,no,yes,no,cellular,jun,mon,220,1,999,0,nonexistent,-2.9,92.963,-40.8,1.26,5076.2,yes
2195,0.837811,yes,High,28,self-employed,single,university.degree,no,yes,yes,cellular,mar,fri,3076,1,999,0,nonexistent,-1.8,92.843,-50.0,1.64,5099.1,yes
2196,0.837622,yes,High,41,technician,single,professional.course,no,yes,no,cellular,mar,mon,101,1,999,0,nonexistent,-1.8,92.843,-50.0,1.703,5099.1,no
2197,0.837597,yes,High,41,services,married,high.school,no,no,no,cellular,mar,wed,377,6,999,0,nonexistent,-1.8,92.843,-50.0,1.778,5099.1,yes
2198,0.837566,yes,High,43,admin.,married,university.degree,no,yes,no,telephone,nov,tue,135,1,999,0,nonexistent,-3.4,92.649,-30.1,0.715,5017.5,yes
2199,0.837543,yes,High,18,student,single,basic.4y,no,yes,no,cellular,jun,tue,154,1,999,0,nonexistent,-1.7,94.055,-39.8,0.737,4991.6,no
2200,0.837519,yes,High,33,admin.,single,university.degree,no,no,no,cellular,jun,fri,471,2,999,0,nonexistent,-2.9,92.963,-40.8,1.268,5076.2,no
2201,0.837496,yes,High,45,unknown,married,university.degree,no,yes,no,cellular,may,thu,254,1,999,1,failure,-1.8,93.876,-40.0,0.692,5008.7,no
2202,0.837481,yes,High,24,admin.,single,university.degree,no,yes,no,cellular,nov,wed,84,1,9,3,failure,-3.4,92.649,-30.1,0.716,5017.5,no
2203,0.837426,yes,High,62,admin.,married,high.school,no,no,no,cellular,oct,tue,238,4,18,2,failure,-1.1,94.601,-49.5,1.037,4963.6,yes
2204,0.837375,yes,High,21,admin.,single,high.school,no,no,no,cellular,jun,mon,173,1,999,0,nonexistent,-2.9,92.963,-40.8,1.26,5076.2,yes
2205,0.83737,yes,High,72,retired,single,university.degree,no,yes,yes,cellular,may,fri,589,3,999,0,nonexistent,-1.8,93.876,-40.0,0.699,5008.7,no
2206,0.837362,yes,High,20,student,single,basic.9y,no,yes,no,cellular,mar,thu,325,1,999,0,nonexistent,-1.8,92.843,-50.0,1.538,5099.1,yes
2207,0.837308,yes,High,43,management,married,high.school,no,no,no,cellular,nov,thu,226,1,999,0,nonexistent,-3.4,92.649,-30.1,0.714,5017.5,yes
2208,0.837284,yes,High,48,admin.,married,high.school,no,no,no,telephone,oct,mon,312,1,999,0,nonexistent,-0.1,93.798,-40.4,5.0,5195.8,yes
2209,0.837282,yes,High,80,retired,divorced,high.school,no,yes,no,cellular,oct,thu,169,1,999,0,nonexistent,-3.4,92.431,-26.9,0.722,5017.5,yes
2210,0.837239,yes,High,48,unemployed,married,university.degree,no,yes,no,cellular,mar,tue,279,1,999,2,failure,-1.8,93.369,-34.8,0.646,5008.7,yes
2211,0.837219,yes,High,35,admin.,married,university.degree,no,no,no,cellular,jun,thu,121,4,999,0,nonexistent,-2.9,92.963,-40.8,1.26,5076.2,yes
2212,0.837142,yes,High,30,technician,married,professional.course,no,yes,no,cellular,oct,tue,59,1,999,1,failure,-3.4,92.431,-26.9,0.737,5017.5,no
2213,0.837103,yes,High,76,retired,married,basic.4y,no,yes,no,cellular,aug,fri,406,1,999,0,nonexistent,-2.9,92.201,-31.4,0.849,5076.2,no
2214,0.837053,yes,High,46,technician,married,professional.course,no,yes,no,telephone,dec,mon,679,1,999,0,nonexistent,-3.0,92.713,-33.0,0.706,5023.5,yes
2215,0.836973,yes,High,18,student,single,basic.4y,no,yes,no,telephone,nov,tue,394,1,13,2,success,-1.1,94.767,-50.8,1.049,4963.6,yes
2216,0.836958,yes,High,22,student,single,basic.9y,no,yes,no,cellular,mar,thu,173,1,999,0,nonexistent,-1.8,92.843,-50.0,1.538,5099.1,no
2217,0.836856,yes,High,26,admin.,single,university.degree,no,no,no,cellular,oct,fri,133,2,999,1,failure,-3.4,92.431,-26.9,0.73,5017.5,no
2218,0.836849,yes,High,30,technician,single,university.degree,no,yes,no,cellular,jun,fri,166,2,999,0,nonexistent,-2.9,92.963,-40.8,1.268,5076.2,yes
2219,0.836829,yes,High,33,admin.,single,university.degree,no,yes,yes,cellular,mar,tue,187,1,999,0,nonexistent,-1.8,92.843,-50.0,1.614,5099.1,yes
2220,0.836802,yes,High,56,retired,married,university.degree,no,no,no,cellular,aug,tue,634,3,999,1,failure,-1.7,94.027,-38.3,0.886,4991.6,yes
2221,0.836785,yes,High,28,admin.,single,high.school,no,yes,yes,cellular,jun,thu,296,2,999,0,nonexistent,-2.9,92.963,-40.8,1.26,5076.2,yes
2222,0.83669,yes,High,20,student,single,unknown,no,yes,no,cellular,jun,wed,213,1,999,0,nonexistent,-2.9,92.963,-40.8,1.26,5076.2,yes
2223,0.836664,yes,High,53,admin.,married,university.degree,no,yes,no,cellular,apr,tue,158,2,6,1,success,-1.8,93.075,-47.1,1.405,5099.1,yes
2224,0.83666,yes,High,26,student,single,professional.course,no,yes,no,cellular,aug,fri,150,2,999,0,nonexistent,-2.9,92.201,-31.4,0.869,5076.2,yes
2225,0.836639,yes,High,79,retired,married,basic.9y,no,no,no,cellular,may,tue,126,1,999,0,nonexistent,-1.8,93.876,-40.0,0.668,5008.7,no
2226,0.836563,yes,High,26,student,single,basic.9y,no,yes,no,cellular,mar,mon,294,3,999,0,nonexistent,-1.8,92.843,-50.0,1.811,5099.1,yes
2227,0.836515,yes,High,53,blue-collar,married,basic.9y,no,no,yes,cellular,jun,thu,578,2,999,0,nonexistent,-2.9,92.963,-40.8,1.26,5076.2,yes
2228,0.836444,yes,High,68,retired,divorced,high.school,no,yes,no,cellular,oct,mon,222,1,999,0,nonexistent,-1.1,94.601,-49.5,1.0,4963.6,yes
2229,0.836402,yes,High,38,housemaid,divorced,high.school,no,yes,yes,cellular,nov,thu,360,1,999,0,nonexistent,-1.1,94.767,-50.8,1.031,4963.6,no
2230,0.836358,yes,High,71,retired,married,basic.4y,no,yes,no,cellular,aug,fri,125,1,999,0,nonexistent,-2.9,92.201,-31.4,0.869,5076.2,yes
2231,0.836197,yes,High,29,technician,single,high.school,no,no,no,cellular,may,mon,158,1,13,3,failure,-1.8,93.876,-40.0,0.701,5008.7,no
2232,0.836179,yes,High,45,unemployed,married,professional.course,unknown,no,no,telephone,sep,thu,1405,1,6,2,failure,-1.1,94.199,-37.5,0.879,4963.6,yes
2233,0.836166,yes,High,28,unemployed,married,professional.course,no,yes,no,cellular,aug,fri,190,3,999,1,failure,-2.9,92.201,-31.4,0.869,5076.2,yes
2234,0.83614,yes,High,61,admin.,married,unknown,no,yes,yes,cellular,jul,mon,109,3,999,1,failure,-1.7,94.215,-40.3,0.889,4991.6,no
2235,0.836091,yes,High,61,retired,married,professional.course,no,unknown,unknown,cellular,apr,tue,164,1,999,0,nonexistent,-1.8,93.075,-47.1,1.405,5099.1,yes
2236,0.836074,yes,High,25,admin.,married,university.degree,no,no,no,cellular,mar,fri,243,3,999,0,nonexistent,-1.8,92.843,-50.0,1.531,5099.1,yes
2237,0.836053,yes,High,21,services,single,high.school,no,no,no,cellular,jun,fri,110,2,999,0,nonexistent,-2.9,92.963,-40.8,1.268,5076.2,no
2238,0.83605,yes,High,37,technician,married,university.degree,no,yes,no,cellular,oct,wed,364,1,999,1,failure,-3.4,92.431,-26.9,0.742,5017.5,yes
2239,0.835975,yes,High,19,student,single,unknown,no,yes,no,cellular,nov,mon,380,1,999,1,failure,-3.4,92.649,-30.1,0.714,5017.5,yes
2240,0.83597,yes,High,83,retired,divorced,basic.4y,no,yes,no,cellular,sep,thu,405,3,999,0,nonexistent,-1.1,94.199,-37.5,0.879,4963.6,no
2241,0.835944,yes,High,29,admin.,single,university.degree,no,no,no,cellular,jun,mon,114,1,999,0,nonexistent,-2.9,92.963,-40.8,1.266,5076.2,yes
2242,0.83586,yes,High,61,retired,married,university.degree,no,yes,no,cellular,apr,tue,216,1,999,0,nonexistent,-1.8,93.075,-47.1,1.423,5099.1,yes
2243,0.835817,yes,High,25,student,single,unknown,no,no,no,cellular,jun,mon,301,3,999,0,nonexistent,-2.9,92.963,-40.8,1.281,5076.2,yes
2244,0.835801,yes,High,70,retired,married,basic.4y,no,yes,no,cellular,oct,tue,76,2,999,0,nonexistent,-3.4,92.431,-26.9,0.737,5017.5,no
2245,0.835783,yes,High,61,retired,married,basic.4y,no,yes,no,cellular,nov,wed,234,1,999,0,nonexistent,-3.4,92.649,-30.1,0.716,5017.5,yes
2246,0.835775,yes,High,30,admin.,single,university.degree,no,yes,no,cellular,jun,wed,244,2,999,0,nonexistent,-2.9,92.963,-40.8,1.26,5076.2,yes
2247,0.835775,yes,High,30,admin.,single,university.degree,no,yes,no,cellular,jun,wed,617,2,999,0,nonexistent,-2.9,92.963,-40.8,1.26,5076.2,yes
2248,0.835685,yes,High,26,admin.,married,university.degree,no,yes,no,cellular,mar,mon,76,2,999,0,nonexistent,-1.8,92.843,-50.0,1.811,5099.1,no
2249,0.83568,yes,High,43,unemployed,married,high.school,no,no,no,cellular,aug,thu,319,4,3,2,success,-2.9,92.201,-31.4,0.873,5076.2,no
2250,0.835622,yes,High,65,retired,married,university.degree,no,no,no,cellular,apr,wed,124,2,999,0,nonexistent,-1.8,93.075,-47.1,1.405,5099.1,yes
2251,0.835549,yes,High,67,retired,married,professional.course,no,yes,no,cellular,apr,wed,140,1,999,0,nonexistent,-1.8,93.075,-47.1,1.415,5099.1,yes
2252,0.835536,yes,High,28,admin.,married,high.school,no,yes,no,cellular,nov,tue,254,5,999,0,nonexistent,-3.4,92.649,-30.1,0.715,5017.5,yes
2253,0.835476,yes,High,35,admin.,married,university.degree,no,yes,no,cellular,mar,mon,378,4,999,0,nonexistent,-1.8,92.843,-50.0,1.811,5099.1,yes
2254,0.835472,yes,High,35,admin.,married,high.school,no,yes,no,cellular,mar,thu,117,2,999,0,nonexistent,-1.8,92.843,-50.0,1.538,5099.1,yes
2255,0.835391,yes,High,35,admin.,married,university.degree,no,no,no,cellular,jun,thu,510,3,999,0,nonexistent,-2.9,92.963,-40.8,1.26,5076.2,yes
2256,0.83538,yes,High,73,retired,married,basic.4y,no,yes,no,cellular,aug,fri,305,1,999,0,nonexistent,-2.9,92.201,-31.4,0.881,5076.2,no
2257,0.83533,yes,High,37,technician,married,professional.course,no,yes,no,telephone,apr,mon,481,1,999,0,nonexistent,-1.8,93.749,-34.6,0.642,5008.7,yes
2258,0.835322,yes,High,29,technician,married,university.degree,no,yes,no,cellular,apr,mon,116,2,999,0,nonexistent,-1.8,93.749,-34.6,0.645,5008.7,no
2259,0.835317,yes,High,34,blue-collar,single,unknown,no,yes,no,cellular,mar,fri,360,1,999,1,failure,-1.8,93.369,-34.8,0.636,5008.7,yes
2260,0.835299,yes,High,21,unemployed,single,high.school,no,yes,no,cellular,jul,fri,203,1,999,0,nonexistent,-2.9,92.469,-33.6,1.059,5076.2,yes
2261,0.835163,yes,High,28,technician,single,professional.course,no,yes,no,cellular,nov,wed,296,1,999,1,failure,-3.4,92.649,-30.1,0.716,5017.5,yes
2262,0.835159,yes,High,54,management,married,university.degree,no,no,no,telephone,apr,thu,107,1,2,1,success,-1.8,93.075,-47.1,1.365,5099.1,no
2263,0.835116,yes,High,24,student,single,high.school,no,no,no,cellular,jun,tue,253,1,999,0,nonexistent,-2.9,92.963,-40.8,1.262,5076.2,no
2264,0.835048,yes,High,58,retired,divorced,university.degree,no,no,no,cellular,apr,thu,211,1,2,1,success,-1.8,93.075,-47.1,1.365,5099.1,no
2265,0.835035,yes,High,36,admin.,single,university.degree,no,no,no,cellular,oct,thu,197,2,999,0,nonexistent,-1.1,94.601,-49.5,0.965,4963.6,no
2266,0.835031,yes,High,44,blue-collar,single,unknown,no,yes,no,telephone,jul,wed,576,1,999,0,nonexistent,-2.9,92.469,-33.6,1.029,5076.2,yes
2267,0.835013,yes,High,29,admin.,single,university.degree,no,yes,yes,cellular,jun,thu,449,1,999,0,nonexistent,-2.9,92.963,-40.8,1.26,5076.2,yes
2268,0.834981,yes,High,33,admin.,single,university.degree,no,yes,no,cellular,oct,mon,297,5,999,0,nonexistent,-1.1,94.601,-49.5,1.032,4963.6,yes
2269,0.834836,yes,High,48,management,married,university.degree,no,yes,no,cellular,oct,wed,294,1,999,1,failure,-3.4,92.431,-26.9,0.74,5017.5,yes
2270,0.834797,yes,High,59,blue-collar,married,basic.4y,no,no,no,cellular,mar,tue,237,3,999,0,nonexistent,-1.8,92.843,-50.0,1.51,5099.1,yes
2271,0.834696,yes,High,36,technician,married,university.degree,no,yes,no,cellular,sep,fri,328,1,999,1,failure,-1.1,94.199,-37.5,0.879,4963.6,yes
2272,0.834675,yes,High,27,student,single,high.school,no,no,yes,cellular,nov,tue,326,1,999,0,nonexistent,-1.1,94.767,-50.8,1.049,4963.6,no
2273,0.83467,yes,High,48,management,married,university.degree,no,yes,yes,cellular,nov,tue,747,2,999,0,nonexistent,-3.4,92.649,-30.1,0.715,5017.5,yes
2274,0.834668,yes,High,34,blue-collar,single,unknown,no,no,no,cellular,mar,fri,98,2,999,0,nonexistent,-1.8,93.369,-34.8,0.636,5008.7,no
2275,0.834584,yes,High,32,admin.,married,high.school,no,no,no,cellular,mar,thu,115,2,999,0,nonexistent,-1.8,92.843,-50.0,1.757,5099.1,no
2276,0.834534,yes,High,78,retired,married,professional.course,no,no,no,cellular,nov,fri,319,2,999,1,failure,-3.4,92.649,-30.1,0.718,5017.5,yes
2277,0.834528,yes,High,58,unknown,married,basic.9y,no,yes,no,cellular,dec,thu,154,1,999,1,failure,-3.0,92.713,-33.0,0.72,5023.5,yes
2278,0.834277,yes,High,48,technician,married,high.school,no,no,no,cellular,oct,thu,264,1,999,0,nonexistent,-3.4,92.431,-26.9,0.722,5017.5,yes
2279,0.834276,yes,High,30,admin.,single,university.degree,no,yes,no,cellular,jun,wed,214,3,999,0,nonexistent,-2.9,92.963,-40.8,1.26,5076.2,yes
2280,0.834232,yes,High,60,admin.,married,unknown,no,yes,no,cellular,oct,wed,290,1,999,1,failure,-3.4,92.431,-26.9,0.74,5017.5,yes
2281,0.834166,yes,High,28,admin.,single,high.school,no,yes,no,cellular,mar,thu,181,2,999,0,nonexistent,-1.8,92.843,-50.0,1.538,5099.1,no
2282,0.834157,yes,High,30,admin.,single,university.degree,no,no,no,cellular,jun,tue,482,2,999,0,nonexistent,-2.9,92.963,-40.8,1.262,5076.2,yes
2283,0.834155,yes,High,44,retired,single,high.school,no,no,no,cellular,aug,mon,2035,4,999,0,nonexistent,-1.7,94.027,-38.3,0.896,4991.6,yes
2284,0.834146,yes,High,32,technician,married,professional.course,no,no,no,cellular,apr,mon,688,2,999,0,nonexistent,-1.8,93.749,-34.6,0.645,5008.7,yes
2285,0.834121,yes,High,25,unemployed,married,university.degree,no,no,no,cellular,jun,tue,529,2,999,0,nonexistent,-2.9,92.963,-40.8,1.286,5076.2,yes
2286,0.834117,yes,High,24,admin.,single,university.degree,no,yes,no,cellular,mar,wed,145,2,999,1,failure,-1.8,93.369,-34.8,0.655,5008.7,yes
2287,0.833957,yes,High,66,retired,married,basic.4y,no,yes,no,cellular,apr,wed,253,2,999,0,nonexistent,-1.8,93.075,-47.1,1.415,5099.1,no
2288,0.833952,yes,High,56,admin.,divorced,unknown,no,yes,no,telephone,jul,fri,353,2,999,0,nonexistent,-2.9,92.469,-33.6,1.059,5076.2,yes
2289,0.83393,yes,High,32,admin.,single,university.degree,no,yes,no,cellular,jul,wed,97,3,999,0,nonexistent,-2.9,92.469,-33.6,1.029,5076.2,yes
2290,0.833863,yes,High,49,admin.,single,university.degree,no,yes,no,telephone,oct,mon,51,1,999,0,nonexistent,-0.1,93.798,-40.4,4.912,5195.8,no
2291,0.833785,yes,High,28,admin.,single,high.school,no,yes,no,cellular,mar,thu,131,4,999,0,nonexistent,-1.8,92.843,-50.0,1.538,5099.1,no
2292,0.833763,yes,High,32,admin.,single,professional.course,no,yes,no,cellular,jul,wed,72,1,999,0,nonexistent,-2.9,92.469,-33.6,1.029,5076.2,no
2293,0.833703,yes,High,37,housemaid,single,university.degree,no,no,no,cellular,oct,tue,296,3,999,0,nonexistent,-3.4,92.431,-26.9,0.744,5017.5,yes
2294,0.833563,yes,High,27,services,single,university.degree,no,yes,no,cellular,mar,mon,111,3,999,0,nonexistent,-1.8,93.369,-34.8,0.652,5008.7,no
2295,0.833441,yes,High,70,retired,married,basic.4y,no,yes,no,cellular,apr,wed,223,2,999,0,nonexistent,-1.8,93.075,-47.1,1.415,5099.1,yes
2296,0.83339,yes,High,58,admin.,divorced,high.school,no,no,no,telephone,oct,thu,81,1,999,0,nonexistent,-0.1,93.798,-40.4,4.794,5195.8,no
2297,0.83337,yes,High,58,technician,married,basic.9y,no,yes,no,cellular,aug,mon,324,1,999,0,nonexistent,-1.7,94.027,-38.3,0.904,4991.6,yes
2298,0.833364,yes,High,35,blue-collar,single,professional.course,no,yes,no,cellular,mar,tue,81,1,999,0,nonexistent,-1.8,92.843,-50.0,1.556,5099.1,no
2299,0.833323,yes,High,31,admin.,single,high.school,no,no,no,cellular,jun,fri,39,3,999,0,nonexistent,-2.9,92.963,-40.8,1.268,5076.2,no
2300,0.833314,yes,High,70,retired,married,professional.course,no,yes,no,cellular,aug,fri,94,4,999,0,nonexistent,-2.9,92.201,-31.4,0.869,5076.2,yes
2301,0.833286,yes,High,38,technician,married,university.degree,no,yes,yes,cellular,dec,wed,310,1,999,0,nonexistent,-3.0,92.713,-33.0,0.721,5023.5,yes
2302,0.833263,yes,High,51,unemployed,married,high.school,no,yes,yes,cellular,sep,fri,240,3,999,0,nonexistent,-1.1,94.199,-37.5,0.883,4963.6,no
2303,0.83321,yes,High,31,admin.,single,high.school,no,no,no,cellular,jun,wed,137,3,999,0,nonexistent,-2.9,92.963,-40.8,1.26,5076.2,no
2304,0.833192,yes,High,30,admin.,married,university.degree,no,no,no,cellular,jun,tue,250,2,999,0,nonexistent,-2.9,92.963,-40.8,1.262,5076.2,yes
2305,0.833158,yes,High,35,admin.,married,high.school,no,no,no,cellular,aug,mon,155,1,4,1,success,-2.9,92.201,-31.4,0.884,5076.2,no
2306,0.833147,yes,High,58,retired,married,basic.4y,no,yes,no,cellular,nov,wed,487,1,999,2,failure,-3.4,92.649,-30.1,0.716,5017.5,yes
2307,0.833093,yes,High,70,retired,married,basic.4y,no,yes,no,cellular,dec,wed,325,1,999,2,failure,-3.0,92.713,-33.0,0.715,5023.5,no
2308,0.833027,yes,High,32,admin.,single,university.degree,no,yes,no,telephone,nov,fri,2184,2,999,1,failure,-3.4,92.649,-30.1,0.714,5017.5,yes
2309,0.833004,yes,High,35,technician,single,professional.course,no,yes,no,cellular,nov,thu,192,2,999,1,failure,-3.4,92.649,-30.1,0.714,5017.5,yes
2310,0.83299,yes,High,56,blue-collar,married,basic.4y,no,yes,no,cellular,mar,fri,283,1,999,0,nonexistent,-1.8,92.843,-50.0,1.531,5099.1,yes
2311,0.832921,yes,High,29,student,single,professional.course,no,no,no,cellular,jun,fri,95,2,999,0,nonexistent,-2.9,92.963,-40.8,1.268,5076.2,no
2312,0.832885,yes,High,24,blue-collar,single,unknown,no,no,yes,cellular,jun,mon,188,1,999,0,nonexistent,-2.9,92.963,-40.8,1.26,5076.2,yes
2313,0.832863,yes,High,43,technician,single,professional.course,no,no,no,telephone,oct,fri,147,1,999,0,nonexistent,-0.1,93.798,-40.4,5.045,5195.8,no
2314,0.832845,yes,High,23,blue-collar,single,basic.9y,no,yes,no,cellular,jul,thu,268,5,999,1,failure,-1.7,94.215,-40.3,0.846,4991.6,yes
2315,0.832799,yes,High,56,technician,married,high.school,no,no,no,cellular,apr,mon,119,2,999,0,nonexistent,-1.8,93.749,-34.6,0.642,5008.7,no
2316,0.83278,yes,High,33,admin.,married,university.degree,no,yes,no,cellular,mar,wed,278,8,999,0,nonexistent,-1.8,92.843,-50.0,1.548,5099.1,yes
2317,0.832747,yes,High,66,retired,married,basic.4y,no,yes,yes,telephone,nov,thu,1127,1,999,0,nonexistent,-3.4,92.649,-30.1,0.714,5017.5,yes
2318,0.832744,yes,High,25,admin.,single,high.school,no,no,no,cellular,jun,mon,95,1,999,0,nonexistent,-2.9,92.963,-40.8,1.26,5076.2,no
2319,0.832731,yes,High,43,blue-collar,married,basic.9y,no,yes,no,cellular,dec,tue,689,2,999,0,nonexistent,-3.0,92.713,-33.0,0.707,5023.5,yes
2320,0.83248,yes,High,73,retired,married,basic.4y,no,yes,yes,cellular,aug,fri,135,1,999,0,nonexistent,-2.9,92.201,-31.4,0.881,5076.2,no
2321,0.832386,yes,High,25,admin.,married,university.degree,no,no,no,cellular,mar,fri,184,1,999,0,nonexistent,-1.8,92.843,-50.0,1.531,5099.1,no
2322,0.832362,yes,High,27,admin.,single,unknown,no,yes,no,telephone,jul,tue,876,1,999,0,nonexistent,-2.9,92.469,-33.6,1.044,5076.2,yes
2323,0.832346,yes,High,28,unemployed,married,professional.course,no,no,no,cellular,aug,fri,276,2,999,0,nonexistent,-2.9,92.201,-31.4,0.869,5076.2,yes
2324,0.832299,yes,High,23,student,single,basic.9y,no,yes,no,cellular,dec,tue,321,2,999,0,nonexistent,-3.0,92.713,-33.0,0.708,5023.5,yes
2325,0.832299,yes,High,23,student,single,basic.9y,no,yes,no,cellular,dec,tue,158,2,999,0,nonexistent,-3.0,92.713,-33.0,0.708,5023.5,no
2326,0.832299,yes,High,23,student,single,basic.9y,no,yes,no,cellular,dec,tue,256,2,999,0,nonexistent,-3.0,92.713,-33.0,0.708,5023.5,yes
2327,0.832293,yes,High,30,unemployed,married,high.school,no,yes,no,cellular,may,mon,214,3,3,1,success,-1.8,92.893,-46.2,1.354,5099.1,yes
2328,0.832287,yes,High,57,technician,married,professional.course,no,no,no,cellular,nov,tue,564,1,999,0,nonexistent,-3.4,92.649,-30.1,0.715,5017.5,no
2329,0.832251,yes,High,31,admin.,married,university.degree,no,no,no,cellular,aug,tue,317,2,999,1,failure,-1.7,94.027,-38.3,0.904,4991.6,yes
2330,0.832208,yes,High,59,blue-collar,married,basic.4y,no,yes,no,cellular,mar,mon,124,2,999,0,nonexistent,-1.8,93.369,-34.8,0.652,5008.7,yes
2331,0.832114,yes,High,21,services,single,professional.course,no,yes,yes,cellular,jun,thu,787,1,999,0,nonexistent,-2.9,92.963,-40.8,1.26,5076.2,yes
2332,0.832106,yes,High,59,technician,married,professional.course,no,no,no,cellular,jun,thu,1207,4,999,1,failure,-1.7,94.055,-39.8,0.742,4991.6,yes
2333,0.832103,yes,High,18,student,single,basic.9y,no,no,no,cellular,dec,thu,412,2,999,0,nonexistent,-3.0,92.713,-33.0,0.712,5023.5,yes
2334,0.832065,yes,High,24,student,single,high.school,no,yes,no,cellular,dec,thu,726,3,999,0,nonexistent,-3.0,92.713,-33.0,0.712,5023.5,yes
2335,0.832061,yes,High,26,admin.,single,university.degree,no,yes,no,cellular,jul,wed,153,1,999,0,nonexistent,-2.9,92.469,-33.6,1.029,5076.2,yes
2336,0.832048,yes,High,31,admin.,single,university.degree,no,yes,no,cellular,nov,tue,168,2,999,0,nonexistent,-3.4,92.649,-30.1,0.715,5017.5,no
2337,0.831975,yes,High,26,student,single,basic.9y,no,yes,no,cellular,aug,wed,582,1,999,0,nonexistent,-2.9,92.201,-31.4,0.879,5076.2,yes
2338,0.831891,yes,High,68,technician,married,unknown,no,no,no,cellular,dec,thu,141,4,999,0,nonexistent,-3.0,92.713,-33.0,0.712,5023.5,no
2339,0.831863,yes,High,65,admin.,married,university.degree,no,yes,no,cellular,may,fri,407,3,999,1,failure,-1.8,93.876,-40.0,0.684,5008.7,yes
2340,0.831828,yes,High,71,retired,married,basic.4y,no,no,no,telephone,apr,mon,92,8,999,0,nonexistent,-1.8,93.749,-34.6,0.645,5008.7,no
2341,0.831796,yes,High,44,technician,married,university.degree,no,no,no,cellular,may,fri,113,1,999,1,failure,-1.8,93.876,-40.0,0.682,5008.7,no
2342,0.831748,yes,High,65,retired,married,basic.4y,no,unknown,unknown,cellular,apr,tue,106,1,999,0,nonexistent,-1.8,93.075,-47.1,1.405,5099.1,yes
2343,0.831632,yes,High,77,retired,married,unknown,no,yes,yes,cellular,may,fri,318,3,999,0,nonexistent,-1.8,93.876,-40.0,0.684,5008.7,no
2344,0.831632,yes,High,54,technician,married,basic.9y,no,no,no,cellular,nov,tue,284,2,999,1,failure,-3.4,92.649,-30.1,0.72,5017.5,yes
2345,0.831596,yes,High,26,admin.,single,university.degree,no,yes,yes,cellular,oct,wed,261,1,999,0,nonexistent,-1.1,94.601,-49.5,0.959,4963.6,no
2346,0.831584,yes,High,65,housemaid,married,basic.4y,no,yes,no,cellular,oct,tue,253,2,999,1,failure,-3.4,92.431,-26.9,0.728,5017.5,no
2347,0.831517,yes,High,31,admin.,married,high.school,no,no,no,cellular,oct,thu,142,1,999,0,nonexistent,-3.4,92.431,-26.9,0.722,5017.5,yes
2348,0.831502,yes,High,35,blue-collar,married,basic.9y,no,yes,no,telephone,oct,tue,4,1,999,0,nonexistent,-0.1,93.798,-40.4,4.968,5195.8,no
2349,0.831498,yes,High,51,technician,single,university.degree,no,no,no,cellular,jun,fri,657,1,999,0,nonexistent,-2.9,92.963,-40.8,1.268,5076.2,yes
2350,0.831416,yes,High,33,admin.,single,university.degree,no,yes,no,cellular,jul,mon,289,1,999,1,failure,-1.7,94.215,-40.3,0.827,4991.6,no
2351,0.831356,yes,High,30,technician,single,professional.course,no,no,no,cellular,sep,tue,221,2,999,1,failure,-1.1,94.199,-37.5,0.877,4963.6,yes
2352,0.831327,yes,High,51,technician,single,university.degree,no,no,no,cellular,jun,fri,151,2,999,0,nonexistent,-2.9,92.963,-40.8,1.268,5076.2,no
2353,0.831227,yes,High,63,retired,married,university.degree,no,yes,no,cellular,aug,mon,79,1,6,2,failure,-2.9,92.201,-31.4,0.821,5076.2,no
2354,0.831133,yes,High,43,services,married,basic.6y,no,no,no,cellular,sep,tue,159,1,999,1,failure,-3.4,92.379,-29.8,0.75,5017.5,yes
2355,0.830985,yes,High,61,retired,divorced,university.degree,no,no,no,cellular,apr,thu,949,2,999,0,nonexistent,-1.8,93.075,-47.1,1.365,5099.1,yes
2356,0.83097,yes,High,28,admin.,single,university.degree,no,no,no,cellular,jun,mon,114,1,999,0,nonexistent,-2.9,92.963,-40.8,1.26,5076.2,no
2357,0.830928,yes,High,83,retired,divorced,basic.4y,no,yes,yes,cellular,nov,tue,112,1,999,0,nonexistent,-3.4,92.649,-30.1,0.716,5017.5,no
2358,0.830925,yes,High,39,technician,married,professional.course,no,yes,no,cellular,may,mon,1046,3,11,1,success,-1.8,92.893,-46.2,1.354,5099.1,yes
2359,0.830914,yes,High,40,entrepreneur,married,basic.6y,no,no,no,cellular,jun,wed,837,1,999,0,nonexistent,-2.9,92.963,-40.8,1.26,5076.2,yes
2360,0.830897,yes,High,47,services,divorced,unknown,no,yes,no,cellular,aug,tue,113,2,999,1,failure,-1.7,94.027,-38.3,0.899,4991.6,yes
2361,0.830825,yes,High,35,student,single,university.degree,no,yes,no,cellular,oct,tue,79,2,999,0,nonexistent,-3.4,92.431,-26.9,0.742,5017.5,yes
2362,0.830791,yes,High,36,unemployed,married,professional.course,no,yes,no,cellular,apr,thu,835,7,999,0,nonexistent,-1.8,93.749,-34.6,0.659,5008.7,no
2363,0.83077,yes,High,29,self-employed,single,university.degree,no,yes,no,cellular,sep,tue,445,2,999,0,nonexistent,-3.4,92.379,-29.8,0.788,5017.5,yes
2364,0.830705,yes,High,66,retired,married,unknown,no,no,no,cellular,aug,wed,147,2,999,1,failure,-2.9,92.201,-31.4,0.879,5076.2,yes
2365,0.830626,yes,High,28,admin.,single,university.degree,no,yes,no,cellular,jun,wed,593,1,999,0,nonexistent,-2.9,92.963,-40.8,1.26,5076.2,yes
2366,0.830626,yes,High,76,retired,married,university.degree,no,yes,no,cellular,dec,wed,258,1,999,0,nonexistent,-3.0,92.713,-33.0,0.721,5023.5,no
2367,0.83061,yes,High,31,self-employed,married,professional.course,no,yes,no,cellular,mar,thu,171,4,999,3,failure,-1.8,93.369,-34.8,0.65,5008.7,yes
2368,0.830599,yes,High,37,technician,single,university.degree,no,yes,no,cellular,jun,fri,300,1,999,2,failure,-1.7,94.055,-39.8,0.748,4991.6,yes
2369,0.830565,yes,High,29,admin.,single,university.degree,no,yes,no,cellular,jun,wed,170,1,999,0,nonexistent,-2.9,92.963,-40.8,1.26,5076.2,yes
2370,0.830523,yes,High,34,technician,single,professional.course,no,no,no,cellular,oct,thu,138,1,999,1,failure,-3.4,92.431,-26.9,0.74,5017.5,no
2371,0.830523,yes,High,26,technician,single,basic.9y,no,yes,no,cellular,sep,thu,305,1,999,1,failure,-1.1,94.199,-37.5,0.879,4963.6,yes
2372,0.830463,yes,High,37,admin.,single,university.degree,no,yes,no,cellular,oct,fri,183,2,999,0,nonexistent,-3.4,92.431,-26.9,0.72,5017.5,no
2373,0.830446,yes,High,35,admin.,single,high.school,no,yes,yes,cellular,aug,mon,107,4,2,3,success,-2.9,92.201,-31.4,0.884,5076.2,no
2374,0.830393,yes,High,29,blue-collar,single,professional.course,no,no,yes,cellular,mar,tue,207,2,999,1,failure,-1.8,93.369,-34.8,0.652,5008.7,yes
2375,0.83034,yes,High,26,student,single,basic.9y,no,yes,no,cellular,mar,mon,712,4,999,0,nonexistent,-1.8,92.843,-50.0,1.811,5099.1,yes
2376,0.830106,yes,High,31,admin.,single,high.school,no,yes,no,cellular,jul,wed,91,1,999,1,failure,-1.7,94.215,-40.3,0.84,4991.6,no
2377,0.830084,yes,High,28,self-employed,single,university.degree,no,no,no,cellular,jul,thu,178,1,999,2,failure,-1.7,94.215,-40.3,0.846,4991.6,no
2378,0.830007,yes,High,21,admin.,single,high.school,no,yes,no,cellular,jun,wed,180,1,999,0,nonexistent,-2.9,92.963,-40.8,1.26,5076.2,no
2379,0.829999,yes,High,48,management,married,university.degree,no,no,no,cellular,oct,wed,301,1,999,1,failure,-3.4,92.431,-26.9,0.74,5017.5,no
2380,0.829996,yes,High,34,technician,single,professional.course,no,no,no,cellular,aug,wed,305,1,999,0,nonexistent,-2.9,92.201,-31.4,0.884,5076.2,yes
2381,0.829996,yes,High,34,technician,single,professional.course,no,no,no,cellular,aug,wed,211,1,999,0,nonexistent,-2.9,92.201,-31.4,0.884,5076.2,yes
2382,0.829949,yes,High,30,admin.,single,university.degree,no,yes,yes,cellular,nov,tue,98,2,999,0,nonexistent,-3.4,92.649,-30.1,0.715,5017.5,no
2383,0.829945,yes,High,32,technician,single,professional.course,no,no,no,cellular,aug,fri,87,1,999,0,nonexistent,-2.9,92.201,-31.4,0.881,5076.2,yes
2384,0.82994,yes,High,33,services,married,high.school,no,yes,no,cellular,oct,thu,313,3,999,0,nonexistent,-3.4,92.431,-26.9,0.733,5017.5,yes
2385,0.829937,yes,High,36,admin.,single,high.school,no,yes,no,cellular,oct,mon,113,1,6,1,success,-3.4,92.431,-26.9,0.739,5017.5,no
2386,0.829891,yes,High,27,admin.,single,university.degree,no,no,no,cellular,jun,mon,138,3,999,0,nonexistent,-2.9,92.963,-40.8,1.281,5076.2,yes
2387,0.829836,yes,High,28,technician,single,professional.course,no,yes,no,cellular,jun,wed,209,2,999,0,nonexistent,-2.9,92.963,-40.8,1.26,5076.2,yes
2388,0.829829,yes,High,36,admin.,married,university.degree,no,no,no,cellular,oct,thu,343,2,999,1,failure,-3.4,92.431,-26.9,0.722,5017.5,no
2389,0.829773,yes,High,49,admin.,married,university.degree,no,no,no,cellular,jun,thu,259,2,999,0,nonexistent,-2.9,92.963,-40.8,1.235,5076.2,yes
2390,0.829743,yes,High,25,services,single,high.school,no,yes,no,cellular,oct,thu,287,1,999,0,nonexistent,-3.4,92.431,-26.9,0.733,5017.5,no
2391,0.829724,yes,High,31,technician,married,university.degree,no,yes,no,cellular,jun,fri,276,2,999,0,nonexistent,-2.9,92.963,-40.8,1.268,5076.2,yes
2392,0.829633,yes,High,31,management,married,university.degree,no,yes,no,cellular,nov,mon,188,1,999,0,nonexistent,-1.1,94.767,-50.8,1.05,4963.6,yes
2393,0.829619,yes,High,66,retired,married,unknown,no,no,no,cellular,sep,tue,332,5,999,0,nonexistent,-1.1,94.199,-37.5,0.881,4963.6,no
2394,0.82951,yes,High,22,technician,single,university.degree,no,yes,no,cellular,jun,fri,127,2,999,0,nonexistent,-2.9,92.963,-40.8,1.268,5076.2,no
2395,0.829481,yes,High,57,admin.,single,high.school,no,unknown,unknown,telephone,oct,tue,513,1,999,0,nonexistent,-3.4,92.431,-26.9,0.737,5017.5,yes
2396,0.829479,yes,High,59,blue-collar,divorced,basic.4y,no,yes,no,cellular,jul,thu,218,1,999,0,nonexistent,-2.9,92.469,-33.6,1.072,5076.2,yes
2397,0.829462,yes,High,30,admin.,single,university.degree,no,yes,no,cellular,jun,wed,107,1,999,0,nonexistent,-2.9,92.963,-40.8,1.26,5076.2,no
2398,0.829377,yes,High,32,technician,single,university.degree,no,no,no,cellular,jun,mon,1048,1,999,0,nonexistent,-2.9,92.963,-40.8,1.266,5076.2,yes
2399,0.829364,yes,High,29,admin.,single,high.school,no,yes,no,cellular,jun,fri,213,2,999,0,nonexistent,-2.9,92.963,-40.8,1.268,5076.2,no
2400,0.829348,yes,High,59,retired,married,professional.course,no,no,no,telephone,dec,tue,476,1,999,1,failure,-3.0,92.713,-33.0,0.715,5023.5,yes
2401,0.82932,yes,High,61,blue-collar,married,professional.course,no,yes,no,cellular,oct,thu,246,2,999,0,nonexistent,-1.1,94.601,-49.5,0.987,4963.6,yes
2402,0.829311,yes,High,27,student,single,university.degree,no,no,yes,cellular,nov,mon,118,1,999,0,nonexistent,-3.4,92.649,-30.1,0.715,5017.5,yes
2403,0.829275,yes,High,50,admin.,married,high.school,no,no,no,cellular,jul,wed,140,3,999,0,nonexistent,-2.9,92.469,-33.6,1.085,5076.2,yes
2404,0.829241,yes,High,24,student,single,basic.9y,no,yes,no,cellular,apr,tue,345,1,999,0,nonexistent,-1.8,93.749,-34.6,0.646,5008.7,no
2405,0.829164,yes,High,56,technician,married,professional.course,no,no,no,telephone,oct,wed,73,1,999,0,nonexistent,-0.1,93.798,-40.4,4.936,5195.8,no
2406,0.829087,yes,High,80,retired,married,basic.4y,no,no,no,cellular,oct,tue,242,1,999,2,failure,-3.4,92.431,-26.9,0.742,5017.5,yes
2407,0.829009,yes,High,44,services,married,high.school,no,no,no,cellular,oct,mon,95,3,999,0,nonexistent,-1.1,94.601,-49.5,1.0,4963.6,no
2408,0.828928,yes,High,20,student,single,basic.9y,no,yes,no,cellular,mar,thu,267,2,999,0,nonexistent,-1.8,92.843,-50.0,1.538,5099.1,no
2409,0.828846,yes,High,23,admin.,single,university.degree,no,yes,no,cellular,jul,wed,104,1,999,2,failure,-1.7,94.215,-40.3,0.881,4991.6,no
2410,0.828786,yes,High,29,admin.,single,university.degree,no,yes,no,cellular,apr,mon,237,4,999,0,nonexistent,-1.8,93.749,-34.6,0.643,5008.7,no
2411,0.82868,yes,High,50,admin.,married,university.degree,no,unknown,unknown,cellular,may,wed,801,1,999,1,failure,-1.8,93.876,-40.0,0.682,5008.7,no
2412,0.828618,yes,High,32,technician,single,professional.course,no,no,no,cellular,aug,fri,169,2,999,0,nonexistent,-2.9,92.201,-31.4,0.881,5076.2,no
2413,0.828581,yes,High,31,self-employed,single,university.degree,no,no,no,cellular,oct,fri,76,1,999,0,nonexistent,-3.4,92.431,-26.9,0.73,5017.5,no
2414,0.828514,yes,High,62,retired,married,university.degree,unknown,no,no,cellular,oct,fri,717,2,999,0,nonexistent,-3.4,92.431,-26.9,0.739,5017.5,yes
2415,0.828503,yes,High,29,admin.,single,high.school,no,no,no,cellular,mar,mon,150,4,999,0,nonexistent,-1.8,93.369,-34.8,0.652,5008.7,no
2416,0.828459,yes,High,26,admin.,single,high.school,no,no,no,cellular,jun,tue,479,1,999,0,nonexistent,-2.9,92.963,-40.8,1.262,5076.2,yes
2417,0.828428,yes,High,69,retired,divorced,university.degree,no,yes,no,cellular,apr,tue,207,2,999,0,nonexistent,-1.8,93.075,-47.1,1.423,5099.1,yes
2418,0.828411,yes,High,60,retired,married,professional.course,no,yes,no,cellular,may,fri,110,2,999,0,nonexistent,-1.8,93.876,-40.0,0.682,5008.7,no
2419,0.828366,yes,High,36,management,married,university.degree,no,no,no,cellular,jun,tue,265,1,999,1,failure,-1.7,94.055,-39.8,0.761,4991.6,yes
2420,0.828365,yes,High,66,housemaid,married,basic.4y,no,no,yes,cellular,jul,tue,296,1,999,1,failure,-1.7,94.215,-40.3,0.876,4991.6,no
2421,0.8283,yes,High,48,admin.,divorced,university.degree,no,yes,no,cellular,jul,fri,409,2,999,0,nonexistent,-2.9,92.469,-33.6,1.059,5076.2,yes
2422,0.82825,yes,High,60,retired,married,basic.4y,no,no,no,cellular,aug,mon,143,2,15,2,failure,-1.7,94.027,-38.3,0.896,4991.6,no
2423,0.828219,yes,High,25,services,single,high.school,no,yes,no,cellular,jun,thu,217,1,999,0,nonexistent,-2.9,92.963,-40.8,1.26,5076.2,yes
2424,0.828021,yes,High,29,technician,single,university.degree,no,no,no,cellular,jun,thu,442,3,999,0,nonexistent,-2.9,92.963,-40.8,1.26,5076.2,no
2425,0.827955,yes,High,30,student,single,high.school,no,no,no,cellular,mar,fri,268,5,10,2,failure,-1.8,92.843,-50.0,1.64,5099.1,yes
2426,0.827781,yes,High,18,student,single,basic.6y,no,no,yes,cellular,oct,fri,368,2,999,0,nonexistent,-3.4,92.431,-26.9,0.72,5017.5,yes
2427,0.827749,yes,High,69,retired,married,basic.6y,no,yes,no,cellular,nov,thu,355,3,999,0,nonexistent,-3.4,92.649,-30.1,0.716,5017.5,yes
2428,0.827742,yes,High,30,student,single,university.degree,no,yes,no,cellular,dec,mon,256,1,999,0,nonexistent,-3.0,92.713,-33.0,0.706,5023.5,no
2429,0.827705,yes,High,30,technician,single,professional.course,no,no,no,cellular,jun,thu,137,1,999,0,nonexistent,-2.9,92.963,-40.8,1.26,5076.2,yes
2430,0.827697,yes,High,42,management,single,university.degree,no,no,no,cellular,oct,mon,146,1,999,0,nonexistent,-3.4,92.431,-26.9,0.743,5017.5,yes
2431,0.827693,yes,High,28,unemployed,single,basic.9y,no,no,yes,cellular,aug,tue,261,1,999,1,failure,-1.7,94.027,-38.3,0.899,4991.6,yes
2432,0.827689,yes,High,65,housemaid,married,basic.4y,no,unknown,unknown,cellular,oct,tue,759,2,999,0,nonexistent,-3.4,92.431,-26.9,0.728,5017.5,yes
2433,0.827592,yes,High,36,admin.,single,high.school,no,unknown,unknown,cellular,dec,mon,480,1,999,1,failure,-3.0,92.713,-33.0,0.717,5023.5,yes
2434,0.827577,yes,High,61,retired,married,university.degree,no,yes,no,cellular,apr,wed,205,2,999,0,nonexistent,-1.8,93.075,-47.1,1.445,5099.1,no
2435,0.827504,yes,High,49,admin.,single,high.school,no,yes,no,cellular,oct,fri,136,2,999,0,nonexistent,-3.4,92.431,-26.9,0.739,5017.5,yes
2436,0.827462,yes,High,80,retired,married,basic.4y,no,yes,no,cellular,aug,wed,323,1,999,0,nonexistent,-2.9,92.201,-31.4,0.834,5076.2,yes
2437,0.82741,yes,High,88,retired,married,basic.4y,no,no,no,cellular,sep,mon,127,2,999,0,nonexistent,-1.1,94.199,-37.5,0.882,4963.6,no
2438,0.827354,yes,High,27,blue-collar,single,professional.course,no,yes,no,telephone,oct,mon,3284,1,999,0,nonexistent,-0.1,93.798,-40.4,4.912,5195.8,no
2439,0.827259,yes,High,43,admin.,married,university.degree,no,yes,no,cellular,mar,fri,111,3,999,0,nonexistent,-1.8,92.843,-50.0,1.531,5099.1,no
2440,0.82711,yes,High,26,student,single,basic.9y,no,yes,no,cellular,mar,mon,59,2,999,0,nonexistent,-1.8,92.843,-50.0,1.811,5099.1,no
2441,0.82711,yes,High,26,student,single,basic.9y,no,yes,no,cellular,mar,mon,1447,2,999,0,nonexistent,-1.8,92.843,-50.0,1.811,5099.1,yes
2442,0.8271,yes,High,60,retired,divorced,professional.course,no,yes,no,cellular,apr,thu,126,1,999,0,nonexistent,-1.8,93.075,-47.1,1.365,5099.1,no
2443,0.827096,yes,High,34,technician,married,professional.course,no,no,no,telephone,mar,mon,300,6,6,1,success,-1.8,93.369,-34.8,0.646,5008.7,yes
2444,0.827084,yes,High,30,self-employed,single,university.degree,no,no,no,cellular,sep,tue,169,1,999,0,nonexistent,-3.4,92.379,-29.8,0.788,5017.5,yes
2445,0.827051,yes,High,36,management,married,university.degree,no,no,no,cellular,mar,thu,709,2,999,0,nonexistent,-1.8,92.843,-50.0,1.538,5099.1,yes
2446,0.827034,yes,High,28,admin.,single,university.degree,no,yes,no,cellular,jun,fri,232,1,999,0,nonexistent,-2.9,92.963,-40.8,1.268,5076.2,yes
2447,0.827004,yes,High,43,management,single,university.degree,no,yes,no,cellular,oct,tue,205,1,999,0,nonexistent,-3.4,92.431,-26.9,0.744,5017.5,no
2448,0.82695,yes,High,32,admin.,single,high.school,no,no,no,cellular,nov,tue,1233,1,999,1,failure,-3.4,92.649,-30.1,0.72,5017.5,yes
2449,0.826871,yes,High,36,management,single,university.degree,no,no,no,telephone,mar,wed,834,1,999,0,nonexistent,-1.8,93.369,-34.8,0.655,5008.7,yes
2450,0.826704,yes,High,44,blue-collar,single,basic.4y,no,yes,no,cellular,mar,tue,1530,2,999,0,nonexistent,-1.8,92.843,-50.0,1.51,5099.1,yes
2451,0.826669,yes,High,30,student,single,university.degree,no,no,no,cellular,jul,tue,332,2,13,2,failure,-2.9,92.469,-33.6,0.908,5076.2,yes
2452,0.826642,yes,High,25,admin.,married,unknown,no,no,no,cellular,nov,thu,241,1,999,0,nonexistent,-3.4,92.649,-30.1,0.714,5017.5,yes
2453,0.826469,yes,High,31,admin.,single,university.degree,no,no,no,cellular,jun,tue,99,1,999,0,nonexistent,-2.9,92.963,-40.8,1.262,5076.2,no
2454,0.826329,yes,High,32,technician,married,professional.course,no,yes,no,cellular,aug,wed,641,1,999,0,nonexistent,-2.9,92.201,-31.4,0.879,5076.2,yes
2455,0.826223,yes,High,51,admin.,single,university.degree,no,no,no,cellular,jun,fri,159,2,999,0,nonexistent,-2.9,92.963,-40.8,1.268,5076.2,yes
2456,0.826134,yes,High,33,admin.,married,high.school,no,yes,no,cellular,sep,tue,212,1,999,0,nonexistent,-3.4,92.379,-29.8,0.819,5017.5,yes
2457,0.8261,yes,High,33,admin.,single,university.degree,no,yes,no,cellular,jun,wed,313,2,999,0,nonexistent,-2.9,92.963,-40.8,1.26,5076.2,yes
2458,0.826094,yes,High,55,unemployed,married,basic.9y,no,no,no,cellular,oct,tue,131,1,999,0,nonexistent,-3.4,92.431,-26.9,0.728,5017.5,yes
2459,0.826051,yes,High,51,technician,married,university.degree,no,yes,no,cellular,sep,thu,97,6,6,4,failure,-1.1,94.199,-37.5,0.884,4963.6,no
2460,0.826031,yes,High,29,admin.,single,university.degree,no,yes,no,cellular,jun,mon,97,4,999,0,nonexistent,-2.9,92.963,-40.8,1.281,5076.2,no
2461,0.826005,yes,High,54,blue-collar,married,basic.9y,no,no,no,cellular,jun,fri,258,2,999,0,nonexistent,-2.9,92.963,-40.8,1.268,5076.2,yes
2462,0.826001,yes,High,49,unemployed,married,professional.course,no,yes,no,telephone,nov,thu,226,1,999,0,nonexistent,-3.4,92.649,-30.1,0.714,5017.5,yes
2463,0.825894,yes,High,26,admin.,single,university.degree,no,no,no,cellular,oct,fri,306,1,999,0,nonexistent,-3.4,92.431,-26.9,0.739,5017.5,yes
2464,0.82588,yes,High,70,retired,married,basic.4y,no,yes,no,cellular,aug,fri,530,2,999,0,nonexistent,-2.9,92.201,-31.4,0.881,5076.2,yes
2465,0.825852,yes,High,70,retired,married,unknown,no,yes,no,cellular,apr,thu,346,2,999,0,nonexistent,-1.8,93.075,-47.1,1.41,5099.1,yes
2466,0.825841,yes,High,31,admin.,single,high.school,no,yes,no,cellular,sep,fri,210,1,999,0,nonexistent,-3.4,92.379,-29.8,0.773,5017.5,yes
2467,0.825833,yes,High,26,admin.,single,university.degree,no,yes,no,cellular,jun,wed,213,1,999,0,nonexistent,-2.9,92.963,-40.8,1.26,5076.2,no
2468,0.825814,yes,High,30,self-employed,single,university.degree,no,yes,no,cellular,sep,tue,145,1,999,0,nonexistent,-3.4,92.379,-29.8,0.788,5017.5,yes
2469,0.825814,yes,High,30,self-employed,single,university.degree,no,yes,no,cellular,sep,tue,191,1,999,0,nonexistent,-3.4,92.379,-29.8,0.788,5017.5,no
2470,0.825798,yes,High,50,unemployed,unknown,university.degree,no,no,no,cellular,mar,fri,166,2,999,0,nonexistent,-1.8,92.843,-50.0,1.64,5099.1,no
2471,0.825796,yes,High,40,self-employed,single,university.degree,unknown,yes,yes,cellular,apr,thu,509,1,2,1,success,-1.8,93.075,-47.1,1.365,5099.1,yes
2472,0.825707,yes,High,59,retired,married,unknown,no,no,no,cellular,aug,wed,385,2,999,1,failure,-2.9,92.201,-31.4,0.884,5076.2,yes
2473,0.825691,yes,High,63,housemaid,married,basic.4y,no,yes,no,telephone,aug,mon,235,1,6,2,failure,-2.9,92.201,-31.4,0.884,5076.2,yes
2474,0.825681,yes,High,29,admin.,single,university.degree,no,yes,no,cellular,jun,mon,154,1,999,0,nonexistent,-2.9,92.963,-40.8,1.266,5076.2,no
2475,0.825673,yes,High,36,technician,single,university.degree,no,yes,no,cellular,jun,mon,287,1,999,0,nonexistent,-2.9,92.963,-40.8,1.266,5076.2,yes
2476,0.82566,yes,High,29,admin.,single,high.school,no,yes,no,cellular,jun,mon,295,1,999,0,nonexistent,-2.9,92.963,-40.8,1.266,5076.2,yes
2477,0.825564,yes,High,72,retired,married,university.degree,no,no,no,cellular,nov,mon,111,1,999,0,nonexistent,-3.4,92.649,-30.1,0.714,5017.5,no
2478,0.82556,yes,High,18,student,single,high.school,no,yes,yes,cellular,mar,tue,103,1,999,0,nonexistent,-1.8,92.843,-50.0,1.687,5099.1,no
2479,0.825547,yes,High,71,retired,married,basic.4y,unknown,unknown,unknown,cellular,aug,tue,216,1,999,0,nonexistent,-2.9,92.201,-31.4,0.859,5076.2,yes
2480,0.825547,yes,High,30,admin.,single,university.degree,no,yes,no,cellular,nov,mon,324,2,999,0,nonexistent,-1.1,94.767,-50.8,1.039,4963.6,no
2481,0.825506,yes,High,56,services,married,high.school,no,yes,no,cellular,jul,thu,427,2,999,1,failure,-1.7,94.215,-40.3,0.884,4991.6,no
2482,0.825486,yes,High,26,services,single,high.school,no,no,no,cellular,jul,tue,180,2,999,0,nonexistent,-2.9,92.469,-33.6,1.044,5076.2,yes
2483,0.825474,yes,High,23,technician,single,professional.course,no,yes,no,cellular,nov,thu,116,5,9,2,failure,-3.4,92.649,-30.1,0.714,5017.5,no
2484,0.825469,yes,High,44,technician,married,university.degree,no,no,no,cellular,jun,wed,874,2,999,1,failure,-1.7,94.055,-39.8,0.715,4991.6,yes
2485,0.825438,yes,High,31,services,married,high.school,no,yes,no,cellular,jun,wed,591,2,999,0,nonexistent,-2.9,92.963,-40.8,1.26,5076.2,yes
2486,0.825407,yes,High,34,admin.,single,high.school,no,no,no,cellular,jun,fri,548,2,999,0,nonexistent,-2.9,92.963,-40.8,1.268,5076.2,yes
2487,0.825395,yes,High,34,technician,single,university.degree,no,no,no,cellular,sep,fri,155,4,999,1,failure,-1.1,94.199,-37.5,0.879,4963.6,no
2488,0.825307,yes,High,49,blue-collar,married,basic.6y,no,no,no,telephone,oct,wed,11,1,999,0,nonexistent,-0.1,93.798,-40.4,4.827,5195.8,no
2489,0.825298,yes,High,20,student,single,basic.4y,no,yes,no,cellular,aug,wed,267,1,999,0,nonexistent,-2.9,92.201,-31.4,0.879,5076.2,yes
2490,0.825289,yes,High,30,blue-collar,single,high.school,no,no,no,cellular,nov,mon,250,1,999,0,nonexistent,-3.4,92.649,-30.1,0.714,5017.5,yes
2491,0.82524,yes,High,71,retired,married,basic.4y,no,yes,no,cellular,oct,thu,137,1,999,1,failure,-3.4,92.431,-26.9,0.754,5017.5,yes
2492,0.825222,yes,High,33,admin.,married,university.degree,no,no,no,cellular,mar,thu,56,2,999,0,nonexistent,-1.8,92.843,-50.0,1.65,5099.1,no
2493,0.825169,yes,High,29,technician,single,university.degree,no,yes,no,cellular,jun,wed,165,1,999,0,nonexistent,-2.9,92.963,-40.8,1.26,5076.2,yes
2494,0.825169,yes,High,29,technician,single,university.degree,no,yes,no,cellular,jun,wed,138,1,999,0,nonexistent,-2.9,92.963,-40.8,1.26,5076.2,no
2495,0.825169,yes,High,29,technician,single,university.degree,no,yes,no,cellular,jun,wed,101,1,999,0,nonexistent,-2.9,92.963,-40.8,1.26,5076.2,no
2496,0.82515,yes,High,73,retired,married,university.degree,no,no,no,cellular,nov,fri,160,1,999,0,nonexistent,-3.4,92.649,-30.1,0.718,5017.5,yes
2497,0.82514,yes,High,53,admin.,married,university.degree,no,yes,yes,cellular,dec,mon,433,1,999,0,nonexistent,-3.0,92.713,-33.0,0.706,5023.5,no
2498,0.825105,yes,High,63,technician,married,high.school,no,no,no,cellular,apr,mon,176,3,999,0,nonexistent,-1.8,93.749,-34.6,0.642,5008.7,yes
2499,0.824974,yes,High,48,technician,married,high.school,no,yes,no,cellular,oct,thu,215,2,999,0,nonexistent,-3.4,92.431,-26.9,0.722,5017.5,yes
2500,0.824933,yes,High,37,student,single,unknown,no,no,no,cellular,jun,fri,99,1,999,0,nonexistent,-2.9,92.963,-40.8,1.268,5076.2,no
2501,0.824923,yes,High,75,retired,divorced,basic.4y,no,no,no,cellular,oct,thu,247,2,999,0,nonexistent,-3.4,92.431,-26.9,0.722,5017.5,no
2502,0.824897,yes,High,73,retired,married,basic.4y,no,unknown,unknown,cellular,aug,mon,160,3,999,1,failure,-2.9,92.201,-31.4,0.821,5076.2,yes
2503,0.824879,yes,High,65,retired,single,university.degree,no,no,no,cellular,nov,thu,253,1,999,2,failure,-3.4,92.649,-30.1,0.714,5017.5,yes
2504,0.824875,yes,High,26,student,single,university.degree,no,yes,no,cellular,jun,thu,112,1,999,0,nonexistent,-2.9,92.963,-40.8,1.26,5076.2,no
2505,0.824749,yes,High,36,technician,single,professional.course,no,no,no,cellular,jun,fri,146,2,999,0,nonexistent,-2.9,92.963,-40.8,1.268,5076.2,yes
2506,0.824746,yes,High,66,retired,married,basic.4y,unknown,yes,no,cellular,aug,tue,142,2,999,0,nonexistent,-2.9,92.201,-31.4,0.838,5076.2,yes
2507,0.824738,yes,High,57,entrepreneur,married,professional.course,no,yes,no,telephone,aug,mon,157,1,3,1,success,-2.9,92.201,-31.4,0.884,5076.2,no
2508,0.824731,yes,High,32,admin.,single,university.degree,no,yes,no,telephone,oct,thu,220,3,999,0,nonexistent,-3.4,92.431,-26.9,0.722,5017.5,yes
2509,0.82472,yes,High,33,admin.,married,university.degree,no,no,no,cellular,jun,mon,335,2,999,0,nonexistent,-2.9,92.963,-40.8,1.266,5076.2,yes
2510,0.824598,yes,High,34,technician,married,university.degree,no,no,no,cellular,jun,tue,116,2,999,0,nonexistent,-2.9,92.963,-40.8,1.262,5076.2,no
2511,0.824526,yes,High,28,technician,single,professional.course,no,yes,no,cellular,aug,thu,78,3,999,0,nonexistent,-2.9,92.201,-31.4,0.851,5076.2,yes
2512,0.824482,yes,High,75,retired,married,basic.4y,no,no,no,cellular,oct,wed,113,2,999,0,nonexistent,-3.4,92.431,-26.9,0.724,5017.5,no
2513,0.824467,yes,High,28,admin.,single,university.degree,no,yes,no,cellular,jun,mon,353,1,999,0,nonexistent,-2.9,92.963,-40.8,1.266,5076.2,no
2514,0.824403,yes,High,28,technician,single,university.degree,no,yes,no,cellular,mar,mon,120,3,999,0,nonexistent,-1.8,92.843,-50.0,1.811,5099.1,yes
2515,0.824253,yes,High,37,admin.,single,university.degree,no,yes,no,cellular,mar,thu,194,2,999,1,failure,-1.8,93.369,-34.8,0.654,5008.7,no
2516,0.824169,yes,High,33,admin.,single,university.degree,no,no,no,cellular,oct,thu,441,5,999,1,failure,-3.4,92.431,-26.9,0.74,5017.5,yes
2517,0.824122,yes,High,49,management,married,university.degree,no,no,yes,cellular,nov,tue,185,1,999,0,nonexistent,-3.4,92.649,-30.1,0.715,5017.5,no
2518,0.824029,yes,High,61,admin.,married,high.school,no,yes,no,cellular,nov,wed,300,1,21,5,failure,-1.1,94.767,-50.8,1.044,4963.6,yes
2519,0.824018,yes,High,32,admin.,single,university.degree,no,yes,no,cellular,jun,thu,89,2,999,0,nonexistent,-2.9,92.963,-40.8,1.26,5076.2,yes
2520,0.823946,yes,High,69,entrepreneur,married,high.school,no,yes,no,cellular,jun,wed,178,2,999,0,nonexistent,-2.9,92.963,-40.8,1.26,5076.2,no
2521,0.82389,yes,High,29,technician,married,professional.course,no,no,no,cellular,may,fri,538,2,999,2,failure,-1.8,93.876,-40.0,0.699,5008.7,yes
2522,0.823836,yes,High,77,retired,divorced,professional.course,no,no,no,cellular,aug,mon,258,1,999,0,nonexistent,-1.7,94.027,-38.3,0.898,4991.6,no
2523,0.823733,yes,High,33,admin.,single,university.degree,no,no,no,cellular,jun,tue,541,3,999,0,nonexistent,-2.9,92.963,-40.8,1.262,5076.2,yes
2524,0.823655,yes,High,31,admin.,single,university.degree,no,yes,no,cellular,aug,mon,239,3,999,0,nonexistent,-1.7,94.027,-38.3,0.896,4991.6,yes
2525,0.823639,yes,High,33,admin.,single,university.degree,no,yes,no,cellular,jun,thu,114,3,999,0,nonexistent,-2.9,92.963,-40.8,1.26,5076.2,no
2526,0.823546,yes,High,66,retired,divorced,high.school,no,no,no,cellular,jul,wed,211,1,999,1,failure,-1.7,94.215,-40.3,0.896,4991.6,no
2527,0.823463,yes,High,31,admin.,single,university.degree,no,no,no,cellular,oct,thu,334,1,999,0,nonexistent,-3.4,92.431,-26.9,0.733,5017.5,no
2528,0.823416,yes,High,30,admin.,single,university.degree,no,yes,no,telephone,oct,thu,1002,4,999,0,nonexistent,-3.4,92.431,-26.9,0.733,5017.5,yes
2529,0.823398,yes,High,26,student,single,professional.course,no,yes,no,cellular,aug,tue,176,2,999,1,failure,-2.9,92.201,-31.4,0.883,5076.2,yes
2530,0.823381,yes,High,43,technician,single,university.degree,no,no,yes,cellular,nov,fri,122,5,999,0,nonexistent,-3.4,92.649,-30.1,0.714,5017.5,no
2531,0.823358,yes,High,26,admin.,married,unknown,no,no,no,cellular,mar,thu,359,1,999,1,failure,-1.8,93.369,-34.8,0.643,5008.7,no
2532,0.823316,yes,High,25,services,single,high.school,no,yes,no,cellular,oct,thu,260,2,999,0,nonexistent,-3.4,92.431,-26.9,0.733,5017.5,yes
2533,0.823299,yes,High,50,blue-collar,divorced,professional.course,no,yes,no,cellular,nov,mon,742,1,999,0,nonexistent,-1.1,94.767,-50.8,1.05,4963.6,yes
2534,0.823239,yes,High,26,admin.,married,university.degree,no,yes,no,cellular,mar,mon,175,5,999,0,nonexistent,-1.8,92.843,-50.0,1.811,5099.1,yes
2535,0.823095,yes,High,30,student,single,high.school,no,no,no,cellular,aug,tue,592,3,999,1,failure,-1.7,94.027,-38.3,0.899,4991.6,yes
2536,0.823065,yes,High,26,student,single,high.school,no,no,no,cellular,jul,tue,235,1,999,1,failure,-1.7,94.215,-40.3,0.893,4991.6,no
2537,0.823035,yes,High,35,technician,married,professional.course,no,yes,no,cellular,aug,fri,225,1,999,0,nonexistent,-2.9,92.201,-31.4,0.869,5076.2,yes
2538,0.822826,yes,High,55,unemployed,married,basic.9y,no,yes,no,cellular,oct,tue,156,1,999,0,nonexistent,-3.4,92.431,-26.9,0.728,5017.5,no
2539,0.822664,yes,High,25,technician,single,basic.9y,no,yes,no,cellular,jun,fri,103,2,999,0,nonexistent,-2.9,92.963,-40.8,1.268,5076.2,yes
2540,0.822603,yes,High,30,technician,married,university.degree,no,no,no,cellular,jun,mon,108,1,999,0,nonexistent,-2.9,92.963,-40.8,1.26,5076.2,no
2541,0.822593,yes,High,30,management,married,university.degree,no,no,no,cellular,mar,mon,116,1,999,0,nonexistent,-1.8,92.843,-50.0,1.811,5099.1,yes
2542,0.822589,yes,High,45,admin.,married,unknown,no,no,no,cellular,jun,fri,438,2,999,0,nonexistent,-2.9,92.963,-40.8,1.268,5076.2,yes
2543,0.822581,yes,High,43,blue-collar,married,basic.9y,no,no,no,cellular,mar,tue,180,2,999,0,nonexistent,-1.8,92.843,-50.0,1.799,5099.1,yes
2544,0.822492,yes,High,39,entrepreneur,married,basic.6y,no,no,no,cellular,sep,tue,106,4,16,2,failure,-3.4,92.379,-29.8,0.819,5017.5,no
2545,0.822489,yes,High,39,admin.,single,high.school,no,yes,no,cellular,oct,fri,132,1,999,0,nonexistent,-3.4,92.431,-26.9,0.739,5017.5,no
2546,0.822466,yes,High,32,admin.,single,university.degree,no,yes,no,cellular,jun,fri,58,2,999,0,nonexistent,-2.9,92.963,-40.8,1.268,5076.2,no
2547,0.822437,yes,High,27,admin.,single,university.degree,no,yes,no,cellular,jun,fri,136,1,999,0,nonexistent,-2.9,92.963,-40.8,1.268,5076.2,no
2548,0.822437,yes,High,27,admin.,single,university.degree,no,yes,no,cellular,jun,fri,77,1,999,0,nonexistent,-2.9,92.963,-40.8,1.268,5076.2,no
2549,0.822424,yes,High,25,admin.,married,high.school,no,yes,no,cellular,nov,thu,702,1,999,0,nonexistent,-3.4,92.649,-30.1,0.714,5017.5,no
2550,0.822384,yes,High,34,admin.,single,university.degree,no,no,no,cellular,jun,mon,62,1,999,0,nonexistent,-2.9,92.963,-40.8,1.266,5076.2,no
2551,0.822358,yes,High,32,technician,single,university.degree,no,yes,no,cellular,oct,tue,149,1,999,0,nonexistent,-3.4,92.431,-26.9,0.728,5017.5,yes
2552,0.822321,yes,High,25,admin.,single,university.degree,no,no,no,cellular,dec,fri,78,2,999,0,nonexistent,-3.0,92.713,-33.0,0.718,5023.5,no
2553,0.822222,yes,High,31,admin.,single,university.degree,no,yes,no,cellular,jun,mon,181,1,999,0,nonexistent,-2.9,92.963,-40.8,1.266,5076.2,no
2554,0.82222,yes,High,64,housemaid,married,basic.4y,no,yes,yes,cellular,dec,thu,336,5,999,0,nonexistent,-3.0,92.713,-33.0,0.714,5023.5,yes
2555,0.822208,yes,High,26,admin.,single,high.school,no,yes,yes,cellular,jun,fri,200,2,999,0,nonexistent,-2.9,92.963,-40.8,1.268,5076.2,no
2556,0.822119,yes,High,33,admin.,single,university.degree,no,yes,no,cellular,oct,fri,233,1,999,0,nonexistent,-3.4,92.431,-26.9,0.739,5017.5,yes
2557,0.822115,yes,High,25,technician,single,university.degree,no,no,yes,cellular,nov,wed,79,4,999,0,nonexistent,-3.4,92.649,-30.1,0.715,5017.5,no
2558,0.822109,yes,High,64,retired,married,university.degree,no,no,no,cellular,apr,tue,157,4,999,0,nonexistent,-1.8,93.075,-47.1,1.405,5099.1,yes
2559,0.822075,yes,High,24,blue-collar,single,basic.9y,no,yes,no,cellular,jun,wed,406,2,999,0,nonexistent,-2.9,92.963,-40.8,1.26,5076.2,yes
2560,0.822021,yes,High,50,blue-collar,married,basic.6y,no,yes,no,telephone,may,mon,483,4,3,2,success,-1.8,92.893,-46.2,1.354,5099.1,yes
2561,0.82202,yes,High,36,technician,married,professional.course,no,yes,no,cellular,may,thu,109,1,999,1,failure,-1.8,93.876,-40.0,0.677,5008.7,no
2562,0.822001,yes,High,27,admin.,single,university.degree,no,no,yes,cellular,jun,tue,154,1,999,0,nonexistent,-2.9,92.963,-40.8,1.262,5076.2,no
2563,0.821949,yes,High,31,technician,single,university.degree,no,no,no,cellular,nov,wed,372,1,999,0,nonexistent,-3.4,92.649,-30.1,0.716,5017.5,yes
2564,0.821909,yes,High,25,admin.,married,university.degree,no,yes,no,cellular,mar,fri,294,1,999,0,nonexistent,-1.8,92.843,-50.0,1.531,5099.1,yes
2565,0.821909,yes,High,25,admin.,married,university.degree,no,yes,no,cellular,mar,fri,277,1,999,0,nonexistent,-1.8,92.843,-50.0,1.531,5099.1,no
2566,0.821893,yes,High,30,technician,single,professional.course,no,unknown,unknown,telephone,sep,tue,808,1,12,2,failure,-1.1,94.199,-37.5,0.877,4963.6,yes
2567,0.821825,yes,High,49,blue-collar,married,basic.9y,unknown,yes,no,cellular,mar,mon,277,4,999,1,failure,-1.8,93.369,-34.8,0.652,5008.7,yes
2568,0.821799,yes,High,39,admin.,single,high.school,no,no,no,cellular,oct,fri,95,1,999,0,nonexistent,-3.4,92.431,-26.9,0.739,5017.5,no
2569,0.821763,yes,High,65,retired,married,basic.4y,no,no,yes,cellular,nov,tue,141,2,999,0,nonexistent,-3.4,92.649,-30.1,0.716,5017.5,no
2570,0.821617,yes,High,51,technician,single,university.degree,no,yes,no,cellular,jun,fri,509,1,999,0,nonexistent,-2.9,92.963,-40.8,1.268,5076.2,yes
2571,0.821531,yes,High,27,admin.,single,university.degree,no,yes,no,cellular,jun,fri,266,2,999,1,failure,-1.7,94.055,-39.8,0.748,4991.6,yes
2572,0.821521,yes,High,59,technician,married,basic.9y,no,no,no,cellular,oct,fri,445,1,999,0,nonexistent,-3.4,92.431,-26.9,0.72,5017.5,yes
2573,0.821511,yes,High,43,admin.,married,university.degree,no,yes,no,cellular,mar,fri,689,2,999,0,nonexistent,-1.8,92.843,-50.0,1.531,5099.1,no
2574,0.821473,yes,High,36,admin.,married,university.degree,no,no,no,cellular,jun,wed,334,1,999,0,nonexistent,-2.9,92.963,-40.8,1.26,5076.2,no
2575,0.821431,yes,High,27,admin.,single,university.degree,no,yes,no,cellular,mar,tue,359,1,999,1,failure,-1.8,93.369,-34.8,0.635,5008.7,yes
2576,0.821331,yes,High,39,admin.,single,high.school,no,no,no,cellular,mar,tue,119,5,999,0,nonexistent,-1.8,92.843,-50.0,1.687,5099.1,no
2577,0.821302,yes,High,32,admin.,single,university.degree,no,yes,no,cellular,jun,mon,253,1,999,0,nonexistent,-2.9,92.963,-40.8,1.266,5076.2,yes
2578,0.821167,yes,High,32,technician,single,professional.course,no,no,no,cellular,aug,wed,313,2,999,1,failure,-2.9,92.201,-31.4,0.879,5076.2,yes
2579,0.821142,yes,High,39,housemaid,married,basic.4y,no,no,no,cellular,oct,fri,282,1,999,0,nonexistent,-1.1,94.601,-49.5,0.972,4963.6,no
2580,0.821114,yes,High,31,technician,single,professional.course,no,no,no,cellular,jun,tue,163,1,999,1,failure,-2.9,92.963,-40.8,1.262,5076.2,yes
2581,0.821085,yes,High,55,retired,married,basic.4y,no,no,no,cellular,oct,thu,250,1,999,2,failure,-3.4,92.431,-26.9,0.722,5017.5,no
2582,0.821065,yes,High,24,admin.,single,university.degree,no,yes,yes,cellular,jun,mon,74,1,999,0,nonexistent,-2.9,92.963,-40.8,1.26,5076.2,no
2583,0.821052,yes,High,46,technician,married,professional.course,no,yes,no,cellular,aug,thu,245,2,999,4,failure,-1.7,94.027,-38.3,0.904,4991.6,yes
2584,0.821052,yes,High,64,retired,married,university.degree,no,yes,no,cellular,apr,tue,146,4,999,0,nonexistent,-1.8,93.075,-47.1,1.405,5099.1,yes
2585,0.821041,yes,High,50,admin.,married,university.degree,no,yes,no,cellular,jul,thu,567,5,999,0,nonexistent,-2.9,92.469,-33.6,1.072,5076.2,yes
2586,0.820994,yes,High,54,self-employed,married,university.degree,no,no,no,cellular,oct,thu,99,3,999,0,nonexistent,-1.1,94.601,-49.5,0.987,4963.6,no
2587,0.820936,yes,High,26,admin.,married,high.school,no,yes,yes,cellular,jun,wed,275,2,999,1,failure,-1.7,94.055,-39.8,0.767,4991.6,yes
2588,0.820822,yes,High,63,retired,married,unknown,no,yes,no,cellular,apr,thu,144,4,999,0,nonexistent,-1.8,93.075,-47.1,1.41,5099.1,yes
2589,0.82069,yes,High,34,self-employed,married,university.degree,no,unknown,unknown,cellular,jul,fri,156,3,999,2,failure,-1.7,94.215,-40.3,0.896,4991.6,no
2590,0.820605,yes,High,59,management,married,basic.4y,no,yes,no,cellular,mar,mon,284,2,999,0,nonexistent,-1.8,93.369,-34.8,0.652,5008.7,no
2591,0.820599,yes,High,33,admin.,single,high.school,no,no,no,cellular,jun,wed,170,1,999,0,nonexistent,-2.9,92.963,-40.8,1.26,5076.2,no
2592,0.820429,yes,High,41,technician,divorced,university.degree,no,yes,no,cellular,aug,fri,252,1,999,1,failure,-1.7,94.027,-38.3,0.905,4991.6,no
2593,0.820429,yes,High,34,admin.,married,university.degree,no,no,no,cellular,oct,fri,281,1,999,2,failure,-3.4,92.431,-26.9,0.73,5017.5,yes
2594,0.820388,yes,High,53,technician,married,university.degree,no,unknown,unknown,cellular,apr,thu,758,2,999,2,failure,-1.8,93.749,-34.6,0.64,5008.7,yes
2595,0.820374,yes,High,36,admin.,married,university.degree,no,yes,no,cellular,oct,wed,133,1,999,1,failure,-3.4,92.431,-26.9,0.74,5017.5,no
2596,0.82036,yes,High,31,admin.,married,university.degree,no,yes,no,cellular,oct,tue,213,1,999,0,nonexistent,-3.4,92.431,-26.9,0.737,5017.5,yes
2597,0.82036,yes,High,31,admin.,married,university.degree,no,yes,no,cellular,oct,tue,107,1,999,0,nonexistent,-3.4,92.431,-26.9,0.737,5017.5,no
2598,0.820269,yes,High,42,admin.,single,university.degree,no,no,no,cellular,jul,wed,268,2,999,0,nonexistent,-2.9,92.469,-33.6,1.029,5076.2,yes
2599,0.820251,yes,High,32,technician,divorced,professional.course,no,yes,yes,cellular,mar,tue,460,1,999,0,nonexistent,-1.8,92.843,-50.0,1.556,5099.1,yes
2600,0.820143,yes,High,42,entrepreneur,married,basic.9y,no,unknown,unknown,cellular,mar,tue,133,1,999,0,nonexistent,-1.8,92.843,-50.0,1.799,5099.1,no
2601,0.820121,yes,High,56,management,married,university.degree,no,unknown,unknown,cellular,nov,tue,289,1,999,0,nonexistent,-3.4,92.649,-30.1,0.72,5017.5,yes
2602,0.820088,yes,High,31,services,single,professional.course,no,yes,no,telephone,oct,tue,373,1,999,0,nonexistent,-3.4,92.431,-26.9,0.737,5017.5,yes
2603,0.820025,yes,High,28,admin.,single,university.degree,no,no,no,cellular,oct,fri,317,2,999,0,nonexistent,-3.4,92.431,-26.9,0.739,5017.5,no
2604,0.819985,yes,High,27,admin.,single,high.school,no,no,no,cellular,jul,thu,113,2,999,2,failure,-1.7,94.215,-40.3,0.782,4991.6,no
2605,0.819818,yes,High,34,admin.,married,university.degree,no,no,no,cellular,oct,thu,401,1,999,0,nonexistent,-3.4,92.431,-26.9,0.722,5017.5,yes
2606,0.819752,yes,High,30,blue-collar,single,high.school,no,unknown,unknown,cellular,nov,mon,235,5,999,0,nonexistent,-3.4,92.649,-30.1,0.714,5017.5,yes
2607,0.819675,yes,High,42,management,single,university.degree,no,yes,no,cellular,oct,mon,138,1,999,0,nonexistent,-3.4,92.431,-26.9,0.743,5017.5,yes
2608,0.819675,yes,High,42,management,single,university.degree,no,yes,no,cellular,oct,mon,105,1,999,0,nonexistent,-3.4,92.431,-26.9,0.743,5017.5,yes
2609,0.819662,yes,High,30,admin.,married,high.school,no,no,no,cellular,jun,mon,439,1,999,0,nonexistent,-2.9,92.963,-40.8,1.26,5076.2,no
2610,0.819579,yes,High,26,admin.,married,high.school,no,no,no,cellular,jun,mon,79,1,999,0,nonexistent,-2.9,92.963,-40.8,1.26,5076.2,no
2611,0.819563,yes,High,28,technician,single,university.degree,no,yes,no,cellular,mar,mon,76,2,999,0,nonexistent,-1.8,92.843,-50.0,1.811,5099.1,no
2612,0.819519,yes,High,27,technician,single,university.degree,no,no,yes,cellular,nov,wed,342,1,999,0,nonexistent,-3.4,92.649,-30.1,0.716,5017.5,yes
2613,0.819488,yes,High,39,admin.,married,university.degree,unknown,yes,no,cellular,aug,thu,102,1,4,1,success,-2.9,92.201,-31.4,0.873,5076.2,no
2614,0.819464,yes,High,57,unemployed,married,basic.4y,no,no,no,cellular,jun,mon,651,1,999,0,nonexistent,-2.9,92.963,-40.8,1.26,5076.2,yes
2615,0.819326,yes,High,38,technician,married,university.degree,no,no,no,cellular,jun,wed,539,1,999,0,nonexistent,-2.9,92.963,-40.8,1.26,5076.2,yes
2616,0.819324,yes,High,72,unknown,married,unknown,no,yes,yes,cellular,aug,fri,207,8,999,1,failure,-2.9,92.201,-31.4,0.825,5076.2,yes
2617,0.8193,yes,High,28,technician,single,university.degree,no,no,no,cellular,mar,mon,392,4,999,0,nonexistent,-1.8,92.843,-50.0,1.629,5099.1,yes
2618,0.819281,yes,High,32,admin.,single,university.degree,no,no,no,cellular,oct,wed,371,1,999,0,nonexistent,-3.4,92.431,-26.9,0.724,5017.5,yes
2619,0.819272,yes,High,31,technician,married,professional.course,no,yes,no,cellular,jun,tue,404,3,11,2,failure,-2.9,92.963,-40.8,1.252,5076.2,no
2620,0.819262,yes,High,37,student,single,unknown,no,no,yes,cellular,jun,fri,604,1,999,0,nonexistent,-2.9,92.963,-40.8,1.268,5076.2,no
2621,0.819191,yes,High,28,admin.,single,university.degree,no,yes,no,cellular,mar,thu,257,4,999,2,failure,-1.8,93.369,-34.8,0.65,5008.7,yes
2622,0.819167,yes,High,70,retired,married,unknown,no,yes,yes,cellular,apr,thu,96,1,999,0,nonexistent,-1.8,93.075,-47.1,1.41,5099.1,no
2623,0.819145,yes,High,33,admin.,married,university.degree,no,yes,no,cellular,mar,thu,71,3,999,0,nonexistent,-1.8,92.843,-50.0,1.65,5099.1,no
2624,0.819138,yes,High,56,technician,married,basic.4y,no,no,no,cellular,may,wed,776,3,3,1,success,-1.8,92.893,-46.2,1.27,5099.1,yes
2625,0.819121,yes,High,35,unemployed,married,university.degree,no,no,no,cellular,oct,thu,360,5,999,0,nonexistent,-3.4,92.431,-26.9,0.733,5017.5,yes
2626,0.819108,yes,High,35,admin.,single,high.school,no,no,yes,cellular,nov,wed,98,2,7,2,failure,-3.4,92.649,-30.1,0.715,5017.5,no
2627,0.819048,yes,High,33,unemployed,married,university.degree,no,yes,no,cellular,jun,mon,579,3,999,0,nonexistent,-2.9,92.963,-40.8,1.26,5076.2,yes
2628,0.819003,yes,High,43,admin.,single,high.school,no,yes,no,cellular,sep,fri,212,1,999,0,nonexistent,-3.4,92.379,-29.8,0.773,5017.5,yes
2629,0.818996,yes,High,27,student,single,unknown,no,yes,no,cellular,jun,tue,103,4,999,0,nonexistent,-2.9,92.963,-40.8,1.286,5076.2,no
2630,0.818899,yes,High,75,housemaid,divorced,basic.4y,no,no,no,telephone,nov,mon,135,8,3,1,success,-3.4,92.649,-30.1,0.714,5017.5,no
2631,0.818856,yes,High,18,student,single,basic.9y,no,yes,no,cellular,aug,tue,642,1,999,0,nonexistent,-2.9,92.201,-31.4,0.884,5076.2,yes
2632,0.818778,yes,High,78,retired,married,basic.4y,no,yes,no,cellular,apr,tue,274,1,999,0,nonexistent,-1.8,93.075,-47.1,1.405,5099.1,yes
2633,0.818719,yes,High,29,student,single,high.school,no,yes,no,cellular,jul,thu,253,2,999,0,nonexistent,-2.9,92.469,-33.6,1.018,5076.2,yes
2634,0.818706,yes,High,32,admin.,married,university.degree,no,yes,no,cellular,jun,tue,712,1,3,2,failure,-2.9,92.963,-40.8,1.262,5076.2,yes
2635,0.818608,yes,High,27,unemployed,single,high.school,no,no,no,cellular,aug,wed,93,1,4,3,success,-2.9,92.201,-31.4,0.879,5076.2,no
2636,0.818512,yes,High,28,admin.,single,university.degree,no,yes,no,cellular,jun,mon,333,1,999,0,nonexistent,-2.9,92.963,-40.8,1.26,5076.2,no
2637,0.818493,yes,High,24,technician,single,professional.course,no,yes,no,cellular,sep,fri,1042,5,999,3,failure,-1.1,94.199,-37.5,0.878,4963.6,yes
2638,0.818463,yes,High,36,self-employed,married,university.degree,no,yes,no,cellular,mar,fri,101,1,999,0,nonexistent,-1.8,92.843,-50.0,1.531,5099.1,no
2639,0.818434,yes,High,32,management,single,university.degree,no,yes,no,cellular,mar,mon,116,1,999,0,nonexistent,-1.8,92.843,-50.0,1.703,5099.1,yes
2640,0.818417,yes,High,35,technician,single,professional.course,no,no,no,cellular,mar,mon,185,2,999,0,nonexistent,-1.8,93.369,-34.8,0.652,5008.7,no
2641,0.818381,yes,High,70,retired,married,professional.course,no,no,no,cellular,aug,fri,185,3,999,1,failure,-2.9,92.201,-31.4,0.869,5076.2,no
2642,0.818331,yes,High,28,student,single,high.school,no,no,no,cellular,sep,fri,555,2,999,0,nonexistent,-3.4,92.379,-29.8,0.803,5017.5,yes
2643,0.818276,yes,High,24,admin.,single,high.school,no,yes,yes,cellular,mar,wed,224,1,999,0,nonexistent,-1.8,92.843,-50.0,1.602,5099.1,yes
2644,0.818232,yes,High,68,retired,married,basic.4y,unknown,yes,no,cellular,jun,mon,383,3,999,0,nonexistent,-1.7,94.055,-39.8,0.754,4991.6,no
2645,0.818202,yes,High,34,management,married,university.degree,no,yes,no,cellular,mar,tue,225,5,999,0,nonexistent,-1.8,92.843,-50.0,1.799,5099.1,no
2646,0.818153,yes,High,37,admin.,married,university.degree,no,no,no,cellular,jun,wed,167,1,999,0,nonexistent,-2.9,92.963,-40.8,1.26,5076.2,no
2647,0.818058,yes,High,58,retired,divorced,professional.course,no,no,no,cellular,apr,thu,430,1,999,0,nonexistent,-1.8,93.075,-47.1,1.365,5099.1,yes
2648,0.817984,yes,High,63,retired,married,high.school,no,yes,no,cellular,oct,wed,96,1,999,0,nonexistent,-3.4,92.431,-26.9,0.724,5017.5,yes
2649,0.817934,yes,High,27,technician,single,university.degree,no,yes,no,cellular,aug,thu,250,3,999,5,failure,-1.7,94.027,-38.3,0.904,4991.6,no
2650,0.817919,yes,High,32,admin.,married,university.degree,no,no,no,cellular,jun,tue,596,1,999,0,nonexistent,-2.9,92.963,-40.8,1.262,5076.2,yes
2651,0.817901,yes,High,27,admin.,single,university.degree,no,yes,yes,cellular,jun,mon,331,1,999,0,nonexistent,-2.9,92.963,-40.8,1.266,5076.2,yes
2652,0.817897,yes,High,22,student,single,professional.course,no,no,no,cellular,nov,mon,113,3,999,0,nonexistent,-3.4,92.649,-30.1,0.715,5017.5,yes
2653,0.817847,yes,High,34,technician,married,professional.course,no,yes,no,cellular,mar,mon,93,1,999,0,nonexistent,-1.8,92.843,-50.0,1.629,5099.1,no
2654,0.817814,yes,High,23,technician,single,university.degree,no,yes,no,cellular,oct,fri,374,1,999,0,nonexistent,-3.4,92.431,-26.9,0.73,5017.5,yes
2655,0.817813,yes,High,29,technician,single,professional.course,no,no,no,cellular,sep,mon,273,3,999,2,failure,-1.1,94.199,-37.5,0.879,4963.6,yes
2656,0.81778,yes,High,29,technician,single,university.degree,no,no,no,cellular,jul,fri,1007,6,999,0,nonexistent,-2.9,92.469,-33.6,1.059,5076.2,yes
2657,0.817715,yes,High,38,admin.,married,high.school,no,yes,no,cellular,oct,thu,82,1,999,1,failure,-3.4,92.431,-26.9,0.754,5017.5,no
2658,0.817712,yes,High,24,admin.,single,university.degree,no,yes,yes,telephone,oct,thu,97,1,999,0,nonexistent,-3.4,92.431,-26.9,0.733,5017.5,yes
2659,0.817685,yes,High,33,technician,married,professional.course,no,no,no,cellular,jun,tue,189,2,999,0,nonexistent,-2.9,92.963,-40.8,1.262,5076.2,no
2660,0.817676,yes,High,63,retired,married,professional.course,no,yes,no,cellular,apr,wed,387,2,999,0,nonexistent,-1.8,93.075,-47.1,1.498,5099.1,yes
2661,0.817672,yes,High,70,retired,married,professional.course,no,no,no,cellular,aug,fri,70,3,999,0,nonexistent,-2.9,92.201,-31.4,0.869,5076.2,no
2662,0.817622,yes,High,64,retired,married,university.degree,no,yes,yes,cellular,apr,tue,159,2,999,0,nonexistent,-1.8,93.075,-47.1,1.405,5099.1,no
2663,0.817422,yes,High,39,admin.,married,high.school,no,yes,no,cellular,may,mon,301,3,3,1,success,-1.8,92.893,-46.2,1.354,5099.1,yes
2664,0.817376,yes,High,33,admin.,single,unknown,no,no,no,cellular,mar,thu,196,3,999,1,failure,-1.8,93.369,-34.8,0.635,5008.7,no
2665,0.81734,yes,High,51,admin.,married,university.degree,no,yes,no,cellular,jul,fri,139,5,999,0,nonexistent,-2.9,92.469,-33.6,0.921,5076.2,yes
2666,0.817324,yes,High,33,unemployed,single,unknown,no,yes,no,cellular,sep,fri,224,2,999,1,failure,-1.1,94.199,-37.5,0.879,4963.6,yes
2667,0.817315,yes,High,28,admin.,single,high.school,no,yes,no,cellular,may,thu,457,2,999,1,failure,-1.8,93.876,-40.0,0.683,5008.7,no
2668,0.817258,yes,High,30,admin.,single,university.degree,no,yes,yes,telephone,oct,mon,718,1,999,0,nonexistent,-0.1,93.798,-40.4,5.0,5195.8,yes
2669,0.817253,yes,High,54,admin.,married,university.degree,no,no,no,cellular,mar,mon,47,2,999,0,nonexistent,-1.8,92.843,-50.0,1.56,5099.1,no
2670,0.81725,yes,High,33,blue-collar,single,high.school,no,yes,no,cellular,mar,wed,203,4,999,1,failure,-1.8,92.843,-50.0,1.602,5099.1,yes
2671,0.817226,yes,High,22,student,single,high.school,no,yes,no,cellular,aug,thu,425,2,999,0,nonexistent,-2.9,92.201,-31.4,0.873,5076.2,yes
2672,0.817145,yes,High,27,student,single,high.school,no,yes,no,cellular,dec,tue,396,1,999,0,nonexistent,-3.0,92.713,-33.0,0.708,5023.5,no
2673,0.817034,yes,High,21,student,single,high.school,no,no,no,cellular,aug,thu,236,3,999,0,nonexistent,-2.9,92.201,-31.4,0.873,5076.2,no
2674,0.817031,yes,High,38,technician,single,university.degree,no,yes,no,cellular,dec,mon,329,2,999,0,nonexistent,-3.0,92.713,-33.0,0.717,5023.5,yes
2675,0.816935,yes,High,24,student,single,high.school,no,yes,no,cellular,aug,fri,200,1,6,4,failure,-2.9,92.201,-31.4,0.849,5076.2,no
2676,0.816911,yes,High,54,admin.,married,high.school,no,no,no,cellular,jun,fri,455,3,999,0,nonexistent,-2.9,92.963,-40.8,1.268,5076.2,no
2677,0.816886,yes,High,23,admin.,single,university.degree,no,no,yes,cellular,jul,fri,76,2,999,1,failure,-1.7,94.215,-40.3,0.896,4991.6,no
2678,0.816866,yes,High,63,technician,married,professional.course,no,yes,no,cellular,oct,tue,298,1,999,0,nonexistent,-3.4,92.431,-26.9,0.728,5017.5,yes
2679,0.816784,yes,High,24,technician,single,university.degree,no,no,no,cellular,oct,wed,197,1,999,0,nonexistent,-3.4,92.431,-26.9,0.724,5017.5,no
2680,0.816779,yes,High,31,entrepreneur,unknown,university.degree,no,no,no,cellular,oct,thu,164,1,999,0,nonexistent,-3.4,92.431,-26.9,0.722,5017.5,yes
2681,0.816772,yes,High,25,admin.,single,university.degree,no,yes,no,cellular,jun,tue,93,2,999,0,nonexistent,-2.9,92.963,-40.8,1.262,5076.2,no
2682,0.816768,yes,High,60,retired,married,university.degree,no,yes,no,cellular,dec,fri,55,2,999,0,nonexistent,-3.0,92.713,-33.0,0.718,5023.5,no
2683,0.81671,yes,High,30,blue-collar,single,high.school,no,yes,no,cellular,jun,wed,88,2,999,0,nonexistent,-2.9,92.963,-40.8,1.26,5076.2,no
2684,0.816634,yes,High,39,services,married,high.school,no,no,no,cellular,sep,tue,65,1,999,0,nonexistent,-3.4,92.379,-29.8,0.755,5017.5,yes
2685,0.816556,yes,High,27,admin.,single,university.degree,no,yes,no,cellular,nov,fri,264,1,999,0,nonexistent,-3.4,92.649,-30.1,0.714,5017.5,no
2686,0.816447,yes,High,57,management,married,university.degree,no,no,no,cellular,mar,mon,341,2,999,0,nonexistent,-1.8,93.369,-34.8,0.635,5008.7,yes
2687,0.816442,yes,High,53,admin.,single,university.degree,no,yes,yes,telephone,nov,fri,212,3,999,1,failure,-3.4,92.649,-30.1,0.714,5017.5,yes
2688,0.816425,yes,High,22,blue-collar,single,basic.9y,no,yes,no,cellular,jun,mon,84,2,999,0,nonexistent,-2.9,92.963,-40.8,1.281,5076.2,no
2689,0.816412,yes,High,68,retired,married,high.school,no,no,no,cellular,nov,mon,1248,2,999,1,failure,-3.4,92.649,-30.1,0.714,5017.5,yes
2690,0.816379,yes,High,40,blue-collar,divorced,professional.course,no,no,no,cellular,jun,wed,210,2,999,0,nonexistent,-2.9,92.963,-40.8,1.26,5076.2,yes
2691,0.816343,yes,High,49,technician,divorced,professional.course,no,yes,no,cellular,mar,tue,361,2,999,1,failure,-1.8,93.369,-34.8,0.635,5008.7,no
2692,0.816244,yes,High,36,admin.,single,university.degree,no,no,yes,cellular,nov,tue,187,1,999,0,nonexistent,-3.4,92.649,-30.1,0.72,5017.5,yes
2693,0.816241,yes,High,29,admin.,single,university.degree,no,yes,no,cellular,may,wed,232,1,999,1,failure,-1.8,93.876,-40.0,0.672,5008.7,yes
2694,0.816238,yes,High,36,management,married,university.degree,no,no,no,cellular,jun,mon,200,4,999,0,nonexistent,-2.9,92.963,-40.8,1.281,5076.2,yes
2695,0.816234,yes,High,27,student,single,basic.9y,no,yes,yes,cellular,jun,tue,107,1,999,0,nonexistent,-2.9,92.963,-40.8,1.262,5076.2,yes
2696,0.816231,yes,High,31,technician,divorced,professional.course,no,yes,no,cellular,aug,thu,310,2,999,1,failure,-2.9,92.201,-31.4,0.883,5076.2,yes
2697,0.816117,yes,High,35,admin.,married,university.degree,no,yes,no,cellular,oct,thu,86,1,999,1,failure,-3.4,92.431,-26.9,0.74,5017.5,no
2698,0.816056,yes,High,29,technician,single,professional.course,no,no,yes,telephone,sep,thu,251,2,18,1,success,-1.1,94.199,-37.5,0.879,4963.6,no
2699,0.815979,yes,High,63,retired,married,professional.course,no,yes,no,cellular,may,mon,492,1,999,0,nonexistent,-1.8,93.876,-40.0,0.685,5008.7,no
2700,0.815974,yes,High,25,admin.,single,professional.course,no,yes,no,cellular,jun,mon,205,2,999,0,nonexistent,-2.9,92.963,-40.8,1.26,5076.2,no
2701,0.815967,yes,High,32,management,married,university.degree,no,no,no,cellular,nov,tue,107,1,999,0,nonexistent,-3.4,92.649,-30.1,0.716,5017.5,no
2702,0.815936,yes,High,59,retired,married,basic.4y,no,yes,no,cellular,sep,tue,458,1,999,0,nonexistent,-3.4,92.379,-29.8,0.77,5017.5,yes
2703,0.815913,yes,High,50,admin.,divorced,university.degree,no,yes,no,cellular,mar,tue,74,1,999,0,nonexistent,-1.8,92.843,-50.0,1.614,5099.1,no
2704,0.815891,yes,High,45,services,single,unknown,no,no,no,cellular,apr,fri,345,1,6,1,success,-1.8,93.075,-47.1,1.405,5099.1,yes
2705,0.81587,yes,High,60,retired,married,high.school,no,no,no,cellular,apr,thu,400,1,999,0,nonexistent,-1.8,93.075,-47.1,1.365,5099.1,yes
2706,0.815814,yes,High,27,unemployed,single,university.degree,no,yes,no,cellular,mar,mon,269,1,999,0,nonexistent,-1.8,92.843,-50.0,1.56,5099.1,no
2707,0.815776,yes,High,30,admin.,single,university.degree,no,yes,no,cellular,nov,tue,402,1,999,0,nonexistent,-3.4,92.649,-30.1,0.72,5017.5,no
2708,0.815677,yes,High,33,admin.,single,high.school,no,no,no,cellular,oct,mon,87,1,999,0,nonexistent,-3.4,92.431,-26.9,0.731,5017.5,no
2709,0.815677,yes,High,33,admin.,single,high.school,no,no,no,cellular,oct,mon,251,1,999,0,nonexistent,-3.4,92.431,-26.9,0.731,5017.5,yes
2710,0.815668,yes,High,29,unemployed,single,high.school,no,no,no,cellular,jun,tue,189,1,999,0,nonexistent,-2.9,92.963,-40.8,1.262,5076.2,no
2711,0.815636,yes,High,45,technician,single,professional.course,no,yes,yes,cellular,mar,thu,143,2,999,0,nonexistent,-1.8,92.843,-50.0,1.538,5099.1,no
2712,0.815593,yes,High,42,admin.,married,university.degree,no,no,no,cellular,jun,thu,160,1,999,0,nonexistent,-2.9,92.963,-40.8,1.26,5076.2,yes
2713,0.815592,yes,High,20,student,single,high.school,no,no,no,cellular,aug,thu,347,2,999,0,nonexistent,-2.9,92.201,-31.4,0.873,5076.2,no
2714,0.815541,yes,High,24,management,married,unknown,no,no,no,cellular,mar,fri,93,5,999,0,nonexistent,-1.8,92.843,-50.0,1.574,5099.1,no
2715,0.815526,yes,High,74,retired,married,professional.course,no,yes,no,cellular,aug,thu,204,3,999,1,failure,-2.9,92.201,-31.4,0.873,5076.2,yes
2716,0.815522,yes,High,31,technician,married,unknown,no,no,no,cellular,nov,fri,498,1,999,1,failure,-3.4,92.649,-30.1,0.714,5017.5,yes
2717,0.815473,yes,High,33,services,married,high.school,no,no,no,cellular,may,thu,192,1,999,1,failure,-1.8,93.876,-40.0,0.677,5008.7,yes
2718,0.815438,yes,High,34,technician,married,professional.course,no,yes,yes,cellular,sep,wed,121,3,999,0,nonexistent,-3.4,92.379,-29.8,0.813,5017.5,yes
2719,0.8154,yes,High,24,unknown,single,university.degree,no,yes,no,cellular,jun,tue,728,1,999,0,nonexistent,-2.9,92.963,-40.8,1.262,5076.2,yes
2720,0.815381,yes,High,37,blue-collar,married,basic.9y,no,yes,no,cellular,mar,tue,158,1,999,1,failure,-1.8,93.369,-34.8,0.637,5008.7,no
2721,0.815321,yes,High,33,admin.,divorced,high.school,no,yes,no,cellular,mar,thu,86,1,999,0,nonexistent,-1.8,92.843,-50.0,1.757,5099.1,no
2722,0.815237,yes,High,24,unknown,single,university.degree,no,yes,yes,cellular,jun,tue,134,1,999,0,nonexistent,-2.9,92.963,-40.8,1.262,5076.2,yes
2723,0.815177,yes,High,44,services,married,unknown,no,no,yes,cellular,jun,mon,151,1,999,0,nonexistent,-2.9,92.963,-40.8,1.26,5076.2,yes
2724,0.81516,yes,High,32,technician,married,university.degree,no,no,no,cellular,jun,mon,60,1,999,0,nonexistent,-2.9,92.963,-40.8,1.26,5076.2,no
2725,0.815097,yes,High,37,technician,married,professional.course,no,yes,no,cellular,aug,wed,414,1,999,0,nonexistent,-2.9,92.201,-31.4,0.884,5076.2,yes
2726,0.815059,yes,High,28,management,married,university.degree,no,no,no,cellular,nov,wed,69,3,999,0,nonexistent,-3.4,92.649,-30.1,0.715,5017.5,yes
2727,0.815058,yes,High,35,management,divorced,university.degree,no,no,no,cellular,dec,mon,473,2,999,1,failure,-3.0,92.713,-33.0,0.706,5023.5,yes
2728,0.815051,yes,High,53,technician,married,professional.course,no,no,no,cellular,sep,tue,103,1,999,1,failure,-3.4,92.379,-29.8,0.77,5017.5,no
2729,0.815048,yes,High,46,admin.,married,university.degree,no,unknown,unknown,cellular,dec,fri,696,10,999,0,nonexistent,-3.0,92.713,-33.0,0.718,5023.5,yes
2730,0.815037,yes,High,70,admin.,married,basic.4y,no,no,no,cellular,sep,tue,1962,1,999,2,failure,-3.4,92.379,-29.8,0.77,5017.5,yes
2731,0.814896,yes,High,49,admin.,married,university.degree,no,yes,yes,cellular,apr,tue,218,2,999,3,failure,-1.8,93.749,-34.6,0.644,5008.7,yes
2732,0.814883,yes,High,32,unknown,single,high.school,no,yes,no,cellular,oct,fri,267,1,999,0,nonexistent,-3.4,92.431,-26.9,0.73,5017.5,no
2733,0.814805,yes,High,36,services,married,high.school,no,yes,yes,cellular,sep,wed,569,3,999,0,nonexistent,-3.4,92.379,-29.8,0.781,5017.5,yes
2734,0.814771,yes,High,46,unemployed,married,basic.9y,no,no,no,cellular,jun,tue,294,1,999,0,nonexistent,-2.9,92.963,-40.8,1.262,5076.2,yes
2735,0.814734,yes,High,28,technician,single,professional.course,no,yes,no,cellular,aug,thu,64,1,999,0,nonexistent,-2.9,92.201,-31.4,0.851,5076.2,no
2736,0.814694,yes,High,70,retired,married,high.school,no,yes,no,cellular,oct,wed,72,3,999,0,nonexistent,-3.4,92.431,-26.9,0.735,5017.5,no
2737,0.814656,yes,High,28,technician,single,university.degree,no,no,no,cellular,mar,mon,56,2,999,0,nonexistent,-1.8,92.843,-50.0,1.811,5099.1,no
2738,0.814656,yes,High,28,technician,single,university.degree,no,no,no,cellular,mar,mon,142,2,999,0,nonexistent,-1.8,92.843,-50.0,1.811,5099.1,no
2739,0.814655,yes,High,41,technician,married,professional.course,no,yes,no,cellular,nov,mon,185,2,999,0,nonexistent,-1.1,94.767,-50.8,1.039,4963.6,no
2740,0.814655,yes,High,41,technician,married,professional.course,no,yes,no,cellular,nov,mon,545,2,999,0,nonexistent,-1.1,94.767,-50.8,1.039,4963.6,yes
2741,0.814655,yes,High,57,management,married,unknown,no,no,no,cellular,jun,mon,112,1,999,0,nonexistent,-2.9,92.963,-40.8,1.26,5076.2,yes
2742,0.814579,yes,High,35,admin.,married,university.degree,no,no,no,cellular,oct,wed,371,1,999,1,failure,-3.4,92.431,-26.9,0.74,5017.5,yes
2743,0.814559,yes,High,36,technician,married,professional.course,no,yes,no,cellular,aug,thu,92,2,999,1,failure,-2.9,92.201,-31.4,0.873,5076.2,no
2744,0.814516,yes,High,74,retired,married,professional.course,no,no,no,cellular,aug,wed,298,1,999,0,nonexistent,-2.9,92.201,-31.4,0.879,5076.2,no
2745,0.814484,yes,High,49,management,married,university.degree,no,no,no,cellular,jun,mon,215,2,999,0,nonexistent,-2.9,92.963,-40.8,1.266,5076.2,yes
2746,0.814461,yes,High,32,admin.,single,university.degree,no,yes,no,cellular,jul,thu,315,4,999,0,nonexistent,-2.9,92.469,-33.6,1.018,5076.2,no
2747,0.814458,yes,High,78,unknown,married,unknown,no,yes,no,cellular,sep,wed,234,1,999,1,failure,-3.4,92.379,-29.8,0.781,5017.5,yes
2748,0.814432,yes,High,67,admin.,married,basic.4y,unknown,no,no,cellular,jun,tue,466,1,999,0,nonexistent,-2.9,92.963,-40.8,1.262,5076.2,yes
2749,0.814427,yes,High,27,admin.,single,university.degree,no,no,no,cellular,sep,wed,397,1,999,0,nonexistent,-3.4,92.379,-29.8,0.781,5017.5,yes
2750,0.814342,yes,High,60,admin.,married,university.degree,no,yes,no,cellular,mar,fri,558,1,999,0,nonexistent,-1.8,92.843,-50.0,1.531,5099.1,no
2751,0.81427,yes,High,47,admin.,single,university.degree,no,no,no,cellular,jun,wed,78,1,999,0,nonexistent,-2.9,92.963,-40.8,1.26,5076.2,no
2752,0.814202,yes,High,62,retired,married,high.school,no,no,no,cellular,oct,wed,210,1,999,0,nonexistent,-3.4,92.431,-26.9,0.724,5017.5,no
2753,0.814142,yes,High,20,student,single,high.school,no,no,yes,cellular,aug,wed,254,1,999,0,nonexistent,-2.9,92.201,-31.4,0.884,5076.2,yes
2754,0.814109,yes,High,70,retired,married,basic.6y,no,yes,no,cellular,apr,tue,252,1,999,0,nonexistent,-1.8,93.075,-47.1,1.405,5099.1,no
2755,0.814104,yes,High,28,student,single,high.school,no,yes,no,cellular,aug,wed,188,1,999,0,nonexistent,-2.9,92.201,-31.4,0.879,5076.2,no
2756,0.814092,yes,High,60,retired,divorced,professional.course,no,yes,no,cellular,apr,thu,968,1,5,2,failure,-1.8,93.075,-47.1,1.365,5099.1,yes
2757,0.814086,yes,High,41,technician,married,professional.course,no,no,no,cellular,jun,tue,160,2,999,0,nonexistent,-2.9,92.963,-40.8,1.262,5076.2,yes
2758,0.814009,yes,High,21,student,single,high.school,no,yes,no,telephone,jun,tue,30,1,14,2,success,-1.7,94.055,-39.8,0.713,4991.6,no
2759,0.813944,yes,High,36,admin.,single,university.degree,no,no,no,cellular,oct,wed,146,1,999,1,failure,-3.4,92.431,-26.9,0.742,5017.5,no
2760,0.81391,yes,High,65,retired,married,high.school,no,yes,no,cellular,oct,tue,384,2,999,0,nonexistent,-3.4,92.431,-26.9,0.744,5017.5,yes
2761,0.813895,yes,High,32,admin.,single,professional.course,no,yes,yes,cellular,mar,tue,81,1,999,0,nonexistent,-1.8,92.843,-50.0,1.614,5099.1,no
2762,0.813866,yes,High,55,technician,single,professional.course,no,yes,yes,cellular,mar,mon,217,2,999,0,nonexistent,-1.8,92.843,-50.0,1.703,5099.1,yes
2763,0.81384,yes,High,33,admin.,divorced,high.school,no,no,no,cellular,mar,thu,41,2,999,0,nonexistent,-1.8,92.843,-50.0,1.757,5099.1,no
2764,0.813764,yes,High,47,admin.,single,university.degree,no,yes,no,cellular,jun,mon,243,4,999,0,nonexistent,-2.9,92.963,-40.8,1.281,5076.2,yes
2765,0.813636,yes,High,27,student,single,high.school,no,no,no,cellular,aug,mon,131,1,3,2,success,-2.9,92.201,-31.4,0.884,5076.2,no
2766,0.81363,yes,High,21,student,single,basic.9y,no,yes,no,cellular,mar,wed,136,2,999,1,failure,-1.8,93.369,-34.8,0.655,5008.7,yes
2767,0.813611,yes,High,51,unemployed,married,basic.6y,no,no,no,cellular,jun,thu,280,2,999,1,failure,-2.9,92.963,-40.8,1.26,5076.2,yes
2768,0.813601,yes,High,34,admin.,single,high.school,no,no,yes,cellular,jun,thu,207,1,999,0,nonexistent,-2.9,92.963,-40.8,1.26,5076.2,no
2769,0.813556,yes,High,85,retired,married,professional.course,no,no,no,cellular,aug,tue,140,1,999,0,nonexistent,-2.9,92.201,-31.4,0.883,5076.2,yes
2770,0.813499,yes,High,45,admin.,married,unknown,no,no,no,cellular,jun,fri,155,1,999,0,nonexistent,-2.9,92.963,-40.8,1.268,5076.2,no
2771,0.813475,yes,High,35,blue-collar,single,professional.course,no,yes,no,cellular,jun,mon,264,1,999,0,nonexistent,-2.9,92.963,-40.8,1.266,5076.2,yes
2772,0.813414,yes,High,45,blue-collar,single,basic.9y,no,no,no,cellular,aug,wed,150,1,3,2,success,-2.9,92.201,-31.4,0.879,5076.2,no
2773,0.813397,yes,High,25,technician,single,professional.course,no,yes,no,cellular,jun,mon,29,1,999,0,nonexistent,-2.9,92.963,-40.8,1.26,5076.2,no
2774,0.813299,yes,High,54,admin.,married,university.degree,no,no,no,cellular,jun,wed,77,2,999,0,nonexistent,-2.9,92.963,-40.8,1.26,5076.2,no
2775,0.813271,yes,High,67,retired,married,unknown,no,no,no,cellular,oct,thu,140,2,999,0,nonexistent,-3.4,92.431,-26.9,0.722,5017.5,no
2776,0.813192,yes,High,81,retired,married,professional.course,no,yes,no,cellular,apr,thu,99,2,999,0,nonexistent,-1.8,93.075,-47.1,1.365,5099.1,no
2777,0.813067,yes,High,23,admin.,single,university.degree,no,yes,no,cellular,mar,thu,64,1,999,0,nonexistent,-1.8,92.843,-50.0,1.757,5099.1,no
2778,0.813046,yes,High,67,retired,married,basic.4y,no,no,no,cellular,aug,mon,300,3,999,0,nonexistent,-1.7,94.027,-38.3,0.898,4991.6,no
2779,0.813016,yes,High,29,blue-collar,single,basic.9y,no,yes,no,cellular,mar,tue,116,2,999,0,nonexistent,-1.8,92.843,-50.0,1.556,5099.1,no
2780,0.813012,yes,High,36,admin.,married,university.degree,no,no,no,cellular,oct,wed,135,1,999,0,nonexistent,-3.4,92.431,-26.9,0.735,5017.5,yes
2781,0.81297,yes,High,29,services,married,university.degree,no,no,yes,cellular,jun,fri,89,2,999,0,nonexistent,-2.9,92.963,-40.8,1.268,5076.2,no
2782,0.812896,yes,High,43,management,married,basic.9y,no,yes,no,cellular,aug,fri,180,1,6,2,failure,-2.9,92.201,-31.4,0.869,5076.2,no
2783,0.812801,yes,High,64,unemployed,married,basic.4y,no,yes,no,cellular,nov,thu,427,1,999,0,nonexistent,-3.4,92.649,-30.1,0.714,5017.5,no
2784,0.812739,yes,High,46,technician,married,professional.course,no,no,no,cellular,aug,thu,382,1,999,1,failure,-1.7,94.027,-38.3,0.904,4991.6,no
2785,0.812732,yes,High,45,unemployed,married,basic.9y,no,no,no,cellular,jun,mon,232,2,999,0,nonexistent,-2.9,92.963,-40.8,1.266,5076.2,yes
2786,0.812662,yes,High,30,management,married,university.degree,no,yes,no,cellular,mar,mon,170,3,999,0,nonexistent,-1.8,92.843,-50.0,1.811,5099.1,no
2787,0.812645,yes,High,37,technician,single,university.degree,no,no,no,cellular,jun,tue,654,1,999,1,failure,-2.9,92.963,-40.8,1.262,5076.2,yes
2788,0.812603,yes,High,61,retired,married,basic.4y,no,yes,yes,cellular,aug,fri,374,1,999,0,nonexistent,-2.9,92.201,-31.4,0.849,5076.2,yes
2789,0.812573,yes,High,65,management,married,university.degree,no,no,no,telephone,may,mon,1076,3,6,1,success,-1.8,92.893,-46.2,1.354,5099.1,yes
2790,0.812548,yes,High,24,technician,single,professional.course,no,no,no,cellular,jun,tue,122,2,999,1,failure,-2.9,92.963,-40.8,1.262,5076.2,no
2791,0.812529,yes,High,32,admin.,single,university.degree,no,yes,no,cellular,sep,mon,290,4,999,0,nonexistent,-1.1,94.199,-37.5,0.879,4963.6,no
2792,0.812529,yes,High,32,admin.,single,university.degree,no,yes,no,cellular,sep,mon,990,4,999,0,nonexistent,-1.1,94.199,-37.5,0.879,4963.6,no
2793,0.812526,yes,High,29,housemaid,single,university.degree,no,no,no,cellular,nov,mon,257,1,999,0,nonexistent,-3.4,92.649,-30.1,0.715,5017.5,no
2794,0.812475,yes,High,29,technician,single,basic.9y,no,no,no,cellular,jun,mon,24,1,999,0,nonexistent,-2.9,92.963,-40.8,1.26,5076.2,no
2795,0.812472,yes,High,21,student,single,high.school,no,no,no,cellular,oct,mon,328,1,999,0,nonexistent,-3.4,92.431,-26.9,0.739,5017.5,yes
2796,0.812433,yes,High,39,blue-collar,married,basic.9y,no,yes,no,cellular,sep,mon,791,3,999,0,nonexistent,-1.1,94.199,-37.5,0.882,4963.6,no
2797,0.81239,yes,High,25,admin.,single,university.degree,no,yes,yes,cellular,oct,fri,115,1,999,1,failure,-3.4,92.431,-26.9,0.739,5017.5,yes
2798,0.812342,yes,High,32,blue-collar,unknown,basic.9y,no,yes,no,cellular,jun,mon,314,1,999,0,nonexistent,-2.9,92.963,-40.8,1.266,5076.2,yes
2799,0.812277,yes,High,31,management,single,university.degree,no,no,no,cellular,jun,thu,1094,1,999,0,nonexistent,-2.9,92.963,-40.8,1.26,5076.2,no
2800,0.812229,yes,High,31,services,married,basic.9y,no,no,no,cellular,jun,mon,84,1,999,0,nonexistent,-2.9,92.963,-40.8,1.266,5076.2,yes
2801,0.812189,yes,High,40,unknown,single,unknown,no,no,no,cellular,sep,thu,224,1,999,1,failure,-3.4,92.379,-29.8,0.809,5017.5,yes
2802,0.812173,yes,High,32,admin.,married,professional.course,no,yes,no,cellular,oct,tue,435,1,999,0,nonexistent,-3.4,92.431,-26.9,0.742,5017.5,yes
2803,0.812173,yes,High,32,admin.,married,professional.course,no,yes,no,cellular,oct,tue,169,1,999,0,nonexistent,-3.4,92.431,-26.9,0.742,5017.5,no
2804,0.812152,yes,High,70,retired,married,basic.4y,no,no,no,cellular,apr,wed,86,1,999,0,nonexistent,-1.8,93.075,-47.1,1.415,5099.1,no
2805,0.812119,yes,High,29,admin.,single,high.school,no,no,yes,cellular,jun,mon,74,1,999,0,nonexistent,-2.9,92.963,-40.8,1.26,5076.2,no
2806,0.812117,yes,High,58,retired,divorced,university.degree,no,yes,no,cellular,apr,wed,48,1,999,0,nonexistent,-1.8,93.075,-47.1,1.415,5099.1,no
2807,0.812117,yes,High,58,retired,divorced,university.degree,no,yes,no,cellular,apr,wed,129,1,999,0,nonexistent,-1.8,93.075,-47.1,1.415,5099.1,yes
2808,0.812096,yes,High,26,technician,single,professional.course,no,yes,no,cellular,jun,wed,80,1,999,0,nonexistent,-2.9,92.963,-40.8,1.26,5076.2,no
2809,0.812096,yes,High,26,technician,single,professional.course,no,yes,no,cellular,jun,wed,102,1,999,0,nonexistent,-2.9,92.963,-40.8,1.26,5076.2,no
2810,0.812005,yes,High,29,admin.,single,high.school,no,yes,yes,cellular,jun,mon,89,2,999,0,nonexistent,-2.9,92.963,-40.8,1.26,5076.2,yes
2811,0.811987,yes,High,45,blue-collar,married,basic.9y,no,no,no,cellular,jun,mon,177,2,999,0,nonexistent,-2.9,92.963,-40.8,1.266,5076.2,yes
2812,0.811966,yes,High,33,blue-collar,divorced,basic.4y,no,yes,no,cellular,aug,tue,395,1,999,0,nonexistent,-2.9,92.201,-31.4,0.859,5076.2,yes
2813,0.811957,yes,High,60,admin.,married,university.degree,no,yes,no,telephone,jul,thu,363,1,999,0,nonexistent,-2.9,92.469,-33.6,1.072,5076.2,yes
2814,0.81191,yes,High,27,technician,single,university.degree,no,yes,no,cellular,mar,thu,129,4,999,1,failure,-1.8,93.369,-34.8,0.65,5008.7,no
2815,0.811909,yes,High,60,retired,married,high.school,no,yes,no,cellular,aug,tue,443,2,999,2,failure,-1.7,94.027,-38.3,0.886,4991.6,yes
2816,0.811755,yes,High,28,student,single,unknown,no,no,no,cellular,jun,wed,208,4,999,0,nonexistent,-2.9,92.963,-40.8,1.244,5076.2,no
2817,0.811743,yes,High,58,retired,married,university.degree,no,unknown,unknown,cellular,apr,wed,624,1,999,0,nonexistent,-1.8,93.075,-47.1,1.445,5099.1,yes
2818,0.811732,yes,High,28,admin.,single,university.degree,no,no,no,cellular,oct,thu,72,2,999,0,nonexistent,-3.4,92.431,-26.9,0.722,5017.5,no
2819,0.81173,yes,High,46,admin.,single,high.school,no,yes,no,cellular,may,mon,522,6,999,0,nonexistent,-1.8,93.876,-40.0,0.682,5008.7,no
2820,0.811629,yes,High,46,admin.,married,high.school,no,yes,no,cellular,jul,tue,335,3,999,2,failure,-1.7,94.215,-40.3,0.797,4991.6,yes
2821,0.811576,yes,High,42,management,married,university.degree,no,yes,no,cellular,oct,mon,355,1,999,1,failure,-3.4,92.431,-26.9,0.731,5017.5,yes
2822,0.811527,yes,High,26,student,single,basic.9y,no,yes,no,cellular,oct,tue,75,2,999,1,failure,-3.4,92.431,-26.9,0.742,5017.5,no
2823,0.811477,yes,High,38,technician,single,professional.course,no,no,no,cellular,jun,thu,138,1,999,0,nonexistent,-2.9,92.963,-40.8,1.26,5076.2,no
2824,0.811372,yes,High,34,technician,single,basic.9y,no,yes,no,cellular,aug,mon,140,3,999,0,nonexistent,-1.7,94.027,-38.3,0.896,4991.6,no
2825,0.811359,yes,High,30,blue-collar,married,basic.9y,no,no,no,cellular,jun,mon,285,1,999,0,nonexistent,-2.9,92.963,-40.8,1.266,5076.2,no
2826,0.811356,yes,High,56,retired,married,university.degree,no,yes,no,cellular,nov,fri,189,2,999,0,nonexistent,-1.1,94.767,-50.8,1.028,4963.6,no
2827,0.811329,yes,High,36,services,married,high.school,no,no,no,cellular,oct,fri,141,1,999,2,failure,-3.4,92.431,-26.9,0.739,5017.5,no
2828,0.811171,yes,High,32,admin.,single,university.degree,no,yes,no,cellular,oct,wed,197,2,999,0,nonexistent,-3.4,92.431,-26.9,0.735,5017.5,no
2829,0.811056,yes,High,19,student,single,basic.4y,no,yes,no,cellular,may,thu,220,1,999,1,failure,-1.8,93.876,-40.0,0.677,5008.7,no
2830,0.810986,yes,High,24,technician,single,high.school,no,yes,no,cellular,jun,tue,142,2,999,0,nonexistent,-2.9,92.963,-40.8,1.262,5076.2,no
2831,0.810959,yes,High,49,unemployed,married,professional.course,no,no,no,cellular,jun,fri,317,1,999,0,nonexistent,-2.9,92.963,-40.8,1.268,5076.2,no
2832,0.8109,yes,High,23,admin.,single,university.degree,no,yes,no,cellular,mar,thu,90,2,999,0,nonexistent,-1.8,92.843,-50.0,1.757,5099.1,no
2833,0.810888,yes,High,30,services,single,high.school,no,yes,no,cellular,jun,mon,181,2,999,0,nonexistent,-2.9,92.963,-40.8,1.26,5076.2,yes
2834,0.810858,yes,High,28,admin.,single,high.school,no,no,no,telephone,oct,wed,958,1,999,0,nonexistent,-3.4,92.431,-26.9,0.742,5017.5,yes
2835,0.81084,yes,High,28,services,single,professional.course,no,yes,no,cellular,mar,fri,169,3,999,1,failure,-1.8,93.369,-34.8,0.649,5008.7,no
2836,0.810628,yes,High,27,admin.,single,university.degree,unknown,no,no,cellular,jul,mon,200,6,999,0,nonexistent,-1.7,94.215,-40.3,0.827,4991.6,no
2837,0.810486,yes,High,77,retired,divorced,basic.4y,no,no,no,cellular,nov,fri,90,2,999,0,nonexistent,-3.4,92.649,-30.1,0.718,5017.5,no
2838,0.810445,yes,High,32,admin.,single,university.degree,no,yes,no,cellular,sep,tue,157,2,999,0,nonexistent,-3.4,92.379,-29.8,0.819,5017.5,no
2839,0.810403,yes,High,25,services,divorced,high.school,no,yes,yes,cellular,jun,thu,437,2,999,0,nonexistent,-2.9,92.963,-40.8,1.26,5076.2,yes
2840,0.81038,yes,High,45,admin.,single,university.degree,no,yes,no,cellular,jun,thu,207,1,999,0,nonexistent,-2.9,92.963,-40.8,1.26,5076.2,yes
2841,0.810369,yes,High,73,retired,married,basic.4y,no,no,no,cellular,aug,mon,348,1,999,0,nonexistent,-2.9,92.201,-31.4,0.861,5076.2,yes
2842,0.810323,yes,High,33,admin.,single,university.degree,no,yes,no,cellular,jun,tue,257,3,999,0,nonexistent,-2.9,92.963,-40.8,1.262,5076.2,yes
2843,0.810268,yes,High,46,technician,married,professional.course,no,yes,no,cellular,aug,fri,182,6,999,1,failure,-2.9,92.201,-31.4,0.869,5076.2,yes
2844,0.810211,yes,High,34,admin.,married,professional.course,no,yes,yes,cellular,sep,tue,409,1,999,1,failure,-1.1,94.199,-37.5,0.877,4963.6,yes
2845,0.810162,yes,High,31,admin.,single,university.degree,no,no,yes,cellular,jun,tue,210,1,999,0,nonexistent,-2.9,92.963,-40.8,1.262,5076.2,no
2846,0.810126,yes,High,37,technician,married,professional.course,no,no,no,cellular,jun,mon,129,1,999,0,nonexistent,-2.9,92.963,-40.8,1.26,5076.2,yes
2847,0.81001,yes,High,53,technician,married,unknown,no,no,no,cellular,mar,thu,93,1,999,1,failure,-1.8,93.369,-34.8,0.643,5008.7,no
2848,0.809966,yes,High,26,technician,divorced,university.degree,no,no,no,cellular,jun,tue,437,1,999,0,nonexistent,-2.9,92.963,-40.8,1.262,5076.2,yes
2849,0.809935,yes,High,30,admin.,single,university.degree,no,yes,no,cellular,jun,tue,224,1,999,0,nonexistent,-2.9,92.963,-40.8,1.262,5076.2,no
2850,0.809887,yes,High,50,admin.,married,university.degree,no,no,no,cellular,jul,thu,356,1,999,0,nonexistent,-2.9,92.469,-33.6,1.072,5076.2,yes
2851,0.809864,yes,High,31,blue-collar,married,university.degree,no,yes,no,cellular,jun,mon,382,2,999,0,nonexistent,-2.9,92.963,-40.8,1.26,5076.2,yes
2852,0.809771,yes,High,33,technician,single,university.degree,no,yes,yes,cellular,jun,wed,203,2,999,0,nonexistent,-2.9,92.963,-40.8,1.26,5076.2,no
2853,0.809743,yes,High,25,student,single,high.school,no,no,no,cellular,aug,mon,159,2,10,4,failure,-1.7,94.027,-38.3,0.898,4991.6,no
2854,0.809734,yes,High,54,unemployed,married,basic.9y,no,no,no,cellular,may,wed,193,1,3,1,success,-1.8,92.893,-46.2,1.27,5099.1,yes
2855,0.809692,yes,High,30,technician,married,university.degree,no,no,yes,cellular,jun,fri,131,1,999,1,failure,-1.7,94.055,-39.8,0.748,4991.6,no
2856,0.809684,yes,High,40,admin.,married,university.degree,no,no,no,cellular,nov,thu,96,1,999,0,nonexistent,-3.4,92.649,-30.1,0.714,5017.5,no
2857,0.80962,yes,High,78,retired,married,basic.4y,no,yes,yes,cellular,apr,tue,75,1,999,0,nonexistent,-1.8,93.075,-47.1,1.405,5099.1,no
2858,0.809566,yes,High,49,services,married,high.school,no,no,no,cellular,jun,tue,239,4,999,0,nonexistent,-2.9,92.963,-40.8,1.286,5076.2,yes
2859,0.809526,yes,High,47,admin.,single,university.degree,no,yes,no,cellular,jun,wed,156,3,999,0,nonexistent,-2.9,92.963,-40.8,1.26,5076.2,no
2860,0.809503,yes,High,34,admin.,married,university.degree,no,no,no,cellular,may,fri,145,1,999,2,failure,-1.8,93.876,-40.0,0.695,5008.7,no
2861,0.8094,yes,High,29,blue-collar,single,high.school,no,yes,no,cellular,aug,wed,71,1,999,0,nonexistent,-2.9,92.201,-31.4,0.879,5076.2,no
2862,0.809292,yes,High,58,retired,divorced,university.degree,no,yes,no,cellular,apr,wed,282,2,999,0,nonexistent,-1.8,93.075,-47.1,1.415,5099.1,yes
2863,0.809254,yes,High,35,blue-collar,single,professional.course,no,no,no,cellular,jun,mon,71,1,999,0,nonexistent,-2.9,92.963,-40.8,1.266,5076.2,no
2864,0.809227,yes,High,47,management,married,basic.9y,no,no,no,cellular,jun,tue,132,4,999,0,nonexistent,-2.9,92.963,-40.8,1.262,5076.2,no
2865,0.809203,yes,High,33,technician,married,university.degree,no,yes,no,cellular,sep,wed,110,1,999,1,failure,-1.1,94.199,-37.5,0.876,4963.6,no
2866,0.809098,yes,High,43,services,married,basic.6y,no,yes,no,cellular,sep,tue,79,1,999,0,nonexistent,-3.4,92.379,-29.8,0.75,5017.5,no
2867,0.809037,yes,High,35,management,married,university.degree,no,no,no,cellular,jun,tue,136,2,999,0,nonexistent,-2.9,92.963,-40.8,1.252,5076.2,yes
2868,0.80901,yes,High,30,admin.,single,high.school,no,yes,no,cellular,may,wed,144,1,999,1,failure,-1.8,93.876,-40.0,0.682,5008.7,no
2869,0.808993,yes,High,42,technician,married,professional.course,no,yes,no,cellular,aug,fri,100,2,999,0,nonexistent,-2.9,92.201,-31.4,0.869,5076.2,yes
2870,0.808978,yes,High,32,admin.,married,university.degree,no,yes,no,cellular,mar,mon,517,1,999,0,nonexistent,-1.8,92.843,-50.0,1.52,5099.1,yes
2871,0.808956,yes,High,54,admin.,married,university.degree,no,yes,yes,cellular,nov,tue,215,1,999,0,nonexistent,-3.4,92.649,-30.1,0.72,5017.5,yes
2872,0.808929,yes,High,61,admin.,married,university.degree,unknown,yes,no,cellular,jun,wed,1076,2,999,0,nonexistent,-2.9,92.963,-40.8,1.26,5076.2,yes
2873,0.80892,yes,High,53,technician,married,professional.course,no,yes,yes,cellular,sep,fri,730,1,999,1,failure,-3.4,92.379,-29.8,0.803,5017.5,yes
2874,0.808861,yes,High,22,services,single,high.school,no,yes,no,cellular,jun,mon,147,1,999,0,nonexistent,-2.9,92.963,-40.8,1.26,5076.2,no
2875,0.808847,yes,High,62,housemaid,married,basic.4y,no,yes,no,cellular,nov,thu,443,1,999,0,nonexistent,-3.4,92.649,-30.1,0.714,5017.5,no
2876,0.808845,yes,High,52,technician,married,professional.course,no,yes,no,cellular,nov,fri,259,1,999,1,failure,-3.4,92.649,-30.1,0.714,5017.5,yes
2877,0.808845,yes,High,52,technician,married,professional.course,no,yes,no,cellular,nov,fri,632,1,999,1,failure,-3.4,92.649,-30.1,0.714,5017.5,no
2878,0.808787,yes,High,26,student,single,basic.9y,no,yes,no,telephone,oct,tue,1003,3,999,0,nonexistent,-3.4,92.431,-26.9,0.742,5017.5,yes
2879,0.808665,yes,High,75,retired,married,unknown,no,no,no,cellular,sep,tue,191,1,999,1,failure,-3.4,92.379,-29.8,0.788,5017.5,yes
2880,0.808655,yes,High,36,technician,married,university.degree,no,yes,no,cellular,jun,mon,192,1,999,0,nonexistent,-2.9,92.963,-40.8,1.266,5076.2,yes
2881,0.808604,yes,High,24,admin.,single,university.degree,no,no,no,cellular,aug,fri,744,1,999,2,failure,-1.7,94.027,-38.3,0.905,4991.6,yes
2882,0.808584,yes,High,28,admin.,single,high.school,no,no,yes,cellular,mar,fri,77,2,999,0,nonexistent,-1.8,92.843,-50.0,1.531,5099.1,no
2883,0.808512,yes,High,60,admin.,married,high.school,no,yes,yes,cellular,apr,thu,482,2,999,0,nonexistent,-1.8,93.075,-47.1,1.365,5099.1,yes
2884,0.808482,yes,High,42,admin.,single,university.degree,no,yes,no,cellular,aug,mon,245,2,999,0,nonexistent,-1.7,94.027,-38.3,0.898,4991.6,no
2885,0.808421,yes,High,48,admin.,single,university.degree,no,yes,no,cellular,mar,tue,544,1,999,0,nonexistent,-1.8,92.843,-50.0,1.51,5099.1,no
2886,0.808398,yes,High,72,retired,married,basic.9y,unknown,yes,no,cellular,nov,fri,96,2,999,0,nonexistent,-3.4,92.649,-30.1,0.718,5017.5,no
2887,0.808364,yes,High,36,admin.,married,university.degree,no,no,no,cellular,oct,fri,342,1,999,2,failure,-3.4,92.431,-26.9,0.739,5017.5,yes
2888,0.808362,yes,High,36,admin.,single,university.degree,no,yes,no,cellular,sep,fri,100,2,999,0,nonexistent,-3.4,92.379,-29.8,0.773,5017.5,yes
2889,0.808324,yes,High,35,entrepreneur,single,university.degree,no,yes,no,cellular,jul,wed,156,1,999,2,failure,-1.7,94.215,-40.3,0.802,4991.6,no
2890,0.808268,yes,High,51,management,married,high.school,no,yes,yes,cellular,aug,fri,228,4,999,0,nonexistent,-2.9,92.201,-31.4,0.849,5076.2,yes
2891,0.80822,yes,High,76,retired,divorced,basic.4y,no,no,no,cellular,aug,tue,185,1,999,1,failure,-1.7,94.027,-38.3,0.886,4991.6,yes
2892,0.808201,yes,High,58,blue-collar,divorced,basic.4y,no,no,no,cellular,aug,fri,186,1,999,0,nonexistent,-2.9,92.201,-31.4,0.869,5076.2,yes
2893,0.808107,yes,High,35,admin.,married,professional.course,no,yes,no,cellular,may,mon,76,2,3,1,success,-1.8,92.893,-46.2,1.354,5099.1,no
2894,0.808097,yes,High,59,retired,married,professional.course,no,no,no,cellular,jun,wed,136,1,999,0,nonexistent,-2.9,92.963,-40.8,1.26,5076.2,no
2895,0.808088,yes,High,33,admin.,married,university.degree,no,no,no,cellular,mar,fri,121,2,999,1,failure,-1.8,93.369,-34.8,0.649,5008.7,no
2896,0.808082,yes,High,33,housemaid,unknown,university.degree,no,no,no,cellular,jun,tue,77,3,999,0,nonexistent,-2.9,92.963,-40.8,1.262,5076.2,no
2897,0.808,yes,High,31,management,married,university.degree,no,no,no,cellular,jun,tue,217,1,999,0,nonexistent,-2.9,92.963,-40.8,1.262,5076.2,no
2898,0.808,yes,High,31,management,married,university.degree,no,no,no,cellular,jun,tue,212,1,999,0,nonexistent,-2.9,92.963,-40.8,1.262,5076.2,no
2899,0.807984,yes,High,46,admin.,single,university.degree,no,yes,no,cellular,jul,thu,309,1,999,0,nonexistent,-2.9,92.469,-33.6,1.072,5076.2,yes
2900,0.807979,yes,High,32,blue-collar,single,basic.9y,no,yes,no,cellular,aug,thu,282,1,999,0,nonexistent,-2.9,92.201,-31.4,0.873,5076.2,yes
2901,0.80797,yes,High,23,technician,single,professional.course,no,yes,no,telephone,jul,fri,336,4,999,0,nonexistent,-2.9,92.469,-33.6,1.007,5076.2,yes
2902,0.807963,yes,High,34,technician,single,professional.course,no,yes,no,cellular,aug,tue,251,1,999,0,nonexistent,-2.9,92.201,-31.4,0.884,5076.2,no
2903,0.807928,yes,High,76,retired,married,basic.4y,no,no,no,cellular,apr,tue,122,4,999,1,failure,-1.8,93.749,-34.6,0.638,5008.7,no
2904,0.807901,yes,High,51,services,married,high.school,no,no,no,cellular,may,tue,1267,1,999,1,failure,-1.8,93.876,-40.0,0.668,5008.7,yes
2905,0.807884,yes,High,29,admin.,married,high.school,no,yes,no,cellular,jun,wed,292,1,999,1,failure,-1.7,94.055,-39.8,0.727,4991.6,yes
2906,0.80785,yes,High,27,technician,single,university.degree,no,yes,no,cellular,dec,tue,109,1,999,1,failure,-3.0,92.713,-33.0,0.707,5023.5,no
2907,0.807688,yes,High,20,student,single,high.school,no,yes,no,cellular,jul,wed,349,1,999,0,nonexistent,-2.9,92.469,-33.6,1.029,5076.2,yes
2908,0.807622,yes,High,47,admin.,single,university.degree,no,no,no,cellular,nov,tue,193,1,999,0,nonexistent,-3.4,92.649,-30.1,0.72,5017.5,no
2909,0.807614,yes,High,64,retired,married,basic.6y,no,yes,no,cellular,apr,thu,67,4,999,0,nonexistent,-1.8,93.075,-47.1,1.41,5099.1,no
2910,0.807568,yes,High,81,retired,married,professional.course,no,no,no,cellular,apr,thu,135,1,999,0,nonexistent,-1.8,93.075,-47.1,1.365,5099.1,no
2911,0.807562,yes,High,34,services,married,basic.9y,no,yes,yes,cellular,jul,wed,86,3,999,1,failure,-1.7,94.215,-40.3,0.84,4991.6,no
2912,0.80756,yes,High,64,retired,divorced,professional.course,no,yes,no,cellular,nov,fri,151,3,999,0,nonexistent,-1.1,94.767,-50.8,1.028,4963.6,no
2913,0.807551,yes,High,39,admin.,divorced,university.degree,no,yes,yes,cellular,jul,mon,398,10,999,1,failure,-1.7,94.215,-40.3,0.827,4991.6,yes
2914,0.807547,yes,High,24,admin.,single,high.school,no,no,yes,cellular,mar,thu,181,1,999,0,nonexistent,-1.8,92.843,-50.0,1.584,5099.1,no
2915,0.807505,yes,High,38,technician,married,university.degree,no,no,no,cellular,oct,fri,156,1,999,0,nonexistent,-3.4,92.431,-26.9,0.739,5017.5,yes
2916,0.807499,yes,High,25,student,single,high.school,no,yes,no,cellular,nov,mon,61,3,999,0,nonexistent,-3.4,92.649,-30.1,0.714,5017.5,no
2917,0.807479,yes,High,45,admin.,married,university.degree,no,no,no,cellular,jul,thu,74,1,999,0,nonexistent,-2.9,92.469,-33.6,1.072,5076.2,no
2918,0.807479,yes,High,45,admin.,married,university.degree,no,no,no,cellular,jul,thu,252,1,999,0,nonexistent,-2.9,92.469,-33.6,1.072,5076.2,yes
2919,0.807479,yes,High,45,admin.,married,university.degree,no,no,no,cellular,jul,thu,252,1,999,0,nonexistent,-2.9,92.469,-33.6,1.072,5076.2,yes
2920,0.807348,yes,High,94,retired,married,basic.9y,no,no,no,cellular,nov,wed,134,1,999,1,failure,-3.4,92.649,-30.1,0.716,5017.5,no
2921,0.807303,yes,High,36,management,married,unknown,no,no,no,cellular,jun,mon,98,2,999,0,nonexistent,-2.9,92.963,-40.8,1.281,5076.2,no
2922,0.807246,yes,High,41,admin.,single,university.degree,no,yes,yes,telephone,dec,thu,273,1,999,1,failure,-3.0,92.713,-33.0,0.707,5023.5,no
2923,0.807205,yes,High,20,student,single,high.school,no,no,no,cellular,jul,wed,74,1,999,0,nonexistent,-2.9,92.469,-33.6,1.029,5076.2,no
2924,0.807142,yes,High,30,management,married,university.degree,no,yes,no,cellular,mar,mon,106,3,999,0,nonexistent,-1.8,93.369,-34.8,0.646,5008.7,no
2925,0.807111,yes,High,26,blue-collar,single,professional.course,no,yes,no,cellular,jun,thu,77,2,999,0,nonexistent,-2.9,92.963,-40.8,1.26,5076.2,no
2926,0.807101,yes,High,31,admin.,married,professional.course,no,no,yes,cellular,dec,mon,367,2,999,1,failure,-3.0,92.713,-33.0,0.709,5023.5,yes
2927,0.806961,yes,High,24,technician,single,professional.course,no,no,no,cellular,aug,thu,129,1,999,0,nonexistent,-2.9,92.201,-31.4,0.873,5076.2,no
2928,0.80696,yes,High,73,retired,married,university.degree,no,no,yes,cellular,nov,thu,749,7,999,0,nonexistent,-3.4,92.649,-30.1,0.716,5017.5,yes
2929,0.80695,yes,High,35,entrepreneur,married,high.school,no,no,no,cellular,jul,wed,1084,4,999,0,nonexistent,-2.9,92.469,-33.6,0.933,5076.2,yes
2930,0.806922,yes,High,23,admin.,single,university.degree,no,unknown,unknown,cellular,mar,thu,308,2,999,1,failure,-1.8,92.843,-50.0,1.757,5099.1,yes
2931,0.806908,yes,High,61,admin.,married,high.school,no,yes,no,cellular,oct,mon,146,4,999,0,nonexistent,-1.1,94.601,-49.5,0.977,4963.6,no
2932,0.80689,yes,High,26,student,single,high.school,no,no,no,cellular,aug,fri,482,2,999,0,nonexistent,-2.9,92.201,-31.4,0.869,5076.2,no
2933,0.806788,yes,High,36,technician,single,professional.course,no,yes,no,cellular,aug,thu,474,1,999,0,nonexistent,-2.9,92.201,-31.4,0.851,5076.2,yes
2934,0.80677,yes,High,59,retired,married,university.degree,no,no,no,cellular,apr,tue,1073,1,999,0,nonexistent,-1.8,93.075,-47.1,1.423,5099.1,yes
2935,0.806753,yes,High,24,technician,single,professional.course,no,yes,no,cellular,jun,tue,211,1,999,0,nonexistent,-2.9,92.963,-40.8,1.262,5076.2,no
2936,0.806744,yes,High,25,admin.,married,unknown,no,no,no,cellular,nov,thu,110,1,999,1,failure,-3.4,92.649,-30.1,0.714,5017.5,yes
2937,0.80668,yes,High,64,admin.,married,university.degree,no,no,yes,cellular,dec,thu,1804,3,999,0,nonexistent,-3.0,92.713,-33.0,0.72,5023.5,no
2938,0.806666,yes,High,38,admin.,married,university.degree,no,no,no,cellular,oct,wed,180,2,999,1,failure,-3.4,92.431,-26.9,0.74,5017.5,no
2939,0.80664,yes,High,27,admin.,married,high.school,no,no,no,cellular,nov,mon,116,1,4,2,failure,-3.4,92.649,-30.1,0.714,5017.5,no
2940,0.806638,yes,High,46,admin.,married,high.school,no,yes,no,cellular,sep,wed,408,1,999,0,nonexistent,-3.4,92.379,-29.8,0.781,5017.5,yes
2941,0.806636,yes,High,30,admin.,single,university.degree,no,no,no,cellular,sep,mon,199,6,999,0,nonexistent,-3.4,92.379,-29.8,0.797,5017.5,yes
2942,0.806621,yes,High,59,admin.,married,unknown,no,no,no,cellular,jun,tue,245,1,999,0,nonexistent,-2.9,92.963,-40.8,1.262,5076.2,yes
2943,0.806559,yes,High,35,entrepreneur,married,high.school,no,no,no,cellular,sep,tue,91,2,999,0,nonexistent,-3.4,92.379,-29.8,0.819,5017.5,no
2944,0.806484,yes,High,42,housemaid,divorced,basic.4y,no,yes,no,telephone,apr,mon,271,1,999,1,failure,-1.8,93.749,-34.6,0.642,5008.7,no
2945,0.806482,yes,High,37,self-employed,married,professional.course,no,no,no,cellular,jun,wed,321,1,999,0,nonexistent,-2.9,92.963,-40.8,1.26,5076.2,yes
2946,0.806442,yes,High,28,student,single,unknown,no,yes,no,cellular,dec,wed,102,2,999,0,nonexistent,-3.0,92.713,-33.0,0.706,5023.5,no
2947,0.80639,yes,High,36,management,married,university.degree,no,no,no,cellular,jun,thu,194,1,999,0,nonexistent,-2.9,92.963,-40.8,1.26,5076.2,yes
2948,0.806321,yes,High,31,services,married,basic.9y,no,yes,no,cellular,jun,mon,208,1,999,0,nonexistent,-2.9,92.963,-40.8,1.266,5076.2,no
2949,0.806321,yes,High,31,services,married,basic.9y,no,yes,no,cellular,jun,mon,326,1,999,0,nonexistent,-2.9,92.963,-40.8,1.266,5076.2,yes
2950,0.806295,yes,High,71,retired,married,high.school,no,yes,no,cellular,apr,wed,162,2,999,0,nonexistent,-1.8,93.075,-47.1,1.415,5099.1,no
2951,0.806286,yes,High,59,admin.,married,unknown,no,no,yes,cellular,sep,mon,295,4,999,1,failure,-3.4,92.379,-29.8,0.797,5017.5,yes
2952,0.80624,yes,High,35,management,married,university.degree,no,no,no,telephone,nov,mon,986,1,7,3,failure,-3.4,92.649,-30.1,0.714,5017.5,no
2953,0.80619,yes,High,55,management,married,university.degree,no,yes,no,cellular,nov,tue,283,1,999,0,nonexistent,-3.4,92.649,-30.1,0.716,5017.5,no
2954,0.80615,yes,High,74,retired,divorced,basic.4y,no,no,yes,cellular,apr,mon,184,2,14,2,failure,-1.8,93.749,-34.6,0.643,5008.7,no
2955,0.806099,yes,High,75,retired,married,basic.4y,no,yes,yes,cellular,jul,fri,67,2,999,0,nonexistent,-2.9,92.469,-33.6,1.059,5076.2,no
2956,0.806062,yes,High,44,admin.,married,university.degree,no,no,no,cellular,oct,wed,1206,1,999,0,nonexistent,-3.4,92.431,-26.9,0.735,5017.5,no
2957,0.805972,yes,High,52,admin.,single,university.degree,no,yes,no,cellular,jun,mon,327,1,999,0,nonexistent,-2.9,92.963,-40.8,1.266,5076.2,yes
2958,0.805947,yes,High,39,admin.,married,high.school,no,yes,no,cellular,dec,wed,110,3,999,1,failure,-3.0,92.713,-33.0,0.7,5023.5,no
2959,0.805939,yes,High,33,admin.,single,university.degree,no,yes,no,cellular,jun,tue,198,2,999,0,nonexistent,-2.9,92.963,-40.8,1.262,5076.2,no
2960,0.80587,yes,High,69,retired,married,unknown,no,no,no,cellular,apr,thu,117,1,999,0,nonexistent,-1.8,93.075,-47.1,1.41,5099.1,no
2961,0.805764,yes,High,50,management,married,basic.9y,no,no,no,cellular,oct,mon,151,2,6,2,failure,-3.4,92.431,-26.9,0.731,5017.5,no
2962,0.805748,yes,High,34,technician,divorced,professional.course,no,no,no,telephone,mar,fri,257,1,999,1,failure,-1.8,93.369,-34.8,0.653,5008.7,yes
2963,0.805691,yes,High,27,admin.,single,university.degree,no,yes,yes,cellular,sep,wed,345,1,999,0,nonexistent,-3.4,92.379,-29.8,0.781,5017.5,yes
2964,0.80569,yes,High,29,admin.,divorced,university.degree,no,yes,no,cellular,jun,wed,238,3,999,0,nonexistent,-2.9,92.963,-40.8,1.26,5076.2,yes
2965,0.805685,yes,High,34,technician,married,professional.course,no,no,no,cellular,jun,thu,218,1,999,0,nonexistent,-2.9,92.963,-40.8,1.26,5076.2,no
2966,0.805675,yes,High,28,services,married,basic.9y,no,yes,no,telephone,oct,fri,186,1,999,1,failure,-3.4,92.431,-26.9,0.739,5017.5,yes
2967,0.805631,yes,High,28,admin.,single,university.degree,no,no,no,cellular,mar,fri,157,2,999,1,failure,-1.8,93.369,-34.8,0.636,5008.7,no
2968,0.805619,yes,High,37,management,single,basic.9y,no,no,no,cellular,oct,thu,137,1,999,0,nonexistent,-3.4,92.431,-26.9,0.741,5017.5,yes
2969,0.805568,yes,High,80,retired,married,basic.4y,no,no,no,cellular,oct,tue,82,2,999,0,nonexistent,-3.4,92.431,-26.9,0.742,5017.5,no
2970,0.80554,yes,High,27,student,single,high.school,no,no,no,cellular,jul,thu,64,3,999,0,nonexistent,-2.9,92.469,-33.6,0.927,5076.2,no
2971,0.805538,yes,High,52,entrepreneur,married,high.school,no,yes,no,cellular,jun,fri,177,3,999,0,nonexistent,-2.9,92.963,-40.8,1.268,5076.2,no
2972,0.805452,yes,High,27,admin.,single,university.degree,no,yes,no,cellular,mar,tue,371,1,999,2,failure,-1.8,93.369,-34.8,0.635,5008.7,no
2973,0.805451,yes,High,38,admin.,single,university.degree,no,yes,no,cellular,jun,mon,318,3,999,0,nonexistent,-2.9,92.963,-40.8,1.26,5076.2,no
2974,0.805414,yes,High,49,housemaid,single,university.degree,no,no,yes,cellular,dec,mon,334,3,999,0,nonexistent,-3.0,92.713,-33.0,0.717,5023.5,no
2975,0.805414,yes,High,30,technician,married,professional.course,no,yes,yes,cellular,oct,thu,1707,2,999,0,nonexistent,-3.4,92.431,-26.9,0.722,5017.5,yes
2976,0.805361,yes,High,88,retired,divorced,basic.4y,no,yes,no,cellular,oct,wed,180,1,999,0,nonexistent,-3.4,92.431,-26.9,0.735,5017.5,no
2977,0.805263,yes,High,53,admin.,divorced,university.degree,no,yes,no,cellular,mar,thu,228,1,999,1,failure,-1.8,93.369,-34.8,0.65,5008.7,no
2978,0.805238,yes,High,39,blue-collar,single,basic.9y,no,yes,yes,cellular,may,mon,78,3,3,1,success,-1.8,92.893,-46.2,1.354,5099.1,no
2979,0.805198,yes,High,52,technician,married,professional.course,no,yes,yes,cellular,sep,mon,211,1,999,1,failure,-3.4,92.379,-29.8,0.797,5017.5,yes
2980,0.80513,yes,High,58,services,married,high.school,no,yes,no,telephone,mar,mon,113,4,999,0,nonexistent,-1.8,93.369,-34.8,0.635,5008.7,no
2981,0.805125,yes,High,46,unemployed,married,basic.9y,no,no,no,cellular,jun,tue,200,2,999,1,failure,-2.9,92.963,-40.8,1.262,5076.2,yes
2982,0.805121,yes,High,35,management,married,university.degree,no,yes,no,telephone,oct,mon,309,1,999,0,nonexistent,-0.1,93.798,-40.4,5.0,5195.8,no
2983,0.805077,yes,High,74,retired,married,basic.4y,no,yes,no,cellular,jun,mon,257,1,999,0,nonexistent,-2.9,92.963,-40.8,1.26,5076.2,yes
2984,0.805009,yes,High,45,services,single,unknown,no,no,no,cellular,jun,mon,58,2,999,0,nonexistent,-2.9,92.963,-40.8,1.281,5076.2,no
2985,0.804999,yes,High,27,blue-collar,single,basic.6y,no,yes,no,cellular,jun,wed,334,3,999,0,nonexistent,-2.9,92.963,-40.8,1.26,5076.2,no
2986,0.804854,yes,High,57,unemployed,married,basic.4y,no,yes,no,cellular,jun,mon,284,1,999,0,nonexistent,-2.9,92.963,-40.8,1.26,5076.2,yes
2987,0.804781,yes,High,76,retired,married,university.degree,no,no,no,cellular,aug,fri,233,2,999,0,nonexistent,-2.9,92.201,-31.4,0.881,5076.2,yes
2988,0.80476,yes,High,30,admin.,married,university.degree,no,yes,no,cellular,jun,mon,288,1,999,0,nonexistent,-2.9,92.963,-40.8,1.26,5076.2,yes
2989,0.804745,yes,High,32,admin.,married,university.degree,no,yes,no,cellular,jun,thu,216,2,999,0,nonexistent,-2.9,92.963,-40.8,1.26,5076.2,no
2990,0.804675,yes,High,27,admin.,married,university.degree,no,yes,no,cellular,jun,mon,761,2,999,0,nonexistent,-2.9,92.963,-40.8,1.266,5076.2,no
2991,0.804623,yes,High,38,technician,divorced,high.school,no,no,no,telephone,apr,fri,320,3,6,1,success,-1.8,93.075,-47.1,1.405,5099.1,yes
2992,0.8046,yes,High,51,technician,married,professional.course,no,yes,no,cellular,sep,mon,841,2,999,2,failure,-1.1,94.199,-37.5,0.882,4963.6,yes
2993,0.804567,yes,High,29,admin.,married,high.school,no,yes,no,cellular,jun,mon,263,1,999,0,nonexistent,-2.9,92.963,-40.8,1.266,5076.2,yes
2994,0.80451,yes,High,65,retired,married,basic.9y,no,no,no,cellular,jun,mon,579,1,999,0,nonexistent,-2.9,92.963,-40.8,1.266,5076.2,yes
2995,0.80446,yes,High,65,housemaid,married,basic.4y,no,no,no,cellular,jun,mon,89,2,999,0,nonexistent,-2.9,92.963,-40.8,1.266,5076.2,no
2996,0.80446,yes,High,65,housemaid,married,basic.4y,no,no,no,cellular,jun,mon,145,2,999,0,nonexistent,-2.9,92.963,-40.8,1.266,5076.2,no
2997,0.804423,yes,High,32,technician,married,professional.course,no,yes,no,cellular,jun,mon,108,1,999,0,nonexistent,-2.9,92.963,-40.8,1.266,5076.2,no
2998,0.804399,yes,High,62,retired,married,unknown,no,no,no,cellular,aug,fri,172,4,999,0,nonexistent,-2.9,92.201,-31.4,0.869,5076.2,yes
2999,0.804368,yes,High,22,student,single,basic.9y,no,no,no,cellular,mar,fri,84,1,999,1,failure,-1.8,93.369,-34.8,0.653,5008.7,no
3000,0.804349,yes,High,32,management,single,university.degree,no,yes,no,cellular,mar,mon,75,2,999,0,nonexistent,-1.8,92.843,-50.0,1.703,5099.1,no
3001,0.804323,yes,High,42,services,married,high.school,no,yes,no,cellular,may,mon,520,2,3,1,success,-1.8,92.893,-46.2,1.354,5099.1,no
3002,0.804301,yes,High,35,entrepreneur,married,university.degree,no,yes,yes,telephone,oct,mon,2429,1,999,0,nonexistent,-0.1,93.798,-40.4,5.0,5195.8,no
3003,0.804254,yes,High,37,unemployed,unknown,university.degree,no,no,no,cellular,jun,tue,100,1,999,0,nonexistent,-2.9,92.963,-40.8,1.262,5076.2,no
3004,0.804192,yes,High,53,retired,single,basic.4y,no,yes,no,cellular,jun,mon,107,3,999,0,nonexistent,-2.9,92.963,-40.8,1.281,5076.2,yes
3005,0.80414,yes,High,47,admin.,married,high.school,no,yes,no,cellular,apr,fri,296,1,999,1,failure,-1.8,93.749,-34.6,0.645,5008.7,yes
3006,0.804097,yes,High,58,retired,divorced,high.school,no,yes,no,cellular,oct,thu,76,4,999,0,nonexistent,-3.4,92.431,-26.9,0.722,5017.5,no
3007,0.804072,yes,High,35,blue-collar,married,basic.4y,no,no,no,telephone,mar,mon,433,3,999,1,failure,-1.8,93.369,-34.8,0.635,5008.7,yes
3008,0.803866,yes,High,55,retired,married,high.school,no,yes,yes,cellular,jun,fri,186,2,999,0,nonexistent,-2.9,92.963,-40.8,1.268,5076.2,yes
3009,0.803803,yes,High,40,technician,single,university.degree,no,no,no,cellular,nov,mon,984,5,999,0,nonexistent,-3.4,92.649,-30.1,0.714,5017.5,yes
3010,0.803715,yes,High,51,technician,married,professional.course,no,yes,no,cellular,oct,thu,67,6,6,3,failure,-3.4,92.431,-26.9,0.754,5017.5,no
3011,0.803658,yes,High,27,services,single,university.degree,no,yes,no,cellular,mar,fri,229,3,999,1,failure,-1.8,93.369,-34.8,0.649,5008.7,yes
3012,0.803633,yes,High,74,retired,married,basic.9y,no,yes,no,cellular,aug,mon,156,1,999,1,failure,-2.9,92.201,-31.4,0.861,5076.2,yes
3013,0.803628,yes,High,33,services,married,high.school,no,yes,no,cellular,aug,wed,417,1,999,0,nonexistent,-2.9,92.201,-31.4,0.879,5076.2,yes
3014,0.803623,yes,High,35,technician,married,university.degree,no,yes,yes,cellular,mar,wed,138,1,999,1,failure,-1.8,93.369,-34.8,0.651,5008.7,no
3015,0.803596,yes,High,60,retired,divorced,basic.4y,no,yes,no,cellular,oct,thu,262,1,999,0,nonexistent,-3.4,92.431,-26.9,0.722,5017.5,no
3016,0.803503,yes,High,32,admin.,single,university.degree,no,yes,no,cellular,jun,tue,369,1,999,0,nonexistent,-2.9,92.963,-40.8,1.262,5076.2,no
3017,0.803494,yes,High,44,management,married,basic.6y,no,yes,no,cellular,mar,thu,53,3,999,0,nonexistent,-1.8,92.843,-50.0,1.757,5099.1,no
3018,0.803468,yes,High,66,housemaid,married,basic.4y,no,no,no,telephone,jul,tue,1008,2,999,0,nonexistent,-1.7,94.215,-40.3,0.876,4991.6,yes
3019,0.803375,yes,High,32,technician,divorced,university.degree,no,yes,no,cellular,jun,mon,532,2,999,0,nonexistent,-2.9,92.963,-40.8,1.26,5076.2,yes
3020,0.803346,yes,High,28,self-employed,single,university.degree,no,yes,yes,cellular,mar,wed,217,1,999,1,failure,-1.8,93.369,-34.8,0.651,5008.7,no
3021,0.803243,yes,High,27,admin.,married,high.school,no,no,no,cellular,oct,tue,572,1,999,0,nonexistent,-3.4,92.431,-26.9,0.744,5017.5,no
3022,0.803163,yes,High,66,retired,married,basic.4y,no,yes,no,cellular,apr,wed,512,11,999,0,nonexistent,-1.8,93.075,-47.1,1.415,5099.1,yes
3023,0.803151,yes,High,37,housemaid,single,university.degree,no,yes,no,cellular,oct,tue,89,1,999,1,failure,-3.4,92.431,-26.9,0.744,5017.5,no
3024,0.803113,yes,High,33,admin.,single,university.degree,no,yes,no,cellular,jun,tue,251,1,999,0,nonexistent,-2.9,92.963,-40.8,1.262,5076.2,yes
3025,0.803109,yes,High,65,retired,married,basic.4y,no,no,no,cellular,oct,fri,176,5,999,0,nonexistent,-3.4,92.431,-26.9,0.72,5017.5,no
3026,0.803102,yes,High,34,technician,married,professional.course,no,yes,no,cellular,jun,wed,302,1,999,0,nonexistent,-2.9,92.963,-40.8,1.26,5076.2,yes
3027,0.803075,yes,High,41,admin.,single,university.degree,no,yes,no,cellular,jun,mon,95,1,999,0,nonexistent,-2.9,92.963,-40.8,1.26,5076.2,yes
3028,0.803021,yes,High,58,retired,married,university.degree,no,yes,no,telephone,oct,fri,12,1,999,0,nonexistent,-0.1,93.798,-40.4,4.918,5195.8,no
3029,0.80302,yes,High,30,services,single,high.school,no,yes,no,cellular,aug,thu,148,2,999,0,nonexistent,-2.9,92.201,-31.4,0.873,5076.2,yes
3030,0.802958,yes,High,56,services,single,high.school,no,no,yes,cellular,aug,tue,555,3,999,0,nonexistent,-2.9,92.201,-31.4,0.838,5076.2,yes
3031,0.802948,yes,High,76,retired,married,basic.4y,no,no,no,cellular,aug,wed,331,2,999,0,nonexistent,-2.9,92.201,-31.4,0.879,5076.2,no
3032,0.802844,yes,High,85,retired,divorced,basic.4y,unknown,yes,no,telephone,dec,tue,150,1,999,0,nonexistent,-3.0,92.713,-33.0,0.715,5023.5,no
3033,0.802774,yes,High,35,management,married,university.degree,no,yes,no,cellular,nov,tue,209,1,999,2,failure,-3.4,92.649,-30.1,0.715,5017.5,yes
3034,0.802772,yes,High,31,blue-collar,married,professional.course,no,no,no,cellular,aug,thu,414,1,999,0,nonexistent,-2.9,92.201,-31.4,0.873,5076.2,yes
3035,0.80273,yes,High,35,blue-collar,single,basic.9y,no,yes,no,cellular,may,mon,265,2,3,1,success,-1.8,92.893,-46.2,1.354,5099.1,yes
3036,0.802718,yes,High,64,retired,married,unknown,no,yes,no,cellular,aug,fri,171,3,999,1,failure,-2.9,92.201,-31.4,0.849,5076.2,no
3037,0.802688,yes,High,34,self-employed,single,university.degree,no,no,yes,telephone,nov,tue,85,1,999,0,nonexistent,-3.4,92.649,-30.1,0.715,5017.5,yes
3038,0.802681,yes,High,24,unemployed,married,high.school,no,yes,no,cellular,nov,mon,98,1,999,1,failure,-3.4,92.649,-30.1,0.715,5017.5,yes
3039,0.802666,yes,High,38,admin.,single,university.degree,no,yes,no,cellular,mar,mon,69,1,999,0,nonexistent,-1.8,92.843,-50.0,1.811,5099.1,no
3040,0.802627,yes,High,46,unemployed,married,basic.9y,no,yes,no,cellular,jun,tue,236,2,999,0,nonexistent,-2.9,92.963,-40.8,1.262,5076.2,yes
3041,0.802617,yes,High,30,admin.,single,university.degree,no,no,yes,cellular,oct,thu,102,1,999,1,failure,-3.4,92.431,-26.9,0.733,5017.5,no
3042,0.80258,yes,High,47,technician,divorced,high.school,no,yes,no,cellular,nov,mon,182,1,999,1,failure,-3.4,92.649,-30.1,0.722,5017.5,yes
3043,0.802507,yes,High,45,technician,married,university.degree,no,yes,no,cellular,nov,wed,359,1,999,0,nonexistent,-3.4,92.649,-30.1,0.715,5017.5,no
3044,0.802423,yes,High,52,blue-collar,single,basic.9y,no,no,no,cellular,nov,thu,771,2,999,0,nonexistent,-3.4,92.649,-30.1,0.714,5017.5,no
3045,0.802417,yes,High,47,management,married,basic.9y,no,no,no,cellular,jun,tue,309,1,999,0,nonexistent,-2.9,92.963,-40.8,1.262,5076.2,no
3046,0.802389,yes,High,33,unemployed,married,high.school,no,yes,yes,cellular,oct,tue,301,2,999,0,nonexistent,-3.4,92.431,-26.9,0.742,5017.5,yes
3047,0.802354,yes,High,36,blue-collar,married,basic.9y,no,no,no,cellular,jun,mon,86,1,999,0,nonexistent,-2.9,92.963,-40.8,1.281,5076.2,no
3048,0.802302,yes,High,35,technician,married,professional.course,no,no,no,cellular,aug,tue,441,1,999,0,nonexistent,-2.9,92.201,-31.4,0.859,5076.2,yes
3049,0.802296,yes,High,51,admin.,single,university.degree,no,yes,yes,cellular,jun,fri,263,2,999,0,nonexistent,-2.9,92.963,-40.8,1.268,5076.2,no
3050,0.802257,yes,High,42,blue-collar,married,basic.9y,no,yes,no,cellular,dec,wed,187,2,999,0,nonexistent,-3.0,92.713,-33.0,0.721,5023.5,no
3051,0.802189,yes,High,49,unemployed,married,high.school,no,no,no,cellular,sep,wed,387,1,999,0,nonexistent,-3.4,92.379,-29.8,0.768,5017.5,yes
3052,0.802189,yes,High,49,unemployed,married,high.school,no,no,no,cellular,sep,wed,292,1,999,0,nonexistent,-3.4,92.379,-29.8,0.768,5017.5,yes
3053,0.802155,yes,High,32,management,married,university.degree,no,yes,no,telephone,mar,wed,30,1,999,0,nonexistent,-1.8,93.369,-34.8,0.634,5008.7,no
3054,0.802081,yes,High,28,technician,single,professional.course,no,yes,no,cellular,jun,tue,318,1,999,0,nonexistent,-2.9,92.963,-40.8,1.262,5076.2,yes
3055,0.80204,yes,High,31,housemaid,single,university.degree,no,no,no,cellular,nov,mon,159,4,999,0,nonexistent,-1.1,94.767,-50.8,1.039,4963.6,no
3056,0.802031,yes,High,29,admin.,single,university.degree,no,no,no,cellular,apr,thu,800,1,999,0,nonexistent,-1.8,93.075,-47.1,1.365,5099.1,yes
3057,0.80196,yes,High,24,student,single,unknown,no,yes,no,cellular,oct,fri,460,1,999,0,nonexistent,-3.4,92.431,-26.9,0.73,5017.5,yes
3058,0.801807,yes,High,31,admin.,single,high.school,no,no,no,cellular,aug,tue,241,1,999,1,failure,-1.7,94.027,-38.3,0.886,4991.6,no
3059,0.801766,yes,High,54,admin.,single,high.school,no,no,no,cellular,jun,wed,114,1,999,0,nonexistent,-2.9,92.963,-40.8,1.26,5076.2,no
3060,0.801764,yes,High,73,retired,married,basic.4y,unknown,no,no,cellular,aug,wed,76,1,999,0,nonexistent,-2.9,92.201,-31.4,0.854,5076.2,no
3061,0.801739,yes,High,30,admin.,single,high.school,no,no,no,telephone,aug,thu,18,1,22,1,success,-1.7,94.027,-38.3,0.899,4991.6,no
3062,0.801701,yes,High,24,student,single,high.school,no,yes,yes,cellular,jul,tue,316,3,999,1,failure,-1.7,94.215,-40.3,0.835,4991.6,no
3063,0.801672,yes,High,24,student,single,high.school,no,yes,no,cellular,aug,fri,456,1,999,0,nonexistent,-2.9,92.201,-31.4,0.881,5076.2,yes
3064,0.801631,yes,High,27,technician,married,professional.course,no,yes,no,cellular,jun,mon,492,1,999,0,nonexistent,-2.9,92.963,-40.8,1.266,5076.2,no
3065,0.80152,yes,High,23,admin.,single,university.degree,no,no,no,cellular,sep,thu,270,3,999,1,failure,-1.1,94.199,-37.5,0.879,4963.6,yes
3066,0.801424,yes,High,65,retired,married,basic.6y,no,no,no,cellular,aug,mon,161,2,999,1,failure,-2.9,92.201,-31.4,0.884,5076.2,yes
3067,0.801421,yes,High,47,blue-collar,married,professional.course,no,yes,no,cellular,jul,fri,175,1,999,0,nonexistent,-2.9,92.469,-33.6,1.059,5076.2,yes
3068,0.801421,yes,High,25,technician,married,professional.course,no,yes,no,cellular,jun,tue,551,4,999,1,failure,-2.9,92.963,-40.8,1.252,5076.2,yes
3069,0.801365,yes,High,54,blue-collar,married,basic.9y,no,no,no,cellular,nov,wed,138,1,7,2,failure,-3.4,92.649,-30.1,0.719,5017.5,no
3070,0.801299,yes,High,22,services,single,high.school,no,yes,yes,cellular,jun,mon,181,1,999,0,nonexistent,-2.9,92.963,-40.8,1.26,5076.2,no
3071,0.801297,yes,High,23,blue-collar,single,high.school,no,yes,no,cellular,dec,fri,248,6,999,0,nonexistent,-3.0,92.713,-33.0,0.71,5023.5,no
3072,0.801268,yes,High,49,management,married,university.degree,no,no,no,cellular,jun,mon,164,1,999,0,nonexistent,-2.9,92.963,-40.8,1.266,5076.2,no
3073,0.801261,yes,High,34,unemployed,single,university.degree,no,no,no,cellular,nov,fri,464,5,999,1,failure,-3.4,92.649,-30.1,0.716,5017.5,yes
3074,0.801241,yes,High,66,retired,unknown,basic.9y,no,yes,no,cellular,aug,wed,810,3,999,2,failure,-2.9,92.201,-31.4,0.879,5076.2,yes
3075,0.80116,yes,High,29,technician,single,professional.course,no,unknown,unknown,cellular,nov,wed,257,2,999,1,failure,-3.4,92.649,-30.1,0.719,5017.5,no
3076,0.801151,yes,High,61,retired,married,university.degree,no,no,no,cellular,nov,mon,507,1,999,0,nonexistent,-1.1,94.767,-50.8,1.05,4963.6,no
3077,0.801083,yes,High,57,entrepreneur,married,basic.4y,no,yes,no,cellular,jun,wed,467,1,999,0,nonexistent,-2.9,92.963,-40.8,1.26,5076.2,no
3078,0.801077,yes,High,41,unemployed,single,basic.4y,no,no,no,cellular,jun,mon,170,1,999,0,nonexistent,-2.9,92.963,-40.8,1.26,5076.2,no
3079,0.801061,yes,High,32,self-employed,single,university.degree,no,yes,no,cellular,dec,mon,205,4,999,1,failure,-3.0,92.713,-33.0,0.706,5023.5,yes
3080,0.801052,yes,High,87,retired,divorced,basic.4y,no,no,no,cellular,aug,fri,273,1,999,0,nonexistent,-2.9,92.201,-31.4,0.849,5076.2,yes
3081,0.801052,yes,High,21,student,single,high.school,no,yes,no,cellular,aug,tue,326,2,999,1,failure,-1.7,94.027,-38.3,0.899,4991.6,no
3082,0.801044,yes,High,67,retired,married,professional.course,no,yes,yes,cellular,aug,mon,186,1,999,0,nonexistent,-2.9,92.201,-31.4,0.861,5076.2,yes
3083,0.801018,yes,High,43,services,married,basic.6y,no,no,no,cellular,sep,tue,115,1,999,0,nonexistent,-3.4,92.379,-29.8,0.75,5017.5,no
3084,0.801,yes,High,58,blue-collar,married,basic.4y,no,yes,no,cellular,jun,wed,110,1,999,0,nonexistent,-2.9,92.963,-40.8,1.26,5076.2,yes
3085,0.800961,yes,High,39,admin.,married,university.degree,no,no,no,cellular,jun,mon,165,1,999,0,nonexistent,-2.9,92.963,-40.8,1.266,5076.2,no
3086,0.800865,yes,High,59,unemployed,married,professional.course,no,yes,no,cellular,aug,fri,378,2,999,1,failure,-2.9,92.201,-31.4,0.881,5076.2,no
3087,0.800773,yes,High,27,admin.,single,university.degree,no,yes,no,cellular,aug,wed,1117,2,999,0,nonexistent,-2.9,92.201,-31.4,0.879,5076.2,no
3088,0.800773,yes,High,27,admin.,single,university.degree,no,yes,no,cellular,aug,wed,429,2,999,0,nonexistent,-2.9,92.201,-31.4,0.879,5076.2,yes
3089,0.800727,yes,High,61,retired,divorced,university.degree,no,yes,no,cellular,apr,tue,118,2,999,0,nonexistent,-1.8,93.075,-47.1,1.384,5099.1,no
3090,0.800714,yes,High,36,management,married,university.degree,no,yes,no,cellular,mar,thu,86,2,999,0,nonexistent,-1.8,92.843,-50.0,1.538,5099.1,no
3091,0.80069,yes,High,62,retired,married,professional.course,no,yes,yes,cellular,aug,fri,517,2,999,1,failure,-2.9,92.201,-31.4,0.825,5076.2,yes
3092,0.800672,yes,High,42,management,married,basic.6y,no,yes,no,cellular,sep,thu,84,3,999,0,nonexistent,-3.4,92.379,-29.8,0.778,5017.5,yes
3093,0.800611,yes,High,28,admin.,single,university.degree,no,yes,yes,cellular,apr,thu,76,1,999,0,nonexistent,-1.8,93.075,-47.1,1.365,5099.1,no
3094,0.800589,yes,High,52,technician,married,professional.course,no,yes,yes,cellular,sep,tue,77,1,999,0,nonexistent,-3.4,92.379,-29.8,0.819,5017.5,no
3095,0.800561,yes,High,34,admin.,married,high.school,no,no,no,cellular,jun,mon,135,1,999,0,nonexistent,-2.9,92.963,-40.8,1.26,5076.2,no
3096,0.800543,yes,High,35,admin.,married,university.degree,no,no,yes,cellular,apr,fri,262,3,999,1,failure,-1.8,93.749,-34.6,0.663,5008.7,yes
3097,0.800533,yes,High,51,unemployed,married,basic.6y,no,yes,no,cellular,jun,thu,262,2,999,0,nonexistent,-2.9,92.963,-40.8,1.26,5076.2,yes
3098,0.800506,yes,High,30,self-employed,single,university.degree,no,unknown,unknown,cellular,aug,mon,148,2,999,0,nonexistent,-1.7,94.027,-38.3,0.904,4991.6,no
3099,0.800496,yes,High,24,student,single,high.school,no,no,no,cellular,aug,fri,292,1,999,0,nonexistent,-2.9,92.201,-31.4,0.881,5076.2,no
3100,0.800444,yes,High,44,management,married,basic.6y,no,yes,no,cellular,mar,thu,61,2,999,0,nonexistent,-1.8,92.843,-50.0,1.757,5099.1,no
3101,0.800374,yes,High,31,admin.,single,university.degree,no,yes,no,cellular,mar,mon,145,1,999,0,nonexistent,-1.8,92.843,-50.0,1.811,5099.1,no
3102,0.800342,yes,High,55,retired,married,basic.4y,no,no,no,cellular,jun,tue,130,2,999,0,nonexistent,-2.9,92.963,-40.8,1.262,5076.2,no
3103,0.800337,yes,High,39,entrepreneur,married,basic.6y,no,yes,no,cellular,sep,tue,531,2,999,0,nonexistent,-3.4,92.379,-29.8,0.819,5017.5,yes
3104,0.800322,yes,High,37,blue-collar,single,professional.course,no,yes,no,cellular,aug,wed,100,1,999,0,nonexistent,-2.9,92.201,-31.4,0.879,5076.2,no
3105,0.800256,yes,High,28,admin.,single,university.degree,no,yes,no,cellular,nov,thu,189,2,999,0,nonexistent,-3.4,92.649,-30.1,0.714,5017.5,no
3106,0.800254,yes,High,30,admin.,single,university.degree,no,no,no,cellular,apr,thu,662,1,999,0,nonexistent,-1.8,93.075,-47.1,1.365,5099.1,yes
3107,0.800254,yes,High,30,admin.,single,university.degree,no,no,no,cellular,apr,thu,222,1,999,0,nonexistent,-1.8,93.075,-47.1,1.365,5099.1,no
3108,0.800254,yes,High,30,admin.,single,university.degree,no,no,no,cellular,apr,thu,224,1,999,0,nonexistent,-1.8,93.075,-47.1,1.365,5099.1,yes
3109,0.800254,yes,High,30,admin.,single,university.degree,no,no,no,cellular,apr,thu,368,1,999,0,nonexistent,-1.8,93.075,-47.1,1.365,5099.1,yes
3110,0.800254,yes,High,30,admin.,single,university.degree,no,no,no,cellular,apr,thu,69,1,999,0,nonexistent,-1.8,93.075,-47.1,1.365,5099.1,no
3111,0.800225,yes,High,57,retired,married,basic.4y,no,no,yes,cellular,jun,mon,292,1,999,0,nonexistent,-2.9,92.963,-40.8,1.26,5076.2,no
3112,0.800187,yes,High,41,admin.,married,university.degree,no,no,no,cellular,jun,mon,175,1,999,0,nonexistent,-2.9,92.963,-40.8,1.266,5076.2,no
3113,0.800185,yes,High,51,management,married,university.degree,no,no,no,telephone,mar,wed,19,1,999,0,nonexistent,-1.8,93.369,-34.8,0.655,5008.7,no
3114,0.800137,yes,High,29,technician,single,professional.course,no,yes,yes,cellular,aug,tue,110,1,999,0,nonexistent,-2.9,92.201,-31.4,0.883,5076.2,no
3115,0.800119,yes,High,32,management,married,university.degree,no,yes,no,cellular,jun,mon,54,3,999,0,nonexistent,-2.9,92.963,-40.8,1.26,5076.2,no
3116,0.800061,yes,High,34,admin.,single,university.degree,no,yes,no,cellular,jun,tue,96,2,999,0,nonexistent,-2.9,92.963,-40.8,1.262,5076.2,no
3117,0.800043,yes,High,83,retired,married,basic.4y,no,yes,no,cellular,apr,thu,321,1,999,0,nonexistent,-1.8,93.075,-47.1,1.365,5099.1,no
3118,0.799969,yes,High,30,admin.,single,university.degree,no,yes,no,cellular,nov,tue,187,2,999,0,nonexistent,-3.4,92.649,-30.1,0.716,5017.5,no
3119,0.799866,yes,High,51,technician,married,university.degree,no,yes,no,cellular,mar,thu,278,2,999,0,nonexistent,-1.8,92.843,-50.0,1.538,5099.1,no
3120,0.79985,yes,High,30,technician,single,professional.course,no,yes,no,cellular,jun,tue,76,3,999,0,nonexistent,-2.9,92.963,-40.8,1.262,5076.2,no
3121,0.799782,yes,High,37,entrepreneur,married,basic.6y,no,yes,no,cellular,jun,mon,377,1,999,0,nonexistent,-2.9,92.963,-40.8,1.266,5076.2,yes
3122,0.79974,yes,High,59,admin.,divorced,professional.course,no,no,no,cellular,aug,tue,206,1,999,1,failure,-2.9,92.201,-31.4,0.883,5076.2,yes
3123,0.799714,yes,High,57,retired,married,professional.course,no,yes,no,cellular,jun,mon,166,2,999,0,nonexistent,-2.9,92.963,-40.8,1.266,5076.2,yes
3124,0.799643,yes,High,68,retired,married,basic.4y,no,yes,no,cellular,jun,thu,220,2,999,1,failure,-1.7,94.055,-39.8,0.742,4991.6,no
3125,0.79963,yes,High,54,admin.,married,unknown,no,yes,no,cellular,sep,tue,82,1,999,0,nonexistent,-3.4,92.379,-29.8,0.819,5017.5,yes
3126,0.799542,yes,High,28,admin.,single,high.school,no,yes,no,cellular,jun,tue,135,1,999,0,nonexistent,-2.9,92.963,-40.8,1.262,5076.2,no
3127,0.799532,yes,High,27,student,single,unknown,no,no,no,cellular,apr,thu,263,1,999,0,nonexistent,-1.8,93.749,-34.6,0.635,5008.7,no
3128,0.799527,yes,High,27,management,single,university.degree,no,no,no,cellular,sep,mon,303,2,999,0,nonexistent,-1.1,94.199,-37.5,0.879,4963.6,no
3129,0.799347,yes,High,28,management,single,university.degree,no,yes,no,cellular,sep,tue,76,1,999,0,nonexistent,-3.4,92.379,-29.8,0.819,5017.5,no
3130,0.799347,yes,High,28,management,single,university.degree,no,yes,no,cellular,sep,tue,368,1,999,0,nonexistent,-3.4,92.379,-29.8,0.819,5017.5,no
3131,0.799328,yes,High,79,retired,married,basic.9y,no,no,no,cellular,sep,tue,181,1,999,1,failure,-3.4,92.379,-29.8,0.819,5017.5,yes
3132,0.799262,yes,High,42,admin.,single,university.degree,no,no,no,cellular,aug,mon,1013,3,999,0,nonexistent,-1.7,94.027,-38.3,0.898,4991.6,no
3133,0.799228,yes,High,45,entrepreneur,married,university.degree,no,yes,no,cellular,jun,fri,247,3,999,0,nonexistent,-2.9,92.963,-40.8,1.268,5076.2,no
3134,0.799205,yes,High,28,student,single,unknown,no,no,no,cellular,aug,thu,700,4,999,1,failure,-2.9,92.201,-31.4,0.829,5076.2,yes
3135,0.799172,yes,High,33,admin.,married,high.school,no,no,no,telephone,jul,tue,257,1,999,0,nonexistent,-2.9,92.469,-33.6,1.044,5076.2,yes
3136,0.799146,yes,High,26,admin.,single,high.school,no,no,no,cellular,aug,wed,431,4,999,0,nonexistent,-2.9,92.201,-31.4,0.854,5076.2,no
3137,0.799138,yes,High,52,admin.,married,university.degree,no,yes,yes,cellular,jun,wed,247,2,999,0,nonexistent,-2.9,92.963,-40.8,1.26,5076.2,yes
3138,0.799113,yes,High,33,admin.,married,university.degree,no,yes,no,cellular,jun,mon,346,1,999,0,nonexistent,-2.9,92.963,-40.8,1.266,5076.2,no
3139,0.799088,yes,High,44,technician,married,unknown,no,no,yes,cellular,oct,tue,139,2,999,0,nonexistent,-3.4,92.431,-26.9,0.728,5017.5,no
3140,0.799083,yes,High,20,student,single,unknown,no,yes,no,cellular,apr,tue,81,3,999,0,nonexistent,-1.8,93.749,-34.6,0.646,5008.7,no
3141,0.799054,yes,High,27,admin.,single,university.degree,no,no,no,cellular,apr,thu,523,1,999,0,nonexistent,-1.8,93.075,-47.1,1.365,5099.1,yes
3142,0.79903,yes,High,35,technician,married,professional.course,no,yes,yes,cellular,oct,wed,608,1,9,2,failure,-1.1,94.601,-49.5,0.959,4963.6,yes
3143,0.799026,yes,High,75,retired,married,basic.9y,no,no,no,cellular,mar,mon,293,2,999,1,failure,-1.8,93.369,-34.8,0.639,5008.7,yes
3144,0.79901,yes,High,62,unknown,married,professional.course,no,no,no,cellular,jun,thu,277,3,999,0,nonexistent,-2.9,92.963,-40.8,1.26,5076.2,no
3145,0.798955,yes,High,49,unemployed,married,high.school,no,no,no,cellular,sep,wed,169,1,999,1,failure,-3.4,92.379,-29.8,0.768,5017.5,no
3146,0.798929,yes,High,32,admin.,married,university.degree,no,no,no,cellular,sep,thu,444,1,999,1,failure,-3.4,92.379,-29.8,0.809,5017.5,yes
3147,0.798885,yes,High,52,admin.,single,university.degree,no,no,yes,cellular,jun,mon,212,1,999,0,nonexistent,-2.9,92.963,-40.8,1.266,5076.2,no
3148,0.798884,yes,High,27,admin.,single,university.degree,no,no,no,cellular,jul,tue,207,1,999,0,nonexistent,-2.9,92.469,-33.6,1.044,5076.2,no
3149,0.798833,yes,High,30,blue-collar,single,professional.course,no,no,no,cellular,may,tue,165,1,999,1,failure,-1.8,93.876,-40.0,0.668,5008.7,no
3150,0.798826,yes,High,63,retired,married,professional.course,no,no,no,cellular,dec,mon,137,1,999,1,failure,-3.0,92.713,-33.0,0.706,5023.5,no
3151,0.798791,yes,High,46,technician,married,basic.6y,no,yes,no,cellular,aug,thu,464,4,999,0,nonexistent,-2.9,92.201,-31.4,0.873,5076.2,yes
3152,0.798781,yes,High,34,admin.,married,high.school,no,no,no,cellular,jul,fri,59,7,999,0,nonexistent,-2.9,92.469,-33.6,1.059,5076.2,no
3153,0.798768,yes,High,30,blue-collar,single,university.degree,no,yes,yes,cellular,mar,fri,166,2,999,0,nonexistent,-1.8,92.843,-50.0,1.531,5099.1,no
3154,0.798629,yes,High,37,admin.,married,university.degree,no,yes,yes,cellular,jun,mon,412,2,999,0,nonexistent,-2.9,92.963,-40.8,1.266,5076.2,yes
3155,0.798528,yes,High,40,technician,single,university.degree,no,no,no,cellular,nov,mon,141,3,999,0,nonexistent,-3.4,92.649,-30.1,0.714,5017.5,no
3156,0.798354,yes,High,36,blue-collar,married,unknown,no,yes,no,cellular,apr,fri,572,2,999,0,nonexistent,-1.8,93.749,-34.6,0.663,5008.7,no
3157,0.798252,yes,High,42,admin.,married,university.degree,no,yes,no,cellular,jun,thu,156,2,999,0,nonexistent,-2.9,92.963,-40.8,1.26,5076.2,no
3158,0.798107,yes,High,33,admin.,single,high.school,no,yes,no,cellular,aug,fri,1088,3,999,0,nonexistent,-2.9,92.201,-31.4,0.881,5076.2,yes
3159,0.798078,yes,High,36,unemployed,married,unknown,unknown,no,no,cellular,sep,wed,344,1,999,1,failure,-3.4,92.379,-29.8,0.781,5017.5,yes
3160,0.798049,yes,High,34,technician,married,university.degree,no,yes,no,cellular,jun,tue,195,1,999,0,nonexistent,-2.9,92.963,-40.8,1.262,5076.2,yes
3161,0.797992,yes,High,65,retired,married,basic.4y,no,yes,no,cellular,aug,tue,197,2,999,1,failure,-2.9,92.201,-31.4,0.859,5076.2,no
3162,0.797986,yes,High,58,admin.,married,high.school,no,yes,no,cellular,jul,thu,214,4,999,2,failure,-1.7,94.215,-40.3,0.81,4991.6,no
3163,0.797947,yes,High,26,management,single,university.degree,no,yes,no,cellular,jun,fri,230,2,999,0,nonexistent,-2.9,92.963,-40.8,1.268,5076.2,no
3164,0.797836,yes,High,24,student,single,high.school,no,no,no,cellular,aug,thu,355,1,999,0,nonexistent,-2.9,92.201,-31.4,0.883,5076.2,yes
3165,0.797748,yes,High,50,admin.,married,university.degree,no,no,no,cellular,aug,tue,587,2,999,1,failure,-2.9,92.201,-31.4,0.859,5076.2,yes
3166,0.797725,yes,High,34,technician,single,university.degree,no,no,no,cellular,mar,mon,180,2,999,0,nonexistent,-1.8,92.843,-50.0,1.52,5099.1,yes
3167,0.797647,yes,High,37,technician,single,university.degree,no,yes,no,cellular,jun,tue,96,1,999,0,nonexistent,-2.9,92.963,-40.8,1.262,5076.2,no
3168,0.797622,yes,High,70,retired,divorced,basic.9y,no,no,no,telephone,dec,wed,220,2,999,0,nonexistent,-3.0,92.713,-33.0,0.715,5023.5,no
3169,0.797578,yes,High,31,admin.,single,university.degree,no,no,no,cellular,nov,tue,166,2,999,0,nonexistent,-3.4,92.649,-30.1,0.716,5017.5,no
3170,0.797546,yes,High,34,admin.,married,university.degree,no,no,no,cellular,nov,mon,141,2,999,0,nonexistent,-1.1,94.767,-50.8,1.05,4963.6,no
3171,0.79745,yes,High,32,admin.,married,high.school,no,no,no,cellular,aug,wed,96,1,999,0,nonexistent,-2.9,92.201,-31.4,0.879,5076.2,no
3172,0.797446,yes,High,63,retired,married,basic.6y,no,yes,no,cellular,oct,fri,91,2,999,0,nonexistent,-3.4,92.431,-26.9,0.752,5017.5,no
3173,0.797398,yes,High,35,admin.,married,university.degree,no,yes,no,telephone,sep,wed,234,1,999,0,nonexistent,-3.4,92.379,-29.8,0.753,5017.5,yes
3174,0.79739,yes,High,32,technician,married,university.degree,no,no,no,cellular,jun,mon,132,3,999,1,failure,-1.7,94.055,-39.8,0.754,4991.6,no
3175,0.797364,yes,High,56,housemaid,divorced,basic.4y,no,yes,no,cellular,nov,wed,414,1,999,1,failure,-3.4,92.649,-30.1,0.716,5017.5,yes
3176,0.797333,yes,High,48,admin.,single,university.degree,no,yes,no,cellular,may,wed,121,4,999,1,failure,-1.8,93.876,-40.0,0.672,5008.7,no
3177,0.797256,yes,High,72,retired,married,basic.4y,no,unknown,unknown,cellular,apr,tue,44,1,999,0,nonexistent,-1.8,93.075,-47.1,1.453,5099.1,no
3178,0.797252,yes,High,55,retired,married,basic.4y,no,no,no,cellular,jun,tue,553,2,3,4,failure,-2.9,92.963,-40.8,1.262,5076.2,no
3179,0.797236,yes,High,82,retired,married,university.degree,no,yes,no,cellular,oct,tue,526,1,999,0,nonexistent,-3.4,92.431,-26.9,0.744,5017.5,no
3180,0.797236,yes,High,82,retired,married,university.degree,no,yes,no,cellular,oct,tue,215,1,999,0,nonexistent,-3.4,92.431,-26.9,0.744,5017.5,yes
3181,0.797041,yes,High,37,services,married,high.school,no,yes,no,cellular,jun,wed,200,1,999,0,nonexistent,-2.9,92.963,-40.8,1.26,5076.2,no
3182,0.79702,yes,High,41,technician,married,university.degree,no,yes,yes,cellular,jun,mon,244,2,999,0,nonexistent,-2.9,92.963,-40.8,1.266,5076.2,no
3183,0.797004,yes,High,45,housemaid,single,basic.4y,no,yes,no,cellular,sep,mon,219,1,999,0,nonexistent,-3.4,92.379,-29.8,0.797,5017.5,yes
3184,0.796946,yes,High,20,student,single,basic.9y,no,no,no,cellular,aug,wed,98,2,999,0,nonexistent,-2.9,92.201,-31.4,0.854,5076.2,no
3185,0.796913,yes,High,25,services,single,high.school,no,no,no,cellular,aug,fri,553,1,999,0,nonexistent,-2.9,92.201,-31.4,0.869,5076.2,no
3186,0.796895,yes,High,23,technician,married,professional.course,no,yes,yes,cellular,oct,thu,408,2,999,0,nonexistent,-3.4,92.431,-26.9,0.722,5017.5,no
3187,0.796891,yes,High,27,management,single,university.degree,no,yes,no,cellular,jul,mon,125,2,999,0,nonexistent,-2.9,92.469,-33.6,0.944,5076.2,yes
3188,0.796776,yes,High,82,retired,married,unknown,no,no,no,cellular,apr,wed,321,1,999,0,nonexistent,-1.8,93.075,-47.1,1.445,5099.1,yes
3189,0.796738,yes,High,67,retired,married,basic.4y,no,no,no,telephone,nov,mon,167,1,999,0,nonexistent,-3.4,92.649,-30.1,0.714,5017.5,yes
3190,0.7967,yes,High,38,technician,married,university.degree,no,no,no,cellular,mar,tue,350,2,999,2,failure,-1.8,92.843,-50.0,1.687,5099.1,yes
3191,0.796665,yes,High,26,admin.,single,university.degree,no,yes,no,cellular,apr,thu,239,1,999,0,nonexistent,-1.8,93.075,-47.1,1.365,5099.1,yes
3192,0.796649,yes,High,56,admin.,married,basic.9y,no,yes,no,cellular,oct,tue,1573,2,999,1,failure,-3.4,92.431,-26.9,0.742,5017.5,no
3193,0.796635,yes,High,38,admin.,married,university.degree,no,no,no,telephone,nov,thu,411,4,999,0,nonexistent,-3.4,92.649,-30.1,0.714,5017.5,yes
3194,0.796554,yes,High,54,admin.,married,university.degree,no,yes,no,cellular,aug,fri,326,3,999,0,nonexistent,-2.9,92.201,-31.4,0.869,5076.2,yes
3195,0.796547,yes,High,47,management,married,university.degree,no,no,no,cellular,jun,mon,210,1,999,0,nonexistent,-2.9,92.963,-40.8,1.266,5076.2,no
3196,0.796499,yes,High,28,admin.,single,university.degree,no,yes,no,cellular,apr,thu,249,1,999,0,nonexistent,-1.8,93.075,-47.1,1.365,5099.1,no
3197,0.796499,yes,High,28,admin.,single,university.degree,no,yes,no,cellular,apr,thu,280,1,999,0,nonexistent,-1.8,93.075,-47.1,1.365,5099.1,no
3198,0.796494,yes,High,27,services,single,university.degree,no,yes,no,cellular,jun,mon,41,2,999,0,nonexistent,-2.9,92.963,-40.8,1.26,5076.2,no
3199,0.796386,yes,High,19,student,single,basic.9y,no,no,no,cellular,aug,mon,96,1,3,1,success,-2.9,92.201,-31.4,0.884,5076.2,no
3200,0.796386,yes,High,19,student,single,basic.9y,no,no,no,cellular,aug,mon,120,1,3,1,success,-2.9,92.201,-31.4,0.884,5076.2,no
3201,0.796382,yes,High,73,retired,married,basic.4y,no,no,no,cellular,dec,mon,245,5,999,0,nonexistent,-3.0,92.713,-33.0,0.717,5023.5,no
3202,0.796357,yes,High,58,technician,married,professional.course,no,yes,no,cellular,aug,tue,89,2,999,0,nonexistent,-2.9,92.201,-31.4,0.883,5076.2,yes
3203,0.796334,yes,High,38,admin.,single,university.degree,no,yes,no,cellular,mar,mon,111,2,999,0,nonexistent,-1.8,92.843,-50.0,1.811,5099.1,yes
3204,0.796315,yes,High,37,admin.,married,university.degree,no,yes,no,cellular,sep,wed,140,2,999,0,nonexistent,-3.4,92.379,-29.8,0.813,5017.5,yes
3205,0.79631,yes,High,59,technician,married,university.degree,no,yes,no,cellular,oct,mon,511,3,999,1,failure,-3.4,92.431,-26.9,0.743,5017.5,yes
3206,0.796269,yes,High,30,admin.,married,university.degree,no,yes,yes,cellular,sep,wed,475,5,999,0,nonexistent,-3.4,92.379,-29.8,0.781,5017.5,yes
3207,0.796231,yes,High,32,admin.,single,university.degree,no,yes,no,telephone,nov,fri,135,1,999,0,nonexistent,-3.4,92.649,-30.1,0.714,5017.5,yes
3208,0.796145,yes,High,60,admin.,married,professional.course,no,yes,no,cellular,apr,thu,571,1,999,0,nonexistent,-1.8,93.075,-47.1,1.365,5099.1,yes
3209,0.796145,yes,High,60,admin.,married,professional.course,no,yes,no,cellular,apr,thu,108,1,999,0,nonexistent,-1.8,93.075,-47.1,1.365,5099.1,no
3210,0.7961,yes,High,36,admin.,married,university.degree,no,yes,no,telephone,dec,fri,52,4,999,0,nonexistent,-3.0,92.713,-33.0,0.71,5023.5,no
3211,0.796087,yes,High,47,housemaid,married,basic.9y,no,yes,no,cellular,dec,thu,155,1,999,1,failure,-3.0,92.713,-33.0,0.712,5023.5,no
3212,0.796001,yes,High,42,management,divorced,unknown,no,no,no,cellular,aug,wed,251,2,15,2,failure,-2.9,92.201,-31.4,0.879,5076.2,no
3213,0.796,yes,High,53,self-employed,married,university.degree,no,no,yes,cellular,may,wed,141,3,6,1,success,-1.8,92.893,-46.2,1.27,5099.1,no
3214,0.795972,yes,High,68,retired,married,high.school,no,yes,no,cellular,oct,tue,88,1,999,2,failure,-3.4,92.431,-26.9,0.744,5017.5,no
3215,0.795948,yes,High,33,blue-collar,married,professional.course,no,yes,no,cellular,jun,wed,88,1,999,0,nonexistent,-2.9,92.963,-40.8,1.26,5076.2,no
3216,0.795948,yes,High,33,blue-collar,married,professional.course,no,yes,no,cellular,jun,wed,90,1,999,0,nonexistent,-2.9,92.963,-40.8,1.26,5076.2,no
3217,0.795918,yes,High,31,technician,single,unknown,no,no,no,cellular,aug,mon,155,2,999,0,nonexistent,-1.7,94.027,-38.3,0.898,4991.6,no
3218,0.795916,yes,High,24,student,single,high.school,no,yes,no,cellular,aug,tue,79,1,999,0,nonexistent,-2.9,92.201,-31.4,0.884,5076.2,no
3219,0.795878,yes,High,27,admin.,single,university.degree,no,no,no,cellular,aug,wed,1336,2,999,0,nonexistent,-2.9,92.201,-31.4,0.879,5076.2,yes
3220,0.795781,yes,High,37,admin.,married,high.school,no,no,no,cellular,aug,wed,179,2,999,1,failure,-2.9,92.201,-31.4,0.884,5076.2,yes
3221,0.795706,yes,High,36,management,married,basic.6y,no,yes,yes,cellular,aug,thu,354,3,999,0,nonexistent,-2.9,92.201,-31.4,0.873,5076.2,yes
3222,0.795705,yes,High,45,admin.,single,high.school,no,no,no,cellular,sep,fri,204,1,999,0,nonexistent,-3.4,92.379,-29.8,0.803,5017.5,no
3223,0.795644,yes,High,56,blue-collar,married,unknown,no,yes,no,telephone,oct,tue,54,1,999,0,nonexistent,-0.1,93.798,-40.4,4.968,5195.8,no
3224,0.79563,yes,High,30,technician,single,professional.course,no,no,no,cellular,sep,tue,275,1,999,5,failure,-1.1,94.199,-37.5,0.877,4963.6,no
3225,0.795622,yes,High,56,entrepreneur,married,unknown,no,yes,no,cellular,jul,thu,478,2,999,0,nonexistent,-2.9,92.469,-33.6,1.072,5076.2,yes
3226,0.795543,yes,High,34,technician,single,basic.9y,no,no,no,cellular,aug,mon,200,2,999,0,nonexistent,-1.7,94.027,-38.3,0.896,4991.6,no
3227,0.795522,yes,High,20,student,single,unknown,no,yes,no,cellular,apr,tue,99,1,999,0,nonexistent,-1.8,93.749,-34.6,0.646,5008.7,no
3228,0.795394,yes,High,78,retired,married,basic.4y,no,no,yes,cellular,aug,wed,103,1,999,0,nonexistent,-2.9,92.201,-31.4,0.834,5076.2,no
3229,0.795394,yes,High,21,student,single,high.school,no,yes,yes,cellular,aug,tue,220,1,999,0,nonexistent,-2.9,92.201,-31.4,0.884,5076.2,no
3230,0.795372,yes,High,28,technician,single,university.degree,no,yes,yes,cellular,mar,mon,54,1,999,0,nonexistent,-1.8,92.843,-50.0,1.811,5099.1,no
3231,0.795351,yes,High,56,admin.,single,university.degree,no,yes,no,cellular,mar,wed,175,1,999,1,failure,-1.8,93.369,-34.8,0.634,5008.7,yes
3232,0.795351,yes,High,56,admin.,single,university.degree,no,yes,no,cellular,mar,wed,382,1,999,1,failure,-1.8,93.369,-34.8,0.634,5008.7,no
3233,0.7951,yes,High,76,housemaid,married,basic.4y,no,yes,no,cellular,jun,tue,326,1,999,1,failure,-1.7,94.055,-39.8,0.702,4991.6,yes
3234,0.795055,yes,High,20,student,single,basic.4y,no,yes,no,cellular,aug,wed,131,1,999,1,failure,-2.9,92.201,-31.4,0.879,5076.2,yes
3235,0.795051,yes,High,28,admin.,single,high.school,no,yes,no,cellular,oct,tue,83,2,999,3,failure,-3.4,92.431,-26.9,0.728,5017.5,no
3236,0.794959,yes,High,34,technician,single,university.degree,no,yes,no,cellular,mar,mon,171,4,999,0,nonexistent,-1.8,92.843,-50.0,1.52,5099.1,no
3237,0.794936,yes,High,86,retired,married,basic.4y,unknown,yes,no,cellular,mar,tue,186,2,999,2,failure,-1.8,93.369,-34.8,0.635,5008.7,no
3238,0.794913,yes,High,22,student,single,professional.course,no,yes,no,cellular,aug,mon,162,2,999,1,failure,-2.9,92.201,-31.4,0.861,5076.2,yes
3239,0.79485,yes,High,26,services,single,high.school,no,yes,no,cellular,jul,tue,98,1,999,0,nonexistent,-2.9,92.469,-33.6,1.044,5076.2,no
3240,0.794815,yes,High,18,student,single,basic.9y,no,yes,no,cellular,dec,mon,446,2,999,0,nonexistent,-3.0,92.713,-33.0,0.715,5023.5,no
3241,0.794781,yes,High,25,student,single,high.school,no,no,no,cellular,aug,fri,253,1,999,0,nonexistent,-2.9,92.201,-31.4,0.869,5076.2,no
3242,0.794708,yes,High,59,admin.,married,high.school,no,yes,no,cellular,jul,wed,286,2,999,0,nonexistent,-2.9,92.469,-33.6,1.029,5076.2,no
3243,0.794622,yes,High,32,admin.,married,university.degree,no,yes,no,cellular,aug,wed,80,2,999,0,nonexistent,-2.9,92.201,-31.4,0.854,5076.2,no
3244,0.794597,yes,High,85,retired,married,basic.4y,no,yes,no,cellular,apr,thu,191,1,999,0,nonexistent,-1.8,93.075,-47.1,1.406,5099.1,no
3245,0.794534,yes,High,35,admin.,married,university.degree,no,yes,no,cellular,sep,wed,110,2,18,2,failure,-1.1,94.199,-37.5,0.886,4963.6,no
3246,0.794516,yes,High,27,admin.,single,university.degree,no,yes,no,cellular,aug,wed,398,4,999,1,failure,-2.9,92.201,-31.4,0.879,5076.2,yes
3247,0.794395,yes,High,61,retired,married,basic.9y,no,no,yes,cellular,mar,tue,125,2,999,0,nonexistent,-1.8,92.843,-50.0,1.556,5099.1,no
3248,0.79435,yes,High,34,housemaid,single,basic.4y,no,no,no,cellular,jun,mon,157,1,999,0,nonexistent,-2.9,92.963,-40.8,1.26,5076.2,no
3249,0.794264,yes,High,50,management,married,university.degree,no,yes,no,cellular,oct,fri,197,2,999,0,nonexistent,-1.1,94.601,-49.5,0.942,4963.6,no
3250,0.794149,yes,High,32,self-employed,married,university.degree,no,no,no,cellular,nov,thu,66,2,999,0,nonexistent,-3.4,92.649,-30.1,0.714,5017.5,no
3251,0.794121,yes,High,54,retired,married,professional.course,unknown,no,no,cellular,aug,tue,95,2,999,0,nonexistent,-2.9,92.201,-31.4,0.838,5076.2,yes
3252,0.794081,yes,High,33,blue-collar,married,high.school,no,yes,no,cellular,jun,mon,110,2,999,0,nonexistent,-2.9,92.963,-40.8,1.281,5076.2,no
3253,0.794052,yes,High,26,management,single,university.degree,no,yes,no,cellular,nov,mon,112,5,999,0,nonexistent,-1.1,94.767,-50.8,1.039,4963.6,no
3254,0.794021,yes,High,31,technician,married,university.degree,no,no,no,cellular,oct,tue,146,2,12,3,failure,-1.1,94.601,-49.5,0.982,4963.6,no
3255,0.793987,yes,High,26,technician,single,professional.course,no,no,no,telephone,oct,mon,4,1,16,1,success,-1.1,94.601,-49.5,0.977,4963.6,no
3256,0.793986,yes,High,54,admin.,married,university.degree,no,no,yes,cellular,jul,fri,84,5,999,2,failure,-1.7,94.215,-40.3,0.861,4991.6,no
3257,0.793865,yes,High,49,unemployed,married,high.school,no,yes,no,cellular,sep,wed,177,1,999,0,nonexistent,-3.4,92.379,-29.8,0.768,5017.5,no
3258,0.793851,yes,High,30,services,single,high.school,no,no,no,cellular,oct,mon,120,1,999,0,nonexistent,-3.4,92.431,-26.9,0.739,5017.5,no
3259,0.793796,yes,High,67,retired,married,basic.6y,no,no,no,cellular,aug,tue,460,2,999,0,nonexistent,-2.9,92.201,-31.4,0.859,5076.2,yes
3260,0.793789,yes,High,43,management,married,high.school,no,yes,no,cellular,nov,thu,177,1,999,1,failure,-3.4,92.649,-30.1,0.714,5017.5,no
3261,0.793776,yes,High,53,admin.,married,university.degree,unknown,yes,no,cellular,sep,tue,81,5,999,0,nonexistent,-3.4,92.379,-29.8,0.819,5017.5,no
3262,0.793654,yes,High,33,admin.,single,university.degree,no,no,yes,cellular,aug,mon,87,3,999,0,nonexistent,-1.7,94.027,-38.3,0.898,4991.6,no
3263,0.793651,yes,High,29,admin.,single,high.school,no,no,no,cellular,aug,fri,130,1,999,0,nonexistent,-2.9,92.201,-31.4,0.881,5076.2,yes
3264,0.793631,yes,High,52,technician,married,professional.course,no,yes,no,cellular,jun,mon,268,1,999,0,nonexistent,-2.9,92.963,-40.8,1.26,5076.2,no
3265,0.793628,yes,High,71,retired,married,basic.4y,no,no,no,cellular,oct,thu,250,2,999,2,failure,-3.4,92.431,-26.9,0.754,5017.5,no
3266,0.793612,yes,High,30,student,single,professional.course,no,no,no,cellular,sep,mon,162,2,9,2,failure,-1.1,94.199,-37.5,0.879,4963.6,no
3267,0.793571,yes,High,31,admin.,married,university.degree,no,no,no,cellular,jun,thu,81,2,999,1,failure,-2.9,92.963,-40.8,1.26,5076.2,yes
3268,0.793514,yes,High,32,admin.,single,university.degree,no,no,no,cellular,oct,tue,96,1,999,3,failure,-3.4,92.431,-26.9,0.728,5017.5,no
3269,0.793505,yes,High,36,self-employed,single,university.degree,no,no,no,cellular,jun,mon,177,1,999,0,nonexistent,-2.9,92.963,-40.8,1.26,5076.2,yes
3270,0.793498,yes,High,61,management,married,university.degree,no,no,no,cellular,oct,fri,56,4,999,0,nonexistent,-3.4,92.431,-26.9,0.73,5017.5,no
3271,0.793432,yes,High,46,admin.,divorced,high.school,no,no,no,cellular,jul,tue,282,1,999,0,nonexistent,-2.9,92.469,-33.6,1.044,5076.2,no
3272,0.793421,yes,High,27,blue-collar,single,high.school,no,yes,no,cellular,oct,tue,209,3,999,1,failure,-1.1,94.601,-49.5,0.982,4963.6,yes
3273,0.793356,yes,High,63,admin.,married,university.degree,no,yes,yes,cellular,oct,thu,133,2,999,0,nonexistent,-1.1,94.601,-49.5,0.987,4963.6,no
3274,0.793244,yes,High,28,management,married,basic.6y,no,no,yes,cellular,jun,tue,111,1,999,0,nonexistent,-2.9,92.963,-40.8,1.262,5076.2,no
3275,0.793148,yes,High,56,entrepreneur,married,university.degree,no,yes,yes,cellular,apr,thu,259,1,999,0,nonexistent,-1.8,93.075,-47.1,1.365,5099.1,yes
3276,0.79314,yes,High,36,admin.,married,university.degree,no,yes,yes,cellular,sep,tue,28,2,999,0,nonexistent,-3.4,92.379,-29.8,0.819,5017.5,no
3277,0.793032,yes,High,38,technician,single,professional.course,no,yes,no,cellular,jun,thu,113,1,999,0,nonexistent,-2.9,92.963,-40.8,1.26,5076.2,no
3278,0.792975,yes,High,58,retired,married,high.school,no,no,no,cellular,aug,tue,130,2,999,0,nonexistent,-2.9,92.201,-31.4,0.838,5076.2,yes
3279,0.792854,yes,High,74,retired,married,university.degree,no,yes,yes,cellular,aug,wed,232,3,999,0,nonexistent,-2.9,92.201,-31.4,0.854,5076.2,yes
3280,0.792833,yes,High,66,unemployed,single,basic.4y,no,yes,no,cellular,apr,thu,416,1,999,0,nonexistent,-1.8,93.075,-47.1,1.365,5099.1,yes
3281,0.792815,yes,High,33,admin.,single,high.school,no,yes,no,cellular,aug,tue,136,3,999,0,nonexistent,-2.9,92.201,-31.4,0.883,5076.2,yes
3282,0.792808,yes,High,31,admin.,single,high.school,no,no,no,cellular,may,wed,439,1,3,1,success,-1.8,92.893,-46.2,1.27,5099.1,yes
3283,0.792789,yes,High,48,admin.,married,high.school,no,no,no,cellular,aug,wed,74,2,999,0,nonexistent,-2.9,92.201,-31.4,0.879,5076.2,no
3284,0.792692,yes,High,84,retired,married,basic.9y,no,yes,no,cellular,may,wed,267,1,999,1,failure,-1.8,93.876,-40.0,0.697,5008.7,no
3285,0.792692,yes,High,73,retired,divorced,basic.4y,no,no,yes,cellular,apr,tue,342,1,999,0,nonexistent,-1.8,93.075,-47.1,1.423,5099.1,yes
3286,0.792688,yes,High,49,admin.,married,university.degree,no,yes,no,cellular,aug,tue,464,2,999,1,failure,-2.9,92.201,-31.4,0.883,5076.2,yes
3287,0.792641,yes,High,64,retired,married,unknown,no,yes,no,cellular,jun,mon,294,3,999,0,nonexistent,-2.9,92.963,-40.8,1.26,5076.2,no
3288,0.792627,yes,High,45,unemployed,married,basic.9y,no,yes,no,cellular,jun,mon,201,1,999,0,nonexistent,-2.9,92.963,-40.8,1.266,5076.2,no
3289,0.792618,yes,High,59,retired,married,professional.course,no,yes,yes,cellular,jun,mon,1460,1,999,0,nonexistent,-2.9,92.963,-40.8,1.266,5076.2,yes
3290,0.792612,yes,High,47,admin.,married,university.degree,no,yes,yes,cellular,jul,wed,129,3,999,2,failure,-1.7,94.215,-40.3,0.896,4991.6,no
3291,0.792594,yes,High,33,admin.,married,university.degree,no,no,no,cellular,mar,fri,119,2,999,3,failure,-1.8,93.369,-34.8,0.649,5008.7,no
3292,0.792587,yes,High,30,admin.,married,university.degree,no,yes,no,cellular,aug,tue,120,3,999,1,failure,-2.9,92.201,-31.4,0.883,5076.2,no
3293,0.792543,yes,High,32,admin.,single,university.degree,no,yes,no,telephone,jul,fri,123,4,999,0,nonexistent,-2.9,92.469,-33.6,1.007,5076.2,no
3294,0.792541,yes,High,38,admin.,married,high.school,no,no,no,cellular,aug,wed,289,2,999,0,nonexistent,-2.9,92.201,-31.4,0.879,5076.2,yes
3295,0.792492,yes,High,26,student,single,basic.9y,no,no,no,cellular,mar,mon,42,4,999,0,nonexistent,-1.8,92.843,-50.0,1.811,5099.1,no
3296,0.792462,yes,High,25,admin.,divorced,university.degree,no,no,no,cellular,jun,mon,143,2,999,0,nonexistent,-2.9,92.963,-40.8,1.281,5076.2,no
3297,0.792448,yes,High,49,technician,married,professional.course,no,yes,no,cellular,aug,tue,75,1,999,1,failure,-2.9,92.201,-31.4,0.883,5076.2,no
3298,0.792447,yes,High,59,technician,married,university.degree,no,no,no,cellular,oct,mon,268,1,999,1,failure,-3.4,92.431,-26.9,0.743,5017.5,no
3299,0.792425,yes,High,29,admin.,single,high.school,no,yes,yes,cellular,jun,tue,100,2,999,0,nonexistent,-2.9,92.963,-40.8,1.286,5076.2,no
3300,0.792377,yes,High,92,retired,divorced,unknown,unknown,no,no,cellular,may,wed,405,3,999,1,failure,-1.8,93.876,-40.0,0.697,5008.7,yes
3301,0.792347,yes,High,65,management,married,high.school,no,yes,no,cellular,jul,thu,117,1,999,2,failure,-1.7,94.215,-40.3,0.899,4991.6,no
3302,0.792332,yes,High,32,technician,single,university.degree,no,yes,no,cellular,aug,wed,240,2,999,0,nonexistent,-2.9,92.201,-31.4,0.854,5076.2,yes
3303,0.792311,yes,High,32,blue-collar,married,basic.9y,no,no,no,cellular,apr,thu,583,1,5,1,success,-1.8,93.075,-47.1,1.41,5099.1,yes
3304,0.792247,yes,High,34,blue-collar,married,high.school,no,yes,no,cellular,jun,mon,78,2,999,0,nonexistent,-2.9,92.963,-40.8,1.266,5076.2,no
3305,0.792237,yes,High,34,technician,married,professional.course,no,yes,no,cellular,sep,wed,233,2,999,0,nonexistent,-3.4,92.379,-29.8,0.813,5017.5,yes
3306,0.7922,yes,High,33,admin.,married,high.school,no,yes,no,cellular,aug,wed,206,4,999,0,nonexistent,-2.9,92.201,-31.4,0.854,5076.2,no
3307,0.792184,yes,High,62,technician,married,unknown,no,yes,no,cellular,apr,fri,215,2,999,1,failure,-1.8,93.749,-34.6,0.645,5008.7,no
3308,0.792144,yes,High,60,housemaid,married,basic.4y,no,yes,no,cellular,jun,tue,700,3,999,1,failure,-1.7,94.055,-39.8,0.723,4991.6,yes
3309,0.792001,yes,High,43,blue-collar,married,basic.6y,no,yes,no,cellular,jun,mon,458,6,999,0,nonexistent,-2.9,92.963,-40.8,1.281,5076.2,yes
3310,0.791996,yes,High,32,technician,single,high.school,no,no,no,cellular,jun,tue,430,1,999,1,failure,-2.9,92.963,-40.8,1.262,5076.2,yes
3311,0.791986,yes,High,49,admin.,married,high.school,no,yes,no,cellular,aug,wed,90,2,999,0,nonexistent,-2.9,92.201,-31.4,0.879,5076.2,no
3312,0.791898,yes,High,20,student,single,high.school,no,no,no,cellular,nov,wed,187,2,999,0,nonexistent,-3.4,92.649,-30.1,0.715,5017.5,no
3313,0.791896,yes,High,43,admin.,single,high.school,no,yes,no,cellular,aug,fri,231,3,999,0,nonexistent,-2.9,92.201,-31.4,0.881,5076.2,yes
3314,0.79189,yes,High,38,management,married,university.degree,no,no,no,cellular,jul,tue,486,5,999,0,nonexistent,-2.9,92.469,-33.6,0.908,5076.2,yes
3315,0.79186,yes,High,37,admin.,single,university.degree,no,yes,no,cellular,oct,thu,447,3,999,0,nonexistent,-3.4,92.431,-26.9,0.754,5017.5,yes
3316,0.791846,yes,High,30,services,single,high.school,no,yes,no,cellular,oct,mon,385,2,999,0,nonexistent,-3.4,92.431,-26.9,0.739,5017.5,yes
3317,0.791807,yes,High,56,retired,married,university.degree,no,yes,yes,cellular,mar,mon,104,2,999,0,nonexistent,-1.8,92.843,-50.0,1.629,5099.1,no
3318,0.791798,yes,High,68,retired,married,basic.4y,no,yes,no,cellular,jul,wed,665,1,999,0,nonexistent,-2.9,92.469,-33.6,1.029,5076.2,no
3319,0.791611,yes,High,34,admin.,married,university.degree,no,yes,no,cellular,sep,wed,161,1,18,2,failure,-1.1,94.199,-37.5,0.886,4963.6,no
3320,0.791602,yes,High,24,admin.,single,university.degree,no,no,no,cellular,sep,thu,303,1,999,1,failure,-1.1,94.199,-37.5,0.879,4963.6,yes
3321,0.791593,yes,High,52,admin.,married,unknown,no,no,no,telephone,sep,tue,513,13,14,2,failure,-3.4,92.379,-29.8,0.819,5017.5,no
3322,0.791575,yes,High,74,retired,married,high.school,no,yes,no,cellular,aug,thu,1452,1,999,1,failure,-2.9,92.201,-31.4,0.883,5076.2,yes
3323,0.791521,yes,High,58,retired,married,high.school,no,no,no,cellular,aug,tue,585,4,999,0,nonexistent,-2.9,92.201,-31.4,0.838,5076.2,no
3324,0.791516,yes,High,72,retired,married,basic.4y,no,yes,no,cellular,jul,fri,119,9,999,1,failure,-1.7,94.215,-40.3,0.822,4991.6,no
3325,0.791394,yes,High,29,admin.,single,university.degree,no,yes,no,cellular,apr,wed,513,1,5,2,success,-1.8,93.075,-47.1,1.498,5099.1,no
3326,0.791331,yes,High,25,technician,married,professional.course,no,no,no,cellular,jun,wed,595,3,999,1,failure,-2.9,92.963,-40.8,1.26,5076.2,no
3327,0.791316,yes,High,28,admin.,single,university.degree,no,no,no,cellular,aug,wed,202,1,999,0,nonexistent,-2.9,92.201,-31.4,0.879,5076.2,no
3328,0.791316,yes,High,28,admin.,single,university.degree,no,no,no,cellular,aug,wed,332,1,999,0,nonexistent,-2.9,92.201,-31.4,0.879,5076.2,yes
3329,0.791316,yes,High,28,admin.,single,university.degree,no,no,no,cellular,aug,wed,153,1,999,0,nonexistent,-2.9,92.201,-31.4,0.879,5076.2,no
3330,0.791266,yes,High,27,blue-collar,single,basic.9y,no,no,no,cellular,nov,tue,217,1,999,2,failure,-3.4,92.649,-30.1,0.72,5017.5,yes
3331,0.791254,yes,High,32,admin.,single,university.degree,no,yes,yes,cellular,sep,tue,69,2,999,0,nonexistent,-3.4,92.379,-29.8,0.819,5017.5,no
3332,0.791094,yes,High,33,admin.,married,high.school,no,no,no,cellular,aug,wed,321,2,999,0,nonexistent,-2.9,92.201,-31.4,0.854,5076.2,no
3333,0.791061,yes,High,26,student,single,basic.9y,no,unknown,unknown,cellular,oct,tue,92,1,999,1,failure,-3.4,92.431,-26.9,0.742,5017.5,no
3334,0.791013,yes,High,29,admin.,single,high.school,no,yes,yes,cellular,apr,thu,123,3,9,1,success,-1.8,93.075,-47.1,1.41,5099.1,no
3335,0.790989,yes,High,30,admin.,married,university.degree,no,unknown,unknown,cellular,apr,thu,308,1,999,0,nonexistent,-1.8,93.075,-47.1,1.365,5099.1,no
3336,0.790987,yes,High,32,self-employed,single,university.degree,no,yes,no,cellular,sep,wed,372,1,999,0,nonexistent,-3.4,92.379,-29.8,0.781,5017.5,no
3337,0.790937,yes,High,33,services,single,university.degree,no,no,no,cellular,oct,mon,110,2,999,0,nonexistent,-1.1,94.601,-49.5,0.977,4963.6,no
3338,0.790921,yes,High,61,retired,married,professional.course,no,no,no,cellular,aug,tue,219,1,999,0,nonexistent,-2.9,92.201,-31.4,0.884,5076.2,yes
3339,0.790902,yes,High,74,retired,married,unknown,no,yes,yes,cellular,oct,wed,251,1,999,0,nonexistent,-3.4,92.431,-26.9,0.742,5017.5,yes
3340,0.790876,yes,High,34,blue-collar,married,high.school,no,yes,no,cellular,may,tue,863,1,3,2,success,-1.8,92.893,-46.2,1.344,5099.1,yes
3341,0.790829,yes,High,38,technician,married,university.degree,no,yes,no,cellular,jun,wed,273,1,999,0,nonexistent,-2.9,92.963,-40.8,1.26,5076.2,no
3342,0.790829,yes,High,38,technician,married,university.degree,no,yes,no,cellular,jun,wed,171,1,999,0,nonexistent,-2.9,92.963,-40.8,1.26,5076.2,no
3343,0.790774,yes,High,69,retired,married,professional.course,no,no,yes,cellular,oct,thu,103,1,999,1,failure,-3.4,92.431,-26.9,0.722,5017.5,no
3344,0.790763,yes,High,44,technician,married,university.degree,no,yes,yes,cellular,apr,thu,504,2,999,0,nonexistent,-1.8,93.075,-47.1,1.365,5099.1,yes
3345,0.790745,yes,High,31,admin.,married,university.degree,no,no,no,cellular,aug,fri,880,3,999,0,nonexistent,-2.9,92.201,-31.4,0.869,5076.2,yes
3346,0.790624,yes,High,34,blue-collar,married,basic.4y,no,yes,no,cellular,jun,mon,75,2,999,0,nonexistent,-2.9,92.963,-40.8,1.26,5076.2,no
3347,0.790624,yes,High,34,blue-collar,married,basic.4y,no,yes,no,cellular,jun,mon,88,2,999,0,nonexistent,-2.9,92.963,-40.8,1.26,5076.2,no
3348,0.79062,yes,High,75,retired,married,basic.4y,no,no,no,cellular,apr,tue,186,2,999,0,nonexistent,-1.8,93.075,-47.1,1.405,5099.1,no
3349,0.790604,yes,High,30,management,single,university.degree,no,no,yes,cellular,jun,fri,244,7,999,0,nonexistent,-2.9,92.963,-40.8,1.268,5076.2,yes
3350,0.790561,yes,High,48,admin.,married,university.degree,no,yes,no,cellular,apr,thu,220,2,999,1,failure,-1.8,93.749,-34.6,0.644,5008.7,no
3351,0.790528,yes,High,41,admin.,married,university.degree,no,yes,no,telephone,aug,thu,345,1,9,3,failure,-1.7,94.027,-38.3,0.899,4991.6,yes
3352,0.790518,yes,High,74,retired,married,university.degree,no,yes,no,cellular,aug,wed,239,2,999,1,failure,-2.9,92.201,-31.4,0.879,5076.2,yes
3353,0.790488,yes,High,57,admin.,married,university.degree,no,yes,no,cellular,jun,mon,161,2,999,0,nonexistent,-2.9,92.963,-40.8,1.266,5076.2,no
3354,0.790483,yes,High,56,management,married,professional.course,no,no,no,cellular,jul,wed,291,2,999,0,nonexistent,-2.9,92.469,-33.6,1.085,5076.2,no
3355,0.79046,yes,High,32,student,married,high.school,no,yes,no,telephone,dec,wed,135,3,999,1,failure,-3.0,92.713,-33.0,0.715,5023.5,no
3356,0.790436,yes,High,69,retired,divorced,basic.4y,no,yes,no,cellular,apr,mon,453,1,999,0,nonexistent,-1.8,93.075,-47.1,1.405,5099.1,yes
3357,0.790393,yes,High,63,technician,married,professional.course,no,no,no,cellular,oct,tue,157,1,999,0,nonexistent,-3.4,92.431,-26.9,0.728,5017.5,no
3358,0.790393,yes,High,63,technician,married,professional.course,no,no,no,cellular,oct,tue,259,1,999,0,nonexistent,-3.4,92.431,-26.9,0.728,5017.5,no
3359,0.790332,yes,High,34,blue-collar,married,basic.9y,no,no,yes,cellular,aug,tue,447,1,999,1,failure,-1.7,94.027,-38.3,0.904,4991.6,yes
3360,0.790322,yes,High,66,retired,divorced,basic.4y,no,yes,no,cellular,mar,thu,141,4,999,2,failure,-1.8,93.369,-34.8,0.654,5008.7,no
3361,0.790309,yes,High,48,admin.,married,university.degree,no,no,no,cellular,dec,mon,85,2,999,0,nonexistent,-3.0,92.713,-33.0,0.717,5023.5,no
3362,0.790305,yes,High,35,technician,married,professional.course,no,yes,no,cellular,sep,thu,447,1,999,2,failure,-1.1,94.199,-37.5,0.878,4963.6,no
3363,0.790305,yes,High,35,technician,married,professional.course,no,yes,no,cellular,sep,thu,317,1,999,2,failure,-1.1,94.199,-37.5,0.878,4963.6,no
3364,0.79028,yes,High,36,services,married,high.school,no,yes,yes,cellular,aug,thu,227,2,999,1,failure,-2.9,92.201,-31.4,0.873,5076.2,yes
3365,0.790144,yes,High,62,technician,married,unknown,no,no,no,cellular,mar,mon,105,2,999,0,nonexistent,-1.8,93.369,-34.8,0.646,5008.7,no
3366,0.790103,yes,High,62,blue-collar,married,unknown,no,no,no,cellular,oct,fri,73,3,999,0,nonexistent,-1.1,94.601,-49.5,0.972,4963.6,no
3367,0.790077,yes,High,37,services,single,high.school,no,yes,no,cellular,jun,mon,195,3,999,0,nonexistent,-2.9,92.963,-40.8,1.266,5076.2,no
3368,0.790047,yes,High,29,technician,married,university.degree,no,yes,no,cellular,jul,wed,896,2,999,0,nonexistent,-2.9,92.469,-33.6,1.029,5076.2,yes
3369,0.789965,yes,High,78,retired,divorced,basic.6y,no,no,no,cellular,oct,fri,631,2,999,2,failure,-3.4,92.431,-26.9,0.72,5017.5,no
3370,0.789929,yes,High,30,blue-collar,married,high.school,no,yes,no,cellular,aug,fri,252,1,999,0,nonexistent,-2.9,92.201,-31.4,0.849,5076.2,yes
3371,0.789805,yes,High,50,admin.,single,basic.9y,no,yes,no,cellular,jun,wed,343,1,999,0,nonexistent,-2.9,92.963,-40.8,1.26,5076.2,no
3372,0.789773,yes,High,63,housemaid,married,basic.4y,no,no,no,cellular,aug,tue,511,1,999,1,failure,-2.9,92.201,-31.4,0.838,5076.2,yes
3373,0.789756,yes,High,45,admin.,married,university.degree,no,yes,no,cellular,jul,wed,106,1,999,0,nonexistent,-2.9,92.469,-33.6,1.029,5076.2,no
3374,0.789751,yes,High,57,retired,married,professional.course,no,yes,no,cellular,nov,thu,124,6,999,0,nonexistent,-1.1,94.767,-50.8,1.031,4963.6,no
3375,0.789737,yes,High,39,admin.,married,high.school,no,yes,no,cellular,jun,tue,165,2,999,1,failure,-1.7,94.055,-39.8,0.702,4991.6,no
3376,0.789692,yes,High,50,technician,single,professional.course,no,yes,yes,cellular,jun,thu,160,1,999,1,failure,-2.9,92.963,-40.8,1.26,5076.2,yes
3377,0.789545,yes,High,56,management,divorced,university.degree,no,no,no,cellular,sep,tue,277,1,999,1,failure,-3.4,92.379,-29.8,0.75,5017.5,yes
3378,0.78954,yes,High,44,admin.,single,university.degree,no,no,no,cellular,aug,thu,492,1,999,2,failure,-1.7,94.027,-38.3,0.904,4991.6,no
3379,0.789506,yes,High,42,technician,married,professional.course,no,yes,no,cellular,aug,wed,246,1,999,0,nonexistent,-2.9,92.201,-31.4,0.879,5076.2,no
3380,0.789495,yes,High,27,self-employed,single,university.degree,no,no,no,cellular,jun,tue,271,1,999,0,nonexistent,-2.9,92.963,-40.8,1.262,5076.2,no
3381,0.789336,yes,High,36,technician,married,professional.course,unknown,no,no,cellular,oct,thu,667,1,999,0,nonexistent,-3.4,92.431,-26.9,0.741,5017.5,yes
3382,0.789297,yes,High,26,student,single,unknown,no,no,no,cellular,sep,thu,81,1,999,1,failure,-3.4,92.379,-29.8,0.809,5017.5,no
3383,0.789283,yes,High,35,unemployed,married,university.degree,no,yes,no,cellular,oct,thu,391,2,999,0,nonexistent,-3.4,92.431,-26.9,0.733,5017.5,no
3384,0.78928,yes,High,35,admin.,single,high.school,no,no,no,cellular,apr,fri,146,2,5,2,success,-1.8,93.075,-47.1,1.405,5099.1,no
3385,0.789193,yes,High,30,unemployed,single,high.school,no,yes,no,cellular,oct,mon,67,1,999,0,nonexistent,-3.4,92.431,-26.9,0.731,5017.5,no
3386,0.789185,yes,High,51,technician,married,professional.course,no,no,yes,cellular,sep,fri,520,1,999,0,nonexistent,-3.4,92.379,-29.8,0.803,5017.5,yes
3387,0.789155,yes,High,60,retired,married,university.degree,no,yes,no,cellular,oct,mon,338,2,999,0,nonexistent,-1.1,94.601,-49.5,1.0,4963.6,no
3388,0.789152,yes,High,24,admin.,single,university.degree,no,yes,no,cellular,apr,thu,103,3,999,0,nonexistent,-1.8,93.075,-47.1,1.365,5099.1,no
3389,0.789152,yes,High,24,admin.,single,university.degree,no,yes,no,cellular,apr,thu,342,3,999,0,nonexistent,-1.8,93.075,-47.1,1.365,5099.1,yes
3390,0.789105,yes,High,36,admin.,married,high.school,no,no,no,cellular,sep,thu,543,1,999,0,nonexistent,-3.4,92.379,-29.8,0.766,5017.5,yes
3391,0.789005,yes,High,53,technician,divorced,university.degree,no,no,no,cellular,jun,wed,705,1,999,1,failure,-2.9,92.963,-40.8,1.26,5076.2,yes
3392,0.788985,yes,High,54,technician,married,professional.course,no,yes,no,cellular,aug,tue,41,2,999,0,nonexistent,-2.9,92.201,-31.4,0.838,5076.2,no
3393,0.788918,yes,High,53,housemaid,married,high.school,no,yes,no,cellular,jun,thu,94,2,999,0,nonexistent,-2.9,92.963,-40.8,1.26,5076.2,no
3394,0.788853,yes,High,33,admin.,married,university.degree,no,yes,no,cellular,jun,tue,64,1,999,0,nonexistent,-2.9,92.963,-40.8,1.262,5076.2,no
3395,0.788853,yes,High,33,admin.,married,university.degree,no,yes,no,cellular,jun,tue,690,1,999,0,nonexistent,-2.9,92.963,-40.8,1.262,5076.2,yes
3396,0.78883,yes,High,36,admin.,married,high.school,no,yes,no,cellular,sep,thu,192,1,999,0,nonexistent,-3.4,92.379,-29.8,0.766,5017.5,no
3397,0.788804,yes,High,33,admin.,single,high.school,no,yes,no,cellular,jun,tue,74,2,999,0,nonexistent,-2.9,92.963,-40.8,1.262,5076.2,no
3398,0.788782,yes,High,53,services,married,unknown,no,yes,no,cellular,jun,tue,501,3,999,0,nonexistent,-2.9,92.963,-40.8,1.262,5076.2,yes
3399,0.788736,yes,High,55,admin.,married,high.school,no,no,no,cellular,jun,mon,180,1,999,0,nonexistent,-2.9,92.963,-40.8,1.266,5076.2,no
3400,0.788669,yes,High,32,admin.,married,university.degree,no,yes,no,cellular,aug,fri,88,5,999,0,nonexistent,-2.9,92.201,-31.4,0.869,5076.2,no
3401,0.788622,yes,High,32,admin.,married,university.degree,no,yes,no,cellular,jun,thu,105,1,999,0,nonexistent,-2.9,92.963,-40.8,1.26,5076.2,no
3402,0.788596,yes,High,43,admin.,single,university.degree,no,yes,no,cellular,apr,mon,670,4,11,1,success,-1.8,93.075,-47.1,1.405,5099.1,yes
3403,0.788577,yes,High,70,retired,married,basic.4y,no,no,no,cellular,apr,wed,167,2,999,1,failure,-1.8,93.075,-47.1,1.415,5099.1,yes
3404,0.788574,yes,High,33,management,married,university.degree,no,yes,no,cellular,jul,tue,429,1,999,0,nonexistent,-2.9,92.469,-33.6,1.044,5076.2,yes
3405,0.788551,yes,High,32,admin.,married,university.degree,no,yes,no,cellular,oct,fri,94,1,999,0,nonexistent,-3.4,92.431,-26.9,0.73,5017.5,no
3406,0.788402,yes,High,81,retired,married,high.school,no,no,no,cellular,aug,tue,50,3,999,0,nonexistent,-2.9,92.201,-31.4,0.838,5076.2,no
3407,0.788394,yes,High,33,admin.,single,high.school,no,yes,no,cellular,aug,fri,182,2,999,1,failure,-2.9,92.201,-31.4,0.881,5076.2,yes
3408,0.788385,yes,High,35,management,married,university.degree,no,yes,no,cellular,oct,wed,1118,1,999,0,nonexistent,-3.4,92.431,-26.9,0.724,5017.5,no
3409,0.788372,yes,High,26,student,single,high.school,no,yes,no,cellular,jul,tue,432,1,999,0,nonexistent,-2.9,92.469,-33.6,1.044,5076.2,no
3410,0.788372,yes,High,30,entrepreneur,single,university.degree,no,no,no,cellular,apr,thu,202,1,999,0,nonexistent,-1.8,93.075,-47.1,1.365,5099.1,yes
3411,0.788307,yes,High,31,admin.,divorced,university.degree,no,no,no,cellular,mar,mon,248,4,999,0,nonexistent,-1.8,92.843,-50.0,1.56,5099.1,yes
3412,0.788272,yes,High,58,retired,married,basic.4y,no,no,no,cellular,sep,wed,394,1,999,0,nonexistent,-3.4,92.379,-29.8,0.781,5017.5,yes
3413,0.78827,yes,High,49,unemployed,married,professional.course,no,no,no,cellular,jun,tue,229,1,999,0,nonexistent,-2.9,92.963,-40.8,1.252,5076.2,no
3414,0.788105,yes,High,17,student,single,basic.9y,no,unknown,unknown,cellular,aug,fri,498,2,999,1,failure,-2.9,92.201,-31.4,0.869,5076.2,yes
3415,0.788073,yes,High,51,technician,married,professional.course,no,yes,yes,cellular,apr,thu,200,1,999,0,nonexistent,-1.8,93.075,-47.1,1.365,5099.1,yes
3416,0.788043,yes,High,39,unemployed,married,high.school,no,no,no,cellular,aug,thu,192,3,999,0,nonexistent,-2.9,92.201,-31.4,0.873,5076.2,yes
3417,0.788025,yes,High,32,services,married,high.school,no,no,no,cellular,aug,tue,205,1,999,0,nonexistent,-2.9,92.201,-31.4,0.884,5076.2,no
3418,0.788009,yes,High,30,entrepreneur,single,university.degree,no,yes,no,cellular,apr,thu,666,1,999,0,nonexistent,-1.8,93.075,-47.1,1.365,5099.1,no
3419,0.787959,yes,High,27,blue-collar,married,high.school,no,yes,no,cellular,jun,fri,264,1,999,0,nonexistent,-2.9,92.963,-40.8,1.268,5076.2,no
3420,0.787879,yes,High,31,services,married,unknown,no,yes,no,cellular,jun,tue,98,3,999,0,nonexistent,-2.9,92.963,-40.8,1.286,5076.2,no
3421,0.787864,yes,High,51,housemaid,married,unknown,no,yes,yes,cellular,aug,fri,268,1,999,0,nonexistent,-2.9,92.201,-31.4,0.881,5076.2,yes
3422,0.787862,yes,High,55,technician,married,professional.course,no,yes,no,cellular,apr,fri,148,2,999,1,failure,-1.8,93.749,-34.6,0.644,5008.7,no
3423,0.787802,yes,High,39,technician,married,professional.course,no,no,no,cellular,apr,thu,208,3,999,1,failure,-1.8,93.749,-34.6,0.64,5008.7,no
3424,0.787663,yes,High,37,admin.,married,high.school,no,no,no,cellular,jul,tue,106,1,999,0,nonexistent,-2.9,92.469,-33.6,1.044,5076.2,no
3425,0.787607,yes,High,33,management,married,university.degree,no,yes,no,cellular,jun,wed,97,1,999,0,nonexistent,-2.9,92.963,-40.8,1.26,5076.2,no
3426,0.787564,yes,High,50,technician,single,professional.course,no,yes,yes,cellular,jun,thu,78,1,999,0,nonexistent,-2.9,92.963,-40.8,1.26,5076.2,no
3427,0.787557,yes,High,31,unemployed,divorced,unknown,no,yes,no,cellular,jun,fri,227,1,999,0,nonexistent,-2.9,92.963,-40.8,1.268,5076.2,no
3428,0.787533,yes,High,24,student,single,high.school,no,no,yes,cellular,apr,thu,209,1,999,0,nonexistent,-1.8,93.075,-47.1,1.365,5099.1,yes
3429,0.787533,yes,High,24,student,single,high.school,no,no,yes,cellular,apr,thu,157,1,999,0,nonexistent,-1.8,93.075,-47.1,1.365,5099.1,no
3430,0.787503,yes,High,19,student,single,unknown,no,no,no,cellular,aug,tue,192,1,999,1,failure,-1.7,94.027,-38.3,0.904,4991.6,no
3431,0.7875,yes,High,52,admin.,divorced,university.degree,no,no,no,cellular,nov,tue,213,1,999,0,nonexistent,-3.4,92.649,-30.1,0.715,5017.5,yes
3432,0.787492,yes,High,44,blue-collar,single,professional.course,no,no,no,cellular,mar,mon,239,1,999,0,nonexistent,-1.8,92.843,-50.0,1.811,5099.1,yes
3433,0.787456,yes,High,53,housemaid,married,basic.4y,no,no,yes,cellular,jun,tue,263,2,999,0,nonexistent,-2.9,92.963,-40.8,1.252,5076.2,yes
3434,0.787455,yes,High,66,retired,single,university.degree,no,yes,no,cellular,apr,tue,411,1,999,0,nonexistent,-1.8,93.075,-47.1,1.453,5099.1,no
3435,0.78744,yes,High,33,technician,single,professional.course,no,yes,no,telephone,mar,tue,244,2,999,0,nonexistent,-1.8,93.369,-34.8,0.646,5008.7,no
3436,0.787398,yes,High,66,retired,married,unknown,no,no,no,cellular,aug,wed,68,3,999,0,nonexistent,-2.9,92.201,-31.4,0.879,5076.2,no
3437,0.787364,yes,High,55,blue-collar,married,basic.4y,no,no,no,cellular,nov,fri,227,2,999,0,nonexistent,-3.4,92.649,-30.1,0.714,5017.5,yes
3438,0.787361,yes,High,76,retired,married,basic.4y,no,yes,no,cellular,aug,thu,550,1,999,0,nonexistent,-2.9,92.201,-31.4,0.883,5076.2,yes
3439,0.787359,yes,High,29,blue-collar,single,basic.6y,no,no,no,cellular,aug,fri,260,3,999,0,nonexistent,-2.9,92.201,-31.4,0.869,5076.2,yes
3440,0.787347,yes,High,27,unemployed,single,basic.4y,no,no,no,cellular,jun,tue,238,1,999,2,failure,-1.7,94.055,-39.8,0.761,4991.6,no
3441,0.787311,yes,High,29,blue-collar,married,basic.4y,no,yes,yes,cellular,mar,tue,74,2,999,0,nonexistent,-1.8,92.843,-50.0,1.556,5099.1,no
3442,0.787288,yes,High,37,admin.,single,university.degree,no,yes,yes,cellular,mar,mon,161,2,999,0,nonexistent,-1.8,92.843,-50.0,1.703,5099.1,no
3443,0.787259,yes,High,71,retired,married,basic.4y,no,yes,no,cellular,sep,tue,206,1,999,0,nonexistent,-3.4,92.379,-29.8,0.788,5017.5,yes
3444,0.787241,yes,High,20,student,single,unknown,no,yes,yes,cellular,apr,fri,180,2,999,0,nonexistent,-1.8,93.749,-34.6,0.663,5008.7,no
3445,0.787125,yes,High,41,admin.,single,university.degree,no,unknown,unknown,cellular,apr,thu,1277,1,999,0,nonexistent,-1.8,93.075,-47.1,1.365,5099.1,yes
3446,0.787095,yes,High,31,management,married,university.degree,no,yes,no,cellular,jun,tue,305,1,999,0,nonexistent,-2.9,92.963,-40.8,1.262,5076.2,yes
3447,0.787089,yes,High,59,blue-collar,married,professional.course,no,no,no,telephone,oct,tue,19,1,999,0,nonexistent,-0.1,93.798,-40.4,4.968,5195.8,no
3448,0.787034,yes,High,73,retired,married,basic.4y,no,yes,no,cellular,apr,mon,158,1,6,1,success,-1.8,93.075,-47.1,1.405,5099.1,no
3449,0.787011,yes,High,44,admin.,married,university.degree,no,yes,no,cellular,jun,fri,133,1,999,0,nonexistent,-2.9,92.963,-40.8,1.268,5076.2,no
3450,0.787011,yes,High,33,technician,married,professional.course,no,yes,no,cellular,oct,fri,154,2,999,0,nonexistent,-3.4,92.431,-26.9,0.739,5017.5,yes
3451,0.787006,yes,High,29,admin.,single,high.school,no,yes,no,cellular,aug,fri,121,1,999,0,nonexistent,-2.9,92.201,-31.4,0.881,5076.2,no
3452,0.787006,yes,High,29,admin.,single,high.school,no,yes,no,cellular,aug,fri,140,1,999,0,nonexistent,-2.9,92.201,-31.4,0.881,5076.2,no
3453,0.786987,yes,High,25,admin.,single,university.degree,no,unknown,unknown,cellular,oct,fri,1580,2,999,0,nonexistent,-3.4,92.431,-26.9,0.739,5017.5,no
3454,0.786968,yes,High,33,services,married,high.school,no,no,no,cellular,aug,thu,738,1,999,0,nonexistent,-2.9,92.201,-31.4,0.873,5076.2,yes
3455,0.786942,yes,High,24,student,single,high.school,no,yes,yes,cellular,nov,mon,106,1,999,0,nonexistent,-1.1,94.767,-50.8,1.05,4963.6,no
3456,0.786909,yes,High,31,admin.,single,high.school,no,yes,no,cellular,aug,tue,243,2,999,0,nonexistent,-2.9,92.201,-31.4,0.859,5076.2,no
3457,0.786875,yes,High,49,technician,single,university.degree,no,yes,no,cellular,apr,thu,861,2,999,0,nonexistent,-1.8,93.075,-47.1,1.365,5099.1,yes
3458,0.786871,yes,High,61,admin.,married,university.degree,no,yes,no,cellular,jun,wed,151,1,999,0,nonexistent,-2.9,92.963,-40.8,1.26,5076.2,no
3459,0.786866,yes,High,25,unemployed,single,university.degree,no,yes,no,cellular,apr,thu,260,2,999,0,nonexistent,-1.8,93.075,-47.1,1.365,5099.1,yes
3460,0.786842,yes,High,40,unemployed,single,basic.4y,no,no,no,cellular,jun,tue,459,2,999,0,nonexistent,-2.9,92.963,-40.8,1.252,5076.2,no
3461,0.786765,yes,High,36,admin.,single,university.degree,no,yes,no,cellular,jun,wed,883,1,999,1,failure,-1.7,94.055,-39.8,0.739,4991.6,no
3462,0.786755,yes,High,45,admin.,married,high.school,no,yes,no,cellular,oct,wed,1092,1,999,0,nonexistent,-3.4,92.431,-26.9,0.724,5017.5,no
3463,0.786755,yes,High,46,admin.,married,high.school,no,yes,no,cellular,oct,wed,143,1,999,0,nonexistent,-3.4,92.431,-26.9,0.724,5017.5,no
3464,0.786746,yes,High,54,retired,married,professional.course,unknown,no,no,cellular,aug,tue,76,1,999,0,nonexistent,-2.9,92.201,-31.4,0.838,5076.2,no
3465,0.78661,yes,High,30,student,single,unknown,no,no,no,cellular,dec,mon,69,1,999,1,failure,-3.0,92.713,-33.0,0.717,5023.5,no
3466,0.786594,yes,High,80,retired,married,basic.4y,no,no,no,cellular,aug,wed,207,4,999,0,nonexistent,-2.9,92.201,-31.4,0.854,5076.2,no
3467,0.786521,yes,High,68,retired,married,professional.course,no,no,no,cellular,oct,thu,76,1,999,1,failure,-3.4,92.431,-26.9,0.74,5017.5,no
3468,0.786462,yes,High,24,student,single,professional.course,no,yes,no,cellular,apr,thu,413,1,999,0,nonexistent,-1.8,93.075,-47.1,1.365,5099.1,yes
3469,0.786444,yes,High,64,management,married,university.degree,no,no,no,cellular,jun,tue,205,1,999,0,nonexistent,-2.9,92.963,-40.8,1.099,5076.2,yes
3470,0.78642,yes,High,35,admin.,married,university.degree,no,yes,yes,cellular,aug,thu,176,1,999,2,failure,-1.7,94.027,-38.3,0.899,4991.6,no
3471,0.786379,yes,High,38,technician,married,university.degree,no,yes,no,cellular,aug,wed,238,4,999,0,nonexistent,-2.9,92.201,-31.4,0.854,5076.2,yes
3472,0.786324,yes,High,80,retired,married,basic.4y,no,yes,yes,cellular,oct,tue,78,1,999,1,failure,-3.4,92.431,-26.9,0.742,5017.5,no
3473,0.786183,yes,High,28,admin.,single,university.degree,no,yes,no,cellular,aug,mon,343,2,999,1,failure,-2.9,92.201,-31.4,0.861,5076.2,yes
3474,0.78616,yes,High,58,technician,married,professional.course,no,no,no,cellular,aug,tue,704,2,999,0,nonexistent,-2.9,92.201,-31.4,0.883,5076.2,yes
3475,0.78616,yes,High,58,technician,married,professional.course,no,no,no,cellular,aug,tue,48,2,999,0,nonexistent,-2.9,92.201,-31.4,0.883,5076.2,no
3476,0.786145,yes,High,61,admin.,married,university.degree,no,yes,no,cellular,mar,mon,136,6,999,0,nonexistent,-1.8,92.843,-50.0,1.811,5099.1,no
3477,0.786145,yes,High,44,unemployed,single,basic.4y,no,no,no,cellular,jun,tue,276,2,999,0,nonexistent,-2.9,92.963,-40.8,1.252,5076.2,no
3478,0.786135,yes,High,54,technician,divorced,university.degree,no,unknown,unknown,cellular,dec,mon,164,1,999,0,nonexistent,-3.0,92.713,-33.0,0.717,5023.5,no
3479,0.786125,yes,High,36,admin.,married,university.degree,no,yes,yes,cellular,oct,mon,78,1,999,1,failure,-3.4,92.431,-26.9,0.743,5017.5,yes
3480,0.786002,yes,High,24,self-employed,single,unknown,no,no,yes,cellular,jul,thu,342,2,999,0,nonexistent,-2.9,92.469,-33.6,1.072,5076.2,yes
3481,0.785975,yes,High,24,services,single,unknown,no,yes,no,cellular,mar,tue,305,13,999,0,nonexistent,-1.8,92.843,-50.0,1.799,5099.1,yes
3482,0.785951,yes,High,36,admin.,married,university.degree,no,yes,no,cellular,oct,wed,104,1,999,2,failure,-3.4,92.431,-26.9,0.742,5017.5,no
3483,0.785921,yes,High,27,admin.,single,high.school,no,no,no,telephone,aug,wed,415,3,999,0,nonexistent,-2.9,92.201,-31.4,0.834,5076.2,yes
3484,0.785894,yes,High,30,technician,married,university.degree,no,yes,yes,cellular,apr,thu,1373,2,999,0,nonexistent,-1.8,93.075,-47.1,1.365,5099.1,yes
3485,0.785655,yes,High,77,retired,married,university.degree,no,no,yes,cellular,oct,mon,348,1,999,0,nonexistent,-3.4,92.431,-26.9,0.743,5017.5,yes
3486,0.785621,yes,High,53,blue-collar,married,basic.6y,no,no,no,cellular,jun,thu,592,3,999,1,failure,-2.9,92.963,-40.8,1.26,5076.2,yes
3487,0.785619,yes,High,36,blue-collar,divorced,high.school,no,no,no,cellular,mar,mon,96,2,999,1,failure,-1.8,93.369,-34.8,0.639,5008.7,no
3488,0.785444,yes,High,53,technician,married,professional.course,no,yes,no,cellular,aug,thu,100,1,999,1,failure,-2.9,92.201,-31.4,0.883,5076.2,no
3489,0.785392,yes,High,67,retired,married,professional.course,no,yes,yes,cellular,aug,mon,71,1,999,0,nonexistent,-2.9,92.201,-31.4,0.884,5076.2,no
3490,0.785356,yes,High,32,services,married,high.school,no,no,no,cellular,aug,thu,100,1,999,0,nonexistent,-2.9,92.201,-31.4,0.873,5076.2,no
3491,0.785326,yes,High,24,student,single,high.school,no,yes,no,cellular,apr,thu,209,1,999,0,nonexistent,-1.8,93.075,-47.1,1.365,5099.1,no
3492,0.785326,yes,High,24,student,single,high.school,no,yes,no,cellular,apr,thu,88,1,999,0,nonexistent,-1.8,93.075,-47.1,1.365,5099.1,no
3493,0.785315,yes,High,51,unemployed,married,high.school,no,yes,no,cellular,sep,wed,657,2,999,0,nonexistent,-3.4,92.379,-29.8,0.768,5017.5,no
3494,0.785302,yes,High,37,admin.,single,high.school,no,no,yes,cellular,nov,wed,248,1,999,0,nonexistent,-3.4,92.649,-30.1,0.715,5017.5,no
3495,0.78526,yes,High,36,technician,married,university.degree,no,yes,yes,cellular,oct,thu,68,2,999,0,nonexistent,-3.4,92.431,-26.9,0.722,5017.5,no
3496,0.785237,yes,High,62,services,married,high.school,no,yes,no,cellular,nov,wed,154,5,999,0,nonexistent,-1.1,94.767,-50.8,1.03,4963.6,no
3497,0.785225,yes,High,40,unemployed,single,basic.4y,no,no,no,cellular,jun,tue,355,1,999,0,nonexistent,-2.9,92.963,-40.8,1.252,5076.2,yes
3498,0.785183,yes,High,46,admin.,single,university.degree,no,no,no,cellular,jun,tue,119,1,999,0,nonexistent,-2.9,92.963,-40.8,1.252,5076.2,no
3499,0.785171,yes,High,58,management,married,basic.4y,no,yes,no,cellular,jun,wed,86,1,999,0,nonexistent,-2.9,92.963,-40.8,1.26,5076.2,no
3500,0.785151,yes,High,34,technician,married,professional.course,no,yes,yes,telephone,sep,tue,376,2,999,0,nonexistent,-3.4,92.379,-29.8,0.788,5017.5,yes
3501,0.785138,yes,High,59,technician,married,professional.course,no,yes,no,cellular,aug,wed,210,4,999,0,nonexistent,-2.9,92.201,-31.4,0.834,5076.2,yes
3502,0.785103,yes,High,52,technician,married,professional.course,no,no,no,cellular,nov,fri,202,5,999,0,nonexistent,-3.4,92.649,-30.1,0.714,5017.5,no
3503,0.785096,yes,High,28,self-employed,single,university.degree,no,no,no,cellular,jun,mon,373,2,999,0,nonexistent,-2.9,92.963,-40.8,1.266,5076.2,no
3504,0.785081,yes,High,71,retired,married,professional.course,no,yes,no,cellular,oct,mon,185,2,999,0,nonexistent,-1.1,94.601,-49.5,0.977,4963.6,no
3505,0.785077,yes,High,35,admin.,single,high.school,no,yes,no,cellular,jul,fri,147,2,14,2,failure,-2.9,92.469,-33.6,1.059,5076.2,no
3506,0.78506,yes,High,79,retired,married,basic.9y,no,yes,yes,cellular,may,mon,260,1,999,1,failure,-1.8,93.876,-40.0,0.697,5008.7,no
3507,0.785052,yes,High,59,admin.,married,high.school,no,yes,no,cellular,aug,wed,277,1,999,0,nonexistent,-2.9,92.201,-31.4,0.884,5076.2,yes
3508,0.785042,yes,High,32,services,married,high.school,no,yes,no,cellular,aug,thu,105,1,999,0,nonexistent,-2.9,92.201,-31.4,0.873,5076.2,no
3509,0.784947,yes,High,20,student,single,basic.4y,no,yes,yes,cellular,apr,tue,240,1,999,1,failure,-1.8,93.749,-34.6,0.644,5008.7,yes
3510,0.784942,yes,High,81,retired,married,basic.4y,no,yes,no,cellular,aug,mon,90,4,999,0,nonexistent,-1.7,94.027,-38.3,0.898,4991.6,no
3511,0.784934,yes,High,42,technician,married,professional.course,no,yes,yes,cellular,aug,wed,543,1,999,0,nonexistent,-2.9,92.201,-31.4,0.879,5076.2,no
3512,0.784854,yes,High,61,technician,married,professional.course,no,no,no,cellular,oct,thu,174,2,999,0,nonexistent,-3.4,92.431,-26.9,0.722,5017.5,no
3513,0.784777,yes,High,35,admin.,single,high.school,no,unknown,unknown,cellular,may,fri,579,2,10,1,success,-1.8,92.893,-46.2,1.313,5099.1,yes
3514,0.78477,yes,High,31,admin.,married,university.degree,no,yes,no,cellular,aug,fri,353,2,999,0,nonexistent,-2.9,92.201,-31.4,0.881,5076.2,yes
3515,0.784537,yes,High,56,retired,married,high.school,no,yes,no,cellular,jul,fri,603,1,999,0,nonexistent,-2.9,92.469,-33.6,1.059,5076.2,no
3516,0.78451,yes,High,33,technician,single,professional.course,no,yes,no,cellular,sep,fri,246,9,999,2,failure,-1.1,94.199,-37.5,0.879,4963.6,no
3517,0.784494,yes,High,51,entrepreneur,married,basic.4y,no,no,no,cellular,oct,tue,626,1,999,1,failure,-3.4,92.431,-26.9,0.737,5017.5,no
3518,0.784398,yes,High,32,management,married,high.school,no,yes,yes,cellular,jun,thu,119,2,999,0,nonexistent,-2.9,92.963,-40.8,1.26,5076.2,no
3519,0.784309,yes,High,66,retired,married,basic.6y,unknown,yes,no,cellular,aug,wed,124,1,1,1,success,-2.9,92.201,-31.4,0.879,5076.2,no
3520,0.784297,yes,High,61,technician,married,professional.course,no,no,no,cellular,oct,thu,76,1,999,0,nonexistent,-3.4,92.431,-26.9,0.722,5017.5,no
3521,0.784294,yes,High,36,technician,married,professional.course,no,yes,no,cellular,jul,wed,182,3,999,0,nonexistent,-2.9,92.469,-33.6,1.029,5076.2,no
3522,0.784231,yes,High,49,management,married,university.degree,no,yes,no,cellular,jun,mon,339,1,999,0,nonexistent,-2.9,92.963,-40.8,1.266,5076.2,yes
3523,0.784229,yes,High,36,admin.,married,university.degree,no,no,no,cellular,oct,wed,632,2,999,0,nonexistent,-3.4,92.431,-26.9,0.742,5017.5,no
3524,0.784219,yes,High,29,admin.,single,university.degree,no,no,no,cellular,aug,fri,289,2,999,0,nonexistent,-2.9,92.201,-31.4,0.881,5076.2,yes
3525,0.784213,yes,High,52,management,married,high.school,no,no,no,cellular,aug,tue,408,1,999,0,nonexistent,-2.9,92.201,-31.4,0.883,5076.2,yes
3526,0.784207,yes,High,36,services,married,basic.9y,no,yes,no,cellular,aug,fri,215,1,999,1,failure,-2.9,92.201,-31.4,0.881,5076.2,yes
3527,0.784193,yes,High,34,admin.,single,high.school,no,yes,no,cellular,nov,mon,725,2,8,2,failure,-3.4,92.649,-30.1,0.722,5017.5,no
3528,0.784101,yes,High,32,admin.,single,high.school,no,yes,no,cellular,jun,tue,350,1,999,0,nonexistent,-2.9,92.963,-40.8,1.262,5076.2,yes
3529,0.783988,yes,High,33,admin.,single,university.degree,no,no,no,cellular,aug,wed,192,1,999,0,nonexistent,-2.9,92.201,-31.4,0.879,5076.2,no
3530,0.783959,yes,High,25,admin.,single,university.degree,no,yes,yes,telephone,oct,thu,227,1,999,0,nonexistent,-3.4,92.431,-26.9,0.74,5017.5,no
3531,0.783905,yes,High,21,student,single,high.school,no,no,yes,cellular,oct,mon,238,1,999,0,nonexistent,-3.4,92.431,-26.9,0.739,5017.5,no
3532,0.7839,yes,High,48,technician,married,basic.9y,no,no,no,cellular,sep,tue,99,3,999,1,failure,-3.4,92.379,-29.8,0.819,5017.5,no
3533,0.78389,yes,High,43,blue-collar,married,basic.9y,no,yes,no,cellular,jun,tue,395,1,999,0,nonexistent,-2.9,92.963,-40.8,1.262,5076.2,yes
3534,0.783816,yes,High,57,retired,divorced,basic.9y,no,yes,no,cellular,jul,fri,247,2,999,0,nonexistent,-2.9,92.469,-33.6,1.059,5076.2,yes
3535,0.783805,yes,High,61,self-employed,divorced,university.degree,no,no,no,cellular,mar,fri,102,2,999,1,failure,-1.8,93.369,-34.8,0.649,5008.7,no
3536,0.783773,yes,High,32,admin.,single,university.degree,no,yes,no,telephone,oct,tue,376,1,999,2,failure,-3.4,92.431,-26.9,0.728,5017.5,no
3537,0.783773,yes,High,53,technician,married,professional.course,no,no,no,cellular,mar,mon,261,4,999,0,nonexistent,-1.8,93.369,-34.8,0.646,5008.7,no
3538,0.783719,yes,High,58,retired,single,professional.course,no,yes,no,cellular,apr,wed,1288,3,999,0,nonexistent,-1.8,93.075,-47.1,1.405,5099.1,yes
3539,0.783605,yes,High,41,admin.,married,university.degree,no,no,no,cellular,sep,mon,800,2,999,1,failure,-3.4,92.379,-29.8,0.797,5017.5,yes
3540,0.783587,yes,High,31,admin.,single,university.degree,no,no,no,cellular,sep,fri,123,3,999,0,nonexistent,-3.4,92.379,-29.8,0.803,5017.5,no
3541,0.783554,yes,High,27,blue-collar,single,high.school,no,yes,no,cellular,jul,thu,185,5,999,2,failure,-1.7,94.215,-40.3,0.846,4991.6,no
3542,0.783499,yes,High,36,technician,divorced,professional.course,no,yes,no,cellular,may,mon,341,7,999,0,nonexistent,-1.8,93.876,-40.0,0.697,5008.7,no
3543,0.783474,yes,High,34,admin.,married,university.degree,no,yes,no,telephone,jul,thu,248,3,999,0,nonexistent,-2.9,92.469,-33.6,1.072,5076.2,no
3544,0.783471,yes,High,33,management,married,university.degree,no,yes,no,cellular,jun,fri,139,5,999,0,nonexistent,-2.9,92.963,-40.8,1.268,5076.2,no
3545,0.783428,yes,High,38,admin.,single,university.degree,no,yes,yes,cellular,sep,tue,115,1,999,0,nonexistent,-3.4,92.379,-29.8,0.819,5017.5,no
3546,0.783401,yes,High,59,retired,married,professional.course,no,yes,no,cellular,jun,wed,68,1,999,0,nonexistent,-2.9,92.963,-40.8,1.26,5076.2,no
3547,0.783375,yes,High,33,admin.,single,university.degree,no,no,no,cellular,aug,wed,338,1,999,0,nonexistent,-2.9,92.201,-31.4,0.854,5076.2,yes
3548,0.783367,yes,High,58,services,married,high.school,no,yes,no,cellular,mar,mon,317,4,999,0,nonexistent,-1.8,93.369,-34.8,0.635,5008.7,no
3549,0.783343,yes,High,56,blue-collar,divorced,basic.4y,no,no,no,cellular,nov,thu,134,1,999,0,nonexistent,-3.4,92.649,-30.1,0.714,5017.5,yes
3550,0.783313,yes,High,45,management,married,university.degree,no,no,no,telephone,nov,tue,208,2,999,0,nonexistent,-3.4,92.649,-30.1,0.715,5017.5,no
3551,0.78331,yes,High,69,retired,divorced,professional.course,no,no,no,cellular,oct,tue,144,1,999,0,nonexistent,-3.4,92.431,-26.9,0.744,5017.5,yes
3552,0.783295,yes,High,53,blue-collar,divorced,basic.6y,no,yes,no,cellular,jun,wed,123,1,999,0,nonexistent,-2.9,92.963,-40.8,1.26,5076.2,no
3553,0.783272,yes,High,24,student,single,high.school,no,yes,yes,cellular,aug,fri,298,1,999,0,nonexistent,-2.9,92.201,-31.4,0.849,5076.2,no
3554,0.783265,yes,High,66,retired,married,basic.6y,unknown,no,no,cellular,aug,wed,174,1,999,0,nonexistent,-2.9,92.201,-31.4,0.879,5076.2,no
3555,0.783247,yes,High,30,admin.,married,university.degree,no,yes,no,cellular,apr,thu,461,1,999,0,nonexistent,-1.8,93.075,-47.1,1.365,5099.1,yes
3556,0.783163,yes,High,51,housemaid,married,unknown,no,no,no,cellular,aug,fri,273,1,999,1,failure,-2.9,92.201,-31.4,0.881,5076.2,yes
3557,0.783087,yes,High,30,student,single,high.school,no,no,no,telephone,may,fri,300,3,999,0,nonexistent,-1.8,93.876,-40.0,0.682,5008.7,yes
3558,0.783062,yes,High,38,student,single,unknown,no,no,no,cellular,mar,mon,516,6,999,0,nonexistent,-1.8,93.369,-34.8,0.639,5008.7,no
3559,0.783055,yes,High,59,services,married,university.degree,no,yes,no,cellular,oct,mon,162,1,999,0,nonexistent,-1.1,94.601,-49.5,0.977,4963.6,no
3560,0.783047,yes,High,41,retired,single,basic.4y,no,yes,no,cellular,oct,fri,278,1,999,0,nonexistent,-1.1,94.601,-49.5,0.942,4963.6,no
3561,0.783001,yes,High,57,unknown,married,basic.6y,no,no,no,cellular,jul,fri,64,1,999,0,nonexistent,-2.9,92.469,-33.6,1.059,5076.2,no
3562,0.782917,yes,High,24,student,single,high.school,no,yes,no,cellular,aug,fri,53,1,999,0,nonexistent,-2.9,92.201,-31.4,0.849,5076.2,no
3563,0.782906,yes,High,37,admin.,married,university.degree,no,no,no,cellular,may,tue,106,1,999,2,failure,-1.8,93.876,-40.0,0.668,5008.7,no
3564,0.782895,yes,High,50,blue-collar,married,basic.4y,no,no,no,cellular,may,mon,474,1,9,1,success,-1.8,92.893,-46.2,1.299,5099.1,yes
3565,0.782881,yes,High,48,admin.,married,basic.6y,no,no,no,cellular,oct,tue,61,1,999,0,nonexistent,-3.4,92.431,-26.9,0.742,5017.5,no
3566,0.782782,yes,High,30,self-employed,married,university.degree,no,yes,no,telephone,mar,mon,577,7,999,0,nonexistent,-1.8,93.369,-34.8,0.646,5008.7,yes
3567,0.782722,yes,High,56,entrepreneur,married,university.degree,no,no,yes,cellular,apr,thu,488,1,999,0,nonexistent,-1.8,93.075,-47.1,1.365,5099.1,no
3568,0.782694,yes,High,30,unemployed,single,high.school,no,yes,no,cellular,sep,tue,75,1,999,1,failure,-3.4,92.379,-29.8,0.75,5017.5,no
3569,0.782692,yes,High,24,student,single,high.school,no,no,no,cellular,jun,tue,292,1,999,1,failure,-1.7,94.055,-39.8,0.737,4991.6,no
3570,0.782661,yes,High,46,unemployed,married,basic.9y,no,yes,no,cellular,jun,tue,62,1,999,0,nonexistent,-2.9,92.963,-40.8,1.262,5076.2,no
3571,0.782588,yes,High,41,technician,divorced,professional.course,no,unknown,unknown,cellular,apr,thu,347,1,999,0,nonexistent,-1.8,93.075,-47.1,1.365,5099.1,yes
3572,0.782551,yes,High,66,management,married,university.degree,no,no,no,cellular,may,mon,98,4,3,1,success,-1.8,92.893,-46.2,1.354,5099.1,no
3573,0.782545,yes,High,76,retired,married,basic.4y,no,no,no,cellular,aug,fri,61,1,999,1,failure,-2.9,92.201,-31.4,0.849,5076.2,no
3574,0.782484,yes,High,71,retired,single,university.degree,no,yes,no,cellular,oct,tue,167,1,999,0,nonexistent,-3.4,92.431,-26.9,0.742,5017.5,no
3575,0.782406,yes,High,33,admin.,single,high.school,no,yes,no,cellular,oct,mon,61,2,6,2,failure,-3.4,92.431,-26.9,0.731,5017.5,no
3576,0.782362,yes,High,37,entrepreneur,married,basic.6y,no,yes,no,cellular,aug,fri,148,2,999,0,nonexistent,-2.9,92.201,-31.4,0.869,5076.2,no
3577,0.782362,yes,High,48,housemaid,married,high.school,no,no,no,cellular,jun,tue,399,1,999,0,nonexistent,-2.9,92.963,-40.8,1.252,5076.2,no
3578,0.782246,yes,High,56,entrepreneur,married,unknown,no,yes,no,cellular,jul,thu,129,1,999,0,nonexistent,-2.9,92.469,-33.6,1.072,5076.2,no
3579,0.782246,yes,High,63,retired,married,unknown,no,no,no,cellular,apr,wed,150,1,999,1,failure,-1.8,93.075,-47.1,1.445,5099.1,yes
3580,0.782243,yes,High,50,admin.,single,high.school,no,yes,no,telephone,dec,fri,705,2,999,0,nonexistent,-3.0,92.713,-33.0,0.718,5023.5,yes
3581,0.782219,yes,High,44,management,married,basic.6y,no,yes,yes,cellular,mar,thu,218,1,999,0,nonexistent,-1.8,92.843,-50.0,1.757,5099.1,no
3582,0.782189,yes,High,31,self-employed,married,university.degree,no,yes,no,cellular,jun,fri,207,1,999,0,nonexistent,-2.9,92.963,-40.8,1.268,5076.2,yes
3583,0.782078,yes,High,58,unemployed,married,basic.9y,no,no,yes,cellular,oct,tue,49,1,999,2,failure,-3.4,92.431,-26.9,0.742,5017.5,no
3584,0.782062,yes,High,47,management,married,university.degree,no,yes,no,cellular,jun,mon,352,1,999,0,nonexistent,-2.9,92.963,-40.8,1.266,5076.2,no
3585,0.781884,yes,High,29,technician,single,university.degree,no,yes,no,cellular,jul,fri,473,1,999,0,nonexistent,-2.9,92.469,-33.6,1.059,5076.2,no
3586,0.781856,yes,High,72,retired,married,professional.course,no,yes,no,telephone,nov,wed,93,2,999,0,nonexistent,-3.4,92.649,-30.1,0.715,5017.5,no
3587,0.781843,yes,High,33,unemployed,married,high.school,no,no,yes,cellular,oct,tue,227,1,999,0,nonexistent,-3.4,92.431,-26.9,0.742,5017.5,no
3588,0.781818,yes,High,24,admin.,single,high.school,no,no,no,cellular,jun,thu,352,2,999,1,failure,-2.9,92.963,-40.8,1.26,5076.2,yes
3589,0.781815,yes,High,33,admin.,married,university.degree,no,no,yes,cellular,sep,wed,397,1,999,2,failure,-1.1,94.199,-37.5,0.879,4963.6,yes
3590,0.781774,yes,High,80,retired,divorced,basic.4y,no,no,no,cellular,oct,tue,96,1,999,0,nonexistent,-3.4,92.431,-26.9,0.744,5017.5,no
3591,0.781774,yes,High,80,retired,divorced,basic.4y,no,no,no,cellular,oct,tue,125,1,999,0,nonexistent,-3.4,92.431,-26.9,0.744,5017.5,no
3592,0.781764,yes,High,24,student,single,unknown,no,no,no,cellular,oct,fri,114,4,999,0,nonexistent,-3.4,92.431,-26.9,0.73,5017.5,no
3593,0.781763,yes,High,35,admin.,married,university.degree,no,yes,no,cellular,oct,wed,300,1,999,0,nonexistent,-3.4,92.431,-26.9,0.724,5017.5,no
3594,0.781705,yes,High,31,blue-collar,single,university.degree,no,no,no,cellular,aug,wed,174,2,999,0,nonexistent,-2.9,92.201,-31.4,0.879,5076.2,no
3595,0.781634,yes,High,30,admin.,married,professional.course,no,yes,no,cellular,jun,thu,80,1,999,0,nonexistent,-2.9,92.963,-40.8,1.26,5076.2,no
3596,0.781582,yes,High,39,technician,single,professional.course,no,no,no,cellular,apr,wed,540,3,9,1,success,-1.8,93.075,-47.1,1.415,5099.1,no
3597,0.781534,yes,High,28,admin.,married,university.degree,no,yes,no,cellular,apr,thu,63,1,999,0,nonexistent,-1.8,93.075,-47.1,1.365,5099.1,no
3598,0.781501,yes,High,30,admin.,married,university.degree,no,no,no,cellular,apr,thu,132,1,999,0,nonexistent,-1.8,93.075,-47.1,1.365,5099.1,no
3599,0.78147,yes,High,29,management,married,university.degree,no,yes,no,telephone,dec,tue,207,4,999,0,nonexistent,-3.0,92.713,-33.0,0.707,5023.5,no
3600,0.78142,yes,High,62,admin.,married,university.degree,no,yes,no,cellular,aug,fri,116,1,999,0,nonexistent,-2.9,92.201,-31.4,0.849,5076.2,yes
3601,0.781419,yes,High,29,admin.,single,high.school,no,yes,no,cellular,apr,thu,733,1,999,0,nonexistent,-1.8,93.075,-47.1,1.365,5099.1,yes
3602,0.781414,yes,High,28,admin.,single,university.degree,no,no,no,cellular,aug,thu,489,5,999,0,nonexistent,-2.9,92.201,-31.4,0.873,5076.2,yes
3603,0.781387,yes,High,25,admin.,single,university.degree,no,yes,no,cellular,aug,fri,255,1,999,0,nonexistent,-2.9,92.201,-31.4,0.881,5076.2,yes
3604,0.781364,yes,High,26,unemployed,single,high.school,no,yes,no,cellular,jul,tue,445,1,999,0,nonexistent,-2.9,92.469,-33.6,1.044,5076.2,no
3605,0.781327,yes,High,59,technician,single,basic.6y,no,no,no,cellular,oct,thu,86,1,999,2,failure,-3.4,92.431,-26.9,0.754,5017.5,no
3606,0.781319,yes,High,42,management,married,basic.6y,no,yes,no,telephone,sep,thu,230,3,999,0,nonexistent,-3.4,92.379,-29.8,0.778,5017.5,yes
3607,0.781219,yes,High,28,admin.,single,basic.9y,no,no,yes,cellular,may,tue,549,1,10,1,success,-1.8,92.893,-46.2,1.291,5099.1,yes
3608,0.781129,yes,High,21,student,single,basic.4y,no,no,no,cellular,mar,mon,114,2,999,0,nonexistent,-1.8,92.843,-50.0,1.52,5099.1,no
3609,0.780962,yes,High,52,technician,married,professional.course,no,no,no,cellular,jun,mon,130,5,999,0,nonexistent,-2.9,92.963,-40.8,1.281,5076.2,no
3610,0.780934,yes,High,32,admin.,married,university.degree,no,yes,yes,cellular,jun,tue,384,1,999,0,nonexistent,-2.9,92.963,-40.8,1.262,5076.2,yes
3611,0.780934,yes,High,32,admin.,married,university.degree,no,yes,yes,cellular,jun,tue,82,1,999,0,nonexistent,-2.9,92.963,-40.8,1.262,5076.2,yes
3612,0.780915,yes,High,35,technician,married,professional.course,no,yes,no,cellular,sep,wed,195,1,999,0,nonexistent,-3.4,92.379,-29.8,0.753,5017.5,no
3613,0.780818,yes,High,52,admin.,married,university.degree,no,yes,no,cellular,jun,fri,333,1,999,0,nonexistent,-2.9,92.963,-40.8,1.268,5076.2,no
3614,0.780754,yes,High,35,admin.,married,university.degree,no,no,no,cellular,aug,fri,201,1,999,0,nonexistent,-2.9,92.201,-31.4,0.869,5076.2,yes
3615,0.780637,yes,High,31,admin.,single,university.degree,no,yes,yes,cellular,apr,thu,102,1,999,0,nonexistent,-1.8,93.075,-47.1,1.365,5099.1,no
3616,0.780622,yes,High,34,admin.,married,university.degree,no,yes,yes,cellular,apr,thu,177,2,999,0,nonexistent,-1.8,93.075,-47.1,1.365,5099.1,yes
3617,0.780597,yes,High,30,student,single,high.school,no,no,no,cellular,aug,thu,200,1,999,1,failure,-1.7,94.027,-38.3,0.904,4991.6,no
3618,0.780512,yes,High,57,admin.,single,high.school,no,yes,no,cellular,aug,thu,479,1,999,0,nonexistent,-2.9,92.201,-31.4,0.873,5076.2,yes
3619,0.780264,yes,High,44,technician,married,high.school,no,yes,yes,cellular,oct,mon,310,1,999,1,failure,-1.1,94.601,-49.5,1.0,4963.6,yes
3620,0.780238,yes,High,23,student,single,high.school,no,no,no,cellular,jul,mon,270,3,999,0,nonexistent,-2.9,92.469,-33.6,1.048,5076.2,yes
3621,0.780227,yes,High,30,admin.,married,university.degree,no,yes,no,cellular,apr,thu,475,2,999,0,nonexistent,-1.8,93.075,-47.1,1.365,5099.1,yes
3622,0.780139,yes,High,71,retired,single,university.degree,no,unknown,unknown,cellular,oct,tue,98,1,999,0,nonexistent,-3.4,92.431,-26.9,0.742,5017.5,no
3623,0.780092,yes,High,47,technician,married,professional.course,no,yes,no,cellular,jun,fri,63,5,999,1,failure,-2.9,92.963,-40.8,1.224,5076.2,no
3624,0.780077,yes,High,43,admin.,divorced,university.degree,no,no,no,cellular,jul,wed,281,1,999,0,nonexistent,-2.9,92.469,-33.6,1.029,5076.2,no
3625,0.780042,yes,High,24,technician,single,university.degree,no,yes,no,cellular,apr,thu,477,1,999,0,nonexistent,-1.8,93.075,-47.1,1.365,5099.1,yes
3626,0.780042,yes,High,24,technician,single,university.degree,no,yes,no,cellular,apr,thu,170,1,999,0,nonexistent,-1.8,93.075,-47.1,1.365,5099.1,no
3627,0.780042,yes,High,24,technician,single,university.degree,no,yes,no,cellular,apr,thu,192,1,999,0,nonexistent,-1.8,93.075,-47.1,1.365,5099.1,no
3628,0.780036,yes,High,58,retired,divorced,high.school,no,no,no,cellular,aug,thu,398,2,999,1,failure,-2.9,92.201,-31.4,0.829,5076.2,yes
3629,0.780033,yes,High,45,admin.,married,university.degree,no,unknown,unknown,cellular,nov,wed,135,2,999,0,nonexistent,-3.4,92.649,-30.1,0.715,5017.5,no
3630,0.780015,yes,High,81,retired,married,basic.4y,no,yes,no,cellular,sep,fri,210,1,999,0,nonexistent,-3.4,92.379,-29.8,0.741,5017.5,yes
3631,0.779998,yes,High,20,student,single,high.school,no,no,yes,cellular,oct,mon,169,1,999,0,nonexistent,-3.4,92.431,-26.9,0.739,5017.5,no
3632,0.779915,yes,High,60,admin.,married,university.degree,no,yes,no,cellular,may,mon,226,2,11,1,success,-1.8,92.893,-46.2,1.354,5099.1,yes
3633,0.779914,yes,High,32,services,married,high.school,no,no,no,cellular,aug,tue,363,1,999,0,nonexistent,-2.9,92.201,-31.4,0.859,5076.2,no
3634,0.779902,yes,High,46,housemaid,married,high.school,no,yes,no,cellular,aug,fri,258,1,999,0,nonexistent,-2.9,92.201,-31.4,0.881,5076.2,no
3635,0.779902,yes,High,46,housemaid,married,high.school,no,yes,no,cellular,aug,fri,358,1,999,0,nonexistent,-2.9,92.201,-31.4,0.881,5076.2,yes
3636,0.779875,yes,High,27,admin.,single,university.degree,no,yes,no,cellular,aug,thu,97,2,999,0,nonexistent,-2.9,92.201,-31.4,0.851,5076.2,no
3637,0.779866,yes,High,76,retired,married,university.degree,no,no,no,cellular,aug,thu,126,1,999,1,failure,-1.7,94.027,-38.3,0.899,4991.6,no
3638,0.779864,yes,High,71,blue-collar,divorced,basic.4y,unknown,no,no,cellular,aug,thu,224,1,999,0,nonexistent,-1.7,94.027,-38.3,0.904,4991.6,no
3639,0.779802,yes,High,36,unemployed,married,basic.9y,no,no,no,cellular,jul,thu,153,1,999,0,nonexistent,-2.9,92.469,-33.6,1.072,5076.2,no
3640,0.779776,yes,High,36,admin.,single,university.degree,no,yes,no,cellular,sep,fri,339,1,999,1,failure,-3.4,92.379,-29.8,0.773,5017.5,no
3641,0.779717,yes,High,53,housemaid,married,basic.4y,no,yes,no,cellular,jun,tue,245,2,999,0,nonexistent,-2.9,92.963,-40.8,1.252,5076.2,yes
3642,0.779716,yes,High,40,admin.,married,university.degree,no,no,yes,cellular,apr,thu,499,1,999,0,nonexistent,-1.8,93.075,-47.1,1.365,5099.1,yes
3643,0.779695,yes,High,29,self-employed,single,university.degree,no,yes,no,cellular,jun,mon,167,2,999,1,failure,-1.7,94.055,-39.8,0.72,4991.6,yes
3644,0.779605,yes,High,46,admin.,divorced,high.school,no,unknown,unknown,cellular,jul,tue,297,1,999,0,nonexistent,-2.9,92.469,-33.6,1.044,5076.2,yes
3645,0.779585,yes,High,60,retired,divorced,basic.4y,no,no,no,cellular,apr,tue,465,4,999,0,nonexistent,-1.8,93.075,-47.1,1.453,5099.1,yes
3646,0.779527,yes,High,48,admin.,married,university.degree,no,yes,no,cellular,jun,wed,95,1,999,0,nonexistent,-2.9,92.963,-40.8,1.26,5076.2,no
3647,0.779473,yes,High,28,unemployed,single,university.degree,no,unknown,unknown,telephone,jul,wed,167,1,999,0,nonexistent,-2.9,92.469,-33.6,1.029,5076.2,no
3648,0.779456,yes,High,53,technician,married,university.degree,no,no,yes,cellular,apr,thu,126,1,999,0,nonexistent,-1.8,93.075,-47.1,1.365,5099.1,no
3649,0.7794,yes,High,32,student,single,university.degree,no,no,no,cellular,mar,fri,61,11,999,0,nonexistent,-1.8,92.843,-50.0,1.64,5099.1,no
3650,0.779367,yes,High,82,retired,divorced,basic.4y,no,yes,no,cellular,sep,thu,143,2,999,1,failure,-1.1,94.199,-37.5,0.879,4963.6,yes
3651,0.779281,yes,High,38,admin.,single,high.school,no,yes,no,cellular,sep,fri,113,1,999,1,failure,-3.4,92.379,-29.8,0.773,5017.5,no
3652,0.779259,yes,High,33,management,divorced,university.degree,no,yes,no,cellular,jun,wed,63,1,999,0,nonexistent,-2.9,92.963,-40.8,1.26,5076.2,no
3653,0.779259,yes,High,33,management,divorced,university.degree,no,yes,no,cellular,jun,wed,187,1,999,0,nonexistent,-2.9,92.963,-40.8,1.26,5076.2,yes
3654,0.779256,yes,High,33,admin.,single,high.school,no,yes,no,cellular,jun,tue,167,1,999,0,nonexistent,-2.9,92.963,-40.8,1.262,5076.2,no
3655,0.779172,yes,High,51,technician,married,professional.course,no,yes,no,cellular,apr,thu,341,1,999,0,nonexistent,-1.8,93.075,-47.1,1.365,5099.1,yes
3656,0.779172,yes,High,51,technician,married,professional.course,no,yes,no,cellular,apr,thu,115,1,999,0,nonexistent,-1.8,93.075,-47.1,1.365,5099.1,no
3657,0.779129,yes,High,49,admin.,single,university.degree,no,no,no,cellular,oct,thu,73,1,999,0,nonexistent,-3.4,92.431,-26.9,0.74,5017.5,no
3658,0.779122,yes,High,22,admin.,single,university.degree,no,unknown,unknown,cellular,jun,tue,835,2,999,0,nonexistent,-2.9,92.963,-40.8,1.286,5076.2,no
3659,0.779106,yes,High,83,retired,married,basic.9y,no,no,no,cellular,oct,fri,138,2,999,0,nonexistent,-3.4,92.431,-26.9,0.739,5017.5,no
3660,0.779098,yes,High,25,student,single,university.degree,no,no,no,cellular,apr,thu,236,1,999,0,nonexistent,-1.8,93.075,-47.1,1.365,5099.1,no
3661,0.779028,yes,High,30,admin.,single,university.degree,no,no,no,cellular,nov,tue,266,2,999,2,failure,-3.4,92.649,-30.1,0.715,5017.5,yes
3662,0.779025,yes,High,25,student,single,unknown,no,no,no,cellular,jul,tue,170,1,999,0,nonexistent,-2.9,92.469,-33.6,1.044,5076.2,no
3663,0.779017,yes,High,35,admin.,single,high.school,no,yes,no,cellular,aug,fri,105,1,999,0,nonexistent,-2.9,92.201,-31.4,0.869,5076.2,no
3664,0.779002,yes,High,55,blue-collar,married,basic.9y,no,no,no,cellular,jun,mon,271,2,999,0,nonexistent,-2.9,92.963,-40.8,1.215,5076.2,no
3665,0.778997,yes,High,36,management,married,university.degree,no,yes,yes,cellular,mar,thu,94,1,999,0,nonexistent,-1.8,92.843,-50.0,1.538,5099.1,no
3666,0.778891,yes,High,32,technician,married,professional.course,no,unknown,unknown,cellular,jun,mon,210,2,999,1,failure,-2.9,92.963,-40.8,1.266,5076.2,yes
3667,0.778868,yes,High,41,admin.,married,high.school,no,yes,no,cellular,aug,thu,1175,3,999,0,nonexistent,-2.9,92.201,-31.4,0.873,5076.2,no
3668,0.778864,yes,High,56,retired,married,high.school,no,yes,yes,cellular,jul,fri,308,2,999,0,nonexistent,-2.9,92.469,-33.6,1.059,5076.2,yes
3669,0.778824,yes,High,24,student,single,high.school,no,no,no,cellular,aug,fri,276,1,999,0,nonexistent,-2.9,92.201,-31.4,0.849,5076.2,yes
3670,0.778715,yes,High,60,retired,married,basic.4y,no,no,no,cellular,oct,mon,599,1,999,1,failure,-3.4,92.431,-26.9,0.739,5017.5,no
3671,0.778673,yes,High,25,technician,married,university.degree,no,no,no,cellular,jun,mon,67,1,999,1,failure,-2.9,92.963,-40.8,1.266,5076.2,no
3672,0.778586,yes,High,27,services,single,professional.course,no,yes,no,cellular,jun,tue,392,1,999,0,nonexistent,-2.9,92.963,-40.8,1.262,5076.2,no
3673,0.778444,yes,High,20,student,single,high.school,no,yes,no,cellular,apr,thu,615,1,999,0,nonexistent,-1.8,93.075,-47.1,1.365,5099.1,yes
3674,0.778428,yes,High,34,admin.,single,university.degree,no,no,no,cellular,aug,wed,195,1,999,0,nonexistent,-2.9,92.201,-31.4,0.854,5076.2,yes
3675,0.778391,yes,High,56,housemaid,married,basic.4y,no,yes,no,cellular,aug,wed,359,3,999,0,nonexistent,-2.9,92.201,-31.4,0.834,5076.2,no
3676,0.778382,yes,High,30,unemployed,married,professional.course,no,yes,no,cellular,jun,tue,194,1,999,0,nonexistent,-2.9,92.963,-40.8,1.262,5076.2,no
3677,0.778351,yes,High,28,student,single,high.school,no,yes,yes,cellular,jul,mon,154,1,999,2,failure,-1.7,94.215,-40.3,0.827,4991.6,no
3678,0.778301,yes,High,30,self-employed,married,university.degree,no,yes,no,cellular,jun,fri,138,2,999,0,nonexistent,-2.9,92.963,-40.8,1.268,5076.2,no
3679,0.778287,yes,High,26,admin.,married,high.school,no,yes,no,cellular,nov,mon,432,5,999,0,nonexistent,-3.4,92.649,-30.1,0.714,5017.5,yes
3680,0.778255,yes,High,46,technician,married,professional.course,no,yes,yes,cellular,sep,thu,144,2,999,1,failure,-3.4,92.379,-29.8,0.809,5017.5,no
3681,0.778233,yes,High,28,admin.,single,university.degree,no,yes,no,cellular,nov,wed,170,1,999,0,nonexistent,-3.4,92.649,-30.1,0.716,5017.5,no
3682,0.778227,yes,High,36,technician,married,professional.course,no,yes,no,cellular,may,wed,731,1,10,1,success,-1.8,92.893,-46.2,1.334,5099.1,yes
3683,0.778192,yes,High,22,self-employed,single,university.degree,no,yes,yes,cellular,jun,fri,126,6,999,0,nonexistent,-2.9,92.963,-40.8,1.268,5076.2,yes
3684,0.77818,yes,High,33,technician,single,basic.9y,no,yes,no,cellular,sep,fri,114,1,999,0,nonexistent,-3.4,92.379,-29.8,0.741,5017.5,no
3685,0.778133,yes,High,51,housemaid,married,unknown,no,yes,no,cellular,aug,fri,121,1,999,0,nonexistent,-2.9,92.201,-31.4,0.881,5076.2,no
3686,0.778088,yes,High,44,blue-collar,single,professional.course,no,no,no,cellular,oct,tue,123,2,999,0,nonexistent,-3.4,92.431,-26.9,0.742,5017.5,no
3687,0.778077,yes,High,59,blue-collar,married,basic.4y,no,yes,yes,cellular,mar,tue,684,4,999,0,nonexistent,-1.8,92.843,-50.0,1.51,5099.1,no
3688,0.778059,yes,High,28,admin.,single,university.degree,no,no,no,cellular,aug,fri,70,1,999,0,nonexistent,-2.9,92.201,-31.4,0.881,5076.2,no
3689,0.778055,yes,High,38,admin.,single,university.degree,no,yes,yes,cellular,apr,thu,555,2,999,0,nonexistent,-1.8,93.075,-47.1,1.365,5099.1,yes
3690,0.778039,yes,High,32,admin.,single,university.degree,no,yes,no,cellular,mar,mon,364,3,999,0,nonexistent,-1.8,92.843,-50.0,1.52,5099.1,yes
3691,0.778017,yes,High,35,admin.,married,university.degree,no,yes,no,cellular,aug,wed,768,2,999,2,failure,-2.9,92.201,-31.4,0.854,5076.2,yes
3692,0.778002,yes,High,18,student,single,basic.6y,no,yes,no,cellular,aug,mon,628,1,999,0,nonexistent,-2.9,92.201,-31.4,0.861,5076.2,no
3693,0.777985,yes,High,38,services,married,basic.9y,no,no,no,cellular,jun,fri,140,2,999,0,nonexistent,-2.9,92.963,-40.8,1.224,5076.2,no
3694,0.777981,yes,High,50,blue-collar,married,unknown,no,yes,yes,cellular,aug,tue,589,2,999,0,nonexistent,-2.9,92.201,-31.4,0.883,5076.2,yes
3695,0.777964,yes,High,34,admin.,single,university.degree,no,no,no,cellular,oct,mon,131,1,999,1,failure,-3.4,92.431,-26.9,0.739,5017.5,no
3696,0.777831,yes,High,31,admin.,single,university.degree,no,no,no,cellular,apr,thu,353,1,999,0,nonexistent,-1.8,93.075,-47.1,1.365,5099.1,no
3697,0.777828,yes,High,33,blue-collar,married,basic.9y,no,no,no,cellular,apr,thu,225,1,5,1,success,-1.8,93.075,-47.1,1.41,5099.1,no
3698,0.777798,yes,High,63,retired,married,unknown,no,no,no,telephone,nov,fri,137,1,999,0,nonexistent,-3.4,92.649,-30.1,0.714,5017.5,no
3699,0.777779,yes,High,58,retired,married,basic.4y,no,yes,no,cellular,jun,tue,79,2,999,0,nonexistent,-2.9,92.963,-40.8,1.252,5076.2,no
3700,0.777762,yes,High,25,admin.,single,high.school,no,yes,yes,cellular,aug,wed,121,1,999,0,nonexistent,-2.9,92.201,-31.4,0.879,5076.2,no
3701,0.777665,yes,High,73,retired,married,basic.4y,no,yes,no,cellular,mar,mon,209,2,999,1,failure,-1.8,93.369,-34.8,0.646,5008.7,no
3702,0.777614,yes,High,42,technician,married,professional.course,no,no,no,cellular,aug,wed,96,1,999,1,failure,-2.9,92.201,-31.4,0.879,5076.2,no
3703,0.77759,yes,High,24,admin.,single,university.degree,no,yes,no,cellular,aug,thu,158,1,999,0,nonexistent,-2.9,92.201,-31.4,0.851,5076.2,yes
3704,0.777578,yes,High,28,technician,single,high.school,no,yes,yes,cellular,may,thu,609,1,11,1,success,-1.8,92.893,-46.2,1.327,5099.1,yes
3705,0.777561,yes,High,37,admin.,married,university.degree,no,yes,no,cellular,aug,tue,148,1,999,2,failure,-2.9,92.201,-31.4,0.859,5076.2,yes
3706,0.777452,yes,High,38,unemployed,single,high.school,no,yes,no,cellular,aug,mon,712,2,999,0,nonexistent,-2.9,92.201,-31.4,0.843,5076.2,yes
3707,0.777445,yes,High,22,student,single,high.school,no,no,no,cellular,apr,thu,780,1,999,0,nonexistent,-1.8,93.075,-47.1,1.365,5099.1,yes
3708,0.777443,yes,High,53,services,married,unknown,no,yes,no,cellular,jun,tue,327,1,999,0,nonexistent,-2.9,92.963,-40.8,1.262,5076.2,no
3709,0.77737,yes,High,60,management,married,professional.course,no,yes,no,cellular,oct,wed,219,2,999,0,nonexistent,-3.4,92.431,-26.9,0.724,5017.5,no
3710,0.777296,yes,High,71,retired,single,unknown,no,yes,no,cellular,apr,fri,188,3,999,0,nonexistent,-1.8,93.075,-47.1,1.405,5099.1,yes
3711,0.777294,yes,High,25,self-employed,single,university.degree,no,yes,no,cellular,apr,thu,113,1,999,0,nonexistent,-1.8,93.075,-47.1,1.365,5099.1,no
3712,0.777241,yes,High,74,retired,married,basic.4y,no,no,no,cellular,aug,thu,307,1,999,1,failure,-2.9,92.201,-31.4,0.873,5076.2,no
3713,0.777214,yes,High,27,technician,single,unknown,no,no,no,cellular,oct,tue,404,1,999,0,nonexistent,-3.4,92.431,-26.9,0.742,5017.5,no
3714,0.777214,yes,High,22,technician,single,university.degree,no,yes,no,cellular,jun,fri,163,4,999,1,failure,-2.9,92.963,-40.8,1.268,5076.2,yes
3715,0.777153,yes,High,30,admin.,married,university.degree,no,yes,no,cellular,oct,wed,133,1,999,0,nonexistent,-3.4,92.431,-26.9,0.724,5017.5,no
3716,0.777133,yes,High,61,retired,married,basic.4y,no,yes,no,cellular,apr,wed,245,4,999,1,failure,-1.8,93.075,-47.1,1.405,5099.1,yes
3717,0.777125,yes,High,48,self-employed,divorced,university.degree,no,no,no,cellular,aug,fri,166,1,999,1,failure,-1.7,94.027,-38.3,0.898,4991.6,no
3718,0.777052,yes,High,20,student,single,unknown,no,yes,no,telephone,may,wed,510,4,999,0,nonexistent,-1.8,93.876,-40.0,0.672,5008.7,yes
3719,0.776965,yes,High,28,services,single,university.degree,no,yes,no,cellular,jul,mon,316,4,999,0,nonexistent,-2.9,92.469,-33.6,1.048,5076.2,yes
3720,0.776936,yes,High,39,technician,married,university.degree,no,yes,no,cellular,aug,fri,156,2,999,0,nonexistent,-2.9,92.201,-31.4,0.869,5076.2,yes
3721,0.776919,yes,High,41,technician,married,professional.course,no,yes,no,cellular,oct,tue,304,2,999,0,nonexistent,-3.4,92.431,-26.9,0.744,5017.5,no
3722,0.776887,yes,High,37,admin.,single,university.degree,no,yes,no,telephone,oct,fri,62,3,999,0,nonexistent,-3.4,92.431,-26.9,0.72,5017.5,no
3723,0.776821,yes,High,73,retired,married,university.degree,no,yes,no,cellular,mar,tue,179,1,999,1,failure,-1.8,92.843,-50.0,1.687,5099.1,no
3724,0.776778,yes,High,83,housemaid,divorced,basic.4y,no,yes,yes,cellular,jul,tue,257,1,999,3,failure,-1.7,94.215,-40.3,0.797,4991.6,no
3725,0.776706,yes,High,53,admin.,divorced,university.degree,no,yes,yes,cellular,mar,thu,431,1,999,1,failure,-1.8,93.369,-34.8,0.654,5008.7,no
3726,0.776658,yes,High,64,retired,married,unknown,no,no,no,cellular,aug,fri,252,4,999,0,nonexistent,-2.9,92.201,-31.4,0.849,5076.2,yes
3727,0.776619,yes,High,51,technician,married,professional.course,no,yes,no,cellular,jul,thu,135,2,999,1,failure,-2.9,92.469,-33.6,1.072,5076.2,yes
3728,0.776603,yes,High,48,admin.,single,university.degree,no,yes,no,cellular,aug,fri,260,2,999,1,failure,-2.9,92.201,-31.4,0.869,5076.2,no
3729,0.776587,yes,High,71,retired,married,basic.4y,no,no,no,cellular,sep,tue,76,1,999,0,nonexistent,-3.4,92.379,-29.8,0.788,5017.5,no
3730,0.776493,yes,High,36,admin.,divorced,university.degree,no,yes,no,cellular,aug,mon,146,2,999,2,failure,-2.9,92.201,-31.4,0.884,5076.2,yes
3731,0.776448,yes,High,50,admin.,married,high.school,no,yes,no,cellular,sep,fri,434,2,999,0,nonexistent,-3.4,92.379,-29.8,0.803,5017.5,yes
3732,0.776433,yes,High,40,admin.,married,high.school,no,no,no,cellular,aug,thu,477,2,999,0,nonexistent,-2.9,92.201,-31.4,0.873,5076.2,yes
3733,0.776375,yes,High,31,admin.,single,university.degree,no,yes,no,cellular,apr,thu,63,1,999,0,nonexistent,-1.8,93.075,-47.1,1.365,5099.1,no
3734,0.776325,yes,High,50,blue-collar,married,basic.9y,no,yes,no,cellular,jun,thu,117,1,999,0,nonexistent,-2.9,92.963,-40.8,1.26,5076.2,no
3735,0.776314,yes,High,59,management,married,university.degree,no,no,no,cellular,dec,thu,112,4,999,1,failure,-3.0,92.713,-33.0,0.7,5023.5,no
3736,0.776308,yes,High,34,admin.,divorced,university.degree,no,yes,no,telephone,jul,thu,332,3,999,1,failure,-1.7,94.215,-40.3,0.899,4991.6,yes
3737,0.776221,yes,High,32,admin.,single,university.degree,no,yes,no,cellular,mar,mon,167,2,999,0,nonexistent,-1.8,92.843,-50.0,1.52,5099.1,no
3738,0.776124,yes,High,31,admin.,single,university.degree,no,yes,no,cellular,sep,fri,112,7,999,0,nonexistent,-3.4,92.379,-29.8,0.803,5017.5,no
3739,0.776123,yes,High,44,admin.,married,university.degree,no,yes,no,cellular,sep,thu,331,1,999,0,nonexistent,-3.4,92.379,-29.8,0.809,5017.5,yes
3740,0.776097,yes,High,76,retired,married,university.degree,no,no,no,cellular,dec,thu,103,1,999,1,failure,-3.0,92.713,-33.0,0.712,5023.5,no
3741,0.776073,yes,High,31,admin.,single,university.degree,no,yes,no,cellular,jul,mon,202,4,999,0,nonexistent,-2.9,92.469,-33.6,1.048,5076.2,yes
3742,0.775983,yes,High,29,technician,married,university.degree,no,yes,no,cellular,apr,mon,192,1,999,1,failure,-1.8,93.749,-34.6,0.645,5008.7,yes
3743,0.775982,yes,High,41,services,single,university.degree,no,yes,no,cellular,aug,fri,325,1,999,0,nonexistent,-2.9,92.201,-31.4,0.881,5076.2,yes
3744,0.775925,yes,High,31,admin.,divorced,university.degree,no,yes,yes,cellular,mar,mon,174,2,999,1,failure,-1.8,92.843,-50.0,1.56,5099.1,yes
3745,0.775816,yes,High,57,admin.,married,university.degree,no,yes,no,cellular,aug,tue,149,1,999,1,failure,-2.9,92.201,-31.4,0.883,5076.2,yes
3746,0.775812,yes,High,40,management,married,university.degree,no,yes,no,cellular,jun,mon,295,3,999,0,nonexistent,-2.9,92.963,-40.8,1.215,5076.2,yes
3747,0.775801,yes,High,54,unemployed,married,basic.9y,no,yes,no,cellular,oct,wed,200,1,999,0,nonexistent,-3.4,92.431,-26.9,0.735,5017.5,yes
3748,0.775797,yes,High,23,admin.,single,high.school,no,yes,no,cellular,apr,thu,132,1,999,0,nonexistent,-1.8,93.075,-47.1,1.365,5099.1,no
3749,0.775757,yes,High,26,technician,single,professional.course,no,no,no,cellular,jun,mon,175,1,999,1,failure,-2.9,92.963,-40.8,1.26,5076.2,no
3750,0.775709,yes,High,28,student,single,professional.course,no,no,no,cellular,aug,fri,36,2,999,0,nonexistent,-2.9,92.201,-31.4,0.825,5076.2,no
3751,0.77558,yes,High,34,admin.,married,university.degree,no,no,no,cellular,aug,fri,78,1,999,0,nonexistent,-2.9,92.201,-31.4,0.881,5076.2,no
3752,0.775504,yes,High,26,admin.,single,university.degree,no,yes,no,cellular,aug,mon,138,1,999,0,nonexistent,-2.9,92.201,-31.4,0.861,5076.2,no
3753,0.775498,yes,High,25,admin.,single,university.degree,no,no,yes,telephone,apr,thu,71,2,999,0,nonexistent,-1.8,93.075,-47.1,1.365,5099.1,no
3754,0.775449,yes,High,57,admin.,married,university.degree,no,no,no,cellular,jun,tue,214,1,999,0,nonexistent,-2.9,92.963,-40.8,1.252,5076.2,no
3755,0.775445,yes,High,30,student,single,university.degree,no,no,no,cellular,apr,thu,200,1,999,0,nonexistent,-1.8,93.075,-47.1,1.365,5099.1,no
3756,0.775344,yes,High,32,services,married,professional.course,no,no,no,cellular,jun,wed,94,6,999,0,nonexistent,-2.9,92.963,-40.8,1.244,5076.2,no
3757,0.775317,yes,High,51,blue-collar,married,basic.9y,no,yes,no,cellular,oct,thu,746,2,999,0,nonexistent,-3.4,92.431,-26.9,0.722,5017.5,yes
3758,0.775311,yes,High,44,management,married,university.degree,no,yes,no,cellular,jun,tue,71,3,999,0,nonexistent,-2.9,92.963,-40.8,1.262,5076.2,no
3759,0.77527,yes,High,38,admin.,single,university.degree,no,yes,no,cellular,apr,thu,645,1,999,0,nonexistent,-1.8,93.075,-47.1,1.365,5099.1,yes
3760,0.775208,yes,High,28,admin.,single,high.school,no,no,no,cellular,apr,thu,571,1,999,0,nonexistent,-1.8,93.075,-47.1,1.365,5099.1,yes
3761,0.775153,yes,High,36,admin.,married,university.degree,no,yes,no,cellular,sep,fri,355,1,999,0,nonexistent,-3.4,92.379,-29.8,0.773,5017.5,no
3762,0.775148,yes,High,27,blue-collar,single,university.degree,no,yes,no,cellular,apr,thu,246,2,999,0,nonexistent,-1.8,93.075,-47.1,1.365,5099.1,yes
3763,0.775116,yes,High,20,student,single,high.school,no,yes,no,cellular,aug,tue,532,1,999,1,failure,-2.9,92.201,-31.4,0.859,5076.2,yes
3764,0.775044,yes,High,32,admin.,single,high.school,no,no,no,cellular,nov,wed,421,1,999,0,nonexistent,-3.4,92.649,-30.1,0.716,5017.5,no
3765,0.775042,yes,High,59,self-employed,married,university.degree,no,no,no,cellular,dec,mon,193,1,999,1,failure,-3.0,92.713,-33.0,0.706,5023.5,no
3766,0.775004,yes,High,71,retired,married,professional.course,no,yes,yes,telephone,nov,tue,383,1,999,0,nonexistent,-3.4,92.649,-30.1,0.72,5017.5,yes
3767,0.775001,yes,High,53,admin.,divorced,high.school,no,no,no,cellular,oct,thu,209,1,999,0,nonexistent,-3.4,92.431,-26.9,0.722,5017.5,yes
3768,0.775,yes,High,57,retired,divorced,basic.9y,no,no,no,cellular,jul,fri,897,3,999,0,nonexistent,-2.9,92.469,-33.6,1.059,5076.2,no
3769,0.774971,yes,High,46,admin.,married,university.degree,no,yes,no,cellular,aug,thu,445,3,999,0,nonexistent,-2.9,92.201,-31.4,0.829,5076.2,yes
3770,0.774919,yes,High,61,admin.,married,university.degree,no,yes,yes,telephone,jul,wed,261,4,999,0,nonexistent,-2.9,92.469,-33.6,1.085,5076.2,yes
3771,0.774907,yes,High,49,unemployed,married,professional.course,no,yes,no,cellular,jun,tue,298,3,999,0,nonexistent,-2.9,92.963,-40.8,1.252,5076.2,no
3772,0.77489,yes,High,43,technician,married,professional.course,no,no,no,cellular,sep,tue,293,1,999,0,nonexistent,-3.4,92.379,-29.8,0.788,5017.5,yes
3773,0.77487,yes,High,26,student,single,basic.9y,no,no,no,telephone,aug,wed,127,1,999,0,nonexistent,-2.9,92.201,-31.4,0.879,5076.2,no
3774,0.77487,yes,High,26,student,single,basic.9y,no,no,no,telephone,aug,wed,449,1,999,0,nonexistent,-2.9,92.201,-31.4,0.879,5076.2,yes
3775,0.774857,yes,High,70,admin.,divorced,university.degree,no,no,no,cellular,mar,mon,83,4,999,0,nonexistent,-1.8,92.843,-50.0,1.56,5099.1,no
3776,0.774852,yes,High,63,technician,married,unknown,no,no,no,cellular,aug,tue,47,1,999,1,failure,-2.9,92.201,-31.4,0.838,5076.2,no
3777,0.774811,yes,High,36,self-employed,married,university.degree,no,no,yes,cellular,jun,mon,284,1,999,1,failure,-2.9,92.963,-40.8,1.266,5076.2,yes
3778,0.774808,yes,High,22,student,single,unknown,no,no,no,cellular,nov,wed,87,1,999,0,nonexistent,-3.4,92.649,-30.1,0.716,5017.5,no
3779,0.774802,yes,High,56,unemployed,married,professional.course,no,no,no,cellular,sep,fri,1551,1,999,2,failure,-3.4,92.379,-29.8,0.762,5017.5,no
3780,0.774789,yes,High,56,technician,divorced,professional.course,no,yes,yes,cellular,oct,mon,170,5,999,0,nonexistent,-1.1,94.601,-49.5,1.0,4963.6,no
3781,0.774784,yes,High,54,technician,single,university.degree,no,yes,no,telephone,mar,wed,700,3,999,0,nonexistent,-1.8,93.369,-34.8,0.655,5008.7,no
3782,0.774781,yes,High,26,student,single,high.school,no,no,no,cellular,aug,wed,95,3,999,3,failure,-1.7,94.027,-38.3,0.894,4991.6,no
3783,0.774766,yes,High,38,admin.,single,university.degree,no,yes,no,cellular,apr,thu,510,2,999,0,nonexistent,-1.8,93.075,-47.1,1.365,5099.1,no
3784,0.774761,yes,High,31,entrepreneur,single,university.degree,no,yes,no,cellular,aug,fri,211,3,999,0,nonexistent,-2.9,92.201,-31.4,0.869,5076.2,yes
3785,0.774711,yes,High,46,technician,married,professional.course,no,yes,no,cellular,apr,thu,369,2,999,0,nonexistent,-1.8,93.075,-47.1,1.365,5099.1,yes
3786,0.774632,yes,High,28,self-employed,single,university.degree,no,yes,no,telephone,mar,wed,152,1,999,1,failure,-1.8,93.369,-34.8,0.651,5008.7,no
3787,0.774623,yes,High,44,admin.,married,university.degree,no,yes,no,telephone,oct,wed,749,1,999,0,nonexistent,-3.4,92.431,-26.9,0.735,5017.5,yes
3788,0.774607,yes,High,76,retired,married,university.degree,no,no,yes,cellular,mar,thu,167,9,999,0,nonexistent,-1.8,92.843,-50.0,1.757,5099.1,no
3789,0.774544,yes,High,71,retired,married,university.degree,no,no,no,cellular,apr,mon,349,1,999,0,nonexistent,-1.8,93.075,-47.1,1.405,5099.1,yes
3790,0.774542,yes,High,38,services,single,high.school,no,yes,no,cellular,aug,thu,83,5,999,0,nonexistent,-2.9,92.201,-31.4,0.851,5076.2,no
3791,0.774465,yes,High,33,blue-collar,single,high.school,no,yes,no,cellular,mar,wed,140,10,999,0,nonexistent,-1.8,92.843,-50.0,1.602,5099.1,no
3792,0.774447,yes,High,45,services,married,high.school,no,no,no,cellular,aug,tue,249,3,999,0,nonexistent,-2.9,92.201,-31.4,0.883,5076.2,no
3793,0.774436,yes,High,56,entrepreneur,married,university.degree,no,yes,no,cellular,apr,thu,472,1,999,0,nonexistent,-1.8,93.075,-47.1,1.365,5099.1,no
3794,0.774436,yes,High,56,entrepreneur,married,university.degree,no,yes,no,cellular,apr,thu,266,1,999,0,nonexistent,-1.8,93.075,-47.1,1.365,5099.1,yes
3795,0.774436,yes,High,56,entrepreneur,married,university.degree,no,yes,no,cellular,apr,thu,207,1,999,0,nonexistent,-1.8,93.075,-47.1,1.365,5099.1,no
3796,0.774396,yes,High,75,retired,divorced,basic.9y,no,no,no,cellular,mar,mon,233,1,999,0,nonexistent,-1.8,92.843,-50.0,1.56,5099.1,no
3797,0.774364,yes,High,59,retired,divorced,high.school,no,yes,no,cellular,apr,thu,247,2,999,1,failure,-1.8,93.749,-34.6,0.644,5008.7,no
3798,0.774202,yes,High,25,technician,single,high.school,no,yes,no,cellular,may,fri,581,3,999,2,failure,-1.8,93.876,-40.0,0.699,5008.7,no
3799,0.774154,yes,High,37,admin.,single,university.degree,no,yes,no,cellular,apr,thu,261,1,999,0,nonexistent,-1.8,93.075,-47.1,1.365,5099.1,yes
3800,0.774144,yes,High,63,blue-collar,married,basic.4y,no,yes,yes,cellular,aug,fri,107,3,999,0,nonexistent,-2.9,92.201,-31.4,0.869,5076.2,no
3801,0.774119,yes,High,54,management,married,high.school,no,no,no,cellular,aug,wed,171,3,999,1,failure,-1.7,94.027,-38.3,0.894,4991.6,no
3802,0.774059,yes,High,28,blue-collar,single,high.school,no,no,yes,cellular,jul,mon,101,2,999,2,failure,-1.7,94.215,-40.3,0.827,4991.6,no
3803,0.774021,yes,High,20,student,single,unknown,no,no,no,cellular,apr,fri,342,2,999,0,nonexistent,-1.8,93.749,-34.6,0.663,5008.7,no
3804,0.773994,yes,High,59,admin.,divorced,professional.course,no,no,no,cellular,aug,tue,477,1,999,0,nonexistent,-2.9,92.201,-31.4,0.883,5076.2,no
3805,0.773967,yes,High,26,self-employed,single,university.degree,no,no,no,cellular,may,wed,161,1,3,1,success,-1.8,92.893,-46.2,1.27,5099.1,no
3806,0.773967,yes,High,26,self-employed,single,university.degree,no,no,no,cellular,may,wed,119,1,3,1,success,-1.8,92.893,-46.2,1.27,5099.1,yes
3807,0.773952,yes,High,53,technician,married,high.school,no,yes,no,cellular,jul,fri,531,3,999,0,nonexistent,-2.9,92.469,-33.6,1.059,5076.2,no
3808,0.773938,yes,High,48,technician,divorced,university.degree,no,yes,yes,cellular,apr,thu,173,2,999,0,nonexistent,-1.8,93.075,-47.1,1.365,5099.1,no
3809,0.773898,yes,High,23,admin.,single,university.degree,no,yes,no,cellular,apr,wed,219,1,999,0,nonexistent,-1.8,93.075,-47.1,1.405,5099.1,yes
3810,0.773898,yes,High,23,admin.,single,university.degree,no,yes,no,cellular,apr,wed,621,1,999,0,nonexistent,-1.8,93.075,-47.1,1.405,5099.1,yes
3811,0.773869,yes,High,82,retired,married,high.school,unknown,yes,no,cellular,may,mon,135,3,999,0,nonexistent,-1.8,93.876,-40.0,0.682,5008.7,no
3812,0.773844,yes,High,61,admin.,married,university.degree,no,yes,yes,cellular,apr,thu,266,5,999,0,nonexistent,-1.8,93.075,-47.1,1.406,5099.1,yes
3813,0.773722,yes,High,29,admin.,single,professional.course,no,yes,no,cellular,apr,thu,130,2,999,0,nonexistent,-1.8,93.075,-47.1,1.365,5099.1,no
3814,0.773699,yes,High,29,housemaid,single,university.degree,no,no,yes,telephone,nov,mon,201,1,999,0,nonexistent,-3.4,92.649,-30.1,0.715,5017.5,yes
3815,0.773695,yes,High,38,admin.,single,high.school,no,yes,yes,cellular,aug,mon,167,1,999,0,nonexistent,-2.9,92.201,-31.4,0.884,5076.2,yes
3816,0.773608,yes,High,56,management,married,university.degree,no,yes,no,cellular,jun,wed,175,3,999,0,nonexistent,-2.9,92.963,-40.8,1.26,5076.2,no
3817,0.773541,yes,High,35,self-employed,single,university.degree,no,yes,no,cellular,nov,mon,365,1,999,0,nonexistent,-3.4,92.649,-30.1,0.714,5017.5,no
3818,0.773461,yes,High,66,retired,married,basic.4y,no,no,yes,cellular,apr,wed,139,5,999,1,failure,-1.8,93.075,-47.1,1.415,5099.1,yes
3819,0.773374,yes,High,28,admin.,single,university.degree,no,no,yes,telephone,apr,thu,917,1,999,0,nonexistent,-1.8,93.075,-47.1,1.365,5099.1,yes
3820,0.773335,yes,High,25,admin.,single,university.degree,no,yes,no,cellular,oct,mon,123,1,999,0,nonexistent,-3.4,92.431,-26.9,0.739,5017.5,no
3821,0.7733,yes,High,49,admin.,single,university.degree,no,no,no,cellular,apr,thu,222,1,999,0,nonexistent,-1.8,93.075,-47.1,1.365,5099.1,no
3822,0.773291,yes,High,56,admin.,divorced,high.school,no,no,no,cellular,nov,tue,786,1,999,0,nonexistent,-3.4,92.649,-30.1,0.72,5017.5,no
3823,0.773281,yes,High,28,admin.,single,university.degree,no,yes,no,cellular,aug,mon,340,1,999,0,nonexistent,-2.9,92.201,-31.4,0.861,5076.2,yes
3824,0.773274,yes,High,72,housemaid,married,basic.6y,unknown,yes,no,cellular,aug,fri,137,1,999,0,nonexistent,-1.7,94.027,-38.3,0.905,4991.6,no
3825,0.773256,yes,High,27,unemployed,married,high.school,no,no,yes,cellular,nov,tue,222,3,999,1,failure,-3.4,92.649,-30.1,0.72,5017.5,no
3826,0.773154,yes,High,28,services,single,university.degree,no,yes,no,cellular,sep,mon,274,1,999,0,nonexistent,-3.4,92.379,-29.8,0.797,5017.5,no
3827,0.773123,yes,High,26,admin.,single,university.degree,no,yes,no,cellular,sep,tue,355,1,999,1,failure,-1.1,94.199,-37.5,0.881,4963.6,no
3828,0.773122,yes,High,73,retired,divorced,basic.4y,no,yes,no,cellular,oct,mon,127,2,999,3,failure,-3.4,92.431,-26.9,0.731,5017.5,no
3829,0.773108,yes,High,42,blue-collar,married,professional.course,no,no,no,cellular,oct,wed,287,1,999,0,nonexistent,-3.4,92.431,-26.9,0.735,5017.5,yes
3830,0.7731,yes,High,34,admin.,single,university.degree,no,no,no,cellular,nov,thu,509,2,999,0,nonexistent,-3.4,92.649,-30.1,0.716,5017.5,no
3831,0.773088,yes,High,25,admin.,married,university.degree,no,yes,no,cellular,jun,mon,457,3,999,0,nonexistent,-2.9,92.963,-40.8,1.215,5076.2,no
3832,0.773034,yes,High,29,admin.,married,university.degree,no,no,no,cellular,aug,thu,111,5,999,0,nonexistent,-2.9,92.201,-31.4,0.873,5076.2,no
3833,0.773007,yes,High,35,admin.,single,university.degree,no,yes,yes,cellular,apr,thu,358,1,999,0,nonexistent,-1.8,93.075,-47.1,1.365,5099.1,no
3834,0.772966,yes,High,41,admin.,married,unknown,no,yes,no,cellular,sep,thu,228,1,999,1,failure,-1.1,94.199,-37.5,0.879,4963.6,no
3835,0.772906,yes,High,47,admin.,married,university.degree,no,yes,no,cellular,aug,tue,526,1,999,1,failure,-2.9,92.201,-31.4,0.883,5076.2,no
3836,0.772899,yes,High,32,blue-collar,married,basic.9y,no,yes,yes,cellular,aug,fri,230,1,999,0,nonexistent,-2.9,92.201,-31.4,0.869,5076.2,no
3837,0.772862,yes,High,36,admin.,single,university.degree,no,no,no,cellular,aug,wed,82,1,999,0,nonexistent,-2.9,92.201,-31.4,0.879,5076.2,no
3838,0.772842,yes,High,38,technician,married,university.degree,no,yes,no,cellular,aug,wed,220,5,999,0,nonexistent,-2.9,92.201,-31.4,0.854,5076.2,no
3839,0.772759,yes,High,34,admin.,married,university.degree,no,yes,no,cellular,aug,fri,258,1,999,0,nonexistent,-2.9,92.201,-31.4,0.881,5076.2,no
3840,0.772714,yes,High,69,retired,divorced,basic.4y,no,no,no,cellular,apr,mon,92,1,999,0,nonexistent,-1.8,93.075,-47.1,1.405,5099.1,no
3841,0.772666,yes,High,20,student,single,high.school,no,no,no,cellular,aug,fri,190,2,999,1,failure,-2.9,92.201,-31.4,0.869,5076.2,no
3842,0.772651,yes,High,34,admin.,married,professional.course,no,no,yes,telephone,mar,thu,364,2,999,1,failure,-1.8,93.369,-34.8,0.654,5008.7,no
3843,0.772493,yes,High,37,admin.,married,university.degree,no,no,no,cellular,aug,wed,225,2,999,0,nonexistent,-2.9,92.201,-31.4,0.854,5076.2,yes
3844,0.77247,yes,High,55,technician,married,professional.course,no,yes,no,cellular,oct,tue,182,1,999,0,nonexistent,-3.4,92.431,-26.9,0.742,5017.5,no
3845,0.772404,yes,High,49,technician,married,professional.course,no,no,no,cellular,apr,thu,618,2,999,0,nonexistent,-1.8,93.075,-47.1,1.365,5099.1,yes
3846,0.772403,yes,High,45,admin.,divorced,university.degree,no,yes,no,cellular,aug,thu,150,3,999,1,failure,-2.9,92.201,-31.4,0.873,5076.2,no
3847,0.772321,yes,High,35,technician,married,university.degree,no,yes,no,cellular,jul,fri,236,2,999,0,nonexistent,-2.9,92.469,-33.6,1.059,5076.2,no
3848,0.77227,yes,High,24,unknown,single,university.degree,no,no,no,cellular,jun,tue,263,1,999,1,failure,-2.9,92.963,-40.8,1.262,5076.2,yes
3849,0.772239,yes,High,39,management,married,university.degree,no,yes,no,cellular,jun,wed,95,1,999,0,nonexistent,-2.9,92.963,-40.8,1.26,5076.2,no
3850,0.772209,yes,High,41,admin.,single,high.school,no,unknown,unknown,cellular,apr,thu,664,2,999,0,nonexistent,-1.8,93.075,-47.1,1.365,5099.1,yes
3851,0.772176,yes,High,66,retired,married,unknown,no,no,no,cellular,aug,mon,43,1,999,2,failure,-2.9,92.201,-31.4,0.861,5076.2,no
3852,0.77211,yes,High,26,management,single,university.degree,no,no,no,cellular,sep,fri,351,2,999,0,nonexistent,-3.4,92.379,-29.8,0.803,5017.5,no
3853,0.772075,yes,High,53,admin.,single,university.degree,no,no,yes,cellular,apr,thu,586,2,999,0,nonexistent,-1.8,93.075,-47.1,1.365,5099.1,no
3854,0.772074,yes,High,25,admin.,single,university.degree,no,yes,no,telephone,aug,thu,84,1,999,0,nonexistent,-2.9,92.201,-31.4,0.851,5076.2,no
3855,0.771946,yes,High,53,technician,married,professional.course,no,yes,no,cellular,apr,thu,301,1,999,0,nonexistent,-1.8,93.075,-47.1,1.365,5099.1,yes
3856,0.7719,yes,High,50,blue-collar,married,basic.4y,no,no,no,cellular,jun,tue,135,4,999,1,failure,-1.7,94.055,-39.8,0.761,4991.6,no
3857,0.771886,yes,High,37,admin.,single,high.school,no,yes,yes,cellular,jul,thu,114,4,999,2,failure,-1.7,94.215,-40.3,0.782,4991.6,no
3858,0.771823,yes,High,65,retired,married,high.school,no,yes,yes,cellular,aug,mon,97,2,999,0,nonexistent,-2.9,92.201,-31.4,0.861,5076.2,no
3859,0.771805,yes,High,34,admin.,married,university.degree,no,yes,yes,cellular,may,wed,242,1,7,1,success,-1.8,92.893,-46.2,1.27,5099.1,yes
3860,0.771701,yes,High,42,blue-collar,married,basic.6y,no,yes,no,cellular,jul,wed,72,1,999,0,nonexistent,-2.9,92.469,-33.6,1.029,5076.2,no
3861,0.771687,yes,High,31,admin.,single,university.degree,no,yes,no,cellular,apr,thu,370,3,999,0,nonexistent,-1.8,93.075,-47.1,1.365,5099.1,yes
3862,0.771653,yes,High,52,management,married,university.degree,no,no,no,cellular,may,fri,698,5,999,1,failure,-1.8,93.876,-40.0,0.684,5008.7,no
3863,0.771645,yes,High,40,admin.,married,university.degree,no,yes,no,cellular,jul,tue,243,1,999,0,nonexistent,-2.9,92.469,-33.6,1.044,5076.2,yes
3864,0.771598,yes,High,27,admin.,single,unknown,no,no,no,cellular,mar,mon,291,1,999,3,failure,-1.8,93.369,-34.8,0.639,5008.7,yes
3865,0.771554,yes,High,43,admin.,married,university.degree,no,no,yes,cellular,jun,tue,310,1,999,0,nonexistent,-2.9,92.963,-40.8,1.262,5076.2,no
3866,0.771543,yes,High,66,retired,married,unknown,no,no,no,cellular,sep,tue,667,1,999,1,failure,-1.1,94.199,-37.5,0.881,4963.6,no
3867,0.771514,yes,High,43,technician,single,university.degree,no,no,no,cellular,apr,thu,64,1,999,0,nonexistent,-1.8,93.075,-47.1,1.365,5099.1,no
3868,0.771512,yes,High,36,admin.,single,high.school,no,yes,no,cellular,aug,tue,320,1,999,0,nonexistent,-2.9,92.201,-31.4,0.884,5076.2,no
3869,0.771496,yes,High,63,unknown,married,unknown,no,yes,no,cellular,sep,thu,268,1,999,1,failure,-3.4,92.379,-29.8,0.809,5017.5,no
3870,0.771453,yes,High,26,student,single,basic.9y,no,no,yes,cellular,mar,mon,889,4,999,0,nonexistent,-1.8,92.843,-50.0,1.811,5099.1,no
3871,0.771417,yes,High,56,self-employed,married,university.degree,no,no,no,cellular,jun,thu,754,3,999,0,nonexistent,-2.9,92.963,-40.8,1.235,5076.2,no
3872,0.771326,yes,High,74,retired,married,high.school,no,no,no,cellular,aug,thu,472,1,999,0,nonexistent,-2.9,92.201,-31.4,0.883,5076.2,no
3873,0.771326,yes,High,74,retired,married,high.school,no,no,no,cellular,aug,thu,174,1,999,0,nonexistent,-2.9,92.201,-31.4,0.883,5076.2,no
3874,0.771326,yes,High,74,retired,married,high.school,no,no,no,cellular,aug,thu,135,1,999,0,nonexistent,-2.9,92.201,-31.4,0.883,5076.2,no
3875,0.771321,yes,High,27,admin.,single,high.school,no,yes,no,cellular,apr,thu,127,2,999,0,nonexistent,-1.8,93.075,-47.1,1.365,5099.1,no
3876,0.771294,yes,High,37,services,married,high.school,no,no,no,cellular,nov,wed,516,2,999,1,failure,-3.4,92.649,-30.1,0.715,5017.5,no
3877,0.771258,yes,High,34,admin.,married,university.degree,no,yes,no,cellular,aug,tue,360,1,999,0,nonexistent,-2.9,92.201,-31.4,0.859,5076.2,no
3878,0.77118,yes,High,64,retired,married,unknown,no,yes,yes,cellular,aug,fri,89,1,999,1,failure,-2.9,92.201,-31.4,0.849,5076.2,no
3879,0.77111,yes,High,33,services,married,high.school,no,unknown,unknown,cellular,aug,thu,240,2,999,0,nonexistent,-2.9,92.201,-31.4,0.873,5076.2,no
3880,0.77106,yes,High,29,admin.,single,university.degree,no,yes,no,cellular,aug,fri,107,1,999,0,nonexistent,-2.9,92.201,-31.4,0.881,5076.2,no
3881,0.771059,yes,High,68,management,married,basic.9y,no,yes,no,cellular,dec,thu,97,1,999,2,failure,-3.0,92.713,-33.0,0.712,5023.5,no
3882,0.77103,yes,High,45,admin.,single,university.degree,no,unknown,unknown,cellular,nov,tue,133,3,999,1,failure,-3.4,92.649,-30.1,0.715,5017.5,no
3883,0.770941,yes,High,35,technician,married,university.degree,no,no,no,cellular,aug,fri,224,3,999,0,nonexistent,-2.9,92.201,-31.4,0.869,5076.2,no
3884,0.770938,yes,High,45,blue-collar,single,basic.9y,no,no,yes,cellular,oct,tue,204,2,999,1,failure,-3.4,92.431,-26.9,0.742,5017.5,yes
3885,0.770933,yes,High,40,unemployed,divorced,basic.4y,no,no,no,cellular,nov,tue,108,1,999,0,nonexistent,-3.4,92.649,-30.1,0.716,5017.5,no
3886,0.770914,yes,High,32,admin.,single,university.degree,no,no,no,cellular,mar,mon,52,3,999,0,nonexistent,-1.8,92.843,-50.0,1.52,5099.1,no
3887,0.770904,yes,High,23,student,single,basic.9y,no,no,no,cellular,jul,tue,73,6,999,0,nonexistent,-2.9,92.469,-33.6,0.908,5076.2,no
3888,0.770904,yes,High,65,retired,married,university.degree,no,yes,no,cellular,apr,mon,147,1,999,0,nonexistent,-1.8,93.075,-47.1,1.466,5099.1,no
3889,0.770781,yes,High,88,retired,married,basic.4y,no,yes,no,cellular,sep,mon,213,7,999,0,nonexistent,-1.1,94.199,-37.5,0.882,4963.6,no
3890,0.770744,yes,High,34,technician,married,professional.course,no,yes,no,cellular,nov,mon,93,1,999,1,failure,-3.4,92.649,-30.1,0.714,5017.5,no
3891,0.770697,yes,High,48,entrepreneur,divorced,high.school,no,no,no,cellular,aug,wed,307,1,999,0,nonexistent,-2.9,92.201,-31.4,0.879,5076.2,yes
3892,0.770678,yes,High,46,self-employed,divorced,high.school,no,no,no,cellular,sep,fri,267,2,999,1,failure,-3.4,92.379,-29.8,0.762,5017.5,yes
3893,0.770665,yes,High,32,self-employed,single,university.degree,no,yes,no,cellular,jun,mon,64,1,999,0,nonexistent,-2.9,92.963,-40.8,1.26,5076.2,no
3894,0.770665,yes,High,32,self-employed,single,university.degree,no,yes,no,cellular,jun,mon,104,1,999,0,nonexistent,-2.9,92.963,-40.8,1.26,5076.2,no
3895,0.770639,yes,High,42,technician,married,university.degree,no,no,no,cellular,jul,wed,361,1,999,1,failure,-2.9,92.469,-33.6,1.029,5076.2,yes
3896,0.770599,yes,High,72,admin.,married,university.degree,no,yes,no,cellular,jun,mon,134,1,999,0,nonexistent,-2.9,92.963,-40.8,1.266,5076.2,no
3897,0.770584,yes,High,45,blue-collar,married,basic.9y,no,yes,no,cellular,mar,tue,257,1,999,0,nonexistent,-1.8,92.843,-50.0,1.51,5099.1,no
3898,0.770584,yes,High,45,blue-collar,married,basic.9y,no,yes,no,cellular,mar,tue,829,1,999,0,nonexistent,-1.8,92.843,-50.0,1.51,5099.1,no
3899,0.770556,yes,High,39,technician,married,professional.course,no,yes,no,cellular,apr,thu,67,1,999,0,nonexistent,-1.8,93.075,-47.1,1.365,5099.1,no
3900,0.770552,yes,High,39,technician,married,professional.course,no,yes,no,cellular,apr,thu,423,2,999,0,nonexistent,-1.8,93.075,-47.1,1.365,5099.1,yes
3901,0.770477,yes,High,58,admin.,married,university.degree,no,yes,no,cellular,jun,mon,65,1,999,0,nonexistent,-2.9,92.963,-40.8,1.266,5076.2,no
3902,0.770457,yes,High,72,retired,divorced,basic.4y,no,no,no,cellular,aug,mon,152,1,999,0,nonexistent,-2.9,92.201,-31.4,0.861,5076.2,no
3903,0.770439,yes,High,38,admin.,single,university.degree,no,yes,no,telephone,sep,tue,490,1,999,0,nonexistent,-3.4,92.379,-29.8,0.819,5017.5,no
3904,0.770421,yes,High,33,admin.,married,high.school,no,no,no,cellular,aug,tue,147,1,999,1,failure,-2.9,92.201,-31.4,0.859,5076.2,no
3905,0.770278,yes,High,34,technician,married,university.degree,no,yes,no,cellular,nov,fri,312,1,999,0,nonexistent,-3.4,92.649,-30.1,0.716,5017.5,no
3906,0.7702,yes,High,20,student,single,basic.4y,no,yes,no,cellular,apr,thu,209,1,999,0,nonexistent,-1.8,93.075,-47.1,1.365,5099.1,no
3907,0.770129,yes,High,46,entrepreneur,married,university.degree,no,yes,no,cellular,jul,thu,396,1,999,0,nonexistent,-2.9,92.469,-33.6,1.072,5076.2,yes
3908,0.770128,yes,High,61,retired,married,basic.9y,no,no,no,cellular,aug,fri,99,3,999,0,nonexistent,-2.9,92.201,-31.4,0.869,5076.2,no
3909,0.770085,yes,High,29,management,single,university.degree,no,yes,no,cellular,mar,mon,154,2,999,1,failure,-1.8,93.369,-34.8,0.652,5008.7,no
3910,0.769987,yes,High,40,admin.,married,university.degree,no,no,no,cellular,apr,thu,815,1,999,0,nonexistent,-1.8,93.075,-47.1,1.365,5099.1,yes
3911,0.769955,yes,High,41,services,married,high.school,no,unknown,unknown,cellular,aug,wed,301,1,999,0,nonexistent,-2.9,92.201,-31.4,0.879,5076.2,no
3912,0.769948,yes,High,73,retired,married,professional.course,no,yes,no,cellular,aug,thu,135,2,999,0,nonexistent,-2.9,92.201,-31.4,0.873,5076.2,no
3913,0.769916,yes,High,29,admin.,single,university.degree,no,yes,no,cellular,apr,wed,145,1,999,0,nonexistent,-1.8,93.075,-47.1,1.405,5099.1,yes
3914,0.769911,yes,High,25,student,single,unknown,unknown,yes,no,cellular,jul,tue,371,1,999,0,nonexistent,-2.9,92.469,-33.6,1.044,5076.2,yes
3915,0.769892,yes,High,29,blue-collar,single,basic.9y,no,no,yes,cellular,oct,wed,107,2,999,0,nonexistent,-3.4,92.431,-26.9,0.735,5017.5,yes
3916,0.769882,yes,High,46,admin.,single,university.degree,no,yes,no,cellular,jul,mon,413,5,999,0,nonexistent,-2.9,92.469,-33.6,1.048,5076.2,no
3917,0.769846,yes,High,25,admin.,single,university.degree,no,yes,no,cellular,apr,thu,229,2,999,0,nonexistent,-1.8,93.075,-47.1,1.406,5099.1,yes
3918,0.769756,yes,High,47,admin.,married,university.degree,no,no,no,cellular,sep,fri,639,3,999,1,failure,-3.4,92.379,-29.8,0.803,5017.5,no
3919,0.769742,yes,High,36,admin.,married,university.degree,no,no,no,cellular,aug,thu,138,2,999,1,failure,-2.9,92.201,-31.4,0.873,5076.2,no
3920,0.769736,yes,High,26,admin.,married,high.school,no,yes,no,cellular,oct,mon,703,1,999,0,nonexistent,-3.4,92.431,-26.9,0.731,5017.5,yes
3921,0.769661,yes,High,34,technician,married,basic.9y,no,yes,no,cellular,nov,fri,126,2,999,2,failure,-3.4,92.649,-30.1,0.716,5017.5,no
3922,0.769615,yes,High,58,retired,married,high.school,no,no,no,cellular,aug,thu,144,1,999,0,nonexistent,-2.9,92.201,-31.4,0.883,5076.2,no
3923,0.769597,yes,High,75,retired,divorced,basic.4y,unknown,yes,no,cellular,oct,thu,502,1,999,0,nonexistent,-3.4,92.431,-26.9,0.754,5017.5,yes
3924,0.769566,yes,High,43,admin.,married,university.degree,no,no,no,cellular,apr,thu,104,1,999,0,nonexistent,-1.8,93.075,-47.1,1.365,5099.1,no
3925,0.769551,yes,High,37,admin.,married,university.degree,no,yes,no,cellular,jun,fri,135,1,999,2,failure,-1.7,94.055,-39.8,0.719,4991.6,no
3926,0.769519,yes,High,81,housemaid,married,basic.4y,no,yes,no,cellular,oct,wed,246,2,999,0,nonexistent,-3.4,92.431,-26.9,0.724,5017.5,no
3927,0.769505,yes,High,57,management,married,university.degree,no,yes,no,cellular,jun,tue,337,3,999,0,nonexistent,-2.9,92.963,-40.8,1.286,5076.2,no
3928,0.769423,yes,High,48,entrepreneur,married,university.degree,no,yes,no,cellular,apr,thu,871,1,999,0,nonexistent,-1.8,93.075,-47.1,1.365,5099.1,yes
3929,0.769313,yes,High,55,management,married,university.degree,no,yes,no,cellular,nov,wed,99,1,999,1,failure,-3.4,92.649,-30.1,0.716,5017.5,no
3930,0.769301,yes,High,70,retired,married,basic.4y,no,yes,no,cellular,oct,mon,131,1,999,0,nonexistent,-3.4,92.431,-26.9,0.739,5017.5,yes
3931,0.769252,yes,High,25,technician,single,university.degree,no,yes,no,telephone,aug,thu,256,1,999,0,nonexistent,-2.9,92.201,-31.4,0.883,5076.2,yes
3932,0.769233,yes,High,33,admin.,single,university.degree,no,yes,no,cellular,aug,thu,72,3,999,0,nonexistent,-2.9,92.201,-31.4,0.873,5076.2,no
3933,0.769208,yes,High,38,management,married,university.degree,no,yes,no,cellular,may,wed,187,2,2,1,success,-1.8,92.893,-46.2,1.27,5099.1,yes
3934,0.769135,yes,High,43,technician,married,high.school,no,yes,no,cellular,sep,thu,531,1,999,0,nonexistent,-3.4,92.379,-29.8,0.809,5017.5,no
3935,0.768977,yes,High,47,management,married,university.degree,no,yes,no,cellular,jul,wed,123,1,999,0,nonexistent,-2.9,92.469,-33.6,1.029,5076.2,no
3936,0.768956,yes,High,52,admin.,married,university.degree,no,yes,no,cellular,jun,thu,352,1,999,0,nonexistent,-2.9,92.963,-40.8,1.26,5076.2,no
3937,0.768875,yes,High,24,blue-collar,single,basic.9y,no,unknown,unknown,cellular,jun,wed,192,1,999,0,nonexistent,-2.9,92.963,-40.8,1.26,5076.2,no
3938,0.768866,yes,High,38,admin.,married,university.degree,no,yes,no,cellular,jul,tue,422,1,999,0,nonexistent,-2.9,92.469,-33.6,1.044,5076.2,no
3939,0.768851,yes,High,41,management,married,basic.6y,no,no,no,cellular,sep,fri,181,1,999,0,nonexistent,-3.4,92.379,-29.8,0.803,5017.5,no
3940,0.768818,yes,High,29,admin.,single,university.degree,no,yes,no,cellular,aug,tue,307,1,999,0,nonexistent,-2.9,92.201,-31.4,0.859,5076.2,no
3941,0.768801,yes,High,36,admin.,married,university.degree,no,yes,yes,cellular,aug,thu,220,2,999,1,failure,-2.9,92.201,-31.4,0.873,5076.2,no
3942,0.768765,yes,High,59,retired,married,high.school,no,yes,no,cellular,aug,tue,85,1,999,1,failure,-2.9,92.201,-31.4,0.883,5076.2,no
3943,0.768759,yes,High,60,retired,married,basic.4y,no,no,no,cellular,oct,mon,82,1,999,0,nonexistent,-3.4,92.431,-26.9,0.739,5017.5,no
3944,0.768759,yes,High,60,retired,married,basic.4y,no,no,no,cellular,oct,mon,98,1,999,0,nonexistent,-3.4,92.431,-26.9,0.739,5017.5,yes
3945,0.768711,yes,High,20,student,single,high.school,no,yes,no,cellular,apr,thu,195,2,999,0,nonexistent,-1.8,93.075,-47.1,1.365,5099.1,no
3946,0.768704,yes,High,23,student,single,high.school,no,yes,no,cellular,apr,thu,354,3,999,0,nonexistent,-1.8,93.075,-47.1,1.365,5099.1,no
3947,0.768611,yes,High,50,management,married,university.degree,no,yes,no,telephone,oct,thu,258,1,999,1,failure,-3.4,92.431,-26.9,0.754,5017.5,no
3948,0.76852,yes,High,68,retired,married,basic.4y,no,no,no,cellular,aug,mon,110,1,999,2,failure,-2.9,92.201,-31.4,0.861,5076.2,no
3949,0.768517,yes,High,33,technician,single,basic.9y,no,no,no,cellular,sep,fri,105,2,999,0,nonexistent,-3.4,92.379,-29.8,0.741,5017.5,no
3950,0.768481,yes,High,60,retired,married,basic.4y,no,unknown,unknown,cellular,oct,fri,272,1,10,3,failure,-1.1,94.601,-49.5,0.972,4963.6,no
3951,0.768456,yes,High,28,admin.,single,university.degree,no,yes,no,cellular,oct,thu,522,2,999,0,nonexistent,-3.4,92.431,-26.9,0.74,5017.5,no
3952,0.768444,yes,High,30,student,single,university.degree,no,no,no,cellular,jul,tue,109,3,999,0,nonexistent,-2.9,92.469,-33.6,0.908,5076.2,no
3953,0.76842,yes,High,51,technician,divorced,high.school,no,no,yes,cellular,apr,thu,306,2,999,0,nonexistent,-1.8,93.075,-47.1,1.365,5099.1,yes
3954,0.768348,yes,High,28,services,single,basic.9y,no,yes,yes,cellular,jun,mon,252,5,999,0,nonexistent,-2.9,92.963,-40.8,1.281,5076.2,no
3955,0.768313,yes,High,36,technician,married,basic.9y,no,yes,no,cellular,jun,thu,390,1,999,0,nonexistent,-2.9,92.963,-40.8,1.26,5076.2,no
3956,0.768264,yes,High,57,management,married,basic.4y,no,yes,no,cellular,sep,fri,122,2,999,1,failure,-3.4,92.379,-29.8,0.773,5017.5,no
3957,0.768231,yes,High,28,self-employed,single,university.degree,no,yes,yes,cellular,jun,mon,187,2,999,0,nonexistent,-2.9,92.963,-40.8,1.266,5076.2,no
3958,0.76823,yes,High,60,housemaid,married,basic.4y,no,yes,no,cellular,jul,thu,229,1,999,0,nonexistent,-2.9,92.469,-33.6,1.072,5076.2,no
3959,0.768207,yes,High,37,blue-collar,single,professional.course,no,no,no,cellular,oct,wed,727,3,999,0,nonexistent,-3.4,92.431,-26.9,0.742,5017.5,no
3960,0.768199,yes,High,46,admin.,married,university.degree,no,yes,no,cellular,aug,thu,399,1,999,1,failure,-2.9,92.201,-31.4,0.873,5076.2,yes
3961,0.768167,yes,High,28,self-employed,single,professional.course,no,yes,no,cellular,jun,thu,207,1,999,0,nonexistent,-2.9,92.963,-40.8,1.26,5076.2,no
3962,0.768144,yes,High,32,admin.,married,university.degree,no,yes,no,cellular,apr,thu,394,1,999,0,nonexistent,-1.8,93.075,-47.1,1.365,5099.1,yes
3963,0.768077,yes,High,38,technician,single,university.degree,no,no,no,cellular,aug,mon,135,7,999,0,nonexistent,-1.7,94.027,-38.3,0.898,4991.6,no
3964,0.767944,yes,High,48,entrepreneur,married,university.degree,no,no,no,cellular,apr,thu,327,2,999,0,nonexistent,-1.8,93.075,-47.1,1.365,5099.1,yes
3965,0.767936,yes,High,28,admin.,single,high.school,no,yes,no,telephone,mar,fri,515,1,999,0,nonexistent,-1.8,92.843,-50.0,1.531,5099.1,yes
3966,0.767894,yes,High,34,admin.,single,university.degree,no,yes,no,telephone,aug,tue,205,1,999,0,nonexistent,-2.9,92.201,-31.4,0.859,5076.2,yes
3967,0.76786,yes,High,51,technician,married,professional.course,no,yes,no,cellular,aug,mon,72,2,999,1,failure,-2.9,92.201,-31.4,0.821,5076.2,no
3968,0.767853,yes,High,51,admin.,married,university.degree,no,yes,no,cellular,aug,thu,212,1,999,0,nonexistent,-2.9,92.201,-31.4,0.829,5076.2,yes
3969,0.767836,yes,High,21,student,single,high.school,no,no,no,cellular,aug,tue,259,1,999,1,failure,-2.9,92.201,-31.4,0.884,5076.2,no
3970,0.767794,yes,High,40,unemployed,married,professional.course,no,yes,no,cellular,sep,fri,155,3,999,0,nonexistent,-3.4,92.379,-29.8,0.773,5017.5,no
3971,0.767746,yes,High,61,retired,married,basic.4y,no,yes,yes,cellular,aug,fri,69,1,999,1,failure,-2.9,92.201,-31.4,0.849,5076.2,no
3972,0.767729,yes,High,29,admin.,single,university.degree,no,yes,no,cellular,jun,wed,147,1,999,2,failure,-1.7,94.055,-39.8,0.704,4991.6,no
3973,0.767571,yes,High,35,admin.,single,university.degree,no,yes,no,telephone,aug,thu,338,1,999,0,nonexistent,-2.9,92.201,-31.4,0.883,5076.2,yes
3974,0.767515,yes,High,34,services,single,high.school,no,no,yes,cellular,jun,tue,92,1,999,0,nonexistent,-2.9,92.963,-40.8,1.262,5076.2,no
3975,0.767507,yes,High,71,retired,married,basic.9y,no,no,no,cellular,oct,fri,131,2,999,0,nonexistent,-3.4,92.431,-26.9,0.752,5017.5,no
3976,0.767449,yes,High,32,self-employed,single,university.degree,no,no,no,cellular,jul,thu,276,2,999,0,nonexistent,-2.9,92.469,-33.6,1.072,5076.2,yes
3977,0.767438,yes,High,30,admin.,single,university.degree,no,yes,yes,telephone,apr,thu,874,2,999,0,nonexistent,-1.8,93.075,-47.1,1.365,5099.1,yes
3978,0.767431,yes,High,44,technician,married,high.school,no,yes,yes,cellular,oct,mon,159,2,999,1,failure,-1.1,94.601,-49.5,1.0,4963.6,no
3979,0.767412,yes,High,43,admin.,married,university.degree,no,yes,no,cellular,apr,thu,114,2,999,0,nonexistent,-1.8,93.075,-47.1,1.365,5099.1,no
3980,0.767408,yes,High,23,admin.,single,university.degree,no,no,no,cellular,apr,wed,341,2,999,0,nonexistent,-1.8,93.075,-47.1,1.405,5099.1,yes
3981,0.76739,yes,High,19,student,single,unknown,no,yes,no,cellular,apr,mon,438,1,999,0,nonexistent,-1.8,93.075,-47.1,1.405,5099.1,yes
3982,0.767376,yes,High,53,admin.,married,university.degree,no,no,no,cellular,aug,fri,139,1,999,0,nonexistent,-2.9,92.201,-31.4,0.849,5076.2,no
3983,0.767375,yes,High,34,technician,single,professional.course,no,yes,no,cellular,apr,thu,313,1,999,0,nonexistent,-1.8,93.075,-47.1,1.365,5099.1,yes
3984,0.76729,yes,High,40,unemployed,married,professional.course,no,no,yes,telephone,sep,fri,91,1,999,0,nonexistent,-3.4,92.379,-29.8,0.773,5017.5,yes
3985,0.767222,yes,High,39,admin.,married,university.degree,no,no,no,cellular,jun,mon,208,1,999,0,nonexistent,-2.9,92.963,-40.8,1.215,5076.2,no
3986,0.76717,yes,High,50,unemployed,married,high.school,no,no,no,telephone,may,tue,353,3,999,0,nonexistent,-1.8,93.876,-40.0,0.688,5008.7,yes
3987,0.767112,yes,High,39,blue-collar,married,basic.9y,no,no,no,cellular,aug,wed,394,1,999,0,nonexistent,-2.9,92.201,-31.4,0.884,5076.2,yes
3988,0.767052,yes,High,34,unknown,single,university.degree,no,yes,no,telephone,oct,wed,182,2,999,0,nonexistent,-3.4,92.431,-26.9,0.724,5017.5,no
3989,0.767052,yes,High,40,services,married,high.school,unknown,no,no,cellular,jun,wed,157,1,999,0,nonexistent,-2.9,92.963,-40.8,1.26,5076.2,no
3990,0.766982,yes,High,41,technician,divorced,professional.course,no,yes,no,cellular,apr,thu,811,2,999,0,nonexistent,-1.8,93.075,-47.1,1.365,5099.1,yes
3991,0.766969,yes,High,24,student,single,unknown,no,yes,no,cellular,sep,wed,222,1,17,4,failure,-1.1,94.199,-37.5,0.886,4963.6,no
3992,0.766951,yes,High,23,student,single,high.school,no,no,no,cellular,aug,mon,80,1,999,0,nonexistent,-2.9,92.201,-31.4,0.861,5076.2,no
3993,0.766951,yes,High,23,student,single,high.school,no,no,no,cellular,aug,mon,123,1,999,0,nonexistent,-2.9,92.201,-31.4,0.861,5076.2,no
3994,0.766947,yes,High,51,admin.,married,university.degree,no,yes,yes,cellular,mar,fri,201,3,999,1,failure,-1.8,93.369,-34.8,0.636,5008.7,no
3995,0.766937,yes,High,26,technician,single,university.degree,no,yes,yes,cellular,aug,wed,65,1,999,0,nonexistent,-2.9,92.201,-31.4,0.854,5076.2,no
3996,0.766916,yes,High,33,admin.,married,university.degree,no,yes,no,cellular,may,fri,101,2,999,3,failure,-1.8,93.876,-40.0,0.699,5008.7,no
3997,0.766865,yes,High,70,housemaid,divorced,basic.4y,no,no,no,cellular,sep,tue,213,1,999,1,failure,-3.4,92.379,-29.8,0.75,5017.5,no
3998,0.766841,yes,High,29,admin.,married,university.degree,no,yes,no,cellular,dec,mon,116,2,999,1,failure,-3.0,92.713,-33.0,0.709,5023.5,no
3999,0.766834,yes,High,56,entrepreneur,married,university.degree,no,no,no,cellular,apr,thu,24,1,999,0,nonexistent,-1.8,93.075,-47.1,1.365,5099.1,no
4000,0.766834,yes,High,56,entrepreneur,married,university.degree,no,no,no,cellular,apr,thu,99,1,999,0,nonexistent,-1.8,93.075,-47.1,1.365,5099.1,no
4001,0.766834,yes,High,56,entrepreneur,married,university.degree,no,no,no,cellular,apr,thu,204,1,999,0,nonexistent,-1.8,93.075,-47.1,1.365,5099.1,no
4002,0.766834,yes,High,56,entrepreneur,married,university.degree,no,no,no,cellular,apr,thu,85,1,999,0,nonexistent,-1.8,93.075,-47.1,1.365,5099.1,no
4003,0.766749,yes,High,30,services,single,high.school,no,no,no,cellular,aug,mon,366,2,999,0,nonexistent,-2.9,92.201,-31.4,0.861,5076.2,no
4004,0.766684,yes,High,60,admin.,married,high.school,no,no,no,cellular,oct,tue,604,1,999,1,failure,-1.1,94.601,-49.5,1.037,4963.6,yes
4005,0.766632,yes,High,56,retired,married,university.degree,no,yes,no,cellular,nov,wed,156,1,999,0,nonexistent,-3.4,92.649,-30.1,0.719,5017.5,no
4006,0.766538,yes,High,37,blue-collar,married,basic.6y,no,yes,yes,cellular,mar,thu,73,2,999,0,nonexistent,-1.8,92.843,-50.0,1.538,5099.1,no
4007,0.766485,yes,High,43,services,divorced,basic.6y,no,yes,no,cellular,aug,wed,40,3,999,0,nonexistent,-2.9,92.201,-31.4,0.884,5076.2,no
4008,0.76648,yes,High,81,retired,divorced,high.school,no,no,no,cellular,jun,tue,279,1,999,4,failure,-1.7,94.055,-39.8,0.761,4991.6,no
4009,0.766416,yes,High,27,technician,single,university.degree,no,yes,no,cellular,oct,wed,184,1,999,1,failure,-1.1,94.601,-49.5,1.043,4963.6,yes
4010,0.766398,yes,High,31,admin.,single,high.school,no,yes,yes,cellular,apr,thu,398,1,999,0,nonexistent,-1.8,93.075,-47.1,1.365,5099.1,no
4011,0.766364,yes,High,48,technician,married,high.school,no,yes,no,cellular,aug,mon,711,1,999,0,nonexistent,-2.9,92.201,-31.4,0.861,5076.2,yes
4012,0.766362,yes,High,28,technician,single,university.degree,no,no,yes,cellular,apr,fri,97,1,999,1,failure,-1.8,93.749,-34.6,0.663,5008.7,no
4013,0.76633,yes,High,61,admin.,married,university.degree,no,no,no,cellular,dec,mon,263,1,999,1,failure,-3.0,92.713,-33.0,0.715,5023.5,no
4014,0.766327,yes,High,33,admin.,single,university.degree,no,unknown,unknown,cellular,jun,thu,101,3,999,0,nonexistent,-2.9,92.963,-40.8,1.26,5076.2,no
4015,0.766264,yes,High,40,admin.,married,university.degree,no,no,no,cellular,aug,wed,397,2,999,1,failure,-2.9,92.201,-31.4,0.884,5076.2,no
4016,0.766201,yes,High,52,admin.,married,university.degree,no,yes,no,telephone,mar,tue,294,1,999,1,failure,-1.8,93.369,-34.8,0.646,5008.7,no
4017,0.766175,yes,High,37,admin.,married,high.school,no,yes,yes,cellular,jun,tue,123,2,999,0,nonexistent,-2.9,92.963,-40.8,1.262,5076.2,no
4018,0.766102,yes,High,32,admin.,married,high.school,no,yes,no,cellular,sep,mon,156,2,999,1,failure,-1.1,94.199,-37.5,0.879,4963.6,no
4019,0.766078,yes,High,32,technician,married,university.degree,no,no,yes,cellular,aug,thu,975,4,999,0,nonexistent,-2.9,92.201,-31.4,0.883,5076.2,yes
4020,0.76605,yes,High,59,retired,married,unknown,no,unknown,unknown,cellular,aug,wed,177,1,999,0,nonexistent,-2.9,92.201,-31.4,0.884,5076.2,no
4021,0.766044,yes,High,39,blue-collar,married,basic.9y,no,yes,no,cellular,jun,tue,250,1,999,0,nonexistent,-2.9,92.963,-40.8,1.252,5076.2,no
4022,0.765993,yes,High,41,technician,divorced,professional.course,no,yes,no,cellular,apr,thu,834,1,999,0,nonexistent,-1.8,93.075,-47.1,1.365,5099.1,yes
4023,0.765979,yes,High,29,technician,married,professional.course,no,no,no,cellular,jul,thu,86,2,999,1,failure,-2.9,92.469,-33.6,1.072,5076.2,no
4024,0.765955,yes,High,44,technician,married,professional.course,no,yes,no,cellular,jul,wed,188,2,999,0,nonexistent,-2.9,92.469,-33.6,1.029,5076.2,no
4025,0.765926,yes,High,33,admin.,married,university.degree,no,no,no,cellular,apr,thu,179,1,999,0,nonexistent,-1.8,93.075,-47.1,1.365,5099.1,no
4026,0.765895,yes,High,44,management,married,university.degree,no,no,no,cellular,aug,tue,175,2,999,2,failure,-2.9,92.201,-31.4,0.883,5076.2,yes
4027,0.765813,yes,High,43,admin.,married,university.degree,no,yes,yes,cellular,jun,tue,146,2,999,0,nonexistent,-2.9,92.963,-40.8,1.262,5076.2,no
4028,0.765801,yes,High,51,technician,married,professional.course,no,no,no,cellular,nov,wed,272,1,999,0,nonexistent,-3.4,92.649,-30.1,0.719,5017.5,no
4029,0.765666,yes,High,35,technician,married,university.degree,no,yes,no,cellular,oct,wed,68,1,999,0,nonexistent,-3.4,92.431,-26.9,0.742,5017.5,no
4030,0.765662,yes,High,38,admin.,married,high.school,no,yes,yes,telephone,jul,wed,64,3,999,0,nonexistent,-2.9,92.469,-33.6,1.029,5076.2,no
4031,0.76559,yes,High,35,management,married,university.degree,no,yes,no,cellular,jun,tue,66,1,999,0,nonexistent,-2.9,92.963,-40.8,1.252,5076.2,no
4032,0.765587,yes,High,70,retired,married,high.school,no,yes,no,cellular,aug,tue,162,1,999,0,nonexistent,-2.9,92.201,-31.4,0.883,5076.2,no
4033,0.76549,yes,High,31,technician,married,professional.course,no,yes,no,cellular,sep,fri,90,4,999,0,nonexistent,-3.4,92.379,-29.8,0.773,5017.5,no
4034,0.765488,yes,High,71,retired,married,unknown,no,yes,no,cellular,sep,fri,658,4,999,0,nonexistent,-3.4,92.379,-29.8,0.773,5017.5,yes
4035,0.765473,yes,High,53,admin.,married,university.degree,no,yes,no,cellular,aug,mon,267,1,999,1,failure,-2.9,92.201,-31.4,0.821,5076.2,yes
4036,0.765368,yes,High,63,technician,married,unknown,no,yes,no,cellular,aug,tue,279,1,999,1,failure,-2.9,92.201,-31.4,0.838,5076.2,no
4037,0.765359,yes,High,45,admin.,married,university.degree,no,yes,no,telephone,jul,thu,58,3,999,0,nonexistent,-2.9,92.469,-33.6,0.969,5076.2,no
4038,0.765324,yes,High,62,admin.,married,university.degree,no,yes,yes,cellular,aug,fri,64,1,999,0,nonexistent,-2.9,92.201,-31.4,0.849,5076.2,no
4039,0.765306,yes,High,37,services,married,high.school,no,yes,no,cellular,jul,mon,91,2,999,0,nonexistent,-2.9,92.469,-33.6,0.944,5076.2,no
4040,0.7653,yes,High,34,admin.,married,university.degree,no,no,no,cellular,apr,thu,279,1,999,0,nonexistent,-1.8,93.075,-47.1,1.365,5099.1,no
4041,0.765298,yes,High,56,management,divorced,unknown,no,yes,no,cellular,nov,thu,893,7,999,0,nonexistent,-3.4,92.649,-30.1,0.714,5017.5,yes
4042,0.765265,yes,High,19,student,single,unknown,no,yes,no,telephone,apr,tue,396,3,999,0,nonexistent,-1.8,93.075,-47.1,1.405,5099.1,yes
4043,0.765238,yes,High,27,admin.,single,university.degree,no,yes,no,cellular,aug,tue,168,1,999,0,nonexistent,-2.9,92.201,-31.4,0.883,5076.2,no
4044,0.765238,yes,High,40,blue-collar,married,professional.course,no,no,no,telephone,dec,thu,237,1,999,0,nonexistent,-3.0,92.713,-33.0,0.72,5023.5,no
4045,0.765167,yes,High,24,technician,single,professional.course,no,yes,no,telephone,mar,thu,165,3,999,0,nonexistent,-1.8,93.369,-34.8,0.643,5008.7,no
4046,0.765143,yes,High,33,management,single,university.degree,no,no,no,cellular,apr,tue,113,3,999,1,failure,-1.8,93.749,-34.6,0.644,5008.7,no
4047,0.765102,yes,High,38,admin.,married,high.school,no,yes,no,cellular,oct,wed,108,1,999,0,nonexistent,-3.4,92.431,-26.9,0.742,5017.5,no
4048,0.765019,yes,High,44,admin.,married,university.degree,no,no,no,cellular,apr,thu,109,1,999,0,nonexistent,-1.8,93.075,-47.1,1.365,5099.1,no
4049,0.764999,yes,High,28,student,single,unknown,no,yes,no,cellular,aug,thu,111,1,999,1,failure,-2.9,92.201,-31.4,0.883,5076.2,no
4050,0.764984,yes,High,52,admin.,divorced,university.degree,no,yes,no,cellular,nov,tue,551,1,999,3,failure,-3.4,92.649,-30.1,0.72,5017.5,no
4051,0.764925,yes,High,41,admin.,married,high.school,no,no,no,cellular,aug,tue,151,1,999,0,nonexistent,-2.9,92.201,-31.4,0.884,5076.2,no
4052,0.764804,yes,High,64,retired,married,high.school,no,yes,no,cellular,nov,mon,79,4,999,2,failure,-3.4,92.649,-30.1,0.714,5017.5,no
4053,0.764757,yes,High,65,retired,married,high.school,no,no,no,cellular,aug,mon,80,1,999,1,failure,-2.9,92.201,-31.4,0.861,5076.2,no
4054,0.764744,yes,High,63,management,married,unknown,no,yes,no,cellular,sep,fri,156,2,999,2,failure,-3.4,92.379,-29.8,0.803,5017.5,no
4055,0.764706,yes,High,38,student,single,unknown,no,yes,yes,cellular,aug,tue,158,2,999,0,nonexistent,-2.9,92.201,-31.4,0.838,5076.2,no
4056,0.764701,yes,High,71,retired,married,basic.9y,no,no,no,cellular,oct,wed,237,1,999,0,nonexistent,-3.4,92.431,-26.9,0.742,5017.5,no
4057,0.764692,yes,High,29,admin.,married,university.degree,no,no,no,cellular,dec,mon,77,3,999,1,failure,-3.0,92.713,-33.0,0.709,5023.5,no
4058,0.764663,yes,High,56,unknown,married,basic.4y,no,yes,no,cellular,oct,tue,172,1,999,0,nonexistent,-3.4,92.431,-26.9,0.744,5017.5,no
4059,0.764615,yes,High,44,self-employed,divorced,professional.course,no,yes,yes,cellular,jun,thu,134,1,999,1,failure,-1.7,94.055,-39.8,0.742,4991.6,no
4060,0.764609,yes,High,40,unemployed,married,basic.9y,no,no,no,cellular,jun,mon,143,3,999,1,failure,-2.9,92.963,-40.8,1.26,5076.2,no
4061,0.764563,yes,High,58,unemployed,divorced,basic.9y,no,yes,no,telephone,oct,wed,509,1,999,0,nonexistent,-3.4,92.431,-26.9,0.724,5017.5,yes
4062,0.764555,yes,High,39,student,single,unknown,no,yes,no,cellular,jun,fri,474,3,999,0,nonexistent,-2.9,92.963,-40.8,1.224,5076.2,yes
4063,0.764528,yes,High,74,retired,divorced,basic.4y,no,yes,no,cellular,oct,mon,180,2,999,0,nonexistent,-1.1,94.601,-49.5,1.0,4963.6,no
4064,0.764523,yes,High,48,entrepreneur,married,university.degree,no,no,no,cellular,apr,thu,619,1,999,0,nonexistent,-1.8,93.075,-47.1,1.365,5099.1,yes
4065,0.764439,yes,High,60,technician,married,university.degree,no,yes,no,telephone,mar,mon,10,1,999,0,nonexistent,-1.8,93.369,-34.8,0.655,5008.7,no
4066,0.764419,yes,High,38,admin.,married,high.school,no,yes,yes,cellular,apr,thu,390,1,999,0,nonexistent,-1.8,93.075,-47.1,1.365,5099.1,yes
4067,0.764384,yes,High,38,technician,divorced,professional.course,no,no,yes,cellular,oct,tue,135,1,999,2,failure,-3.4,92.431,-26.9,0.742,5017.5,no
4068,0.764365,yes,High,48,unemployed,married,university.degree,no,no,yes,cellular,mar,mon,151,1,999,1,failure,-1.8,93.369,-34.8,0.646,5008.7,no
4069,0.764365,yes,High,56,admin.,married,high.school,no,no,no,cellular,sep,thu,276,1,999,0,nonexistent,-3.4,92.379,-29.8,0.778,5017.5,no
4070,0.764352,yes,High,38,technician,married,university.degree,no,yes,yes,cellular,mar,tue,113,1,999,1,failure,-1.8,92.843,-50.0,1.687,5099.1,no
4071,0.764321,yes,High,29,admin.,single,university.degree,no,yes,no,cellular,oct,mon,99,2,999,1,failure,-3.4,92.431,-26.9,0.731,5017.5,no
4072,0.764269,yes,High,48,services,married,high.school,no,yes,yes,cellular,jun,tue,217,3,999,0,nonexistent,-2.9,92.963,-40.8,1.286,5076.2,no
4073,0.764249,yes,High,70,housemaid,married,basic.4y,no,no,no,cellular,mar,thu,91,1,999,1,failure,-1.8,92.843,-50.0,1.538,5099.1,no
4074,0.764249,yes,High,47,admin.,married,high.school,no,yes,no,cellular,oct,fri,437,1,999,1,failure,-1.1,94.601,-49.5,0.972,4963.6,yes
4075,0.764217,yes,High,29,admin.,single,university.degree,no,no,no,cellular,may,tue,85,1,999,2,failure,-1.8,93.876,-40.0,0.668,5008.7,no
4076,0.764133,yes,High,33,housemaid,married,university.degree,no,no,no,cellular,jun,tue,224,1,999,0,nonexistent,-2.9,92.963,-40.8,1.099,5076.2,yes
4077,0.764126,yes,High,60,retired,married,basic.6y,no,unknown,unknown,cellular,jun,fri,110,2,999,0,nonexistent,-2.9,92.963,-40.8,1.268,5076.2,no
4078,0.764043,yes,High,28,management,single,university.degree,no,no,no,cellular,sep,fri,133,4,999,1,failure,-1.1,94.199,-37.5,0.879,4963.6,no
4079,0.764039,yes,High,70,retired,married,university.degree,no,yes,no,cellular,oct,mon,837,2,999,1,failure,-3.4,92.431,-26.9,0.743,5017.5,no
4080,0.764027,yes,High,61,blue-collar,married,high.school,no,no,no,cellular,oct,wed,108,1,999,0,nonexistent,-3.4,92.431,-26.9,0.724,5017.5,no
4081,0.764001,yes,High,39,technician,married,basic.9y,no,no,no,cellular,sep,fri,171,2,999,1,failure,-3.4,92.379,-29.8,0.803,5017.5,no
4082,0.763996,yes,High,33,technician,single,university.degree,no,yes,no,cellular,jul,thu,359,2,999,0,nonexistent,-2.9,92.469,-33.6,1.018,5076.2,no
4083,0.763994,yes,High,44,admin.,married,university.degree,no,yes,no,cellular,aug,wed,113,1,999,0,nonexistent,-2.9,92.201,-31.4,0.879,5076.2,no
4084,0.763976,yes,High,88,retired,divorced,basic.4y,no,yes,no,cellular,aug,thu,402,2,999,0,nonexistent,-2.9,92.201,-31.4,0.873,5076.2,no
4085,0.763963,yes,High,53,admin.,married,high.school,no,no,no,cellular,jul,tue,964,1,999,1,failure,-2.9,92.469,-33.6,1.044,5076.2,yes
4086,0.763921,yes,High,58,retired,married,university.degree,no,yes,no,cellular,aug,fri,92,1,999,0,nonexistent,-2.9,92.201,-31.4,0.849,5076.2,no
4087,0.763905,yes,High,48,management,married,university.degree,no,yes,no,cellular,dec,fri,377,5,999,1,failure,-3.0,92.713,-33.0,0.718,5023.5,no
4088,0.763816,yes,High,64,retired,married,basic.4y,no,unknown,unknown,telephone,dec,wed,137,8,999,0,nonexistent,-3.0,92.713,-33.0,0.715,5023.5,no
4089,0.763807,yes,High,35,technician,single,university.degree,no,yes,no,cellular,aug,tue,113,3,999,0,nonexistent,-2.9,92.201,-31.4,0.883,5076.2,no
4090,0.763758,yes,High,34,technician,married,professional.course,no,yes,no,cellular,apr,thu,258,2,999,0,nonexistent,-1.8,93.075,-47.1,1.365,5099.1,no
4091,0.763716,yes,High,63,retired,married,high.school,no,yes,no,cellular,oct,wed,323,1,999,0,nonexistent,-3.4,92.431,-26.9,0.74,5017.5,no
4092,0.763659,yes,High,31,admin.,single,high.school,no,yes,no,cellular,apr,thu,119,1,999,0,nonexistent,-1.8,93.075,-47.1,1.365,5099.1,no
4093,0.763611,yes,High,31,admin.,single,high.school,no,no,no,telephone,nov,fri,53,3,999,1,failure,-3.4,92.649,-30.1,0.714,5017.5,no
4094,0.763609,yes,High,46,management,married,university.degree,no,unknown,unknown,cellular,oct,mon,83,2,12,2,failure,-1.1,94.601,-49.5,1.032,4963.6,no
4095,0.763532,yes,High,31,technician,married,university.degree,no,no,no,cellular,jul,tue,404,1,999,0,nonexistent,-2.9,92.469,-33.6,1.044,5076.2,no
4096,0.763529,yes,High,35,unemployed,married,professional.course,no,yes,yes,cellular,dec,thu,62,3,999,1,failure,-3.0,92.713,-33.0,0.707,5023.5,no
4097,0.763504,yes,High,29,admin.,single,university.degree,no,yes,no,cellular,oct,thu,99,1,999,0,nonexistent,-3.4,92.431,-26.9,0.754,5017.5,no
4098,0.763491,yes,High,66,retired,unknown,basic.9y,no,yes,no,cellular,aug,wed,340,2,999,0,nonexistent,-2.9,92.201,-31.4,0.879,5076.2,no
4099,0.763484,yes,High,32,self-employed,single,university.degree,no,yes,no,cellular,apr,thu,441,2,999,0,nonexistent,-1.8,93.075,-47.1,1.365,5099.1,no
4100,0.763462,yes,High,46,unknown,married,unknown,no,no,yes,cellular,aug,wed,299,2,999,0,nonexistent,-2.9,92.201,-31.4,0.884,5076.2,no
4101,0.763449,yes,High,59,admin.,married,university.degree,unknown,yes,no,cellular,jun,fri,1543,1,999,0,nonexistent,-2.9,92.963,-40.8,1.268,5076.2,yes
4102,0.763417,yes,High,33,blue-collar,divorced,unknown,no,no,no,cellular,jun,mon,84,5,999,0,nonexistent,-2.9,92.963,-40.8,1.26,5076.2,no
4103,0.763375,yes,High,69,retired,married,high.school,no,yes,no,cellular,aug,tue,151,1,999,0,nonexistent,-2.9,92.201,-31.4,0.883,5076.2,no
4104,0.763356,yes,High,27,technician,single,professional.course,no,no,no,cellular,apr,tue,127,3,999,1,failure,-1.8,93.749,-34.6,0.638,5008.7,no
4105,0.763314,yes,High,36,admin.,married,university.degree,no,yes,no,cellular,sep,tue,127,1,999,2,failure,-1.1,94.199,-37.5,0.881,4963.6,no
4106,0.763299,yes,High,32,self-employed,married,professional.course,no,no,yes,cellular,oct,fri,55,2,999,0,nonexistent,-3.4,92.431,-26.9,0.739,5017.5,no
4107,0.763253,yes,High,35,admin.,married,university.degree,no,yes,no,telephone,jul,fri,304,1,999,2,failure,-1.7,94.215,-40.3,0.896,4991.6,yes
4108,0.763183,yes,High,48,technician,married,high.school,no,yes,no,cellular,jun,tue,115,1,999,0,nonexistent,-2.9,92.963,-40.8,1.262,5076.2,no
4109,0.763156,yes,High,31,admin.,single,high.school,no,yes,no,cellular,jul,wed,167,1,999,1,failure,-2.9,92.469,-33.6,1.029,5076.2,yes
4110,0.763129,yes,High,32,student,married,professional.course,no,yes,no,cellular,aug,mon,540,2,999,0,nonexistent,-2.9,92.201,-31.4,0.884,5076.2,no
4111,0.763117,yes,High,31,self-employed,single,university.degree,no,yes,no,cellular,apr,thu,383,1,999,0,nonexistent,-1.8,93.075,-47.1,1.365,5099.1,yes
4112,0.763099,yes,High,51,management,married,university.degree,no,yes,no,cellular,aug,tue,138,1,999,0,nonexistent,-2.9,92.201,-31.4,0.884,5076.2,no
4113,0.763099,yes,High,51,management,married,university.degree,no,yes,no,cellular,aug,tue,249,1,999,0,nonexistent,-2.9,92.201,-31.4,0.884,5076.2,yes
4114,0.762922,yes,High,32,services,married,high.school,no,no,no,cellular,may,tue,863,4,1,2,success,-1.8,92.893,-46.2,1.291,5099.1,yes
4115,0.762898,yes,High,30,student,single,high.school,no,yes,no,cellular,oct,tue,196,1,17,2,failure,-1.1,94.601,-49.5,1.037,4963.6,no
4116,0.762857,yes,High,28,admin.,married,university.degree,no,yes,no,cellular,aug,mon,226,3,999,1,failure,-1.7,94.027,-38.3,0.898,4991.6,no
4117,0.762774,yes,High,33,admin.,married,university.degree,no,no,yes,telephone,mar,thu,78,2,999,1,failure,-1.8,93.369,-34.8,0.65,5008.7,no
4118,0.762743,yes,High,29,admin.,single,university.degree,no,yes,no,cellular,sep,wed,307,2,999,1,failure,-3.4,92.379,-29.8,0.781,5017.5,no
4119,0.762697,yes,High,54,admin.,married,university.degree,no,yes,yes,cellular,aug,fri,204,1,999,1,failure,-2.9,92.201,-31.4,0.849,5076.2,yes
