age,job,marital,education,default,housing,loan,contact,month,day_of_week,campaign,pdays,previous,poutcome,emp.var.rate,cons.price.idx,cons.conf.idx,euribor3m,nr.employed,y,subscription_probability,predicted_subscription,campaign_priority,customer_rank
66,admin.,divorced,university.degree,no,yes,no,cellular,aug,wed,3,6,2,success,-1.7,94.027,-38.3,0.903,4991.6,1,0.9844014996397477,yes,High,1
37,admin.,married,university.degree,no,no,no,cellular,sep,wed,2,6,2,success,-1.1,94.199,-37.5,0.886,4963.6,1,0.9819649153317397,yes,High,2
48,unemployed,married,professional.course,no,yes,no,cellular,may,wed,1,6,2,success,-1.8,93.876,-40.0,0.682,5008.7,1,0.981211567537916,yes,High,3
76,retired,married,basic.4y,no,yes,no,cellular,may,fri,2,6,2,success,-1.8,93.876,-40.0,0.684,5008.7,1,0.9799336863869328,yes,High,4
33,admin.,married,university.degree,no,yes,no,cellular,aug,thu,1,3,3,success,-1.7,94.027,-38.3,0.899,4991.6,1,0.9797928688291337,yes,High,5
64,retired,married,university.degree,no,no,no,cellular,mar,fri,1,3,2,success,-1.8,93.369,-34.8,0.653,5008.7,0,0.979718797231389,yes,High,6
52,management,married,university.degree,no,yes,no,cellular,may,fri,3,3,3,success,-1.8,93.876,-40.0,0.684,5008.7,1,0.9794914908589878,yes,High,7
92,retired,married,unknown,no,yes,no,cellular,may,thu,1,6,2,success,-1.8,93.876,-40.0,0.683,5008.7,0,0.9788151866642475,yes,High,8
34,admin.,single,university.degree,no,no,no,cellular,mar,tue,1,6,1,success,-1.8,93.369,-34.8,0.652,5008.7,1,0.9785577665078279,yes,High,9
70,retired,divorced,basic.4y,no,no,no,cellular,jul,thu,2,6,2,success,-1.7,94.215,-40.3,0.846,4991.6,1,0.977444484120183,yes,High,10
59,retired,married,professional.course,no,yes,no,cellular,aug,fri,2,3,2,success,-1.7,94.027,-38.3,0.905,4991.6,1,0.976246601928108,yes,High,11
78,retired,divorced,basic.4y,no,yes,no,cellular,may,fri,2,7,2,success,-1.8,93.876,-40.0,0.682,5008.7,0,0.9758753283596461,yes,High,12
50,admin.,single,university.degree,no,no,no,cellular,aug,tue,1,6,2,success,-1.7,94.027,-38.3,0.904,4991.6,1,0.9757827700468759,yes,High,13
60,retired,married,university.degree,no,no,no,cellular,sep,thu,2,6,1,success,-1.1,94.199,-37.5,0.884,4963.6,1,0.9751666743627903,yes,High,14
41,unemployed,married,high.school,no,yes,yes,cellular,sep,wed,1,6,1,success,-1.1,94.199,-37.5,0.879,4963.6,1,0.9750678940844624,yes,High,15
29,admin.,single,high.school,no,yes,no,cellular,sep,thu,1,6,2,success,-1.1,94.199,-37.5,0.879,4963.6,1,0.9745064319355531,yes,High,16
78,retired,married,unknown,no,no,no,cellular,mar,thu,1,6,2,success,-1.8,93.369,-34.8,0.635,5008.7,1,0.9740837062171861,yes,High,17
40,technician,married,professional.course,no,yes,no,cellular,may,wed,1,3,4,success,-1.8,93.876,-40.0,0.682,5008.7,1,0.9737541715569268,yes,High,18
47,management,married,university.degree,no,yes,no,cellular,aug,mon,3,3,2,success,-1.7,94.027,-38.3,0.904,4991.6,0,0.9731027092611866,yes,High,19
92,retired,married,unknown,no,no,yes,cellular,aug,wed,1,3,4,success,-1.7,94.027,-38.3,0.903,4991.6,1,0.9726075741630699,yes,High,20
27,student,single,university.degree,no,no,no,cellular,aug,wed,1,3,3,success,-1.7,94.027,-38.3,0.9,4991.6,1,0.9715035551868004,yes,High,21
26,admin.,single,high.school,no,no,no,cellular,mar,tue,2,6,1,success,-1.8,93.369,-34.8,0.652,5008.7,1,0.9714533022733635,yes,High,22
83,retired,divorced,basic.4y,no,no,no,cellular,sep,thu,1,9,3,success,-1.1,94.199,-37.5,0.879,4963.6,1,0.9713273209359972,yes,High,23
92,retired,married,unknown,no,no,yes,cellular,aug,tue,1,3,1,success,-1.7,94.027,-38.3,0.904,4991.6,1,0.9712007339224831,yes,High,24
42,technician,married,professional.course,no,no,no,cellular,aug,thu,1,6,2,success,-1.7,94.027,-38.3,0.899,4991.6,1,0.9710885495040243,yes,High,25
68,retired,divorced,high.school,no,yes,yes,cellular,jul,wed,1,3,1,success,-1.7,94.215,-40.3,0.896,4991.6,1,0.971060718039505,yes,High,26
33,admin.,married,university.degree,no,yes,no,cellular,may,mon,1,3,2,success,-1.8,93.876,-40.0,0.685,5008.7,1,0.9705143038086202,yes,High,27
52,technician,married,university.degree,no,no,no,cellular,may,thu,1,3,4,success,-1.8,93.876,-40.0,0.677,5008.7,1,0.9702823966399552,yes,High,28
48,admin.,married,university.degree,no,yes,yes,cellular,aug,wed,1,0,3,success,-1.7,94.027,-38.3,0.9,4991.6,1,0.9699686140813653,yes,High,29
58,blue-collar,married,basic.4y,no,yes,no,cellular,aug,wed,1,3,1,success,-1.7,94.027,-38.3,0.9,4991.6,1,0.9697043263259121,yes,High,30
52,admin.,married,university.degree,no,no,no,cellular,may,thu,1,3,2,success,-1.8,93.876,-40.0,0.677,5008.7,1,0.9682952770147485,yes,High,31
52,management,married,university.degree,no,no,no,cellular,may,fri,2,9,1,success,-1.8,93.876,-40.0,0.684,5008.7,1,0.9675079568879189,yes,High,32
23,student,single,professional.course,no,yes,no,cellular,sep,wed,1,8,2,success,-1.1,94.199,-37.5,0.876,4963.6,1,0.9673102100911057,yes,High,33
37,admin.,single,high.school,no,no,no,cellular,mar,wed,2,4,2,success,-1.8,93.369,-34.8,0.655,5008.7,1,0.9670498103487498,yes,High,34
32,admin.,single,university.degree,no,yes,no,cellular,jul,thu,2,6,1,success,-1.7,94.215,-40.3,0.846,4991.6,0,0.9662685262097739,yes,High,35
21,student,single,basic.9y,no,no,no,cellular,mar,wed,1,6,1,success,-1.8,93.369,-34.8,0.655,5008.7,1,0.9660174170522947,yes,High,36
24,student,single,high.school,no,yes,yes,cellular,sep,wed,2,6,2,success,-1.1,94.199,-37.5,0.876,4963.6,1,0.9659626837741371,yes,High,37
80,retired,divorced,basic.4y,no,yes,yes,cellular,apr,thu,1,10,2,success,-1.8,93.749,-34.6,0.644,5008.7,1,0.9647351635372274,yes,High,38
48,admin.,divorced,high.school,no,no,no,cellular,jun,wed,1,6,1,success,-1.7,94.055,-39.8,0.704,4991.6,1,0.9635117247971249,yes,High,39
36,admin.,single,university.degree,no,no,no,cellular,jun,wed,1,7,1,success,-1.7,94.055,-39.8,0.739,4991.6,1,0.963453693829421,yes,High,40
34,admin.,single,university.degree,no,no,no,cellular,nov,thu,1,7,2,success,-3.4,92.649,-30.1,0.714,5017.5,1,0.9628349555840827,yes,High,41
37,unemployed,single,university.degree,no,yes,no,cellular,jun,thu,2,6,1,success,-1.7,94.055,-39.8,0.742,4991.6,0,0.9627589205433493,yes,High,42
33,admin.,married,university.degree,no,yes,no,cellular,nov,tue,2,3,1,success,-3.4,92.649,-30.1,0.715,5017.5,1,0.9626636059054338,yes,High,43
44,services,divorced,basic.6y,no,yes,no,cellular,aug,wed,3,0,1,success,-1.7,94.027,-38.3,0.9,4991.6,1,0.9626515173762544,yes,High,44
33,admin.,married,university.degree,no,yes,no,cellular,nov,tue,2,3,3,success,-3.4,92.649,-30.1,0.715,5017.5,1,0.9626133423853173,yes,High,45
30,admin.,single,university.degree,no,no,no,cellular,jul,tue,1,3,2,success,-1.7,94.215,-40.3,0.797,4991.6,0,0.961988372729363,yes,High,46
30,technician,single,professional.course,no,no,no,cellular,sep,tue,1,6,1,success,-1.1,94.199,-37.5,0.877,4963.6,0,0.9617899139542667,yes,High,47
20,student,single,unknown,no,no,no,cellular,may,tue,2,3,5,success,-1.8,93.876,-40.0,0.697,5008.7,1,0.9615815532630734,yes,High,48
38,admin.,married,university.degree,no,yes,no,cellular,nov,tue,1,3,3,success,-3.4,92.649,-30.1,0.715,5017.5,1,0.9612862114769319,yes,High,49
32,admin.,single,university.degree,no,yes,no,cellular,jul,thu,2,15,1,success,-1.7,94.215,-40.3,0.846,4991.6,0,0.9606820700787914,yes,High,50
54,admin.,married,high.school,no,no,no,cellular,oct,wed,2,6,2,success,-1.1,94.601,-49.5,0.985,4963.6,1,0.9603341142628775,yes,High,51
48,technician,married,professional.course,no,no,no,cellular,oct,thu,1,6,3,success,-1.1,94.601,-49.5,0.987,4963.6,1,0.9602144825154156,yes,High,52
56,retired,married,high.school,no,no,no,cellular,jun,tue,1,3,1,success,-1.7,94.055,-39.8,0.761,4991.6,1,0.9600525699070077,yes,High,53
33,admin.,single,university.degree,no,yes,no,cellular,apr,thu,1,7,2,success,-1.8,93.749,-34.6,0.635,5008.7,1,0.9580352528178608,yes,High,54
37,housemaid,married,university.degree,no,no,no,cellular,oct,thu,2,13,2,success,-1.1,94.601,-49.5,1.025,4963.6,1,0.9579246162796672,yes,High,55
29,admin.,married,university.degree,no,unknown,unknown,cellular,jul,tue,1,3,1,success,-1.7,94.215,-40.3,0.835,4991.6,1,0.9578995353846564,yes,High,56
72,retired,married,basic.4y,no,no,yes,cellular,jul,fri,4,8,1,success,-1.7,94.215,-40.3,0.822,4991.6,1,0.9577645309502905,yes,High,57
79,retired,married,basic.4y,no,no,yes,cellular,nov,tue,2,3,1,success,-3.4,92.649,-30.1,0.715,5017.5,1,0.9573549286290575,yes,High,58
33,admin.,single,university.degree,no,no,no,cellular,mar,mon,1,6,2,success,-1.8,93.369,-34.8,0.646,5008.7,1,0.956836612236595,yes,High,59
36,unemployed,married,high.school,no,yes,no,cellular,oct,mon,1,3,1,success,-1.1,94.601,-49.5,1.032,4963.6,1,0.9567813228724943,yes,High,60
21,student,single,high.school,no,yes,no,cellular,aug,tue,3,9,2,success,-1.7,94.027,-38.3,0.899,4991.6,1,0.9567642096331223,yes,High,61
31,admin.,single,university.degree,no,yes,no,cellular,jul,fri,2,13,2,success,-1.7,94.215,-40.3,0.861,4991.6,1,0.9566661888686055,yes,High,62
80,retired,married,basic.4y,no,no,no,cellular,may,mon,1,3,3,success,-1.8,93.876,-40.0,0.697,5008.7,1,0.9566067554403238,yes,High,63
35,admin.,married,university.degree,no,no,no,cellular,jul,mon,2,3,4,success,-1.7,94.215,-40.3,0.889,4991.6,0,0.9562489592513037,yes,High,64
30,admin.,single,university.degree,no,no,no,cellular,may,tue,1,6,1,success,-1.8,93.876,-40.0,0.668,5008.7,0,0.9561317407684448,yes,High,65
47,admin.,single,basic.9y,no,yes,yes,cellular,jul,thu,2,6,1,success,-1.7,94.215,-40.3,0.846,4991.6,1,0.9561303435122289,yes,High,66
59,retired,divorced,basic.4y,no,yes,yes,cellular,jul,mon,1,6,1,success,-1.7,94.215,-40.3,0.827,4991.6,1,0.9555932361117879,yes,High,67
37,management,married,university.degree,no,yes,no,cellular,oct,thu,3,5,5,success,-1.1,94.601,-49.5,1.025,4963.6,1,0.9549769023809805,yes,High,68
45,admin.,divorced,university.degree,no,no,yes,cellular,jun,wed,1,3,2,success,-1.7,94.055,-39.8,0.739,4991.6,0,0.9548902120377394,yes,High,69
60,retired,married,professional.course,no,yes,yes,cellular,jul,thu,4,6,2,success,-1.7,94.215,-40.3,0.899,4991.6,0,0.9541626460713964,yes,High,70
30,admin.,single,university.degree,no,yes,no,cellular,jul,tue,2,3,1,success,-1.7,94.215,-40.3,0.797,4991.6,0,0.9541178470055335,yes,High,71
36,management,married,university.degree,no,no,no,cellular,jun,tue,1,3,2,success,-1.7,94.055,-39.8,0.737,4991.6,1,0.9536434692838032,yes,High,72
46,technician,married,professional.course,no,no,yes,cellular,apr,tue,1,5,2,success,-1.8,93.749,-34.6,0.638,5008.7,1,0.9533342870857894,yes,High,73
65,retired,married,basic.4y,no,yes,yes,cellular,oct,wed,1,3,3,success,-1.1,94.601,-49.5,0.985,4963.6,1,0.9532627667469595,yes,High,74
20,student,single,basic.9y,no,yes,no,cellular,jul,thu,3,6,3,success,-1.7,94.215,-40.3,0.846,4991.6,1,0.9521510167275962,yes,High,75
26,technician,single,university.degree,no,no,no,cellular,jul,fri,2,6,1,success,-1.7,94.215,-40.3,0.861,4991.6,0,0.9511404705094839,yes,High,76
37,technician,married,professional.course,no,yes,yes,cellular,mar,wed,1,9,1,success,-1.8,93.369,-34.8,0.644,5008.7,0,0.951066606811538,yes,High,77
65,management,married,unknown,no,no,no,cellular,dec,wed,2,9,1,success,-3.0,92.713,-33.0,0.715,5023.5,1,0.9509580823902426,yes,High,78
34,admin.,divorced,high.school,no,no,no,cellular,nov,tue,2,6,3,success,-3.4,92.649,-30.1,0.716,5017.5,0,0.9505457015033886,yes,High,79
61,management,married,university.degree,no,yes,no,cellular,nov,tue,1,7,1,success,-3.4,92.649,-30.1,0.715,5017.5,1,0.9494159916952954,yes,High,80
26,student,single,high.school,no,yes,yes,cellular,apr,fri,1,6,2,success,-1.8,93.749,-34.6,0.645,5008.7,1,0.9493913145057341,yes,High,81
29,admin.,single,high.school,no,yes,no,cellular,nov,fri,2,7,2,success,-3.4,92.649,-30.1,0.714,5017.5,1,0.9492042805836945,yes,High,82
56,retired,married,professional.course,no,unknown,unknown,cellular,oct,thu,1,6,1,success,-3.4,92.431,-26.9,0.733,5017.5,1,0.9481415686720669,yes,High,83
34,technician,married,professional.course,no,yes,no,cellular,oct,wed,2,8,1,success,-3.4,92.431,-26.9,0.735,5017.5,1,0.947990024705741,yes,High,84
31,admin.,single,university.degree,no,unknown,unknown,cellular,oct,tue,1,3,1,success,-1.1,94.601,-49.5,1.008,4963.6,1,0.9473240504417773,yes,High,85
37,admin.,married,university.degree,no,unknown,unknown,cellular,jun,fri,1,10,1,success,-1.7,94.055,-39.8,0.719,4991.6,1,0.9455500161615331,yes,High,86
30,student,single,unknown,no,no,no,cellular,mar,thu,1,14,1,success,-1.8,93.369,-34.8,0.635,5008.7,1,0.9455411651511262,yes,High,87
26,admin.,married,high.school,no,yes,no,cellular,nov,fri,1,7,1,success,-3.4,92.649,-30.1,0.714,5017.5,1,0.9455038046449286,yes,High,88
60,unemployed,married,basic.4y,no,no,no,cellular,nov,thu,2,6,1,success,-3.4,92.649,-30.1,0.714,5017.5,1,0.9454296307313835,yes,High,89
29,admin.,married,high.school,no,yes,no,cellular,jun,tue,2,13,1,success,-1.7,94.055,-39.8,0.723,4991.6,1,0.9453348147820763,yes,High,90
33,student,married,professional.course,no,yes,no,cellular,aug,mon,3,3,4,success,-1.7,94.027,-38.3,0.896,4991.6,1,0.9448206686719133,yes,High,91
32,admin.,single,university.degree,no,no,no,cellular,jun,tue,1,12,2,success,-1.7,94.055,-39.8,0.737,4991.6,1,0.9447713648965039,yes,High,92
26,admin.,single,university.degree,no,no,yes,cellular,jun,fri,2,6,1,success,-1.7,94.055,-39.8,0.732,4991.6,0,0.9441234390024834,yes,High,93
60,self-employed,divorced,university.degree,no,no,no,cellular,sep,tue,1,3,1,success,-3.4,92.379,-29.8,0.755,5017.5,1,0.9432439472851641,yes,High,94
37,admin.,divorced,university.degree,no,no,no,cellular,aug,thu,3,9,1,success,-2.9,92.201,-31.4,0.851,5076.2,1,0.9430529967231694,yes,High,95
30,admin.,married,university.degree,no,no,yes,cellular,may,mon,2,9,2,success,-1.8,93.876,-40.0,0.701,5008.7,0,0.9429627066192278,yes,High,96
23,student,single,university.degree,no,yes,no,cellular,dec,fri,2,6,2,success,-3.0,92.713,-33.0,0.718,5023.5,0,0.9428727468984794,yes,High,97
24,admin.,single,university.degree,no,yes,yes,cellular,aug,fri,5,6,2,success,-1.7,94.027,-38.3,0.905,4991.6,0,0.9427292407114173,yes,High,98
83,retired,married,high.school,no,no,no,cellular,dec,thu,1,4,3,success,-3.0,92.713,-33.0,0.72,5023.5,1,0.942649629279303,yes,High,99
30,technician,married,university.degree,no,yes,no,cellular,dec,thu,2,6,1,success,-3.0,92.713,-33.0,0.72,5023.5,1,0.9421727543842451,yes,High,100
35,technician,single,professional.course,no,yes,no,cellular,jun,tue,1,6,2,success,-1.7,94.055,-39.8,0.713,4991.6,1,0.9417638627876869,yes,High,101
32,admin.,married,university.degree,no,no,yes,cellular,jun,thu,3,3,1,success,-2.9,92.963,-40.8,1.26,5076.2,1,0.9416782292807898,yes,High,102
29,management,married,university.degree,no,yes,no,cellular,nov,wed,1,9,1,success,-3.4,92.649,-30.1,0.719,5017.5,0,0.9413741926434036,yes,High,103
47,technician,married,basic.6y,no,no,no,cellular,sep,mon,2,6,3,success,-1.1,94.199,-37.5,0.882,4963.6,0,0.9412000132423564,yes,High,104
77,retired,married,university.degree,no,yes,no,telephone,may,wed,1,3,4,success,-1.8,93.876,-40.0,0.682,5008.7,1,0.9411340411547453,yes,High,105
36,blue-collar,single,high.school,no,yes,yes,cellular,jun,wed,2,3,1,success,-1.7,94.055,-39.8,0.739,4991.6,1,0.9404894183846014,yes,High,106
62,retired,married,university.degree,no,no,no,cellular,nov,thu,2,6,3,success,-1.1,94.767,-50.8,1.031,4963.6,1,0.9402207590689019,yes,High,107
63,admin.,married,university.degree,no,yes,no,cellular,oct,thu,2,6,1,success,-1.1,94.601,-49.5,0.987,4963.6,0,0.9399723366997762,yes,High,108
56,technician,married,basic.4y,no,no,no,cellular,oct,thu,3,3,1,success,-3.4,92.431,-26.9,0.733,5017.5,1,0.9382499745984816,yes,High,109
56,admin.,married,university.degree,no,yes,no,cellular,sep,thu,2,3,2,success,-3.4,92.379,-29.8,0.778,5017.5,1,0.9376511981794539,yes,High,110
31,technician,married,university.degree,no,yes,yes,cellular,oct,tue,4,6,2,success,-1.1,94.601,-49.5,0.982,4963.6,1,0.9356882766931399,yes,High,111
25,admin.,single,university.degree,no,yes,no,cellular,sep,thu,1,1,1,success,-3.4,92.379,-29.8,0.809,5017.5,0,0.9350790617830612,yes,High,112
38,entrepreneur,married,basic.6y,no,no,no,cellular,jun,tue,1,2,3,success,-1.7,94.055,-39.8,0.761,4991.6,1,0.9349169549355961,yes,High,113
25,admin.,single,university.degree,no,yes,yes,cellular,jun,tue,3,4,1,success,-2.9,92.963,-40.8,1.286,5076.2,0,0.9343561375340182,yes,High,114
43,self-employed,married,university.degree,no,yes,no,cellular,mar,mon,2,9,1,success,-1.8,93.369,-34.8,0.652,5008.7,1,0.9339265660441345,yes,High,115
34,technician,single,basic.9y,no,no,no,cellular,aug,mon,3,6,3,success,-1.7,94.027,-38.3,0.896,4991.6,1,0.9338343429572963,yes,High,116
37,technician,married,professional.course,no,no,no,cellular,apr,thu,1,18,1,success,-1.8,93.749,-34.6,0.659,5008.7,1,0.933434211180785,yes,High,117
35,technician,divorced,basic.4y,no,yes,no,cellular,nov,tue,3,4,2,success,-1.1,94.767,-50.8,1.035,4963.6,1,0.9330357888559005,yes,High,118
27,admin.,married,university.degree,no,yes,no,cellular,aug,tue,5,12,1,success,-1.7,94.027,-38.3,0.886,4991.6,1,0.9326979672284221,yes,High,119
56,technician,divorced,professional.course,no,no,no,cellular,oct,mon,1,3,2,success,-1.1,94.601,-49.5,1.0,4963.6,1,0.9323452882274756,yes,High,120
25,services,single,unknown,no,yes,no,cellular,jun,tue,2,3,3,success,-1.7,94.055,-39.8,0.702,4991.6,1,0.930824713483312,yes,High,121
43,admin.,married,high.school,no,yes,no,cellular,dec,tue,4,6,1,success,-3.0,92.713,-33.0,0.715,5023.5,0,0.9294515257758114,yes,High,122
53,housemaid,married,basic.4y,no,no,yes,telephone,nov,wed,1,3,1,success,-3.4,92.649,-30.1,0.715,5017.5,1,0.9294151457798817,yes,High,123
50,management,married,university.degree,no,yes,no,cellular,oct,thu,2,4,1,success,-3.4,92.431,-26.9,0.754,5017.5,1,0.9286528396132957,yes,High,124
34,technician,single,unknown,no,yes,no,cellular,aug,thu,2,3,1,success,-2.9,92.201,-31.4,0.851,5076.2,1,0.9265196693866572,yes,High,125
27,unknown,single,university.degree,no,yes,no,cellular,jun,wed,4,3,2,success,-1.7,94.055,-39.8,0.767,4991.6,1,0.925737954586783,yes,High,126
73,retired,married,basic.4y,no,yes,no,cellular,jul,tue,1,999,0,nonexistent,-1.7,94.215,-40.3,0.835,4991.6,1,0.9256541935677515,yes,High,127
39,technician,divorced,high.school,no,no,no,cellular,mar,mon,1,3,1,success,-1.8,93.369,-34.8,0.639,5008.7,1,0.9255904071554691,yes,High,128
45,admin.,married,university.degree,no,no,no,cellular,sep,mon,1,3,2,success,-3.4,92.379,-29.8,0.797,5017.5,1,0.923872316350735,yes,High,129
30,technician,unknown,university.degree,no,no,no,cellular,oct,fri,2,16,1,success,-1.1,94.601,-49.5,0.942,4963.6,0,0.9234831123971304,yes,High,130
40,services,married,professional.course,no,yes,no,cellular,oct,thu,1,3,1,success,-3.4,92.431,-26.9,0.74,5017.5,1,0.9231597188998012,yes,High,131
25,technician,single,university.degree,no,yes,no,cellular,jun,fri,2,3,1,success,-2.9,92.963,-40.8,1.268,5076.2,0,0.9231349744059419,yes,High,132
74,retired,divorced,basic.4y,no,yes,no,cellular,oct,mon,3,3,2,success,-1.1,94.601,-49.5,1.0,4963.6,0,0.9216978221175562,yes,High,133
25,admin.,single,university.degree,no,no,yes,cellular,nov,mon,1,3,2,success,-3.4,92.649,-30.1,0.715,5017.5,1,0.9214554326690203,yes,High,134
35,blue-collar,married,basic.9y,no,yes,no,cellular,dec,thu,1,4,3,success,-3.0,92.713,-33.0,0.707,5023.5,0,0.9200023890348075,yes,High,135
40,services,married,high.school,no,yes,no,cellular,nov,thu,3,3,2,success,-3.4,92.649,-30.1,0.714,5017.5,1,0.9199783391053391,yes,High,136
49,admin.,married,high.school,unknown,no,no,cellular,oct,wed,1,6,3,success,-1.1,94.601,-49.5,0.985,4963.6,1,0.9199293638510763,yes,High,137
36,housemaid,single,university.degree,no,unknown,unknown,cellular,aug,fri,2,3,1,success,-2.9,92.201,-31.4,0.825,5076.2,0,0.9193521690014804,yes,High,138
30,admin.,single,university.degree,no,yes,yes,cellular,aug,tue,1,4,1,success,-2.9,92.201,-31.4,0.883,5076.2,0,0.9189260695452551,yes,High,139
35,technician,single,professional.course,no,yes,no,cellular,jul,tue,6,6,1,success,-1.7,94.215,-40.3,0.835,4991.6,1,0.9185724563897385,yes,High,140
39,technician,divorced,high.school,no,no,no,cellular,mar,mon,1,12,2,success,-1.8,93.369,-34.8,0.639,5008.7,1,0.9182976799886565,yes,High,141
63,housemaid,married,basic.4y,no,yes,no,cellular,sep,wed,1,3,1,success,-3.4,92.379,-29.8,0.749,5017.5,1,0.9176969136003679,yes,High,142
51,admin.,divorced,high.school,no,yes,no,cellular,aug,tue,1,6,1,success,-2.9,92.201,-31.4,0.838,5076.2,1,0.9170595494873527,yes,High,143
52,admin.,married,university.degree,no,yes,no,cellular,may,thu,2,999,0,nonexistent,-1.8,93.876,-40.0,0.677,5008.7,0,0.9168568545867554,yes,High,144
25,services,single,high.school,no,yes,no,cellular,jun,thu,2,3,1,success,-2.9,92.963,-40.8,1.26,5076.2,1,0.916443299450687,yes,High,145
61,retired,married,basic.4y,no,yes,no,cellular,aug,fri,1,15,1,success,-2.9,92.201,-31.4,0.849,5076.2,1,0.9154067542730239,yes,High,146
60,retired,married,professional.course,no,yes,no,cellular,sep,thu,1,3,1,success,-3.4,92.379,-29.8,0.809,5017.5,1,0.9152192913781781,yes,High,147
48,admin.,divorced,university.degree,no,yes,no,cellular,aug,fri,1,4,1,success,-2.9,92.201,-31.4,0.881,5076.2,0,0.9150557075153226,yes,High,148
34,admin.,single,university.degree,no,yes,no,cellular,mar,tue,2,999,0,nonexistent,-1.8,93.369,-34.8,0.652,5008.7,0,0.9148720181678334,yes,High,149
85,retired,single,professional.course,no,no,no,cellular,mar,fri,7,7,2,success,-1.8,93.369,-34.8,0.653,5008.7,0,0.9146022922366587,yes,High,150
42,blue-collar,married,basic.6y,no,yes,yes,cellular,mar,tue,1,7,3,failure,-1.8,93.369,-34.8,0.652,5008.7,1,0.9142663038223198,yes,High,151
46,admin.,married,university.degree,no,yes,no,cellular,mar,thu,1,999,0,nonexistent,-1.8,93.369,-34.8,0.65,5008.7,1,0.9141290469870346,yes,High,152
80,retired,divorced,basic.4y,no,yes,yes,cellular,apr,wed,2,999,0,nonexistent,-1.8,93.749,-34.6,0.642,5008.7,1,0.9140178696244025,yes,High,153
34,admin.,single,university.degree,no,no,yes,cellular,mar,tue,1,999,0,nonexistent,-1.8,93.369,-34.8,0.652,5008.7,1,0.9138602451811046,yes,High,154
66,management,divorced,university.degree,no,no,no,cellular,sep,tue,1,1,1,success,-3.4,92.379,-29.8,0.788,5017.5,1,0.9138048126452406,yes,High,155
57,unknown,married,basic.4y,no,yes,no,cellular,jul,wed,3,999,0,nonexistent,-1.7,94.215,-40.3,0.802,4991.6,0,0.9134445019252003,yes,High,156
70,admin.,married,basic.4y,no,yes,yes,cellular,sep,tue,1,3,1,success,-3.4,92.379,-29.8,0.77,5017.5,1,0.9120957438721398,yes,High,157
66,retired,married,basic.4y,unknown,unknown,unknown,cellular,oct,wed,1,6,3,success,-1.1,94.601,-49.5,0.985,4963.6,1,0.9119051534222192,yes,High,158
22,student,single,high.school,no,no,no,cellular,oct,fri,3,6,1,success,-3.4,92.431,-26.9,0.73,5017.5,1,0.9118338006129001,yes,High,159
98,retired,married,basic.4y,unknown,yes,no,cellular,oct,fri,1,2,2,success,-3.4,92.431,-26.9,0.73,5017.5,1,0.9116926158848474,yes,High,160
53,unknown,married,professional.course,no,no,no,cellular,jun,thu,2,3,1,success,-2.9,92.963,-40.8,1.26,5076.2,0,0.9109719429845543,yes,High,161
40,blue-collar,divorced,professional.course,no,no,no,cellular,jun,wed,2,3,1,success,-2.9,92.963,-40.8,1.26,5076.2,1,0.9108588269342041,yes,High,162
52,admin.,married,professional.course,no,no,no,cellular,jul,tue,1,999,0,nonexistent,-1.7,94.215,-40.3,0.893,4991.6,1,0.9108166774722328,yes,High,163
28,services,single,basic.6y,no,no,no,cellular,jun,wed,2,4,1,success,-2.9,92.963,-40.8,1.26,5076.2,1,0.9107943014352771,yes,High,164
37,admin.,married,high.school,no,yes,no,cellular,apr,thu,1,2,1,success,-1.8,93.075,-47.1,1.365,5099.1,0,0.9105265678130106,yes,High,165
42,self-employed,married,university.degree,no,yes,no,cellular,jun,wed,1,3,1,success,-2.9,92.963,-40.8,1.26,5076.2,1,0.9097888965287095,yes,High,166
49,admin.,married,high.school,no,no,no,cellular,sep,tue,1,3,1,success,-3.4,92.379,-29.8,0.788,5017.5,1,0.9093165327350069,yes,High,167
28,management,single,university.degree,no,yes,no,cellular,jun,thu,1,4,1,success,-2.9,92.963,-40.8,1.26,5076.2,1,0.9090792764024814,yes,High,168
41,technician,married,professional.course,no,no,no,cellular,nov,mon,2,6,1,success,-1.1,94.767,-50.8,1.039,4963.6,1,0.908889240623225,yes,High,169
27,admin.,single,university.degree,no,no,no,cellular,mar,tue,1,999,0,nonexistent,-1.8,93.369,-34.8,0.637,5008.7,1,0.908357826644638,yes,High,170
45,admin.,married,university.degree,no,no,no,cellular,jul,wed,1,13,1,success,-2.9,92.469,-33.6,1.029,5076.2,0,0.9082646591317644,yes,High,171
40,technician,single,university.degree,no,yes,no,cellular,nov,mon,2,3,1,success,-3.4,92.649,-30.1,0.714,5017.5,0,0.9075712380350612,yes,High,172
85,retired,divorced,basic.4y,unknown,yes,no,cellular,dec,mon,3,6,1,success,-3.0,92.713,-33.0,0.715,5023.5,1,0.9066420288783723,yes,High,173
46,housemaid,single,university.degree,no,yes,yes,cellular,jun,fri,1,3,1,success,-2.9,92.963,-40.8,1.268,5076.2,1,0.9063779358762918,yes,High,174
33,management,married,university.degree,no,no,no,telephone,aug,thu,1,6,2,success,-1.7,94.027,-38.3,0.899,4991.6,1,0.90630506841583,yes,High,175
28,technician,single,high.school,no,unknown,unknown,cellular,oct,wed,1,6,1,success,-3.4,92.431,-26.9,0.742,5017.5,1,0.9061779914730829,yes,High,176
53,admin.,single,university.degree,no,no,no,cellular,apr,thu,1,2,1,success,-1.8,93.075,-47.1,1.365,5099.1,1,0.9060847185057844,yes,High,177
22,student,single,basic.9y,no,no,no,cellular,oct,fri,2,6,1,success,-3.4,92.431,-26.9,0.73,5017.5,1,0.90585835591166,yes,High,178
54,blue-collar,married,basic.9y,no,yes,no,cellular,jun,fri,2,3,1,success,-2.9,92.963,-40.8,1.268,5076.2,1,0.9055318390420724,yes,High,179
25,admin.,single,university.degree,no,yes,no,cellular,aug,mon,1,6,1,success,-2.9,92.201,-31.4,0.861,5076.2,1,0.9051127508750904,yes,High,180
37,admin.,married,high.school,no,yes,no,cellular,jul,thu,2,999,0,nonexistent,-1.7,94.215,-40.3,0.81,4991.6,0,0.9046562297961003,yes,High,181
74,retired,divorced,basic.4y,no,yes,no,cellular,aug,wed,1,13,1,success,-2.9,92.201,-31.4,0.854,5076.2,1,0.9043545451645983,yes,High,182
31,student,single,university.degree,no,no,no,cellular,aug,tue,1,9,2,failure,-1.7,94.027,-38.3,0.899,4991.6,0,0.9042619831084735,yes,High,183
34,technician,single,professional.course,no,no,no,cellular,mar,fri,1,999,0,nonexistent,-1.8,92.843,-50.0,1.726,5099.1,1,0.9038827459502651,yes,High,184
29,admin.,single,university.degree,no,yes,no,telephone,jun,wed,2,3,1,success,-1.7,94.055,-39.8,0.715,4991.6,0,0.9035208298767122,yes,High,185
46,admin.,married,university.degree,no,yes,no,cellular,jul,fri,3,999,0,nonexistent,-1.7,94.215,-40.3,0.822,4991.6,1,0.9030638843417124,yes,High,186
28,admin.,single,university.degree,no,no,no,cellular,mar,thu,1,999,0,nonexistent,-1.8,93.369,-34.8,0.643,5008.7,0,0.9030473455238086,yes,High,187
38,technician,married,professional.course,no,yes,no,cellular,jun,tue,4,3,1,success,-2.9,92.963,-40.8,1.286,5076.2,1,0.9026172600679193,yes,High,188
43,technician,married,high.school,no,yes,no,cellular,sep,tue,1,3,1,success,-3.4,92.379,-29.8,0.788,5017.5,1,0.9014724072727095,yes,High,189
56,retired,married,basic.4y,no,no,no,cellular,mar,wed,2,9,2,failure,-1.8,93.369,-34.8,0.644,5008.7,0,0.9006368512366048,yes,High,190
66,retired,married,high.school,no,no,no,cellular,mar,tue,1,999,0,nonexistent,-1.8,93.369,-34.8,0.646,5008.7,0,0.900314206320182,yes,High,191
43,technician,married,professional.course,no,yes,no,cellular,jul,thu,1,999,0,nonexistent,-1.7,94.215,-40.3,0.884,4991.6,1,0.9000283573616281,yes,High,192
74,retired,divorced,basic.4y,no,yes,yes,cellular,jul,wed,2,999,0,nonexistent,-1.7,94.215,-40.3,0.896,4991.6,0,0.899970269969021,yes,High,193
28,admin.,married,high.school,no,no,yes,cellular,may,wed,2,999,0,nonexistent,-1.8,93.876,-40.0,0.697,5008.7,1,0.899615379246616,yes,High,194
36,admin.,single,high.school,no,yes,no,cellular,aug,fri,1,3,2,success,-2.9,92.201,-31.4,0.849,5076.2,1,0.8994698205685324,yes,High,195
17,student,single,unknown,no,no,yes,cellular,oct,tue,1,2,2,success,-3.4,92.431,-26.9,0.742,5017.5,1,0.8994022051932401,yes,High,196
29,admin.,single,university.degree,no,yes,no,cellular,jul,wed,1,999,0,nonexistent,-1.7,94.215,-40.3,0.84,4991.6,1,0.8991009032121949,yes,High,197
26,admin.,single,high.school,no,no,no,telephone,oct,fri,2,4,1,success,-3.4,92.431,-26.9,0.73,5017.5,1,0.8990394593427641,yes,High,198
41,admin.,married,university.degree,no,yes,no,cellular,apr,fri,1,999,0,nonexistent,-1.8,93.749,-34.6,0.645,5008.7,1,0.898835489570224,yes,High,199
34,admin.,married,high.school,no,no,yes,cellular,sep,wed,2,999,0,nonexistent,-1.1,94.199,-37.5,0.876,4963.6,0,0.8984094963057185,yes,High,200
56,retired,married,high.school,no,yes,yes,cellular,aug,tue,1,3,2,success,-2.9,92.201,-31.4,0.883,5076.2,0,0.8983363660817795,yes,High,201
63,admin.,married,university.degree,no,yes,no,cellular,jul,fri,2,999,0,nonexistent,-1.7,94.215,-40.3,0.885,4991.6,1,0.8981665596646629,yes,High,202
32,management,single,university.degree,no,no,no,cellular,aug,thu,1,3,2,success,-2.9,92.201,-31.4,0.851,5076.2,1,0.8978826213097896,yes,High,203
35,admin.,single,university.degree,no,yes,no,cellular,apr,thu,2,999,0,nonexistent,-1.8,93.749,-34.6,0.659,5008.7,1,0.8975506496078137,yes,High,204
61,retired,married,high.school,no,yes,no,cellular,sep,wed,1,3,1,success,-3.4,92.379,-29.8,0.753,5017.5,1,0.8973479480816732,yes,High,205
56,management,married,professional.course,no,no,no,cellular,dec,wed,1,999,0,nonexistent,-3.0,92.713,-33.0,0.715,5023.5,0,0.8969689621132582,yes,High,206
33,technician,married,university.degree,no,no,no,cellular,sep,wed,1,999,0,nonexistent,-1.1,94.199,-37.5,0.876,4963.6,1,0.8969678407668117,yes,High,207
53,admin.,divorced,university.degree,no,no,no,cellular,mar,thu,1,999,0,nonexistent,-1.8,93.369,-34.8,0.654,5008.7,1,0.8967010433030626,yes,High,208
24,student,single,high.school,no,no,no,cellular,jun,wed,6,6,1,success,-1.7,94.055,-39.8,0.727,4991.6,1,0.8966909969668929,yes,High,209
88,retired,divorced,basic.4y,no,yes,yes,cellular,mar,wed,3,999,0,nonexistent,-1.8,92.843,-50.0,1.663,5099.1,0,0.8966871616038886,yes,High,210
28,student,single,university.degree,no,unknown,unknown,cellular,may,fri,2,999,0,nonexistent,-1.8,93.876,-40.0,0.695,5008.7,1,0.8959570061467175,yes,High,211
35,management,married,university.degree,no,no,no,cellular,nov,tue,3,7,3,failure,-3.4,92.649,-30.1,0.716,5017.5,0,0.8954562746899526,yes,High,212
68,retired,married,basic.4y,no,yes,no,cellular,apr,fri,1,999,0,nonexistent,-1.8,93.749,-34.6,0.644,5008.7,0,0.8951385744219955,yes,High,213
63,retired,married,basic.4y,no,no,no,cellular,jul,fri,1,999,0,nonexistent,-1.7,94.215,-40.3,0.896,4991.6,0,0.8946119553996887,yes,High,214
52,admin.,married,professional.course,no,no,no,cellular,sep,wed,2,999,0,nonexistent,-1.1,94.199,-37.5,0.876,4963.6,1,0.8944805529476221,yes,High,215
59,admin.,divorced,university.degree,no,yes,no,cellular,mar,tue,1,999,0,nonexistent,-1.8,93.369,-34.8,0.635,5008.7,1,0.8930959023212406,yes,High,216
34,admin.,divorced,high.school,no,no,no,cellular,mar,fri,1,999,0,nonexistent,-1.8,93.369,-34.8,0.636,5008.7,0,0.8928841237130278,yes,High,217
31,admin.,married,university.degree,no,unknown,unknown,cellular,mar,tue,1,999,0,nonexistent,-1.8,93.369,-34.8,0.655,5008.7,1,0.8925053080950279,yes,High,218
34,services,married,basic.9y,no,no,no,cellular,jul,wed,1,999,0,nonexistent,-1.7,94.215,-40.3,0.84,4991.6,1,0.8924254071159242,yes,High,219
51,services,married,high.school,no,yes,no,cellular,nov,mon,3,6,3,success,-1.1,94.767,-50.8,1.05,4963.6,0,0.892419783700667,yes,High,220
53,blue-collar,single,basic.9y,no,yes,no,cellular,jul,wed,1,999,0,nonexistent,-1.7,94.215,-40.3,0.84,4991.6,1,0.8922636598752317,yes,High,221
53,admin.,married,high.school,no,yes,no,cellular,jul,thu,6,999,0,nonexistent,-1.7,94.215,-40.3,0.899,4991.6,0,0.8920444868994847,yes,High,222
61,retired,married,high.school,no,yes,no,cellular,apr,tue,4,999,0,nonexistent,-1.8,93.749,-34.6,0.642,5008.7,0,0.8915981793792349,yes,High,223
45,blue-collar,married,high.school,no,yes,yes,cellular,nov,mon,2,5,3,success,-1.1,94.767,-50.8,1.05,4963.6,1,0.891228035375459,yes,High,224
25,admin.,single,university.degree,no,no,no,cellular,aug,thu,1,999,0,nonexistent,-1.7,94.027,-38.3,0.904,4991.6,1,0.8910391212367146,yes,High,225
59,admin.,married,high.school,no,yes,no,cellular,aug,wed,2,2,1,success,-2.9,92.201,-31.4,0.884,5076.2,1,0.8909437782344143,yes,High,226
53,technician,married,high.school,no,yes,no,cellular,mar,tue,2,999,0,nonexistent,-1.8,93.369,-34.8,0.655,5008.7,1,0.8908485956443244,yes,High,227
37,admin.,married,high.school,no,no,no,telephone,apr,tue,2,999,0,nonexistent,-1.8,93.749,-34.6,0.646,5008.7,1,0.890434324033113,yes,High,228
31,unknown,single,high.school,no,no,no,cellular,may,mon,5,6,2,success,-1.8,93.876,-40.0,0.701,5008.7,0,0.8897922806973446,yes,High,229
36,blue-collar,single,basic.6y,no,yes,no,cellular,nov,tue,1,999,0,nonexistent,-1.1,94.767,-50.8,1.046,4963.6,1,0.8890470554349734,yes,High,230
34,admin.,single,university.degree,no,no,no,telephone,oct,tue,1,999,0,nonexistent,-0.1,93.798,-40.4,4.86,5195.8,1,0.8888110220896516,yes,High,231
27,student,single,basic.9y,no,yes,no,cellular,aug,wed,1,999,0,nonexistent,-1.7,94.027,-38.3,0.9,4991.6,0,0.8887402276884251,yes,High,232
61,retired,married,university.degree,no,no,no,telephone,aug,tue,2,3,1,success,-2.9,92.201,-31.4,0.859,5076.2,1,0.887988185254092,yes,High,233
50,management,married,university.degree,no,no,no,telephone,jun,mon,5,6,1,success,-1.7,94.055,-39.8,0.72,4991.6,1,0.8878520405316923,yes,High,234
30,admin.,married,university.degree,no,no,no,telephone,oct,wed,1,999,0,nonexistent,-0.1,93.798,-40.4,4.827,5195.8,1,0.8875097327215887,yes,High,235
64,retired,married,basic.4y,no,yes,no,cellular,mar,wed,2,999,0,nonexistent,-1.8,93.369,-34.8,0.634,5008.7,1,0.8871176006367024,yes,High,236
27,student,single,high.school,no,no,no,cellular,mar,fri,1,999,0,nonexistent,-1.8,93.369,-34.8,0.653,5008.7,1,0.8870056999254746,yes,High,237
27,admin.,single,university.degree,no,no,no,cellular,oct,tue,1,999,0,nonexistent,-1.1,94.601,-49.5,0.982,4963.6,0,0.8865657445949631,yes,High,238
48,admin.,married,professional.course,no,yes,no,cellular,apr,mon,1,7,1,success,-1.8,93.749,-34.6,0.642,5008.7,1,0.8863867220087106,yes,High,239
37,admin.,married,university.degree,no,no,no,cellular,nov,mon,2,6,1,success,-1.1,94.767,-50.8,1.05,4963.6,1,0.8860888231319692,yes,High,240
30,student,single,professional.course,no,yes,no,cellular,sep,mon,4,19,1,success,-1.1,94.199,-37.5,0.879,4963.6,0,0.8855942913220781,yes,High,241
35,technician,divorced,basic.4y,no,no,no,cellular,nov,tue,1,999,0,nonexistent,-1.1,94.767,-50.8,1.035,4963.6,1,0.8855925432121147,yes,High,242
22,student,single,high.school,no,no,no,cellular,aug,thu,2,3,1,success,-2.9,92.201,-31.4,0.873,5076.2,0,0.8855446685376207,yes,High,243
31,technician,married,university.degree,no,no,no,cellular,mar,wed,4,999,0,nonexistent,-1.8,93.369,-34.8,0.651,5008.7,0,0.8855318895275934,yes,High,244
49,entrepreneur,single,university.degree,no,yes,no,cellular,aug,wed,6,5,1,success,-2.9,92.201,-31.4,0.834,5076.2,0,0.8854034635904304,yes,High,245
37,admin.,married,university.degree,no,yes,no,cellular,nov,fri,1,999,0,nonexistent,-1.1,94.767,-50.8,1.04,4963.6,1,0.8852306097498693,yes,High,246
17,student,single,basic.9y,no,yes,no,cellular,aug,fri,3,4,2,success,-2.9,92.201,-31.4,0.869,5076.2,0,0.8850978914699518,yes,High,247
53,technician,married,university.degree,no,no,no,cellular,sep,thu,2,999,0,nonexistent,-1.1,94.199,-37.5,0.878,4963.6,1,0.884796363038988,yes,High,248
37,management,married,high.school,no,yes,no,cellular,aug,thu,1,999,0,nonexistent,-1.7,94.027,-38.3,0.904,4991.6,1,0.8844290034836689,yes,High,249
37,admin.,single,university.degree,no,yes,yes,cellular,jun,tue,3,999,0,nonexistent,-1.7,94.055,-39.8,0.702,4991.6,0,0.8842738403745616,yes,High,250
57,admin.,married,high.school,no,yes,no,cellular,nov,mon,1,3,3,success,-3.4,92.649,-30.1,0.715,5017.5,1,0.8842533341483907,yes,High,251
74,retired,divorced,basic.4y,no,yes,no,cellular,apr,mon,2,999,0,nonexistent,-1.8,93.749,-34.6,0.643,5008.7,1,0.8838821492255605,yes,High,252
21,admin.,single,university.degree,no,yes,no,cellular,aug,mon,2,4,1,success,-2.9,92.201,-31.4,0.884,5076.2,0,0.8835162441230936,yes,High,253
36,admin.,married,university.degree,no,yes,no,cellular,apr,thu,1,0,1,success,-1.8,93.075,-47.1,1.365,5099.1,1,0.8831307134083615,yes,High,254
33,entrepreneur,married,university.degree,no,yes,no,telephone,oct,tue,1,999,0,nonexistent,-0.1,93.798,-40.4,4.86,5195.8,1,0.8829551922201732,yes,High,255
49,admin.,married,high.school,unknown,no,no,cellular,apr,mon,1,6,1,success,-1.8,93.749,-34.6,0.642,5008.7,0,0.882515521153227,yes,High,256
45,unemployed,married,high.school,no,no,no,cellular,sep,wed,2,999,0,nonexistent,-1.1,94.199,-37.5,0.88,4963.6,1,0.8821549421911405,yes,High,257
32,student,single,unknown,no,yes,no,cellular,may,wed,2,999,0,nonexistent,-1.8,93.876,-40.0,0.672,5008.7,1,0.8818851466990858,yes,High,258
27,services,single,university.degree,no,no,no,cellular,mar,fri,1,999,0,nonexistent,-1.8,93.369,-34.8,0.649,5008.7,1,0.881872604681298,yes,High,259
26,self-employed,single,university.degree,no,yes,no,cellular,sep,thu,1,999,0,nonexistent,-1.1,94.199,-37.5,0.878,4963.6,0,0.8818245500682191,yes,High,260
56,admin.,married,basic.9y,no,yes,no,cellular,aug,wed,1,4,1,success,-2.9,92.201,-31.4,0.879,5076.2,1,0.8816131900850246,yes,High,261
48,entrepreneur,married,university.degree,no,no,yes,cellular,aug,fri,2,4,2,success,-2.9,92.201,-31.4,0.881,5076.2,1,0.881441884126919,yes,High,262
22,technician,single,professional.course,no,yes,no,cellular,aug,tue,1,999,0,nonexistent,-1.7,94.027,-38.3,0.904,4991.6,0,0.8813041213948494,yes,High,263
84,retired,married,high.school,no,no,no,cellular,dec,tue,1,999,0,nonexistent,-3.0,92.713,-33.0,0.715,5023.5,1,0.8810442646394546,yes,High,264
33,technician,married,professional.course,no,yes,no,cellular,sep,wed,1,999,0,nonexistent,-1.1,94.199,-37.5,0.886,4963.6,1,0.8810441761116756,yes,High,265
35,technician,married,professional.course,no,yes,no,cellular,sep,thu,2,999,0,nonexistent,-1.1,94.199,-37.5,0.878,4963.6,0,0.8809168628943889,yes,High,266
43,services,married,high.school,no,no,yes,cellular,aug,tue,2,3,2,success,-2.9,92.201,-31.4,0.838,5076.2,0,0.8809143144912698,yes,High,267
26,admin.,married,high.school,no,no,no,cellular,jun,wed,4,12,3,failure,-1.7,94.055,-39.8,0.767,4991.6,1,0.8808305807924527,yes,High,268
29,admin.,single,high.school,no,no,no,cellular,jun,wed,5,999,0,nonexistent,-1.7,94.055,-39.8,0.767,4991.6,0,0.8806153010058534,yes,High,269
26,admin.,single,university.degree,no,yes,no,cellular,sep,tue,1,999,0,nonexistent,-1.1,94.199,-37.5,0.881,4963.6,1,0.880466207354105,yes,High,270
28,student,single,basic.9y,no,yes,no,cellular,mar,tue,2,999,0,nonexistent,-1.8,92.843,-50.0,1.799,5099.1,1,0.8804376815174457,yes,High,271
31,self-employed,single,university.degree,no,no,no,cellular,apr,thu,1,999,0,nonexistent,-1.8,93.749,-34.6,0.659,5008.7,1,0.8802676540995583,yes,High,272
24,blue-collar,single,basic.9y,no,unknown,unknown,cellular,jun,mon,1,3,1,success,-2.9,92.963,-40.8,1.266,5076.2,0,0.8799731599470749,yes,High,273
29,blue-collar,single,professional.course,no,yes,yes,cellular,mar,tue,1,999,0,nonexistent,-1.8,93.369,-34.8,0.652,5008.7,1,0.8799652660222971,yes,High,274
78,retired,married,basic.4y,no,yes,no,telephone,mar,fri,1,999,0,nonexistent,-1.8,93.369,-34.8,0.636,5008.7,0,0.8793439893858094,yes,High,275
65,technician,married,professional.course,no,no,no,cellular,sep,thu,1,999,0,nonexistent,-1.1,94.199,-37.5,0.879,4963.6,0,0.8791444358609853,yes,High,276
33,technician,single,professional.course,no,yes,no,cellular,sep,fri,1,999,0,nonexistent,-1.1,94.199,-37.5,0.879,4963.6,1,0.8785018172526666,yes,High,277
61,retired,married,basic.9y,no,no,no,cellular,apr,thu,2,999,0,nonexistent,-1.8,93.749,-34.6,0.659,5008.7,0,0.8784310745054118,yes,High,278
33,admin.,single,university.degree,no,yes,no,cellular,jul,mon,4,999,0,nonexistent,-1.7,94.215,-40.3,0.793,4991.6,0,0.8778299717438801,yes,High,279
43,management,married,university.degree,no,no,no,cellular,jun,thu,1,999,0,nonexistent,-1.7,94.055,-39.8,0.742,4991.6,0,0.8774625598536382,yes,High,280
41,admin.,single,high.school,no,yes,no,cellular,aug,mon,1,6,1,success,-2.9,92.201,-31.4,0.861,5076.2,1,0.8774328099074954,yes,High,281
32,technician,married,high.school,no,no,no,cellular,sep,thu,1,999,0,nonexistent,-1.1,94.199,-37.5,0.878,4963.6,0,0.8774240453260563,yes,High,282
85,housemaid,married,basic.4y,unknown,no,no,cellular,apr,tue,1,999,0,nonexistent,-1.8,93.749,-34.6,0.642,5008.7,0,0.8773535326784004,yes,High,283
29,admin.,married,high.school,no,yes,no,cellular,jun,wed,3,999,0,nonexistent,-1.7,94.055,-39.8,0.727,4991.6,1,0.8765923052676076,yes,High,284
60,retired,married,high.school,no,no,no,cellular,sep,wed,1,999,0,nonexistent,-1.1,94.199,-37.5,0.876,4963.6,1,0.8761089207576664,yes,High,285
30,blue-collar,married,high.school,no,no,no,cellular,mar,tue,1,999,0,nonexistent,-1.8,93.369,-34.8,0.655,5008.7,1,0.8760901851177191,yes,High,286
41,admin.,divorced,high.school,no,unknown,unknown,cellular,aug,thu,1,999,0,nonexistent,-1.7,94.027,-38.3,0.904,4991.6,1,0.8750736758874232,yes,High,287
32,services,single,high.school,no,yes,yes,cellular,aug,wed,1,4,2,success,-2.9,92.201,-31.4,0.884,5076.2,1,0.8750469628402775,yes,High,288
42,admin.,single,high.school,no,no,no,cellular,sep,thu,1,999,0,nonexistent,-1.1,94.199,-37.5,0.878,4963.6,1,0.8743440714267691,yes,High,289
76,housemaid,married,basic.4y,no,no,no,cellular,jun,tue,5,999,0,nonexistent,-1.7,94.055,-39.8,0.702,4991.6,1,0.873853208446783,yes,High,290
33,technician,married,unknown,no,yes,yes,cellular,sep,thu,1,9,3,failure,-1.1,94.199,-37.5,0.879,4963.6,1,0.8736170427419774,yes,High,291
39,entrepreneur,married,university.degree,no,yes,no,cellular,sep,tue,3,999,0,nonexistent,-1.1,94.199,-37.5,0.881,4963.6,0,0.8736052929641935,yes,High,292
46,services,married,university.degree,no,yes,no,cellular,sep,wed,1,999,0,nonexistent,-1.1,94.199,-37.5,0.88,4963.6,1,0.8731183912210266,yes,High,293
33,admin.,married,university.degree,no,no,no,cellular,may,mon,2,15,3,failure,-1.8,93.876,-40.0,0.685,5008.7,0,0.8727973702619979,yes,High,294
29,student,single,high.school,no,yes,yes,cellular,nov,thu,1,3,3,success,-1.1,94.767,-50.8,1.05,4963.6,1,0.8727885276059254,yes,High,295
81,retired,divorced,basic.4y,no,yes,no,cellular,dec,fri,3,999,0,nonexistent,-3.0,92.713,-33.0,0.714,5023.5,1,0.8725157301536491,yes,High,296
33,blue-collar,single,high.school,no,yes,no,cellular,mar,wed,1,999,0,nonexistent,-1.8,92.843,-50.0,1.602,5099.1,0,0.8722415204376656,yes,High,297
26,technician,single,university.degree,no,no,no,cellular,oct,wed,1,999,0,nonexistent,-1.1,94.601,-49.5,0.959,4963.6,1,0.8722274859503314,yes,High,298
41,services,married,high.school,no,no,no,cellular,mar,wed,2,999,0,nonexistent,-1.8,92.843,-50.0,1.778,5099.1,1,0.8711249560146803,yes,High,299
25,services,single,unknown,no,yes,no,cellular,jun,tue,1,13,2,failure,-1.7,94.055,-39.8,0.702,4991.6,1,0.8710734906029597,yes,High,300
37,technician,married,professional.course,no,no,no,cellular,aug,wed,3,4,2,success,-2.9,92.201,-31.4,0.884,5076.2,1,0.8709545459407069,yes,High,301
30,housemaid,single,university.degree,no,no,no,cellular,sep,thu,2,999,0,nonexistent,-1.1,94.199,-37.5,0.878,4963.6,0,0.8706374165181348,yes,High,302
38,technician,married,professional.course,no,no,no,cellular,mar,thu,3,999,0,nonexistent,-1.8,92.843,-50.0,1.757,5099.1,0,0.870472127628928,yes,High,303
95,retired,divorced,basic.6y,no,no,no,cellular,mar,thu,1,999,0,nonexistent,-1.8,92.843,-50.0,1.65,5099.1,0,0.8703421635385806,yes,High,304
51,unemployed,divorced,high.school,no,no,no,cellular,dec,thu,2,999,0,nonexistent,-3.0,92.713,-33.0,0.714,5023.5,0,0.8703111408353166,yes,High,305
38,technician,married,professional.course,no,no,no,cellular,mar,thu,1,999,0,nonexistent,-1.8,92.843,-50.0,1.757,5099.1,0,0.8699576204319228,yes,High,306
71,retired,married,professional.course,no,yes,no,cellular,nov,tue,1,999,0,nonexistent,-3.4,92.649,-30.1,0.72,5017.5,1,0.8698626573748146,yes,High,307
63,housemaid,married,basic.9y,no,yes,no,cellular,apr,fri,1,999,0,nonexistent,-1.8,93.749,-34.6,0.645,5008.7,0,0.8695634712979747,yes,High,308
77,retired,divorced,unknown,no,yes,no,cellular,mar,tue,1,999,0,nonexistent,-1.8,92.843,-50.0,1.614,5099.1,1,0.8692423447378355,yes,High,309
36,self-employed,single,university.degree,no,yes,no,telephone,oct,thu,1,999,0,nonexistent,-0.1,93.798,-40.4,4.794,5195.8,1,0.8688360036877852,yes,High,310
21,student,single,high.school,no,no,no,cellular,aug,thu,2,4,2,success,-2.9,92.201,-31.4,0.873,5076.2,0,0.8686054036591886,yes,High,311
27,admin.,single,university.degree,no,yes,no,cellular,aug,fri,2,999,0,nonexistent,-1.7,94.027,-38.3,0.905,4991.6,1,0.8677952721609525,yes,High,312
31,admin.,single,university.degree,no,yes,no,cellular,nov,wed,1,2,5,success,-1.1,94.767,-50.8,1.048,4963.6,1,0.8677374456258485,yes,High,313
27,technician,single,professional.course,no,no,no,cellular,jun,tue,2,999,0,nonexistent,-1.7,94.055,-39.8,0.737,4991.6,0,0.8672605346104653,yes,High,314
32,technician,married,professional.course,no,yes,no,cellular,oct,wed,2,999,0,nonexistent,-1.1,94.601,-49.5,0.959,4963.6,1,0.8670397783627576,yes,High,315
33,housemaid,married,high.school,no,no,no,telephone,oct,tue,1,999,0,nonexistent,-0.1,93.798,-40.4,4.968,5195.8,1,0.8668089564261694,yes,High,316
38,entrepreneur,married,university.degree,no,no,no,cellular,nov,wed,2,999,0,nonexistent,-1.1,94.767,-50.8,1.03,4963.6,0,0.8665616835672822,yes,High,317
36,admin.,single,basic.9y,no,yes,yes,telephone,apr,wed,1,999,0,nonexistent,-1.8,93.749,-34.6,0.644,5008.7,1,0.8656604820044403,yes,High,318
39,technician,married,university.degree,no,yes,no,cellular,jun,mon,2,999,0,nonexistent,-1.7,94.055,-39.8,0.72,4991.6,1,0.8654931311772074,yes,High,319
32,management,single,university.degree,no,yes,no,cellular,mar,tue,3,999,0,nonexistent,-1.8,92.843,-50.0,1.687,5099.1,1,0.8647495959439149,yes,High,320
62,retired,divorced,high.school,no,yes,no,cellular,jun,fri,4,999,0,nonexistent,-1.7,94.055,-39.8,0.732,4991.6,0,0.8630218833845148,yes,High,321
39,admin.,single,high.school,no,yes,no,cellular,mar,tue,2,999,0,nonexistent,-1.8,92.843,-50.0,1.687,5099.1,0,0.8629197285913766,yes,High,322
36,admin.,single,university.degree,no,yes,yes,cellular,jun,wed,1,999,0,nonexistent,-1.7,94.055,-39.8,0.739,4991.6,1,0.8627450867414659,yes,High,323
39,management,married,university.degree,no,yes,no,cellular,sep,thu,3,999,0,nonexistent,-1.1,94.199,-37.5,0.884,4963.6,1,0.8623553504301047,yes,High,324
47,services,single,unknown,no,unknown,unknown,cellular,mar,thu,2,999,0,nonexistent,-1.8,93.369,-34.8,0.643,5008.7,0,0.862093398060641,yes,High,325
30,technician,single,professional.course,no,yes,no,cellular,sep,fri,2,999,0,nonexistent,-1.1,94.199,-37.5,0.883,4963.6,0,0.8620819804635577,yes,High,326
58,housemaid,single,professional.course,no,no,yes,cellular,apr,thu,1,999,0,nonexistent,-1.8,93.749,-34.6,0.64,5008.7,1,0.8617860094022592,yes,High,327
33,technician,married,professional.course,no,yes,yes,cellular,may,fri,2,999,0,nonexistent,-1.8,93.876,-40.0,0.684,5008.7,0,0.8616363227058625,yes,High,328
36,admin.,married,high.school,no,no,no,cellular,mar,tue,1,999,0,nonexistent,-1.8,92.843,-50.0,1.799,5099.1,1,0.8615605194607654,yes,High,329
43,admin.,divorced,university.degree,no,no,no,telephone,apr,fri,4,999,0,nonexistent,-1.8,93.749,-34.6,0.645,5008.7,1,0.8614452695961968,yes,High,330
74,retired,married,basic.4y,unknown,yes,no,cellular,aug,mon,2,6,1,success,-2.9,92.201,-31.4,0.843,5076.2,1,0.8611161786531083,yes,High,331
53,management,divorced,university.degree,no,no,no,cellular,jun,mon,1,999,0,nonexistent,-1.7,94.055,-39.8,0.754,4991.6,1,0.8605421155795856,yes,High,332
28,admin.,single,high.school,no,yes,no,cellular,mar,fri,1,999,0,nonexistent,-1.8,92.843,-50.0,1.531,5099.1,1,0.8604034062939188,yes,High,333
28,admin.,single,high.school,no,yes,no,cellular,mar,fri,1,999,0,nonexistent,-1.8,92.843,-50.0,1.531,5099.1,0,0.8604034062939188,yes,High,334
21,student,single,high.school,no,yes,no,cellular,jun,mon,1,999,0,nonexistent,-1.7,94.055,-39.8,0.72,4991.6,1,0.8602390952571879,yes,High,335
49,technician,married,university.degree,no,no,no,cellular,may,thu,1,999,1,failure,-1.8,93.876,-40.0,0.699,5008.7,0,0.8598642597800233,yes,High,336
34,blue-collar,married,basic.9y,no,yes,no,cellular,aug,tue,2,999,0,nonexistent,-1.7,94.027,-38.3,0.886,4991.6,0,0.8596263499944676,yes,High,337
21,student,single,high.school,no,no,no,cellular,mar,tue,1,999,0,nonexistent,-1.8,92.843,-50.0,1.614,5099.1,1,0.8595449401785764,yes,High,338
32,technician,divorced,professional.course,no,no,no,cellular,mar,tue,2,999,0,nonexistent,-1.8,92.843,-50.0,1.556,5099.1,0,0.8594544269148222,yes,High,339
38,technician,married,university.degree,no,no,no,cellular,mar,tue,1,999,0,nonexistent,-1.8,92.843,-50.0,1.687,5099.1,1,0.8592369505511708,yes,High,340
31,admin.,married,university.degree,no,yes,no,cellular,mar,tue,3,999,0,nonexistent,-1.8,92.843,-50.0,1.556,5099.1,1,0.8592157300421465,yes,High,341
34,technician,single,university.degree,no,no,no,cellular,oct,fri,1,999,0,nonexistent,-3.4,92.431,-26.9,0.72,5017.5,1,0.8590772584465348,yes,High,342
31,admin.,married,high.school,no,no,yes,cellular,aug,mon,2,4,1,success,-2.9,92.201,-31.4,0.884,5076.2,1,0.8586715746401192,yes,High,343
54,unemployed,married,high.school,no,yes,no,cellular,dec,wed,1,999,0,nonexistent,-3.0,92.713,-33.0,0.721,5023.5,1,0.8585703304492159,yes,High,344
56,admin.,divorced,unknown,no,no,no,cellular,dec,wed,1,999,0,nonexistent,-3.0,92.713,-33.0,0.715,5023.5,0,0.858532968415184,yes,High,345
35,technician,single,professional.course,no,no,no,cellular,jul,mon,4,999,0,nonexistent,-1.7,94.215,-40.3,0.827,4991.6,1,0.8584193731725046,yes,High,346
38,blue-collar,single,high.school,no,yes,no,telephone,mar,wed,1,999,0,nonexistent,-1.8,93.369,-34.8,0.655,5008.7,1,0.8583284304191712,yes,High,347
38,technician,married,professional.course,no,yes,no,cellular,mar,thu,1,999,0,nonexistent,-1.8,92.843,-50.0,1.757,5099.1,1,0.8581878248893048,yes,High,348
26,admin.,single,university.degree,no,no,no,cellular,mar,fri,1,7,4,failure,-1.8,93.369,-34.8,0.636,5008.7,0,0.8581795251599957,yes,High,349
34,housemaid,single,basic.4y,no,yes,no,cellular,nov,tue,4,999,0,nonexistent,-3.4,92.649,-30.1,0.715,5017.5,1,0.8572919425303956,yes,High,350
49,admin.,single,high.school,no,no,no,cellular,oct,fri,1,999,1,failure,-3.4,92.431,-26.9,0.739,5017.5,0,0.8572479646765464,yes,High,351
28,self-employed,single,university.degree,no,yes,no,cellular,mar,fri,1,999,0,nonexistent,-1.8,92.843,-50.0,1.64,5099.1,0,0.8570164753416711,yes,High,352
31,admin.,single,university.degree,no,yes,no,cellular,nov,wed,1,999,0,nonexistent,-1.1,94.767,-50.8,1.048,4963.6,0,0.856913086340462,yes,High,353
82,retired,single,basic.4y,no,yes,no,cellular,oct,thu,2,999,0,nonexistent,-3.4,92.431,-26.9,0.722,5017.5,0,0.8565895978201049,yes,High,354
33,technician,married,university.degree,no,yes,no,cellular,mar,tue,2,999,0,nonexistent,-1.8,92.843,-50.0,1.687,5099.1,0,0.8564941714096896,yes,High,355
41,admin.,married,university.degree,no,yes,no,cellular,nov,fri,4,999,0,nonexistent,-1.1,94.767,-50.8,1.04,4963.6,1,0.8562193820690326,yes,High,356
25,admin.,single,university.degree,no,no,yes,cellular,apr,fri,1,999,0,nonexistent,-1.8,93.749,-34.6,0.645,5008.7,0,0.856009229737885,yes,High,357
62,retired,married,basic.4y,no,no,no,cellular,aug,mon,1,9,2,failure,-1.7,94.027,-38.3,0.898,4991.6,1,0.8555831890219461,yes,High,358
51,blue-collar,married,professional.course,no,yes,no,cellular,dec,wed,3,999,0,nonexistent,-3.0,92.713,-33.0,0.7,5023.5,1,0.8555666344533709,yes,High,359
52,admin.,married,university.degree,no,no,yes,telephone,apr,thu,3,999,0,nonexistent,-1.8,93.749,-34.6,0.659,5008.7,1,0.8554912177187117,yes,High,360
25,unemployed,married,high.school,no,no,no,cellular,jun,thu,2,999,0,nonexistent,-2.9,92.963,-40.8,1.26,5076.2,0,0.8549385545551473,yes,High,361
21,student,single,high.school,no,no,no,cellular,jun,wed,4,999,0,nonexistent,-2.9,92.963,-40.8,1.26,5076.2,0,0.8547717571603244,yes,High,362
22,student,single,high.school,no,no,no,cellular,oct,fri,2,999,1,failure,-3.4,92.431,-26.9,0.739,5017.5,1,0.85450970585372,yes,High,363
28,admin.,single,high.school,no,no,no,cellular,mar,fri,2,999,0,nonexistent,-1.8,92.843,-50.0,1.531,5099.1,1,0.85422280993478,yes,High,365
28,admin.,single,high.school,no,no,no,cellular,mar,fri,2,999,0,nonexistent,-1.8,92.843,-50.0,1.531,5099.1,0,0.85422280993478,yes,High,364
22,services,single,professional.course,no,no,no,cellular,jul,tue,1,999,1,failure,-1.7,94.215,-40.3,0.835,4991.6,1,0.8536946118692538,yes,High,366
21,student,single,university.degree,no,no,no,cellular,jun,fri,2,999,0,nonexistent,-2.9,92.963,-40.8,1.268,5076.2,1,0.8536902808502591,yes,High,367
71,retired,married,basic.4y,no,no,no,cellular,nov,tue,2,999,1,failure,-3.4,92.649,-30.1,0.715,5017.5,0,0.8536706023223034,yes,High,368
43,blue-collar,married,basic.9y,no,no,no,telephone,oct,tue,1,999,0,nonexistent,-0.1,93.798,-40.4,4.86,5195.8,0,0.8532785147119865,yes,High,369
48,unemployed,single,basic.9y,no,yes,no,cellular,apr,thu,1,2,1,success,-1.8,93.075,-47.1,1.365,5099.1,1,0.8525825620432819,yes,High,370
32,admin.,married,high.school,no,yes,no,cellular,sep,mon,1,999,0,nonexistent,-1.1,94.199,-37.5,0.879,4963.6,1,0.8524611902729603,yes,High,371
57,blue-collar,divorced,basic.4y,no,no,no,cellular,jun,mon,1,12,1,success,-2.9,92.963,-40.8,1.266,5076.2,0,0.85201990091695,yes,High,372
55,admin.,married,university.degree,no,yes,yes,cellular,jul,fri,2,999,1,failure,-1.7,94.215,-40.3,0.79,4991.6,0,0.851854274356618,yes,High,373
29,services,single,unknown,no,yes,no,cellular,apr,thu,2,999,0,nonexistent,-1.8,93.749,-34.6,0.659,5008.7,1,0.8512926791013274,yes,High,374
32,admin.,single,university.degree,no,yes,no,cellular,dec,tue,2,999,0,nonexistent,-3.0,92.713,-33.0,0.707,5023.5,1,0.8512830113412942,yes,High,375
78,retired,married,professional.course,no,yes,no,cellular,nov,wed,1,999,0,nonexistent,-3.4,92.649,-30.1,0.716,5017.5,0,0.8512769666999687,yes,High,376
73,retired,divorced,professional.course,unknown,yes,no,cellular,jul,thu,2,999,0,nonexistent,-1.7,94.215,-40.3,0.81,4991.6,0,0.8511292416886045,yes,High,377
60,retired,married,basic.4y,unknown,yes,no,cellular,oct,fri,1,999,0,nonexistent,-3.4,92.431,-26.9,0.72,5017.5,0,0.850763116578599,yes,High,378
86,retired,married,basic.4y,no,yes,no,cellular,sep,tue,3,999,0,nonexistent,-1.1,94.199,-37.5,0.881,4963.6,1,0.8504088919420664,yes,High,379
69,retired,married,basic.4y,no,yes,no,cellular,oct,thu,1,999,0,nonexistent,-3.4,92.431,-26.9,0.722,5017.5,1,0.8495436971490414,yes,High,380
72,retired,married,basic.4y,no,yes,no,cellular,jul,fri,2,999,1,failure,-1.7,94.215,-40.3,0.822,4991.6,0,0.8495074653881666,yes,High,381
38,services,single,high.school,no,no,no,cellular,sep,fri,2,999,0,nonexistent,-1.1,94.199,-37.5,0.878,4963.6,1,0.8494690761291327,yes,High,382
50,technician,married,high.school,no,yes,no,cellular,dec,mon,1,999,1,failure,-3.0,92.713,-33.0,0.717,5023.5,1,0.849022687412936,yes,High,383
37,unemployed,single,university.degree,no,yes,no,cellular,mar,fri,1,999,0,nonexistent,-1.8,92.843,-50.0,1.64,5099.1,0,0.8484064165963809,yes,High,384
31,student,married,high.school,no,yes,no,cellular,dec,wed,3,999,0,nonexistent,-3.0,92.713,-33.0,0.7,5023.5,0,0.8484044703699346,yes,High,385
38,technician,married,university.degree,no,yes,no,cellular,mar,tue,1,999,0,nonexistent,-1.8,92.843,-50.0,1.687,5099.1,1,0.848267081126701,yes,High,386
30,admin.,married,university.degree,no,unknown,unknown,cellular,mar,mon,3,8,1,success,-1.8,92.843,-50.0,1.629,5099.1,0,0.8478164719312276,yes,High,387
78,retired,divorced,professional.course,no,yes,no,cellular,mar,tue,1,999,1,failure,-1.8,93.369,-34.8,0.655,5008.7,1,0.8475831971101396,yes,High,388
75,retired,married,university.degree,no,yes,no,cellular,jul,thu,1,999,2,failure,-1.7,94.215,-40.3,0.81,4991.6,1,0.8473221027882355,yes,High,389
31,admin.,married,high.school,no,yes,no,cellular,oct,thu,2,999,1,failure,-3.4,92.431,-26.9,0.722,5017.5,0,0.8472663776406347,yes,High,390
46,admin.,married,university.degree,no,no,no,cellular,mar,tue,3,999,0,nonexistent,-1.8,92.843,-50.0,1.556,5099.1,1,0.8472350775574591,yes,High,391
43,blue-collar,married,professional.course,no,yes,yes,cellular,jun,thu,1,999,0,nonexistent,-1.7,94.055,-39.8,0.729,4991.6,1,0.8468781235399134,yes,High,392
28,student,single,high.school,no,yes,no,cellular,jun,fri,3,999,0,nonexistent,-2.9,92.963,-40.8,1.268,5076.2,1,0.8464741515695894,yes,High,393
30,blue-collar,single,university.degree,no,no,no,cellular,mar,fri,1,999,0,nonexistent,-1.8,92.843,-50.0,1.531,5099.1,0,0.8457371795543699,yes,High,394
18,student,single,high.school,no,no,no,cellular,nov,fri,2,7,2,failure,-3.4,92.649,-30.1,0.714,5017.5,1,0.8454564623748663,yes,High,395
23,blue-collar,single,basic.9y,no,no,no,cellular,jul,thu,4,999,1,failure,-1.7,94.215,-40.3,0.846,4991.6,1,0.8453961985421192,yes,High,396
30,admin.,single,university.degree,no,no,no,cellular,jun,thu,1,999,0,nonexistent,-2.9,92.963,-40.8,1.26,5076.2,1,0.8443867529514179,yes,High,397
22,student,single,unknown,no,no,no,cellular,jun,mon,1,999,0,nonexistent,-2.9,92.963,-40.8,1.26,5076.2,0,0.8443397277512141,yes,High,398
80,retired,married,illiterate,unknown,yes,yes,cellular,aug,tue,1,6,1,success,-2.9,92.201,-31.4,0.883,5076.2,1,0.8437045208611883,yes,High,399
63,retired,married,professional.course,no,no,no,cellular,dec,mon,4,999,0,nonexistent,-3.0,92.713,-33.0,0.706,5023.5,0,0.8434249353679035,yes,High,400
31,admin.,married,professional.course,no,no,no,cellular,mar,mon,2,999,0,nonexistent,-1.8,93.369,-34.8,0.646,5008.7,1,0.8432290197943505,yes,High,401
26,admin.,single,university.degree,no,yes,no,cellular,jul,wed,2,999,0,nonexistent,-2.9,92.469,-33.6,0.979,5076.2,0,0.8424334538623068,yes,High,402
31,self-employed,single,university.degree,no,yes,no,cellular,oct,fri,1,999,1,failure,-3.4,92.431,-26.9,0.73,5017.5,0,0.8423301401239683,yes,High,403
36,technician,single,professional.course,no,no,no,cellular,dec,mon,1,999,0,nonexistent,-3.0,92.713,-33.0,0.717,5023.5,0,0.842220495214513,yes,High,404
79,retired,married,basic.4y,no,no,yes,cellular,nov,tue,1,999,0,nonexistent,-3.4,92.649,-30.1,0.72,5017.5,1,0.8420671574193109,yes,High,405
29,admin.,single,university.degree,no,yes,no,cellular,jul,mon,2,999,1,failure,-1.7,94.215,-40.3,0.889,4991.6,0,0.841567574838648,yes,High,406
30,admin.,single,university.degree,no,no,no,cellular,jun,wed,1,999,0,nonexistent,-2.9,92.963,-40.8,1.26,5076.2,0,0.8414791572798017,yes,High,407
24,services,single,high.school,no,no,no,cellular,jun,wed,1,999,0,nonexistent,-2.9,92.963,-40.8,1.26,5076.2,0,0.8411857035484954,yes,High,408
52,management,married,high.school,no,yes,yes,cellular,aug,tue,1,10,4,failure,-2.9,92.201,-31.4,0.883,5076.2,1,0.8411691679342209,yes,High,409
57,management,married,university.degree,no,yes,no,cellular,aug,tue,1,5,2,failure,-2.9,92.201,-31.4,0.883,5076.2,0,0.841125509507326,yes,High,410
51,admin.,divorced,high.school,no,no,no,cellular,aug,tue,1,6,2,failure,-2.9,92.201,-31.4,0.838,5076.2,0,0.8410664047444093,yes,High,411
39,technician,single,university.degree,unknown,yes,no,cellular,oct,fri,1,999,0,nonexistent,-3.4,92.431,-26.9,0.72,5017.5,1,0.8409417647388265,yes,High,412
57,blue-collar,married,basic.9y,no,no,no,cellular,mar,fri,2,999,0,nonexistent,-1.8,93.369,-34.8,0.636,5008.7,0,0.84054451391215,yes,High,413
30,student,single,basic.4y,no,yes,yes,cellular,mar,tue,2,999,0,nonexistent,-1.8,92.843,-50.0,1.687,5099.1,0,0.8403186044480927,yes,High,414
32,management,single,university.degree,no,no,no,cellular,jul,fri,2,999,1,failure,-1.7,94.215,-40.3,0.861,4991.6,0,0.8401560681004473,yes,High,415
53,housemaid,married,high.school,no,yes,no,cellular,jun,fri,6,999,0,nonexistent,-1.7,94.055,-39.8,0.748,4991.6,0,0.8399167174657796,yes,High,416
58,unemployed,married,university.degree,no,yes,no,cellular,nov,thu,2,999,0,nonexistent,-1.1,94.767,-50.8,1.041,4963.6,1,0.8398932412439516,yes,High,417
32,management,single,university.degree,no,yes,yes,cellular,mar,tue,1,999,0,nonexistent,-1.8,92.843,-50.0,1.687,5099.1,0,0.8393653292351614,yes,High,418
32,admin.,married,university.degree,no,no,yes,telephone,oct,mon,1,999,0,nonexistent,-0.1,93.798,-40.4,4.912,5195.8,0,0.8393246944097202,yes,High,419
23,student,single,high.school,no,no,no,cellular,jun,tue,1,999,0,nonexistent,-2.9,92.963,-40.8,1.262,5076.2,1,0.8393210143071783,yes,High,420
46,admin.,divorced,university.degree,no,no,no,telephone,oct,mon,1,999,0,nonexistent,-0.1,93.798,-40.4,4.912,5195.8,1,0.8391872234579678,yes,High,421
70,retired,married,basic.4y,no,yes,no,telephone,apr,tue,2,999,1,failure,-1.8,93.749,-34.6,0.642,5008.7,0,0.8390986426751245,yes,High,422
32,admin.,single,university.degree,no,no,no,cellular,jun,fri,1,999,0,nonexistent,-2.9,92.963,-40.8,1.268,5076.2,1,0.8388734847045841,yes,High,423
64,retired,married,university.degree,no,yes,no,cellular,apr,wed,1,999,0,nonexistent,-1.8,93.075,-47.1,1.405,5099.1,0,0.8387764003603813,yes,High,424
24,student,single,high.school,no,yes,no,cellular,oct,thu,3,999,0,nonexistent,-3.4,92.431,-26.9,0.722,5017.5,1,0.8385977979285324,yes,High,425
41,technician,single,professional.course,no,yes,no,cellular,mar,mon,1,999,0,nonexistent,-1.8,92.843,-50.0,1.703,5099.1,0,0.8376215275335412,yes,High,426
33,admin.,single,university.degree,no,no,no,cellular,jun,fri,2,999,0,nonexistent,-2.9,92.963,-40.8,1.268,5076.2,0,0.8375188426314568,yes,High,427
48,admin.,married,high.school,no,no,no,telephone,oct,mon,1,999,0,nonexistent,-0.1,93.798,-40.4,5.0,5195.8,1,0.8372841329708834,yes,High,428
35,admin.,married,university.degree,no,no,no,cellular,jun,thu,4,999,0,nonexistent,-2.9,92.963,-40.8,1.26,5076.2,1,0.8372185114208676,yes,High,429
18,student,single,basic.4y,no,yes,no,telephone,nov,tue,1,13,2,success,-1.1,94.767,-50.8,1.049,4963.6,1,0.8369732000757563,yes,High,430
20,student,single,unknown,no,yes,no,cellular,jun,wed,1,999,0,nonexistent,-2.9,92.963,-40.8,1.26,5076.2,1,0.8366896189807398,yes,High,431
30,admin.,single,university.degree,no,yes,no,cellular,jun,wed,2,999,0,nonexistent,-2.9,92.963,-40.8,1.26,5076.2,1,0.8357747881709252,yes,High,432
28,admin.,married,high.school,no,yes,no,cellular,nov,tue,5,999,0,nonexistent,-3.4,92.649,-30.1,0.715,5017.5,1,0.8355362166526206,yes,High,433
37,technician,married,professional.course,no,yes,no,telephone,apr,mon,1,999,0,nonexistent,-1.8,93.749,-34.6,0.642,5008.7,1,0.8353295355076397,yes,High,434
28,technician,single,professional.course,no,yes,no,cellular,nov,wed,1,999,1,failure,-3.4,92.649,-30.1,0.716,5017.5,1,0.835162758912019,yes,High,435
48,management,married,university.degree,no,yes,yes,cellular,nov,tue,2,999,0,nonexistent,-3.4,92.649,-30.1,0.715,5017.5,1,0.8346704466792422,yes,High,436
32,admin.,married,high.school,no,no,no,cellular,mar,thu,2,999,0,nonexistent,-1.8,92.843,-50.0,1.757,5099.1,0,0.8345840459513153,yes,High,437
32,admin.,single,professional.course,no,yes,no,cellular,jul,wed,1,999,0,nonexistent,-2.9,92.469,-33.6,1.029,5076.2,0,0.8337631697511187,yes,High,438
58,technician,married,basic.9y,no,yes,no,cellular,aug,mon,1,999,0,nonexistent,-1.7,94.027,-38.3,0.904,4991.6,1,0.833370063596783,yes,High,439
38,technician,married,university.degree,no,yes,yes,cellular,dec,wed,1,999,0,nonexistent,-3.0,92.713,-33.0,0.721,5023.5,1,0.8332860006122594,yes,High,440
70,retired,married,basic.4y,no,yes,no,cellular,dec,wed,1,999,2,failure,-3.0,92.713,-33.0,0.715,5023.5,0,0.8330933018223877,yes,High,441
43,blue-collar,married,basic.9y,no,yes,no,cellular,dec,tue,2,999,0,nonexistent,-3.0,92.713,-33.0,0.707,5023.5,1,0.8327311388490088,yes,High,442
23,student,single,basic.9y,no,yes,no,cellular,dec,tue,2,999,0,nonexistent,-3.0,92.713,-33.0,0.708,5023.5,1,0.8322989701072171,yes,High,443
59,blue-collar,married,basic.4y,no,yes,no,cellular,mar,mon,2,999,0,nonexistent,-1.8,93.369,-34.8,0.652,5008.7,1,0.8322083559482591,yes,High,444
24,student,single,high.school,no,yes,no,cellular,dec,thu,3,999,0,nonexistent,-3.0,92.713,-33.0,0.712,5023.5,1,0.8320646112411486,yes,High,445
30,technician,single,professional.course,no,no,no,cellular,sep,tue,2,999,1,failure,-1.1,94.199,-37.5,0.877,4963.6,1,0.8313559588505733,yes,High,446
83,retired,divorced,basic.4y,no,yes,yes,cellular,nov,tue,1,999,0,nonexistent,-3.4,92.649,-30.1,0.716,5017.5,0,0.8309281553339222,yes,High,447
29,blue-collar,single,professional.course,no,no,yes,cellular,mar,tue,2,999,1,failure,-1.8,93.369,-34.8,0.652,5008.7,1,0.8303929639934192,yes,High,448
30,admin.,single,university.degree,no,yes,yes,cellular,nov,tue,2,999,0,nonexistent,-3.4,92.649,-30.1,0.715,5017.5,0,0.8299487977130346,yes,High,449
25,services,single,high.school,no,yes,no,cellular,oct,thu,1,999,0,nonexistent,-3.4,92.431,-26.9,0.733,5017.5,0,0.8297428226050032,yes,High,450
32,technician,single,university.degree,no,no,no,cellular,jun,mon,1,999,0,nonexistent,-2.9,92.963,-40.8,1.266,5076.2,1,0.8293768002073384,yes,High,451
44,services,married,high.school,no,no,no,cellular,oct,mon,3,999,0,nonexistent,-1.1,94.601,-49.5,1.0,4963.6,0,0.8290092175510096,yes,High,452
50,admin.,married,university.degree,no,unknown,unknown,cellular,may,wed,1,999,1,failure,-1.8,93.876,-40.0,0.682,5008.7,0,0.8286796240610483,yes,High,453
18,student,single,basic.6y,no,no,yes,cellular,oct,fri,2,999,0,nonexistent,-3.4,92.431,-26.9,0.72,5017.5,1,0.8277810675217933,yes,High,454
69,retired,married,basic.6y,no,yes,no,cellular,nov,thu,3,999,0,nonexistent,-3.4,92.649,-30.1,0.716,5017.5,1,0.8277493313545441,yes,High,455
30,student,single,university.degree,no,yes,no,cellular,dec,mon,1,999,0,nonexistent,-3.0,92.713,-33.0,0.706,5023.5,0,0.8277419948812853,yes,High,456
88,retired,married,basic.4y,no,no,no,cellular,sep,mon,2,999,0,nonexistent,-1.1,94.199,-37.5,0.882,4963.6,0,0.8274097095983576,yes,High,457
26,student,single,basic.9y,no,yes,no,cellular,mar,mon,2,999,0,nonexistent,-1.8,92.843,-50.0,1.811,5099.1,1,0.8271104412527794,yes,High,458
34,technician,married,professional.course,no,no,no,telephone,mar,mon,6,6,1,success,-1.8,93.369,-34.8,0.646,5008.7,1,0.8270958844998233,yes,High,459
36,management,married,university.degree,no,no,no,cellular,mar,thu,2,999,0,nonexistent,-1.8,92.843,-50.0,1.538,5099.1,1,0.8270509571480822,yes,High,460
28,admin.,single,university.degree,no,yes,no,cellular,jun,fri,1,999,0,nonexistent,-2.9,92.963,-40.8,1.268,5076.2,1,0.8270340525579477,yes,High,461
43,management,single,university.degree,no,yes,no,cellular,oct,tue,1,999,0,nonexistent,-3.4,92.431,-26.9,0.744,5017.5,0,0.827003817857549,yes,High,462
30,student,single,university.degree,no,no,no,cellular,jul,tue,2,13,2,failure,-2.9,92.469,-33.6,0.908,5076.2,1,0.8266693553694147,yes,High,463
55,unemployed,married,basic.9y,no,no,no,cellular,oct,tue,1,999,0,nonexistent,-3.4,92.431,-26.9,0.728,5017.5,1,0.8260936644886988,yes,High,464
70,retired,married,basic.4y,no,yes,no,cellular,aug,fri,2,999,0,nonexistent,-2.9,92.201,-31.4,0.881,5076.2,1,0.8258795019508506,yes,High,465
26,admin.,single,university.degree,no,yes,no,cellular,jun,wed,1,999,0,nonexistent,-2.9,92.963,-40.8,1.26,5076.2,0,0.8258329720066648,yes,High,466
30,self-employed,single,university.degree,no,yes,no,cellular,sep,tue,1,999,0,nonexistent,-3.4,92.379,-29.8,0.788,5017.5,0,0.8258139164621031,yes,High,467
44,technician,married,university.degree,no,no,no,cellular,jun,wed,2,999,1,failure,-1.7,94.055,-39.8,0.715,4991.6,1,0.8254689818473679,yes,High,468
31,services,married,high.school,no,yes,no,cellular,jun,wed,2,999,0,nonexistent,-2.9,92.963,-40.8,1.26,5076.2,1,0.8254379594488814,yes,High,469
63,technician,married,high.school,no,no,no,cellular,apr,mon,3,999,0,nonexistent,-1.8,93.749,-34.6,0.642,5008.7,1,0.8251047380589235,yes,High,470
48,technician,married,high.school,no,yes,no,cellular,oct,thu,2,999,0,nonexistent,-3.4,92.431,-26.9,0.722,5017.5,1,0.8249735451162131,yes,High,471
37,student,single,unknown,no,no,no,cellular,jun,fri,1,999,0,nonexistent,-2.9,92.963,-40.8,1.268,5076.2,0,0.8249329668468622,yes,High,472
75,retired,divorced,basic.4y,no,no,no,cellular,oct,thu,2,999,0,nonexistent,-3.4,92.431,-26.9,0.722,5017.5,0,0.824922987310006,yes,High,473
36,technician,single,professional.course,no,no,no,cellular,jun,fri,2,999,0,nonexistent,-2.9,92.963,-40.8,1.268,5076.2,1,0.8247494827489004,yes,High,474
34,technician,married,university.degree,no,no,no,cellular,jun,tue,2,999,0,nonexistent,-2.9,92.963,-40.8,1.262,5076.2,0,0.8245979008712828,yes,High,475
49,management,married,university.degree,no,no,yes,cellular,nov,tue,1,999,0,nonexistent,-3.4,92.649,-30.1,0.715,5017.5,0,0.8241217976526214,yes,High,476
69,entrepreneur,married,high.school,no,yes,no,cellular,jun,wed,2,999,0,nonexistent,-2.9,92.963,-40.8,1.26,5076.2,0,0.823945892411461,yes,High,477
33,admin.,single,university.degree,no,no,no,cellular,jun,tue,3,999,0,nonexistent,-2.9,92.963,-40.8,1.262,5076.2,1,0.8237331481581348,yes,High,478
33,admin.,single,university.degree,no,yes,no,cellular,jun,thu,3,999,0,nonexistent,-2.9,92.963,-40.8,1.26,5076.2,0,0.8236389295160569,yes,High,479
43,technician,single,university.degree,no,no,yes,cellular,nov,fri,5,999,0,nonexistent,-3.4,92.649,-30.1,0.714,5017.5,0,0.8233808174283163,yes,High,480
26,admin.,married,unknown,no,no,no,cellular,mar,thu,1,999,1,failure,-1.8,93.369,-34.8,0.643,5008.7,0,0.8233582356402004,yes,High,481
25,services,single,high.school,no,yes,no,cellular,oct,thu,2,999,0,nonexistent,-3.4,92.431,-26.9,0.733,5017.5,1,0.823315651226705,yes,High,482
55,unemployed,married,basic.9y,no,yes,no,cellular,oct,tue,1,999,0,nonexistent,-3.4,92.431,-26.9,0.728,5017.5,0,0.8228255297035522,yes,High,483
25,technician,single,basic.9y,no,yes,no,cellular,jun,fri,2,999,0,nonexistent,-2.9,92.963,-40.8,1.268,5076.2,1,0.8226643305693571,yes,High,484
30,technician,married,university.degree,no,no,no,cellular,jun,mon,1,999,0,nonexistent,-2.9,92.963,-40.8,1.26,5076.2,0,0.8226030715982781,yes,High,485
39,entrepreneur,married,basic.6y,no,no,no,cellular,sep,tue,4,16,2,failure,-3.4,92.379,-29.8,0.819,5017.5,0,0.8224924188545502,yes,High,486
27,admin.,single,university.degree,no,yes,no,cellular,jun,fri,1,999,0,nonexistent,-2.9,92.963,-40.8,1.268,5076.2,0,0.8224372769483617,yes,High,487
32,technician,single,university.degree,no,yes,no,cellular,oct,tue,1,999,0,nonexistent,-3.4,92.431,-26.9,0.728,5017.5,1,0.822358221900383,yes,High,488
64,housemaid,married,basic.4y,no,yes,yes,cellular,dec,thu,5,999,0,nonexistent,-3.0,92.713,-33.0,0.714,5023.5,1,0.8222197920226937,yes,High,489
26,admin.,single,high.school,no,yes,yes,cellular,jun,fri,2,999,0,nonexistent,-2.9,92.963,-40.8,1.268,5076.2,0,0.8222079285183684,yes,High,490
27,admin.,single,university.degree,no,no,yes,cellular,jun,tue,1,999,0,nonexistent,-2.9,92.963,-40.8,1.262,5076.2,0,0.8220013774300442,yes,High,491
25,admin.,married,university.degree,no,yes,no,cellular,mar,fri,1,999,0,nonexistent,-1.8,92.843,-50.0,1.531,5099.1,1,0.8219093497416332,yes,High,492
36,admin.,married,university.degree,no,no,no,cellular,jun,wed,1,999,0,nonexistent,-2.9,92.963,-40.8,1.26,5076.2,0,0.8214729507319548,yes,High,493
64,retired,married,university.degree,no,yes,no,cellular,apr,tue,4,999,0,nonexistent,-1.8,93.075,-47.1,1.405,5099.1,1,0.8210520411116714,yes,High,494
54,self-employed,married,university.degree,no,no,no,cellular,oct,thu,3,999,0,nonexistent,-1.1,94.601,-49.5,0.987,4963.6,0,0.8209935283671425,yes,High,495
41,technician,divorced,university.degree,no,yes,no,cellular,aug,fri,1,999,1,failure,-1.7,94.027,-38.3,0.905,4991.6,0,0.8204294350257375,yes,High,496
34,admin.,married,university.degree,no,no,no,cellular,oct,fri,1,999,2,failure,-3.4,92.431,-26.9,0.73,5017.5,1,0.8204289539547438,yes,High,497
32,technician,divorced,professional.course,no,yes,yes,cellular,mar,tue,1,999,0,nonexistent,-1.8,92.843,-50.0,1.556,5099.1,1,0.8202514635520203,yes,High,498
42,entrepreneur,married,basic.9y,no,unknown,unknown,cellular,mar,tue,1,999,0,nonexistent,-1.8,92.843,-50.0,1.799,5099.1,0,0.8201427675556513,yes,High,499
28,admin.,single,university.degree,no,no,no,cellular,oct,fri,2,999,0,nonexistent,-3.4,92.431,-26.9,0.739,5017.5,0,0.8200252424104321,yes,High,500
27,admin.,single,high.school,no,no,no,cellular,jul,thu,2,999,2,failure,-1.7,94.215,-40.3,0.782,4991.6,0,0.819984586444697,yes,High,501
34,admin.,married,university.degree,no,no,no,cellular,oct,thu,1,999,0,nonexistent,-3.4,92.431,-26.9,0.722,5017.5,1,0.8198177201710019,yes,High,502
30,admin.,married,high.school,no,no,no,cellular,jun,mon,1,999,0,nonexistent,-2.9,92.963,-40.8,1.26,5076.2,0,0.8196618481172592,yes,High,503
28,technician,single,university.degree,no,yes,no,cellular,mar,mon,2,999,0,nonexistent,-1.8,92.843,-50.0,1.811,5099.1,0,0.8195626887184623,yes,High,504
32,admin.,single,university.degree,no,no,no,cellular,oct,wed,1,999,0,nonexistent,-3.4,92.431,-26.9,0.724,5017.5,1,0.8192806390075771,yes,High,505
37,student,single,unknown,no,no,yes,cellular,jun,fri,1,999,0,nonexistent,-2.9,92.963,-40.8,1.268,5076.2,0,0.819261869694161,yes,High,506
70,retired,married,unknown,no,yes,yes,cellular,apr,thu,1,999,0,nonexistent,-1.8,93.075,-47.1,1.41,5099.1,0,0.8191672064882357,yes,High,507
27,student,single,unknown,no,yes,no,cellular,jun,tue,4,999,0,nonexistent,-2.9,92.963,-40.8,1.286,5076.2,0,0.8189960316836994,yes,High,508
70,retired,married,professional.course,no,no,no,cellular,aug,fri,3,999,1,failure,-2.9,92.201,-31.4,0.869,5076.2,0,0.8183807940748654,yes,High,509
24,admin.,single,high.school,no,yes,yes,cellular,mar,wed,1,999,0,nonexistent,-1.8,92.843,-50.0,1.602,5099.1,1,0.8182756626602545,yes,High,510
68,retired,married,basic.4y,unknown,yes,no,cellular,jun,mon,3,999,0,nonexistent,-1.7,94.055,-39.8,0.754,4991.6,0,0.8182317897170596,yes,High,511
27,technician,single,university.degree,no,yes,no,cellular,aug,thu,3,999,5,failure,-1.7,94.027,-38.3,0.904,4991.6,0,0.8179338646230212,yes,High,512
32,admin.,married,university.degree,no,no,no,cellular,jun,tue,1,999,0,nonexistent,-2.9,92.963,-40.8,1.262,5076.2,1,0.8179192478384959,yes,High,513
23,technician,single,university.degree,no,yes,no,cellular,oct,fri,1,999,0,nonexistent,-3.4,92.431,-26.9,0.73,5017.5,1,0.8178142379897334,yes,High,514
38,admin.,married,high.school,no,yes,no,cellular,oct,thu,1,999,1,failure,-3.4,92.431,-26.9,0.754,5017.5,0,0.8177147399648796,yes,High,515
33,admin.,single,unknown,no,no,no,cellular,mar,thu,3,999,1,failure,-1.8,93.369,-34.8,0.635,5008.7,0,0.8173763551140868,yes,High,516
28,admin.,single,high.school,no,yes,no,cellular,may,thu,2,999,1,failure,-1.8,93.876,-40.0,0.683,5008.7,0,0.817315056241684,yes,High,517
30,admin.,single,university.degree,no,yes,yes,telephone,oct,mon,1,999,0,nonexistent,-0.1,93.798,-40.4,5.0,5195.8,1,0.8172583658557996,yes,High,518
22,student,single,high.school,no,yes,no,cellular,aug,thu,2,999,0,nonexistent,-2.9,92.201,-31.4,0.873,5076.2,1,0.8172261393204682,yes,High,519
21,student,single,high.school,no,no,no,cellular,aug,thu,3,999,0,nonexistent,-2.9,92.201,-31.4,0.873,5076.2,0,0.8170336346535215,yes,High,520
38,technician,single,university.degree,no,yes,no,cellular,dec,mon,2,999,0,nonexistent,-3.0,92.713,-33.0,0.717,5023.5,1,0.8170314601530351,yes,High,521
25,admin.,single,university.degree,no,yes,no,cellular,jun,tue,2,999,0,nonexistent,-2.9,92.963,-40.8,1.262,5076.2,0,0.8167719427913457,yes,High,522
22,blue-collar,single,basic.9y,no,yes,no,cellular,jun,mon,2,999,0,nonexistent,-2.9,92.963,-40.8,1.281,5076.2,0,0.8164249994035254,yes,High,523
68,retired,married,high.school,no,no,no,cellular,nov,mon,2,999,1,failure,-3.4,92.649,-30.1,0.714,5017.5,1,0.81641245168824,yes,High,524
32,management,married,university.degree,no,no,no,cellular,nov,tue,1,999,0,nonexistent,-3.4,92.649,-30.1,0.716,5017.5,0,0.8159669991959394,yes,High,525
33,admin.,single,high.school,no,no,no,cellular,oct,mon,1,999,0,nonexistent,-3.4,92.431,-26.9,0.731,5017.5,0,0.8156766636324815,yes,High,526
20,student,single,high.school,no,no,no,cellular,aug,thu,2,999,0,nonexistent,-2.9,92.201,-31.4,0.873,5076.2,0,0.8155918356313037,yes,High,527
74,retired,married,professional.course,no,yes,no,cellular,aug,thu,3,999,1,failure,-2.9,92.201,-31.4,0.873,5076.2,1,0.8155255346039219,yes,High,528
31,technician,married,unknown,no,no,no,cellular,nov,fri,1,999,1,failure,-3.4,92.649,-30.1,0.714,5017.5,1,0.8155219684839504,yes,High,529
33,services,married,high.school,no,no,no,cellular,may,thu,1,999,1,failure,-1.8,93.876,-40.0,0.677,5008.7,1,0.81547299107264,yes,High,530
53,technician,married,professional.course,no,no,no,cellular,sep,tue,1,999,1,failure,-3.4,92.379,-29.8,0.77,5017.5,0,0.8150507196616055,yes,High,531
28,technician,single,university.degree,no,no,no,cellular,mar,mon,2,999,0,nonexistent,-1.8,92.843,-50.0,1.811,5099.1,0,0.8146561532211086,yes,High,532
41,technician,married,professional.course,no,yes,no,cellular,nov,mon,2,999,0,nonexistent,-1.1,94.767,-50.8,1.039,4963.6,1,0.814655473027797,yes,High,533
35,admin.,married,university.degree,no,no,no,cellular,oct,wed,1,999,1,failure,-3.4,92.431,-26.9,0.74,5017.5,1,0.8145791099639532,yes,High,534
36,technician,married,professional.course,no,yes,no,cellular,aug,thu,2,999,1,failure,-2.9,92.201,-31.4,0.873,5076.2,0,0.8145586237209226,yes,High,535
74,retired,married,professional.course,no,no,no,cellular,aug,wed,1,999,0,nonexistent,-2.9,92.201,-31.4,0.879,5076.2,0,0.8145161212824894,yes,High,536
27,admin.,single,university.degree,no,no,no,cellular,sep,wed,1,999,0,nonexistent,-3.4,92.379,-29.8,0.781,5017.5,1,0.8144265853753593,yes,High,537
60,admin.,married,university.degree,no,yes,no,cellular,mar,fri,1,999,0,nonexistent,-1.8,92.843,-50.0,1.531,5099.1,0,0.8143421440049787,yes,High,538
28,student,single,high.school,no,yes,no,cellular,aug,wed,1,999,0,nonexistent,-2.9,92.201,-31.4,0.879,5076.2,0,0.8141036170243607,yes,High,539
36,admin.,single,university.degree,no,no,no,cellular,oct,wed,1,999,1,failure,-3.4,92.431,-26.9,0.742,5017.5,0,0.8139441983682615,yes,High,540
21,student,single,basic.9y,no,yes,no,cellular,mar,wed,2,999,1,failure,-1.8,93.369,-34.8,0.655,5008.7,1,0.8136298567314987,yes,High,541
25,technician,single,professional.course,no,yes,no,cellular,jun,mon,1,999,0,nonexistent,-2.9,92.963,-40.8,1.26,5076.2,0,0.8133973454642125,yes,High,542
45,unemployed,married,basic.9y,no,no,no,cellular,jun,mon,2,999,0,nonexistent,-2.9,92.963,-40.8,1.266,5076.2,1,0.8127321555257404,yes,High,543
39,blue-collar,married,basic.9y,no,yes,no,cellular,sep,mon,3,999,0,nonexistent,-1.1,94.199,-37.5,0.882,4963.6,0,0.8124327944611488,yes,High,544
29,admin.,single,high.school,no,yes,yes,cellular,jun,mon,2,999,0,nonexistent,-2.9,92.963,-40.8,1.26,5076.2,1,0.8120052565896299,yes,High,545
45,blue-collar,married,basic.9y,no,no,no,cellular,jun,mon,2,999,0,nonexistent,-2.9,92.963,-40.8,1.266,5076.2,1,0.8119868417185496,yes,High,546
46,admin.,married,high.school,no,yes,no,cellular,jul,tue,3,999,2,failure,-1.7,94.215,-40.3,0.797,4991.6,1,0.8116294014876264,yes,High,547
42,management,married,university.degree,no,yes,no,cellular,oct,mon,1,999,1,failure,-3.4,92.431,-26.9,0.731,5017.5,1,0.8115759146602068,yes,High,548
26,student,single,basic.9y,no,yes,no,cellular,oct,tue,2,999,1,failure,-3.4,92.431,-26.9,0.742,5017.5,0,0.8115269579032042,yes,High,549
32,admin.,single,university.degree,no,yes,no,cellular,oct,wed,2,999,0,nonexistent,-3.4,92.431,-26.9,0.735,5017.5,0,0.8111714872353356,yes,High,550
19,student,single,basic.4y,no,yes,no,cellular,may,thu,1,999,1,failure,-1.8,93.876,-40.0,0.677,5008.7,0,0.8110557869660543,yes,High,551
32,admin.,single,university.degree,no,yes,no,cellular,sep,tue,2,999,0,nonexistent,-3.4,92.379,-29.8,0.819,5017.5,0,0.8104449777416588,yes,High,552
33,technician,single,university.degree,no,yes,yes,cellular,jun,wed,2,999,0,nonexistent,-2.9,92.963,-40.8,1.26,5076.2,0,0.8097707273774724,yes,High,553
78,retired,married,basic.4y,no,yes,yes,cellular,apr,tue,1,999,0,nonexistent,-1.8,93.075,-47.1,1.405,5099.1,0,0.8096203062613069,yes,High,554
34,admin.,married,university.degree,no,no,no,cellular,may,fri,1,999,2,failure,-1.8,93.876,-40.0,0.695,5008.7,0,0.8095026576229969,yes,High,555
29,blue-collar,single,high.school,no,yes,no,cellular,aug,wed,1,999,0,nonexistent,-2.9,92.201,-31.4,0.879,5076.2,0,0.8094000313239588,yes,High,556
47,management,married,basic.9y,no,no,no,cellular,jun,tue,4,999,0,nonexistent,-2.9,92.963,-40.8,1.262,5076.2,0,0.8092268089722936,yes,High,557
33,technician,married,university.degree,no,yes,no,cellular,sep,wed,1,999,1,failure,-1.1,94.199,-37.5,0.876,4963.6,0,0.8092026268824367,yes,High,558
52,technician,married,professional.course,no,yes,no,cellular,nov,fri,1,999,1,failure,-3.4,92.649,-30.1,0.714,5017.5,1,0.8088452664616277,yes,High,559
75,retired,married,unknown,no,no,no,cellular,sep,tue,1,999,1,failure,-3.4,92.379,-29.8,0.788,5017.5,1,0.8086650754466582,yes,High,560
46,admin.,single,university.degree,no,yes,no,cellular,jul,thu,1,999,0,nonexistent,-2.9,92.469,-33.6,1.072,5076.2,1,0.807984379481429,yes,High,561
51,services,married,high.school,no,no,no,cellular,may,tue,1,999,1,failure,-1.8,93.876,-40.0,0.668,5008.7,1,0.8079010900857524,yes,High,562
20,student,single,high.school,no,yes,no,cellular,jul,wed,1,999,0,nonexistent,-2.9,92.469,-33.6,1.029,5076.2,1,0.8076878234750655,yes,High,563
64,retired,married,basic.6y,no,yes,no,cellular,apr,thu,4,999,0,nonexistent,-1.8,93.075,-47.1,1.41,5099.1,0,0.8076141346777047,yes,High,564
81,retired,married,professional.course,no,no,no,cellular,apr,thu,1,999,0,nonexistent,-1.8,93.075,-47.1,1.365,5099.1,0,0.8075679862089935,yes,High,565
45,admin.,married,university.degree,no,no,no,cellular,jul,thu,1,999,0,nonexistent,-2.9,92.469,-33.6,1.072,5076.2,0,0.8074786065024312,yes,High,566
45,admin.,married,university.degree,no,no,no,cellular,jul,thu,1,999,0,nonexistent,-2.9,92.469,-33.6,1.072,5076.2,1,0.8074786065024312,yes,High,567
94,retired,married,basic.9y,no,no,no,cellular,nov,wed,1,999,1,failure,-3.4,92.649,-30.1,0.716,5017.5,0,0.8073475987121782,yes,High,568
41,admin.,single,university.degree,no,yes,yes,telephone,dec,thu,1,999,1,failure,-3.0,92.713,-33.0,0.707,5023.5,0,0.8072460254533496,yes,High,569
61,admin.,married,high.school,no,yes,no,cellular,oct,mon,4,999,0,nonexistent,-1.1,94.601,-49.5,0.977,4963.6,0,0.8069079624670201,yes,High,570
26,student,single,high.school,no,no,no,cellular,aug,fri,2,999,0,nonexistent,-2.9,92.201,-31.4,0.869,5076.2,0,0.8068898335172129,yes,High,571
25,admin.,married,unknown,no,no,no,cellular,nov,thu,1,999,1,failure,-3.4,92.649,-30.1,0.714,5017.5,1,0.8067435352862605,yes,High,572
59,admin.,married,unknown,no,no,no,cellular,jun,tue,1,999,0,nonexistent,-2.9,92.963,-40.8,1.262,5076.2,1,0.8066213333251231,yes,High,573
36,management,married,university.degree,no,no,no,cellular,jun,thu,1,999,0,nonexistent,-2.9,92.963,-40.8,1.26,5076.2,1,0.8063898342923714,yes,High,574
75,retired,married,basic.4y,no,yes,yes,cellular,jul,fri,2,999,0,nonexistent,-2.9,92.469,-33.6,1.059,5076.2,0,0.8060992889947531,yes,High,575
44,admin.,married,university.degree,no,no,no,cellular,oct,wed,1,999,0,nonexistent,-3.4,92.431,-26.9,0.735,5017.5,0,0.8060623552559143,yes,High,576
69,retired,married,unknown,no,no,no,cellular,apr,thu,1,999,0,nonexistent,-1.8,93.075,-47.1,1.41,5099.1,0,0.8058696606734064,yes,High,577
29,admin.,divorced,university.degree,no,yes,no,cellular,jun,wed,3,999,0,nonexistent,-2.9,92.963,-40.8,1.26,5076.2,1,0.8056898091224564,yes,High,578
28,admin.,single,university.degree,no,no,no,cellular,mar,fri,2,999,1,failure,-1.8,93.369,-34.8,0.636,5008.7,0,0.8056307755559924,yes,High,579
52,entrepreneur,married,high.school,no,yes,no,cellular,jun,fri,3,999,0,nonexistent,-2.9,92.963,-40.8,1.268,5076.2,0,0.8055383613111098,yes,High,580
49,housemaid,single,university.degree,no,no,yes,cellular,dec,mon,3,999,0,nonexistent,-3.0,92.713,-33.0,0.717,5023.5,0,0.8054138891210678,yes,High,581
88,retired,divorced,basic.4y,no,yes,no,cellular,oct,wed,1,999,0,nonexistent,-3.4,92.431,-26.9,0.735,5017.5,0,0.8053610831216546,yes,High,582
39,blue-collar,single,basic.9y,no,yes,yes,cellular,may,mon,3,3,1,success,-1.8,92.893,-46.2,1.354,5099.1,0,0.8052383805868897,yes,High,583
58,services,married,high.school,no,yes,no,telephone,mar,mon,4,999,0,nonexistent,-1.8,93.369,-34.8,0.635,5008.7,0,0.8051304698090237,yes,High,584
74,retired,married,basic.4y,no,yes,no,cellular,jun,mon,1,999,0,nonexistent,-2.9,92.963,-40.8,1.26,5076.2,1,0.8050767246932649,yes,High,585
29,admin.,married,high.school,no,yes,no,cellular,jun,mon,1,999,0,nonexistent,-2.9,92.963,-40.8,1.266,5076.2,1,0.8045669258459652,yes,High,586
65,housemaid,married,basic.4y,no,no,no,cellular,jun,mon,2,999,0,nonexistent,-2.9,92.963,-40.8,1.266,5076.2,0,0.804459506900062,yes,High,587
32,technician,married,professional.course,no,yes,no,cellular,jun,mon,1,999,0,nonexistent,-2.9,92.963,-40.8,1.266,5076.2,0,0.804423022699405,yes,High,588
37,unemployed,unknown,university.degree,no,no,no,cellular,jun,tue,1,999,0,nonexistent,-2.9,92.963,-40.8,1.262,5076.2,0,0.8042543397978753,yes,High,589
47,admin.,married,high.school,no,yes,no,cellular,apr,fri,1,999,1,failure,-1.8,93.749,-34.6,0.645,5008.7,1,0.8041404778780794,yes,High,590
28,self-employed,single,university.degree,no,yes,yes,cellular,mar,wed,1,999,1,failure,-1.8,93.369,-34.8,0.651,5008.7,0,0.8033458246951355,yes,High,591
58,retired,married,university.degree,no,yes,no,telephone,oct,fri,1,999,0,nonexistent,-0.1,93.798,-40.4,4.918,5195.8,0,0.8030205667160364,yes,High,592
30,services,single,high.school,no,yes,no,cellular,aug,thu,2,999,0,nonexistent,-2.9,92.201,-31.4,0.873,5076.2,1,0.8030195731254876,yes,High,593
35,management,married,university.degree,no,yes,no,cellular,nov,tue,1,999,2,failure,-3.4,92.649,-30.1,0.715,5017.5,1,0.8027744752524778,yes,High,594
64,retired,married,unknown,no,yes,no,cellular,aug,fri,3,999,1,failure,-2.9,92.201,-31.4,0.849,5076.2,0,0.8027178034075839,yes,High,595
34,self-employed,single,university.degree,no,no,yes,telephone,nov,tue,1,999,0,nonexistent,-3.4,92.649,-30.1,0.715,5017.5,1,0.8026883766486612,yes,High,596
45,technician,married,university.degree,no,yes,no,cellular,nov,wed,1,999,0,nonexistent,-3.4,92.649,-30.1,0.715,5017.5,0,0.8025067421806465,yes,High,597
49,management,married,university.degree,no,no,no,cellular,jun,mon,1,999,0,nonexistent,-2.9,92.963,-40.8,1.266,5076.2,0,0.8012684892707082,yes,High,598
29,technician,single,professional.course,no,unknown,unknown,cellular,nov,wed,2,999,1,failure,-3.4,92.649,-30.1,0.719,5017.5,0,0.8011600192433671,yes,High,599
61,retired,married,university.degree,no,no,no,cellular,nov,mon,1,999,0,nonexistent,-1.1,94.767,-50.8,1.05,4963.6,0,0.8011513598769505,yes,High,600
43,services,married,basic.6y,no,no,no,cellular,sep,tue,1,999,0,nonexistent,-3.4,92.379,-29.8,0.75,5017.5,0,0.8010178631513305,yes,High,601
27,admin.,single,university.degree,no,yes,no,cellular,aug,wed,2,999,0,nonexistent,-2.9,92.201,-31.4,0.879,5076.2,0,0.800773257154771,yes,High,602
52,technician,married,professional.course,no,yes,yes,cellular,sep,tue,1,999,0,nonexistent,-3.4,92.379,-29.8,0.819,5017.5,0,0.8005893312782354,yes,High,603
51,unemployed,married,basic.6y,no,yes,no,cellular,jun,thu,2,999,0,nonexistent,-2.9,92.963,-40.8,1.26,5076.2,1,0.8005331749944112,yes,High,604
28,admin.,single,university.degree,no,yes,no,cellular,nov,thu,2,999,0,nonexistent,-3.4,92.649,-30.1,0.714,5017.5,0,0.8002561865079009,yes,High,605
30,admin.,single,university.degree,no,no,no,cellular,apr,thu,1,999,0,nonexistent,-1.8,93.075,-47.1,1.365,5099.1,0,0.8002538582263555,yes,High,606
30,admin.,single,university.degree,no,no,no,cellular,apr,thu,1,999,0,nonexistent,-1.8,93.075,-47.1,1.365,5099.1,1,0.8002538582263555,yes,High,607
83,retired,married,basic.4y,no,yes,no,cellular,apr,thu,1,999,0,nonexistent,-1.8,93.075,-47.1,1.365,5099.1,0,0.8000434326924942,yes,High,608
30,technician,single,professional.course,no,yes,no,cellular,jun,tue,3,999,0,nonexistent,-2.9,92.963,-40.8,1.262,5076.2,0,0.7998500215711003,yes,High,609
37,entrepreneur,married,basic.6y,no,yes,no,cellular,jun,mon,1,999,0,nonexistent,-2.9,92.963,-40.8,1.266,5076.2,1,0.799781571479792,yes,High,610
44,technician,married,unknown,no,no,yes,cellular,oct,tue,2,999,0,nonexistent,-3.4,92.431,-26.9,0.728,5017.5,0,0.7990883454549159,yes,High,611
35,technician,married,professional.course,no,yes,yes,cellular,oct,wed,1,9,2,failure,-1.1,94.601,-49.5,0.959,4963.6,1,0.7990299716201528,yes,High,612
62,unknown,married,professional.course,no,no,no,cellular,jun,thu,3,999,0,nonexistent,-2.9,92.963,-40.8,1.26,5076.2,0,0.7990098859569011,yes,High,613
27,admin.,single,university.degree,no,no,no,cellular,jul,tue,1,999,0,nonexistent,-2.9,92.469,-33.6,1.044,5076.2,0,0.7988838235392676,yes,High,614
30,blue-collar,single,professional.course,no,no,no,cellular,may,tue,1,999,1,failure,-1.8,93.876,-40.0,0.668,5008.7,0,0.7988333444626279,yes,High,615
33,admin.,single,high.school,no,yes,no,cellular,aug,fri,3,999,0,nonexistent,-2.9,92.201,-31.4,0.881,5076.2,1,0.7981066324414461,yes,High,616
36,unemployed,married,unknown,unknown,no,no,cellular,sep,wed,1,999,1,failure,-3.4,92.379,-29.8,0.781,5017.5,1,0.7980779531237443,yes,High,617
37,technician,single,university.degree,no,yes,no,cellular,jun,tue,1,999,0,nonexistent,-2.9,92.963,-40.8,1.262,5076.2,0,0.7976472720547032,yes,High,618
63,retired,married,basic.6y,no,yes,no,cellular,oct,fri,2,999,0,nonexistent,-3.4,92.431,-26.9,0.752,5017.5,0,0.7974456181271437,yes,High,619
72,retired,married,basic.4y,no,unknown,unknown,cellular,apr,tue,1,999,0,nonexistent,-1.8,93.075,-47.1,1.453,5099.1,0,0.7972559918064082,yes,High,620
37,services,married,high.school,no,yes,no,cellular,jun,wed,1,999,0,nonexistent,-2.9,92.963,-40.8,1.26,5076.2,0,0.7970406058083863,yes,High,621
25,services,single,high.school,no,no,no,cellular,aug,fri,1,999,0,nonexistent,-2.9,92.201,-31.4,0.869,5076.2,0,0.7969129695320979,yes,High,622
82,retired,married,unknown,no,no,no,cellular,apr,wed,1,999,0,nonexistent,-1.8,93.075,-47.1,1.445,5099.1,1,0.7967757460280315,yes,High,623
38,admin.,single,university.degree,no,yes,no,cellular,mar,mon,2,999,0,nonexistent,-1.8,92.843,-50.0,1.811,5099.1,1,0.7963341356238399,yes,High,624
32,admin.,single,university.degree,no,yes,no,telephone,nov,fri,1,999,0,nonexistent,-3.4,92.649,-30.1,0.714,5017.5,1,0.7962313711304959,yes,High,625
60,admin.,married,professional.course,no,yes,no,cellular,apr,thu,1,999,0,nonexistent,-1.8,93.075,-47.1,1.365,5099.1,1,0.7961451508279244,yes,High,626
53,self-employed,married,university.degree,no,no,yes,cellular,may,wed,3,6,1,success,-1.8,92.893,-46.2,1.27,5099.1,0,0.7960004703239255,yes,High,627
33,blue-collar,married,professional.course,no,yes,no,cellular,jun,wed,1,999,0,nonexistent,-2.9,92.963,-40.8,1.26,5076.2,0,0.7959476735175279,yes,High,629
33,blue-collar,married,professional.course,no,yes,no,cellular,jun,wed,1,999,0,nonexistent,-2.9,92.963,-40.8,1.26,5076.2,0,0.7959476735175279,yes,High,628
56,admin.,single,university.degree,no,yes,no,cellular,mar,wed,1,999,1,failure,-1.8,93.369,-34.8,0.634,5008.7,1,0.7953510302148097,yes,High,630
76,housemaid,married,basic.4y,no,yes,no,cellular,jun,tue,1,999,1,failure,-1.7,94.055,-39.8,0.702,4991.6,1,0.7951002051491283,yes,High,631
28,admin.,single,high.school,no,yes,no,cellular,oct,tue,2,999,3,failure,-3.4,92.431,-26.9,0.728,5017.5,0,0.7950505488070847,yes,High,632
22,student,single,professional.course,no,yes,no,cellular,aug,mon,2,999,1,failure,-2.9,92.201,-31.4,0.861,5076.2,1,0.7949128737519985,yes,High,633
32,admin.,married,university.degree,no,yes,no,cellular,aug,wed,2,999,0,nonexistent,-2.9,92.201,-31.4,0.854,5076.2,0,0.7946222316128646,yes,High,634
31,technician,married,university.degree,no,no,no,cellular,oct,tue,2,12,3,failure,-1.1,94.601,-49.5,0.982,4963.6,0,0.7940213221437182,yes,High,635
49,unemployed,married,high.school,no,yes,no,cellular,sep,wed,1,999,0,nonexistent,-3.4,92.379,-29.8,0.768,5017.5,0,0.7938648176095953,yes,High,636
67,retired,married,basic.6y,no,no,no,cellular,aug,tue,2,999,0,nonexistent,-2.9,92.201,-31.4,0.859,5076.2,1,0.7937959250332645,yes,High,637
43,management,married,high.school,no,yes,no,cellular,nov,thu,1,999,1,failure,-3.4,92.649,-30.1,0.714,5017.5,0,0.7937890502428654,yes,High,638
71,retired,married,basic.4y,no,no,no,cellular,oct,thu,2,999,2,failure,-3.4,92.431,-26.9,0.754,5017.5,0,0.7936281984232182,yes,High,639
46,admin.,divorced,high.school,no,no,no,cellular,jul,tue,1,999,0,nonexistent,-2.9,92.469,-33.6,1.044,5076.2,0,0.7934321692751635,yes,High,640
36,admin.,married,university.degree,no,yes,yes,cellular,sep,tue,2,999,0,nonexistent,-3.4,92.379,-29.8,0.819,5017.5,0,0.7931397026039785,yes,High,641
38,technician,single,professional.course,no,yes,no,cellular,jun,thu,1,999,0,nonexistent,-2.9,92.963,-40.8,1.26,5076.2,0,0.7930319067523054,yes,High,642
84,retired,married,basic.9y,no,yes,no,cellular,may,wed,1,999,1,failure,-1.8,93.876,-40.0,0.697,5008.7,0,0.7926919885055199,yes,High,643
73,retired,divorced,basic.4y,no,no,yes,cellular,apr,tue,1,999,0,nonexistent,-1.8,93.075,-47.1,1.423,5099.1,1,0.7926915540918604,yes,High,644
30,admin.,married,university.degree,no,yes,no,cellular,aug,tue,3,999,1,failure,-2.9,92.201,-31.4,0.883,5076.2,0,0.7925870702787747,yes,High,645
32,admin.,single,university.degree,no,yes,no,telephone,jul,fri,4,999,0,nonexistent,-2.9,92.469,-33.6,1.007,5076.2,0,0.7925426465972191,yes,High,646
49,technician,married,professional.course,no,yes,no,cellular,aug,tue,1,999,1,failure,-2.9,92.201,-31.4,0.883,5076.2,0,0.7924484939301966,yes,High,647
92,retired,divorced,unknown,unknown,no,no,cellular,may,wed,3,999,1,failure,-1.8,93.876,-40.0,0.697,5008.7,1,0.792376862599596,yes,High,648
60,housemaid,married,basic.4y,no,yes,no,cellular,jun,tue,3,999,1,failure,-1.7,94.055,-39.8,0.723,4991.6,1,0.7921444904235719,yes,High,649
43,admin.,single,high.school,no,yes,no,cellular,aug,fri,3,999,0,nonexistent,-2.9,92.201,-31.4,0.881,5076.2,1,0.791895861601201,yes,High,650
56,retired,married,university.degree,no,yes,yes,cellular,mar,mon,2,999,0,nonexistent,-1.8,92.843,-50.0,1.629,5099.1,0,0.7918065701256266,yes,High,651
24,admin.,single,university.degree,no,no,no,cellular,sep,thu,1,999,1,failure,-1.1,94.199,-37.5,0.879,4963.6,1,0.7916022867657861,yes,High,652
52,admin.,married,unknown,no,no,no,telephone,sep,tue,13,14,2,failure,-3.4,92.379,-29.8,0.819,5017.5,0,0.7915931407772916,yes,High,653
58,retired,married,high.school,no,no,no,cellular,aug,tue,4,999,0,nonexistent,-2.9,92.201,-31.4,0.838,5076.2,0,0.7915210301333778,yes,High,654
28,admin.,single,university.degree,no,no,no,cellular,aug,wed,1,999,0,nonexistent,-2.9,92.201,-31.4,0.879,5076.2,0,0.791315690653736,yes,High,655
61,retired,married,professional.course,no,no,no,cellular,aug,tue,1,999,0,nonexistent,-2.9,92.201,-31.4,0.884,5076.2,1,0.7909205783509096,yes,High,656
69,retired,married,professional.course,no,no,yes,cellular,oct,thu,1,999,1,failure,-3.4,92.431,-26.9,0.722,5017.5,0,0.790773692563677,yes,High,657
30,management,single,university.degree,no,no,yes,cellular,jun,fri,7,999,0,nonexistent,-2.9,92.963,-40.8,1.268,5076.2,1,0.7906041927138067,yes,High,658
41,admin.,married,university.degree,no,yes,no,telephone,aug,thu,1,9,3,failure,-1.7,94.027,-38.3,0.899,4991.6,1,0.7905284873586174,yes,High,659
57,admin.,married,university.degree,no,yes,no,cellular,jun,mon,2,999,0,nonexistent,-2.9,92.963,-40.8,1.266,5076.2,0,0.7904879470796858,yes,High,660
32,student,married,high.school,no,yes,no,telephone,dec,wed,3,999,1,failure,-3.0,92.713,-33.0,0.715,5023.5,0,0.790460463476377,yes,High,661
34,blue-collar,married,basic.9y,no,no,yes,cellular,aug,tue,1,999,1,failure,-1.7,94.027,-38.3,0.904,4991.6,1,0.7903317670221529,yes,High,662
35,technician,married,professional.course,no,yes,no,cellular,sep,thu,1,999,2,failure,-1.1,94.199,-37.5,0.878,4963.6,0,0.7903054500707851,yes,High,663
44,admin.,single,university.degree,no,no,no,cellular,aug,thu,1,999,2,failure,-1.7,94.027,-38.3,0.904,4991.6,0,0.7895399731270316,yes,High,664
27,self-employed,single,university.degree,no,no,no,cellular,jun,tue,1,999,0,nonexistent,-2.9,92.963,-40.8,1.262,5076.2,0,0.7894951391244995,yes,High,665
24,admin.,single,university.degree,no,yes,no,cellular,apr,thu,3,999,0,nonexistent,-1.8,93.075,-47.1,1.365,5099.1,1,0.789152476117561,yes,High,666
36,admin.,married,high.school,no,no,no,cellular,sep,thu,1,999,0,nonexistent,-3.4,92.379,-29.8,0.766,5017.5,1,0.7891047355891043,yes,High,667
53,housemaid,married,high.school,no,yes,no,cellular,jun,thu,2,999,0,nonexistent,-2.9,92.963,-40.8,1.26,5076.2,0,0.7889180219301735,yes,High,668
33,admin.,married,university.degree,no,yes,no,cellular,jun,tue,1,999,0,nonexistent,-2.9,92.963,-40.8,1.262,5076.2,0,0.7888529899563148,yes,High,670
33,admin.,married,university.degree,no,yes,no,cellular,jun,tue,1,999,0,nonexistent,-2.9,92.963,-40.8,1.262,5076.2,1,0.7888529899563148,yes,High,669
35,management,married,university.degree,no,yes,no,cellular,oct,wed,1,999,0,nonexistent,-3.4,92.431,-26.9,0.724,5017.5,0,0.7883851988339607,yes,High,671
31,admin.,divorced,university.degree,no,no,no,cellular,mar,mon,4,999,0,nonexistent,-1.8,92.843,-50.0,1.56,5099.1,1,0.788306855266785,yes,High,672
33,management,married,university.degree,no,yes,no,cellular,jun,wed,1,999,0,nonexistent,-2.9,92.963,-40.8,1.26,5076.2,0,0.7876072101831351,yes,High,673
31,unemployed,divorced,unknown,no,yes,no,cellular,jun,fri,1,999,0,nonexistent,-2.9,92.963,-40.8,1.268,5076.2,0,0.787556880340823,yes,High,674
52,admin.,divorced,university.degree,no,no,no,cellular,nov,tue,1,999,0,nonexistent,-3.4,92.649,-30.1,0.715,5017.5,1,0.7875002893380603,yes,High,675
44,blue-collar,single,professional.course,no,no,no,cellular,mar,mon,1,999,0,nonexistent,-1.8,92.843,-50.0,1.811,5099.1,1,0.7874918283739402,yes,High,676
53,housemaid,married,basic.4y,no,no,yes,cellular,jun,tue,2,999,0,nonexistent,-2.9,92.963,-40.8,1.252,5076.2,1,0.7874556470052392,yes,High,677
66,retired,married,unknown,no,no,no,cellular,aug,wed,3,999,0,nonexistent,-2.9,92.201,-31.4,0.879,5076.2,0,0.7873975819924148,yes,High,678
29,blue-collar,single,basic.6y,no,no,no,cellular,aug,fri,3,999,0,nonexistent,-2.9,92.201,-31.4,0.869,5076.2,1,0.7873594180101416,yes,High,679
71,retired,married,basic.4y,no,yes,no,cellular,sep,tue,1,999,0,nonexistent,-3.4,92.379,-29.8,0.788,5017.5,1,0.7872590020381005,yes,High,680
41,admin.,single,university.degree,no,unknown,unknown,cellular,apr,thu,1,999,0,nonexistent,-1.8,93.075,-47.1,1.365,5099.1,1,0.7871254367361455,yes,High,681
33,technician,married,professional.course,no,yes,no,cellular,oct,fri,2,999,0,nonexistent,-3.4,92.431,-26.9,0.739,5017.5,1,0.7870106024256347,yes,High,682
61,admin.,married,university.degree,no,yes,no,cellular,jun,wed,1,999,0,nonexistent,-2.9,92.963,-40.8,1.26,5076.2,0,0.7868707987523492,yes,High,683
53,blue-collar,married,basic.6y,no,no,no,cellular,jun,thu,3,999,1,failure,-2.9,92.963,-40.8,1.26,5076.2,1,0.7856211692067705,yes,High,684
36,blue-collar,divorced,high.school,no,no,no,cellular,mar,mon,2,999,1,failure,-1.8,93.369,-34.8,0.639,5008.7,0,0.7856190808763421,yes,High,685
51,unemployed,married,high.school,no,yes,no,cellular,sep,wed,2,999,0,nonexistent,-3.4,92.379,-29.8,0.768,5017.5,0,0.7853151562648153,yes,High,686
59,technician,married,professional.course,no,yes,no,cellular,aug,wed,4,999,0,nonexistent,-2.9,92.201,-31.4,0.834,5076.2,1,0.7851376837778794,yes,High,687
56,retired,married,high.school,no,yes,no,cellular,jul,fri,1,999,0,nonexistent,-2.9,92.469,-33.6,1.059,5076.2,0,0.7845368130166603,yes,High,688
51,entrepreneur,married,basic.4y,no,no,no,cellular,oct,tue,1,999,1,failure,-3.4,92.431,-26.9,0.737,5017.5,0,0.7844942972547804,yes,High,689
36,technician,married,professional.course,no,yes,no,cellular,jul,wed,3,999,0,nonexistent,-2.9,92.469,-33.6,1.029,5076.2,0,0.7842943900213367,yes,High,690
29,admin.,single,university.degree,no,no,no,cellular,aug,fri,2,999,0,nonexistent,-2.9,92.201,-31.4,0.881,5076.2,1,0.7842185769786137,yes,High,691
57,retired,divorced,basic.9y,no,yes,no,cellular,jul,fri,2,999,0,nonexistent,-2.9,92.469,-33.6,1.059,5076.2,1,0.7838163075689945,yes,High,692
56,blue-collar,divorced,basic.4y,no,no,no,cellular,nov,thu,1,999,0,nonexistent,-3.4,92.649,-30.1,0.714,5017.5,1,0.7833433188565164,yes,High,693
45,management,married,university.degree,no,no,no,telephone,nov,tue,2,999,0,nonexistent,-3.4,92.649,-30.1,0.715,5017.5,0,0.7833127803766561,yes,High,694
66,retired,married,basic.6y,unknown,no,no,cellular,aug,wed,1,999,0,nonexistent,-2.9,92.201,-31.4,0.879,5076.2,0,0.7832649531121024,yes,High,695
48,admin.,married,basic.6y,no,no,no,cellular,oct,tue,1,999,0,nonexistent,-3.4,92.431,-26.9,0.742,5017.5,0,0.7828806392578597,yes,High,696
56,entrepreneur,married,university.degree,no,no,yes,cellular,apr,thu,1,999,0,nonexistent,-1.8,93.075,-47.1,1.365,5099.1,0,0.7827215620022736,yes,High,697
48,housemaid,married,high.school,no,no,no,cellular,jun,tue,1,999,0,nonexistent,-2.9,92.963,-40.8,1.252,5076.2,0,0.7823622461722848,yes,High,698
50,admin.,single,high.school,no,yes,no,telephone,dec,fri,2,999,0,nonexistent,-3.0,92.713,-33.0,0.718,5023.5,1,0.7822425862794995,yes,High,699
58,unemployed,married,basic.9y,no,no,yes,cellular,oct,tue,1,999,2,failure,-3.4,92.431,-26.9,0.742,5017.5,0,0.7820776256579197,yes,High,700
80,retired,divorced,basic.4y,no,no,no,cellular,oct,tue,1,999,0,nonexistent,-3.4,92.431,-26.9,0.744,5017.5,0,0.7817742784232283,yes,High,701
35,admin.,married,university.degree,no,yes,no,cellular,oct,wed,1,999,0,nonexistent,-3.4,92.431,-26.9,0.724,5017.5,0,0.7817627101104148,yes,High,702
39,technician,single,professional.course,no,no,no,cellular,apr,wed,3,9,1,success,-1.8,93.075,-47.1,1.415,5099.1,0,0.7815817207104373,yes,High,703
28,admin.,married,university.degree,no,yes,no,cellular,apr,thu,1,999,0,nonexistent,-1.8,93.075,-47.1,1.365,5099.1,0,0.7815342448531616,yes,High,704
59,technician,single,basic.6y,no,no,no,cellular,oct,thu,1,999,2,failure,-3.4,92.431,-26.9,0.754,5017.5,0,0.7813272670393825,yes,High,705
32,admin.,married,university.degree,no,yes,yes,cellular,jun,tue,1,999,0,nonexistent,-2.9,92.963,-40.8,1.262,5076.2,1,0.7809343098353129,yes,High,706
31,admin.,single,university.degree,no,yes,yes,cellular,apr,thu,1,999,0,nonexistent,-1.8,93.075,-47.1,1.365,5099.1,0,0.7806371046916419,yes,High,707
34,admin.,married,university.degree,no,yes,yes,cellular,apr,thu,2,999,0,nonexistent,-1.8,93.075,-47.1,1.365,5099.1,1,0.7806220118866806,yes,High,708
57,admin.,single,high.school,no,yes,no,cellular,aug,thu,1,999,0,nonexistent,-2.9,92.201,-31.4,0.873,5076.2,1,0.7805117574566691,yes,High,709
23,student,single,high.school,no,no,no,cellular,jul,mon,3,999,0,nonexistent,-2.9,92.469,-33.6,1.048,5076.2,1,0.7802375163752099,yes,High,710
30,admin.,married,university.degree,no,yes,no,cellular,apr,thu,2,999,0,nonexistent,-1.8,93.075,-47.1,1.365,5099.1,1,0.780227333303919,yes,High,711
47,technician,married,professional.course,no,yes,no,cellular,jun,fri,5,999,1,failure,-2.9,92.963,-40.8,1.224,5076.2,0,0.7800916912355697,yes,High,712
24,technician,single,university.degree,no,yes,no,cellular,apr,thu,1,999,0,nonexistent,-1.8,93.075,-47.1,1.365,5099.1,1,0.7800418559290958,yes,High,713
60,admin.,married,university.degree,no,yes,no,cellular,may,mon,2,11,1,success,-1.8,92.893,-46.2,1.354,5099.1,1,0.7799153806743472,yes,High,714
46,housemaid,married,high.school,no,yes,no,cellular,aug,fri,1,999,0,nonexistent,-2.9,92.201,-31.4,0.881,5076.2,1,0.7799024633051156,yes,High,715
36,admin.,single,university.degree,no,yes,no,cellular,sep,fri,1,999,1,failure,-3.4,92.379,-29.8,0.773,5017.5,0,0.7797756854216457,yes,High,716
29,self-employed,single,university.degree,no,yes,no,cellular,jun,mon,2,999,1,failure,-1.7,94.055,-39.8,0.72,4991.6,1,0.7796947873330383,yes,High,717
28,unemployed,single,university.degree,no,unknown,unknown,telephone,jul,wed,1,999,0,nonexistent,-2.9,92.469,-33.6,1.029,5076.2,0,0.7794731125253128,yes,High,718
53,technician,married,university.degree,no,no,yes,cellular,apr,thu,1,999,0,nonexistent,-1.8,93.075,-47.1,1.365,5099.1,0,0.7794558403120576,yes,High,719
32,student,single,university.degree,no,no,no,cellular,mar,fri,11,999,0,nonexistent,-1.8,92.843,-50.0,1.64,5099.1,0,0.7793998075721,yes,High,720
51,technician,married,professional.course,no,yes,no,cellular,apr,thu,1,999,0,nonexistent,-1.8,93.075,-47.1,1.365,5099.1,1,0.7791716256381165,yes,High,721
51,technician,married,professional.course,no,yes,no,cellular,apr,thu,1,999,0,nonexistent,-1.8,93.075,-47.1,1.365,5099.1,0,0.7791716256381165,yes,High,722
49,admin.,single,university.degree,no,no,no,cellular,oct,thu,1,999,0,nonexistent,-3.4,92.431,-26.9,0.74,5017.5,0,0.7791287144161042,yes,High,723
22,admin.,single,university.degree,no,unknown,unknown,cellular,jun,tue,2,999,0,nonexistent,-2.9,92.963,-40.8,1.286,5076.2,0,0.7791217250760125,yes,High,724
30,admin.,single,university.degree,no,no,no,cellular,nov,tue,2,999,2,failure,-3.4,92.649,-30.1,0.715,5017.5,1,0.7790281841046235,yes,High,725
56,retired,married,high.school,no,yes,yes,cellular,jul,fri,2,999,0,nonexistent,-2.9,92.469,-33.6,1.059,5076.2,1,0.7788638918612406,yes,High,726
24,student,single,high.school,no,no,no,cellular,aug,fri,1,999,0,nonexistent,-2.9,92.201,-31.4,0.849,5076.2,1,0.7788236870538996,yes,High,727
60,retired,married,basic.4y,no,no,no,cellular,oct,mon,1,999,1,failure,-3.4,92.431,-26.9,0.739,5017.5,0,0.7787146587991796,yes,High,728
56,housemaid,married,basic.4y,no,yes,no,cellular,aug,wed,3,999,0,nonexistent,-2.9,92.201,-31.4,0.834,5076.2,0,0.7783914577037256,yes,High,729
32,admin.,single,university.degree,no,yes,no,cellular,mar,mon,3,999,0,nonexistent,-1.8,92.843,-50.0,1.52,5099.1,1,0.7780387632545311,yes,High,730
60,management,married,professional.course,no,yes,no,cellular,oct,wed,2,999,0,nonexistent,-3.4,92.431,-26.9,0.724,5017.5,0,0.7773702128513087,yes,High,731
74,retired,married,basic.4y,no,no,no,cellular,aug,thu,1,999,1,failure,-2.9,92.201,-31.4,0.873,5076.2,0,0.7772409681291569,yes,High,732
28,services,single,university.degree,no,yes,no,cellular,jul,mon,4,999,0,nonexistent,-2.9,92.469,-33.6,1.048,5076.2,1,0.776965178329195,yes,High,733
64,retired,married,unknown,no,no,no,cellular,aug,fri,4,999,0,nonexistent,-2.9,92.201,-31.4,0.849,5076.2,1,0.7766582400847732,yes,High,734
50,admin.,married,high.school,no,yes,no,cellular,sep,fri,2,999,0,nonexistent,-3.4,92.379,-29.8,0.803,5017.5,1,0.7764479482684361,yes,High,735
59,management,married,university.degree,no,no,no,cellular,dec,thu,4,999,1,failure,-3.0,92.713,-33.0,0.7,5023.5,0,0.7763135161494339,yes,High,736
31,admin.,single,university.degree,no,yes,no,cellular,jul,mon,4,999,0,nonexistent,-2.9,92.469,-33.6,1.048,5076.2,1,0.7760733190521095,yes,High,737
54,unemployed,married,basic.9y,no,yes,no,cellular,oct,wed,1,999,0,nonexistent,-3.4,92.431,-26.9,0.735,5017.5,1,0.7758008733454772,yes,High,738
23,admin.,single,high.school,no,yes,no,cellular,apr,thu,1,999,0,nonexistent,-1.8,93.075,-47.1,1.365,5099.1,0,0.7757971646604751,yes,High,739
44,management,married,university.degree,no,yes,no,cellular,jun,tue,3,999,0,nonexistent,-2.9,92.963,-40.8,1.262,5076.2,0,0.7753111574385719,yes,High,740
28,admin.,single,high.school,no,no,no,cellular,apr,thu,1,999,0,nonexistent,-1.8,93.075,-47.1,1.365,5099.1,1,0.7752078213761602,yes,High,741
27,blue-collar,single,university.degree,no,yes,no,cellular,apr,thu,2,999,0,nonexistent,-1.8,93.075,-47.1,1.365,5099.1,1,0.775148244400037,yes,High,742
71,retired,married,professional.course,no,yes,yes,telephone,nov,tue,1,999,0,nonexistent,-3.4,92.649,-30.1,0.72,5017.5,1,0.7750037699521546,yes,High,743
53,admin.,divorced,high.school,no,no,no,cellular,oct,thu,1,999,0,nonexistent,-3.4,92.431,-26.9,0.722,5017.5,1,0.7750006428087189,yes,High,744
57,retired,divorced,basic.9y,no,no,no,cellular,jul,fri,3,999,0,nonexistent,-2.9,92.469,-33.6,1.059,5076.2,0,0.7750000207475374,yes,High,745
49,unemployed,married,professional.course,no,yes,no,cellular,jun,tue,3,999,0,nonexistent,-2.9,92.963,-40.8,1.252,5076.2,0,0.774907359800435,yes,High,746
43,technician,married,professional.course,no,no,no,cellular,sep,tue,1,999,0,nonexistent,-3.4,92.379,-29.8,0.788,5017.5,1,0.7748899506644579,yes,High,747
63,technician,married,unknown,no,no,no,cellular,aug,tue,1,999,1,failure,-2.9,92.201,-31.4,0.838,5076.2,0,0.7748519315673333,yes,High,748
26,student,single,high.school,no,no,no,cellular,aug,wed,3,999,3,failure,-1.7,94.027,-38.3,0.894,4991.6,0,0.7747807497519603,yes,High,749
31,entrepreneur,single,university.degree,no,yes,no,cellular,aug,fri,3,999,0,nonexistent,-2.9,92.201,-31.4,0.869,5076.2,1,0.7747609283993188,yes,High,750
49,admin.,single,university.degree,no,no,no,cellular,apr,thu,1,999,0,nonexistent,-1.8,93.075,-47.1,1.365,5099.1,0,0.7733004868151082,yes,High,751
27,unemployed,married,high.school,no,no,yes,cellular,nov,tue,3,999,1,failure,-3.4,92.649,-30.1,0.72,5017.5,0,0.7732560994839818,yes,High,752
73,retired,divorced,basic.4y,no,yes,no,cellular,oct,mon,2,999,3,failure,-3.4,92.431,-26.9,0.731,5017.5,0,0.7731223116327245,yes,High,753
29,admin.,married,university.degree,no,no,no,cellular,aug,thu,5,999,0,nonexistent,-2.9,92.201,-31.4,0.873,5076.2,0,0.7730339855194278,yes,High,754
20,student,single,high.school,no,no,no,cellular,aug,fri,2,999,1,failure,-2.9,92.201,-31.4,0.869,5076.2,0,0.772666036170217,yes,High,755
37,admin.,married,university.degree,no,no,no,cellular,aug,wed,2,999,0,nonexistent,-2.9,92.201,-31.4,0.854,5076.2,1,0.7724926958135313,yes,High,756
55,technician,married,professional.course,no,yes,no,cellular,oct,tue,1,999,0,nonexistent,-3.4,92.431,-26.9,0.742,5017.5,0,0.7724695249529178,yes,High,757
45,admin.,divorced,university.degree,no,yes,no,cellular,aug,thu,3,999,1,failure,-2.9,92.201,-31.4,0.873,5076.2,0,0.7724034855633725,yes,High,758
66,retired,married,unknown,no,no,no,cellular,aug,mon,1,999,2,failure,-2.9,92.201,-31.4,0.861,5076.2,0,0.7721763074876318,yes,High,759
53,technician,married,professional.course,no,yes,no,cellular,apr,thu,1,999,0,nonexistent,-1.8,93.075,-47.1,1.365,5099.1,1,0.7719459560507125,yes,High,760
40,admin.,married,university.degree,no,yes,no,cellular,jul,tue,1,999,0,nonexistent,-2.9,92.469,-33.6,1.044,5076.2,1,0.7716451963927379,yes,High,761
27,admin.,single,unknown,no,no,no,cellular,mar,mon,1,999,3,failure,-1.8,93.369,-34.8,0.639,5008.7,1,0.7715983973004724,yes,High,762
66,retired,married,unknown,no,no,no,cellular,sep,tue,1,999,1,failure,-1.1,94.199,-37.5,0.881,4963.6,0,0.7715433796019086,yes,High,763
74,retired,married,high.school,no,no,no,cellular,aug,thu,1,999,0,nonexistent,-2.9,92.201,-31.4,0.883,5076.2,0,0.7713260423318424,yes,High,765
74,retired,married,high.school,no,no,no,cellular,aug,thu,1,999,0,nonexistent,-2.9,92.201,-31.4,0.883,5076.2,0,0.7713260423318424,yes,High,764
37,services,married,high.school,no,no,no,cellular,nov,wed,2,999,1,failure,-3.4,92.649,-30.1,0.715,5017.5,0,0.7712939746729147,yes,High,766
33,services,married,high.school,no,unknown,unknown,cellular,aug,thu,2,999,0,nonexistent,-2.9,92.201,-31.4,0.873,5076.2,0,0.771110460545269,yes,High,767
29,admin.,single,university.degree,no,yes,no,cellular,aug,fri,1,999,0,nonexistent,-2.9,92.201,-31.4,0.881,5076.2,0,0.7710602192649496,yes,High,768
45,admin.,single,university.degree,no,unknown,unknown,cellular,nov,tue,3,999,1,failure,-3.4,92.649,-30.1,0.715,5017.5,0,0.7710299367283414,yes,High,769
32,self-employed,single,university.degree,no,yes,no,cellular,jun,mon,1,999,0,nonexistent,-2.9,92.963,-40.8,1.26,5076.2,0,0.7706646853459295,yes,High,770
39,technician,married,professional.course,no,yes,no,cellular,apr,thu,1,999,0,nonexistent,-1.8,93.075,-47.1,1.365,5099.1,0,0.770556082005079,yes,High,771
20,student,single,basic.4y,no,yes,no,cellular,apr,thu,1,999,0,nonexistent,-1.8,93.075,-47.1,1.365,5099.1,0,0.7701997816814162,yes,High,772
46,entrepreneur,married,university.degree,no,yes,no,cellular,jul,thu,1,999,0,nonexistent,-2.9,92.469,-33.6,1.072,5076.2,1,0.770128516439099,yes,High,773
40,admin.,married,university.degree,no,no,no,cellular,apr,thu,1,999,0,nonexistent,-1.8,93.075,-47.1,1.365,5099.1,1,0.7699874387964666,yes,High,774
41,services,married,high.school,no,unknown,unknown,cellular,aug,wed,1,999,0,nonexistent,-2.9,92.201,-31.4,0.879,5076.2,0,0.7699552872415968,yes,High,775
29,blue-collar,single,basic.9y,no,no,yes,cellular,oct,wed,2,999,0,nonexistent,-3.4,92.431,-26.9,0.735,5017.5,1,0.7698916425674815,yes,High,776
75,retired,divorced,basic.4y,unknown,yes,no,cellular,oct,thu,1,999,0,nonexistent,-3.4,92.431,-26.9,0.754,5017.5,1,0.7695967664065594,yes,High,777
70,retired,married,basic.4y,no,yes,no,cellular,oct,mon,1,999,0,nonexistent,-3.4,92.431,-26.9,0.739,5017.5,1,0.7693012045344241,yes,High,778
43,technician,married,high.school,no,yes,no,cellular,sep,thu,1,999,0,nonexistent,-3.4,92.379,-29.8,0.809,5017.5,0,0.7691349544112721,yes,High,779
47,management,married,university.degree,no,yes,no,cellular,jul,wed,1,999,0,nonexistent,-2.9,92.469,-33.6,1.029,5076.2,0,0.7689768434787626,yes,High,780
24,blue-collar,single,basic.9y,no,unknown,unknown,cellular,jun,wed,1,999,0,nonexistent,-2.9,92.963,-40.8,1.26,5076.2,0,0.7688747281518712,yes,High,781
29,admin.,single,university.degree,no,yes,no,cellular,aug,tue,1,999,0,nonexistent,-2.9,92.201,-31.4,0.859,5076.2,0,0.7688176803614243,yes,High,782
23,student,single,high.school,no,yes,no,cellular,apr,thu,3,999,0,nonexistent,-1.8,93.075,-47.1,1.365,5099.1,0,0.7687037252015585,yes,High,783
50,management,married,university.degree,no,yes,no,telephone,oct,thu,1,999,1,failure,-3.4,92.431,-26.9,0.754,5017.5,0,0.7686113249858709,yes,High,784
57,management,married,basic.4y,no,yes,no,cellular,sep,fri,2,999,1,failure,-3.4,92.379,-29.8,0.773,5017.5,0,0.7682637541298446,yes,High,785
37,blue-collar,single,professional.course,no,no,no,cellular,oct,wed,3,999,0,nonexistent,-3.4,92.431,-26.9,0.742,5017.5,0,0.7682067370898243,yes,High,786
32,self-employed,single,university.degree,no,no,no,cellular,jul,thu,2,999,0,nonexistent,-2.9,92.469,-33.6,1.072,5076.2,1,0.7674489325327413,yes,High,787
39,blue-collar,married,basic.9y,no,no,no,cellular,aug,wed,1,999,0,nonexistent,-2.9,92.201,-31.4,0.884,5076.2,1,0.7671116006329951,yes,High,788
34,unknown,single,university.degree,no,yes,no,telephone,oct,wed,2,999,0,nonexistent,-3.4,92.431,-26.9,0.724,5017.5,0,0.7670524092587109,yes,High,789
40,services,married,high.school,unknown,no,no,cellular,jun,wed,1,999,0,nonexistent,-2.9,92.963,-40.8,1.26,5076.2,0,0.7670515452772292,yes,High,790
23,student,single,high.school,no,no,no,cellular,aug,mon,1,999,0,nonexistent,-2.9,92.201,-31.4,0.861,5076.2,0,0.7669510529304353,yes,High,791
56,entrepreneur,married,university.degree,no,no,no,cellular,apr,thu,1,999,0,nonexistent,-1.8,93.075,-47.1,1.365,5099.1,0,0.7668339423062235,yes,High,792
60,admin.,married,high.school,no,no,no,cellular,oct,tue,1,999,1,failure,-1.1,94.601,-49.5,1.037,4963.6,1,0.7666844258488432,yes,High,793
43,services,divorced,basic.6y,no,yes,no,cellular,aug,wed,3,999,0,nonexistent,-2.9,92.201,-31.4,0.884,5076.2,0,0.7664847066412764,yes,High,794
37,admin.,married,high.school,no,yes,yes,cellular,jun,tue,2,999,0,nonexistent,-2.9,92.963,-40.8,1.262,5076.2,0,0.7661751513713245,yes,High,795
59,retired,married,unknown,no,unknown,unknown,cellular,aug,wed,1,999,0,nonexistent,-2.9,92.201,-31.4,0.884,5076.2,0,0.7660504149224217,yes,High,796
35,management,married,university.degree,no,yes,no,cellular,jun,tue,1,999,0,nonexistent,-2.9,92.963,-40.8,1.252,5076.2,0,0.7655903056704028,yes,High,797
63,technician,married,unknown,no,yes,no,cellular,aug,tue,1,999,1,failure,-2.9,92.201,-31.4,0.838,5076.2,0,0.7653681255752061,yes,High,798
37,services,married,high.school,no,yes,no,cellular,jul,mon,2,999,0,nonexistent,-2.9,92.469,-33.6,0.944,5076.2,0,0.7653064408473427,yes,High,799
34,admin.,married,university.degree,no,no,no,cellular,apr,thu,1,999,0,nonexistent,-1.8,93.075,-47.1,1.365,5099.1,0,0.7652995955926596,yes,High,800
56,management,divorced,unknown,no,yes,no,cellular,nov,thu,7,999,0,nonexistent,-3.4,92.649,-30.1,0.714,5017.5,1,0.7652977699387435,yes,High,801
63,management,married,unknown,no,yes,no,cellular,sep,fri,2,999,2,failure,-3.4,92.379,-29.8,0.803,5017.5,0,0.7647438550408795,yes,High,802
38,student,single,unknown,no,yes,yes,cellular,aug,tue,2,999,0,nonexistent,-2.9,92.201,-31.4,0.838,5076.2,0,0.7647063935254358,yes,High,803
71,retired,married,basic.9y,no,no,no,cellular,oct,wed,1,999,0,nonexistent,-3.4,92.431,-26.9,0.742,5017.5,0,0.7647008986966682,yes,High,804
39,student,single,unknown,no,yes,no,cellular,jun,fri,3,999,0,nonexistent,-2.9,92.963,-40.8,1.224,5076.2,1,0.7645548432869862,yes,High,805
38,technician,divorced,professional.course,no,no,yes,cellular,oct,tue,1,999,2,failure,-3.4,92.431,-26.9,0.742,5017.5,0,0.7643844290898268,yes,High,806
33,housemaid,married,university.degree,no,no,no,cellular,jun,tue,1,999,0,nonexistent,-2.9,92.963,-40.8,1.099,5076.2,1,0.7641327220397425,yes,High,807
61,blue-collar,married,high.school,no,no,no,cellular,oct,wed,1,999,0,nonexistent,-3.4,92.431,-26.9,0.724,5017.5,0,0.7640265628764507,yes,High,808
58,retired,married,university.degree,no,yes,no,cellular,aug,fri,1,999,0,nonexistent,-2.9,92.201,-31.4,0.849,5076.2,0,0.7639214111159837,yes,High,809
48,management,married,university.degree,no,yes,no,cellular,dec,fri,5,999,1,failure,-3.0,92.713,-33.0,0.718,5023.5,0,0.7639050054424515,yes,High,810
46,unknown,married,unknown,no,no,yes,cellular,aug,wed,2,999,0,nonexistent,-2.9,92.201,-31.4,0.884,5076.2,0,0.7634619442570194,yes,High,811
31,self-employed,single,university.degree,no,yes,no,cellular,apr,thu,1,999,0,nonexistent,-1.8,93.075,-47.1,1.365,5099.1,1,0.7631166093010787,yes,High,812
28,admin.,married,university.degree,no,yes,no,cellular,aug,mon,3,999,1,failure,-1.7,94.027,-38.3,0.898,4991.6,0,0.762857271431569,yes,High,813
33,admin.,married,university.degree,no,no,yes,telephone,mar,thu,2,999,1,failure,-1.8,93.369,-34.8,0.65,5008.7,0,0.7627742178059109,yes,High,814
18,student,single,unknown,no,yes,no,cellular,sep,fri,1,999,0,nonexistent,-3.4,92.379,-29.8,0.803,5017.5,1,0.7625069022236173,yes,High,815
42,admin.,single,university.degree,no,yes,yes,cellular,jul,wed,1,999,0,nonexistent,-2.9,92.469,-33.6,1.029,5076.2,0,0.7623895013925673,yes,High,816
88,retired,married,university.degree,no,yes,no,cellular,aug,mon,1,999,0,nonexistent,-2.9,92.201,-31.4,0.843,5076.2,0,0.7623725433647572,yes,High,817
54,admin.,married,university.degree,no,yes,no,cellular,jun,thu,1,999,0,nonexistent,-2.9,92.963,-40.8,1.26,5076.2,0,0.7622653286998857,yes,High,818
36,management,married,university.degree,no,yes,no,cellular,mar,thu,1,999,1,failure,-1.8,92.843,-50.0,1.538,5099.1,0,0.7617726283160436,yes,High,819
29,admin.,married,high.school,no,yes,no,cellular,nov,wed,1,999,1,failure,-3.4,92.649,-30.1,0.719,5017.5,0,0.7616998374753101,yes,High,820
45,unemployed,married,basic.9y,no,no,no,cellular,aug,fri,3,999,0,nonexistent,-2.9,92.201,-31.4,0.869,5076.2,0,0.7616993242926619,yes,High,821
79,retired,married,basic.9y,no,yes,no,cellular,apr,thu,1,999,0,nonexistent,-1.8,93.075,-47.1,1.365,5099.1,1,0.7616359700192679,yes,High,822
40,admin.,single,high.school,no,yes,no,cellular,jun,tue,1,999,0,nonexistent,-2.9,92.963,-40.8,1.262,5076.2,1,0.7615081860339037,yes,High,823
63,housemaid,married,basic.4y,no,no,no,cellular,aug,tue,1,999,0,nonexistent,-2.9,92.201,-31.4,0.838,5076.2,1,0.7609089378323447,yes,High,824
27,admin.,single,high.school,no,no,yes,cellular,aug,thu,2,999,1,failure,-2.9,92.201,-31.4,0.873,5076.2,0,0.7607834527324249,yes,High,825
32,technician,married,university.degree,no,yes,no,cellular,nov,mon,1,999,0,nonexistent,-3.4,92.649,-30.1,0.714,5017.5,0,0.7607436643631394,yes,High,826
31,services,single,university.degree,no,yes,no,telephone,aug,wed,1,999,0,nonexistent,-2.9,92.201,-31.4,0.879,5076.2,0,0.7607210603620547,yes,High,827
56,management,married,university.degree,no,yes,no,cellular,aug,tue,2,999,0,nonexistent,-2.9,92.201,-31.4,0.859,5076.2,1,0.7605214490587406,yes,High,828
27,admin.,single,university.degree,no,no,no,cellular,may,mon,1,1,1,success,-1.8,92.893,-46.2,1.299,5099.1,0,0.7603590227109894,yes,High,829
58,retired,married,high.school,no,no,no,cellular,aug,tue,5,999,0,nonexistent,-2.9,92.201,-31.4,0.838,5076.2,0,0.7602695569545213,yes,High,830
32,admin.,single,high.school,no,no,no,cellular,apr,thu,1,999,0,nonexistent,-1.8,93.075,-47.1,1.365,5099.1,1,0.760219621830089,yes,High,831
75,retired,married,basic.9y,no,no,no,cellular,oct,mon,1,999,0,nonexistent,-3.4,92.431,-26.9,0.743,5017.5,0,0.7601940836397508,yes,High,832
26,unemployed,single,university.degree,no,yes,no,cellular,apr,tue,1,999,0,nonexistent,-1.8,93.075,-47.1,1.423,5099.1,1,0.7601761027241817,yes,High,833
37,self-employed,single,university.degree,no,yes,no,cellular,apr,thu,1,999,0,nonexistent,-1.8,93.075,-47.1,1.365,5099.1,0,0.7601361372133751,yes,High,834
37,self-employed,single,university.degree,no,yes,no,cellular,apr,thu,1,999,0,nonexistent,-1.8,93.075,-47.1,1.365,5099.1,1,0.7601361372133751,yes,High,835
29,admin.,single,professional.course,no,no,no,cellular,apr,thu,3,999,0,nonexistent,-1.8,93.075,-47.1,1.365,5099.1,1,0.7599941288873565,yes,High,836
57,retired,married,basic.4y,no,yes,yes,cellular,jun,tue,3,999,0,nonexistent,-2.9,92.963,-40.8,1.252,5076.2,1,0.7599585454829139,yes,High,837
37,admin.,married,university.degree,no,yes,no,cellular,jul,mon,2,999,0,nonexistent,-2.9,92.469,-33.6,1.048,5076.2,1,0.7597500688349386,yes,High,838
53,technician,married,professional.course,no,yes,yes,cellular,mar,mon,1,999,1,failure,-1.8,93.369,-34.8,0.646,5008.7,0,0.7596300363295637,yes,High,839
47,admin.,single,university.degree,no,yes,no,cellular,aug,tue,1,999,1,failure,-2.9,92.201,-31.4,0.859,5076.2,1,0.7593024110223794,yes,High,840
63,retired,married,high.school,no,no,no,cellular,oct,wed,1,999,0,nonexistent,-3.4,92.431,-26.9,0.74,5017.5,1,0.7592059942921198,yes,High,841
66,retired,married,basic.6y,no,yes,no,cellular,aug,thu,1,999,0,nonexistent,-2.9,92.201,-31.4,0.851,5076.2,1,0.75888772417828,yes,High,842
41,entrepreneur,married,high.school,no,yes,no,cellular,jun,tue,1,999,0,nonexistent,-2.9,92.963,-40.8,1.262,5076.2,1,0.7588815794146125,yes,High,843
44,unemployed,married,high.school,no,yes,no,cellular,aug,thu,1,999,0,nonexistent,-2.9,92.201,-31.4,0.873,5076.2,0,0.758552557045269,yes,High,844
19,student,single,unknown,no,yes,yes,cellular,apr,tue,3,999,0,nonexistent,-1.8,93.075,-47.1,1.405,5099.1,1,0.7585313084507656,yes,High,845
69,services,married,unknown,no,no,no,telephone,jul,wed,2,999,0,nonexistent,-2.9,92.469,-33.6,1.029,5076.2,0,0.7584499200879325,yes,High,846
40,admin.,married,university.degree,no,yes,no,cellular,jun,tue,1,999,0,nonexistent,-2.9,92.963,-40.8,1.262,5076.2,1,0.7584189799895722,yes,High,847
46,admin.,married,university.degree,no,yes,no,cellular,aug,thu,1,999,0,nonexistent,-2.9,92.201,-31.4,0.873,5076.2,0,0.758234131240798,yes,High,848
40,management,divorced,university.degree,no,yes,no,cellular,jun,wed,1,999,0,nonexistent,-2.9,92.963,-40.8,1.26,5076.2,1,0.7581931815360131,yes,High,849
40,technician,divorced,university.degree,no,yes,no,cellular,apr,thu,1,999,0,nonexistent,-1.8,93.075,-47.1,1.365,5099.1,1,0.7575641377373546,yes,High,850
21,management,single,university.degree,no,unknown,unknown,cellular,jun,tue,1,999,0,nonexistent,-2.9,92.963,-40.8,1.262,5076.2,0,0.7574316961701968,yes,High,851
31,technician,single,university.degree,no,no,no,cellular,may,tue,1,2,1,success,-1.8,92.893,-46.2,1.266,5099.1,0,0.7573516368615251,yes,High,852
55,management,married,university.degree,no,yes,no,cellular,jun,tue,3,999,0,nonexistent,-2.9,92.963,-40.8,1.252,5076.2,1,0.7573018803319587,yes,High,853
29,admin.,single,university.degree,no,yes,no,cellular,apr,wed,1,999,0,nonexistent,-1.8,93.075,-47.1,1.445,5099.1,0,0.7570966496007719,yes,High,854
30,technician,single,professional.course,no,yes,no,telephone,oct,fri,2,999,0,nonexistent,-3.4,92.431,-26.9,0.739,5017.5,0,0.7567740745257077,yes,High,855
38,technician,married,professional.course,no,no,no,cellular,aug,mon,1,999,1,failure,-2.9,92.201,-31.4,0.884,5076.2,1,0.7562880750173493,yes,High,856
70,retired,married,basic.4y,unknown,yes,no,cellular,aug,thu,1,999,0,nonexistent,-2.9,92.201,-31.4,0.883,5076.2,0,0.7562212720995374,yes,High,857
34,admin.,single,high.school,no,yes,no,cellular,nov,mon,2,999,1,failure,-3.4,92.649,-30.1,0.722,5017.5,1,0.7560174493055756,yes,High,858
29,services,single,high.school,no,yes,no,cellular,may,fri,1,999,2,failure,-1.8,93.876,-40.0,0.695,5008.7,0,0.7557801799609344,yes,High,859
36,admin.,married,university.degree,no,yes,yes,cellular,aug,fri,1,999,1,failure,-2.9,92.201,-31.4,0.849,5076.2,0,0.7553813693891511,yes,High,860
49,admin.,married,high.school,no,yes,no,cellular,apr,thu,2,999,0,nonexistent,-1.8,93.075,-47.1,1.365,5099.1,0,0.7552472406399481,yes,High,861
21,student,single,professional.course,no,no,no,telephone,nov,wed,1,999,0,nonexistent,-3.4,92.649,-30.1,0.716,5017.5,0,0.7551582974185294,yes,High,862
42,technician,single,unknown,no,yes,no,cellular,aug,tue,1,999,1,failure,-2.9,92.201,-31.4,0.884,5076.2,0,0.7547861647284327,yes,High,863
49,blue-collar,married,basic.4y,no,yes,no,cellular,sep,tue,2,999,0,nonexistent,-3.4,92.379,-29.8,0.77,5017.5,0,0.754576526042725,yes,High,864
46,admin.,divorced,high.school,no,yes,no,cellular,jun,mon,1,999,0,nonexistent,-2.9,92.963,-40.8,1.26,5076.2,1,0.7544890042666498,yes,High,865
35,self-employed,married,university.degree,no,yes,no,cellular,jun,thu,1,999,0,nonexistent,-2.9,92.963,-40.8,1.26,5076.2,1,0.7544606985002621,yes,High,866
58,retired,divorced,professional.course,no,yes,no,cellular,jun,mon,1,999,0,nonexistent,-2.9,92.963,-40.8,1.266,5076.2,0,0.754446575651224,yes,High,867
24,student,single,high.school,no,yes,no,cellular,may,tue,2,999,2,failure,-1.8,93.876,-40.0,0.682,5008.7,0,0.7541541084676376,yes,High,868
83,retired,married,unknown,no,yes,no,cellular,sep,mon,2,999,0,nonexistent,-3.4,92.379,-29.8,0.771,5017.5,0,0.7540367326143309,yes,High,869
30,services,divorced,high.school,no,no,no,cellular,may,mon,2,11,1,success,-1.8,92.893,-46.2,1.299,5099.1,0,0.753622870647505,yes,High,870
40,admin.,married,high.school,no,yes,no,cellular,apr,thu,1,999,0,nonexistent,-1.8,93.075,-47.1,1.365,5099.1,0,0.7534808691080953,yes,High,871
40,admin.,married,high.school,no,yes,no,cellular,apr,thu,1,999,0,nonexistent,-1.8,93.075,-47.1,1.365,5099.1,0,0.7534808691080953,yes,High,872
26,unemployed,single,university.degree,no,yes,no,cellular,apr,tue,3,999,0,nonexistent,-1.8,93.075,-47.1,1.423,5099.1,0,0.7531909654112594,yes,High,873
64,retired,married,high.school,unknown,no,no,cellular,aug,tue,1,999,1,failure,-2.9,92.201,-31.4,0.859,5076.2,1,0.7531900994348503,yes,High,874
52,admin.,married,university.degree,no,no,no,cellular,sep,fri,2,999,0,nonexistent,-3.4,92.379,-29.8,0.762,5017.5,1,0.7530944746140693,yes,High,875
55,admin.,divorced,university.degree,no,no,no,cellular,apr,thu,1,999,0,nonexistent,-1.8,93.075,-47.1,1.365,5099.1,1,0.7530572293565148,yes,High,876
60,admin.,divorced,professional.course,no,yes,no,cellular,sep,wed,1,999,1,failure,-1.1,94.199,-37.5,0.886,4963.6,1,0.7528231108474146,yes,High,877
37,unknown,single,university.degree,no,yes,yes,cellular,sep,wed,1,999,1,failure,-3.4,92.379,-29.8,0.753,5017.5,0,0.7523496725036066,yes,High,878
49,admin.,divorced,university.degree,no,no,no,cellular,apr,thu,1,999,0,nonexistent,-1.8,93.075,-47.1,1.365,5099.1,1,0.7523091333388897,yes,High,879
62,entrepreneur,married,university.degree,no,no,no,cellular,sep,tue,1,999,1,failure,-3.4,92.379,-29.8,0.77,5017.5,1,0.7521026768876196,yes,High,880
59,technician,married,university.degree,no,no,no,cellular,aug,wed,4,999,0,nonexistent,-2.9,92.201,-31.4,0.879,5076.2,0,0.7508069200052929,yes,High,881
29,admin.,single,university.degree,no,no,no,cellular,apr,wed,2,999,0,nonexistent,-1.8,93.075,-47.1,1.445,5099.1,1,0.7503131960424229,yes,High,882
44,admin.,married,university.degree,no,yes,no,cellular,aug,thu,2,999,0,nonexistent,-2.9,92.201,-31.4,0.883,5076.2,1,0.7502433721244842,yes,High,883
21,student,single,basic.9y,no,no,no,cellular,nov,mon,2,999,0,nonexistent,-3.4,92.649,-30.1,0.722,5017.5,0,0.7501997682177768,yes,High,884
39,admin.,married,high.school,no,no,no,cellular,sep,mon,2,999,0,nonexistent,-3.4,92.379,-29.8,0.771,5017.5,0,0.7497817763840919,yes,High,885
60,retired,married,professional.course,no,yes,no,cellular,sep,thu,1,999,1,failure,-3.4,92.379,-29.8,0.809,5017.5,0,0.7496902677101437,yes,High,886
34,technician,single,university.degree,no,yes,no,cellular,mar,mon,2,999,1,failure,-1.8,92.843,-50.0,1.52,5099.1,0,0.7496180506059913,yes,High,887
37,services,married,high.school,no,no,no,cellular,nov,wed,2,999,2,failure,-3.4,92.649,-30.1,0.715,5017.5,1,0.7488086360221883,yes,High,888
64,retired,married,basic.4y,no,yes,no,cellular,apr,wed,1,999,2,failure,-1.8,93.075,-47.1,1.405,5099.1,1,0.748741682958645,yes,High,889
42,management,single,university.degree,no,unknown,unknown,cellular,jun,mon,4,999,0,nonexistent,-2.9,92.963,-40.8,1.26,5076.2,0,0.7486308957316212,yes,High,890
39,admin.,single,university.degree,no,yes,no,telephone,mar,mon,1,999,1,failure,-1.8,93.369,-34.8,0.655,5008.7,1,0.7485338770978462,yes,High,891
44,technician,divorced,high.school,no,no,no,cellular,aug,tue,3,999,0,nonexistent,-2.9,92.201,-31.4,0.838,5076.2,0,0.7484485047657496,yes,High,892
55,admin.,married,unknown,no,yes,no,cellular,apr,thu,1,999,0,nonexistent,-1.8,93.075,-47.1,1.365,5099.1,0,0.7483624339124619,yes,High,893
53,housemaid,married,basic.4y,no,yes,no,cellular,sep,fri,2,999,0,nonexistent,-3.4,92.379,-29.8,0.773,5017.5,0,0.7477672579390594,yes,High,894
76,retired,married,university.degree,no,yes,no,cellular,aug,thu,1,999,1,failure,-2.9,92.201,-31.4,0.873,5076.2,0,0.7475156813992896,yes,High,895
69,retired,married,high.school,no,no,no,cellular,sep,fri,3,999,0,nonexistent,-3.4,92.379,-29.8,0.773,5017.5,1,0.747467046690744,yes,High,896
26,student,single,high.school,no,no,no,cellular,aug,fri,1,999,0,nonexistent,-2.9,92.201,-31.4,0.825,5076.2,0,0.7472493257518606,yes,High,897
37,blue-collar,single,high.school,no,yes,no,cellular,nov,mon,1,999,0,nonexistent,-3.4,92.649,-30.1,0.722,5017.5,0,0.7471907985104187,yes,High,898
38,self-employed,married,professional.course,no,yes,no,cellular,apr,thu,2,999,0,nonexistent,-1.8,93.075,-47.1,1.365,5099.1,1,0.7471056490585316,yes,High,899
56,retired,divorced,university.degree,no,yes,no,cellular,apr,mon,5,9,1,success,-1.8,93.075,-47.1,1.405,5099.1,0,0.7467088801606397,yes,High,900
47,admin.,single,university.degree,no,yes,no,cellular,jun,tue,1,999,4,failure,-1.7,94.055,-39.8,0.702,4991.6,0,0.7466811320015926,yes,High,901
30,blue-collar,single,high.school,no,no,no,cellular,nov,mon,1,999,2,failure,-3.4,92.649,-30.1,0.714,5017.5,0,0.7466131789055338,yes,High,902
33,services,married,high.school,no,no,no,cellular,jun,mon,1,999,1,failure,-1.7,94.055,-39.8,0.72,4991.6,0,0.7465045483545493,yes,High,903
86,retired,divorced,basic.4y,no,unknown,unknown,cellular,oct,wed,1,999,0,nonexistent,-3.4,92.431,-26.9,0.74,5017.5,0,0.7464189555281585,yes,High,904
30,unemployed,single,university.degree,no,yes,no,cellular,apr,wed,1,999,0,nonexistent,-1.8,93.075,-47.1,1.405,5099.1,1,0.7463705128217494,yes,High,905
55,unknown,married,university.degree,no,yes,no,cellular,aug,wed,1,999,0,nonexistent,-2.9,92.201,-31.4,0.854,5076.2,1,0.7450662964336129,yes,High,906
56,admin.,married,basic.9y,no,no,no,cellular,oct,wed,2,999,0,nonexistent,-3.4,92.431,-26.9,0.742,5017.5,0,0.745032546149165,yes,High,907
25,student,single,university.degree,no,no,no,cellular,aug,thu,1,999,0,nonexistent,-2.9,92.201,-31.4,0.851,5076.2,1,0.7442039754218702,yes,High,908
54,admin.,married,university.degree,no,yes,no,cellular,nov,fri,2,999,0,nonexistent,-3.4,92.649,-30.1,0.716,5017.5,1,0.7439915042586378,yes,High,909
25,admin.,single,university.degree,no,no,yes,cellular,aug,thu,1,999,0,nonexistent,-2.9,92.201,-31.4,0.873,5076.2,0,0.743798880193276,yes,High,910
28,admin.,single,high.school,no,no,no,telephone,mar,fri,2,999,0,nonexistent,-1.8,92.843,-50.0,1.531,5099.1,1,0.7435377303193573,yes,High,911
57,admin.,married,basic.9y,no,no,no,cellular,sep,thu,2,999,1,failure,-1.1,94.199,-37.5,0.884,4963.6,0,0.7434278362120736,yes,High,912
45,technician,divorced,university.degree,no,no,no,cellular,jun,tue,1,999,0,nonexistent,-2.9,92.963,-40.8,1.099,5076.2,0,0.7428884046003738,yes,High,913
44,admin.,divorced,high.school,no,no,no,cellular,jul,tue,5,999,0,nonexistent,-2.9,92.469,-33.6,0.908,5076.2,1,0.7428754472652782,yes,High,914
32,student,married,high.school,no,no,no,cellular,apr,thu,2,999,0,nonexistent,-1.8,93.075,-47.1,1.365,5099.1,1,0.7428645445823019,yes,High,915
46,admin.,married,high.school,no,yes,yes,telephone,oct,wed,1,999,0,nonexistent,-3.4,92.431,-26.9,0.724,5017.5,0,0.7426739777059025,yes,High,916
70,retired,married,university.degree,no,yes,no,cellular,aug,mon,3,999,1,failure,-2.9,92.201,-31.4,0.843,5076.2,0,0.7417126039705734,yes,High,917
34,technician,married,professional.course,no,yes,no,cellular,nov,mon,2,999,1,failure,-3.4,92.649,-30.1,0.722,5017.5,0,0.7415283105515778,yes,High,918
18,student,single,unknown,no,no,no,telephone,sep,tue,2,999,0,nonexistent,-3.4,92.379,-29.8,0.788,5017.5,0,0.7412298743355109,yes,High,919
43,blue-collar,married,basic.9y,no,no,yes,cellular,may,mon,1,3,1,success,-1.8,92.893,-46.2,1.264,5099.1,1,0.7412082863477764,yes,High,920
42,unemployed,married,unknown,no,no,no,cellular,aug,thu,4,999,0,nonexistent,-2.9,92.201,-31.4,0.883,5076.2,1,0.7410039891387008,yes,High,921
20,student,single,unknown,no,yes,no,cellular,apr,wed,4,999,0,nonexistent,-1.8,93.075,-47.1,1.498,5099.1,1,0.7409064818887298,yes,High,922
32,admin.,married,university.degree,no,no,no,cellular,may,thu,1,6,1,success,-1.8,92.893,-46.2,1.327,5099.1,1,0.7404861509301617,yes,High,923
91,retired,married,university.degree,no,no,yes,cellular,sep,wed,2,999,0,nonexistent,-3.4,92.379,-29.8,0.781,5017.5,0,0.7402176787413194,yes,High,924
32,admin.,married,university.degree,no,yes,no,telephone,aug,wed,1,999,1,failure,-2.9,92.201,-31.4,0.854,5076.2,0,0.7401466198675479,yes,High,925
40,management,married,university.degree,no,yes,no,telephone,oct,wed,1,999,0,nonexistent,-3.4,92.431,-26.9,0.724,5017.5,0,0.7399192079356052,yes,High,926
34,admin.,married,university.degree,no,yes,no,cellular,aug,mon,2,999,0,nonexistent,-2.9,92.201,-31.4,0.843,5076.2,0,0.7398112528341899,yes,High,927
54,blue-collar,married,basic.9y,no,no,no,cellular,may,thu,2,6,2,success,-1.8,92.893,-46.2,1.266,5099.1,1,0.7396296507644227,yes,High,928
74,retired,divorced,high.school,no,yes,yes,telephone,dec,mon,6,999,0,nonexistent,-3.0,92.713,-33.0,0.715,5023.5,0,0.7390078266160384,yes,High,929
45,blue-collar,married,professional.course,no,no,no,cellular,oct,tue,1,999,0,nonexistent,-3.4,92.431,-26.9,0.744,5017.5,0,0.7383534088272203,yes,High,930
26,unemployed,single,university.degree,no,yes,no,telephone,apr,tue,3,999,0,nonexistent,-1.8,93.075,-47.1,1.423,5099.1,1,0.7383459917315116,yes,High,931
23,student,single,high.school,no,yes,no,cellular,apr,mon,1,999,0,nonexistent,-1.8,93.075,-47.1,1.405,5099.1,0,0.7378109035488655,yes,High,932
30,admin.,single,university.degree,no,no,no,cellular,nov,mon,1,999,0,nonexistent,-3.4,92.649,-30.1,0.722,5017.5,1,0.7377632369394626,yes,High,933
37,technician,married,university.degree,no,yes,no,cellular,may,mon,1,3,1,success,-1.8,92.893,-46.2,1.264,5099.1,1,0.7376774958626555,yes,High,934
42,management,married,university.degree,no,yes,no,cellular,nov,mon,3,999,1,failure,-3.4,92.649,-30.1,0.714,5017.5,0,0.7375178068503391,yes,High,935
59,housemaid,married,basic.4y,no,yes,no,cellular,aug,thu,6,999,0,nonexistent,-2.9,92.201,-31.4,0.883,5076.2,0,0.7373190895467685,yes,High,936
42,admin.,divorced,university.degree,no,yes,no,cellular,sep,wed,1,999,1,failure,-1.1,94.199,-37.5,0.886,4963.6,0,0.7370106090908998,yes,High,937
64,housemaid,married,unknown,no,yes,no,telephone,may,wed,3,999,0,nonexistent,-1.8,93.876,-40.0,0.697,5008.7,1,0.7369080746816743,yes,High,938
21,admin.,single,high.school,no,yes,no,cellular,apr,wed,1,999,0,nonexistent,-1.8,93.075,-47.1,1.415,5099.1,0,0.7368134827255821,yes,High,939
29,admin.,single,university.degree,no,no,no,cellular,apr,wed,1,999,0,nonexistent,-1.8,93.075,-47.1,1.498,5099.1,0,0.7363077929592217,yes,High,940
35,admin.,single,university.degree,no,no,no,telephone,aug,tue,3,999,0,nonexistent,-2.9,92.201,-31.4,0.859,5076.2,0,0.7362378614229971,yes,High,941
20,student,single,high.school,no,no,no,cellular,nov,wed,1,999,3,failure,-3.4,92.649,-30.1,0.715,5017.5,1,0.7359904846502487,yes,High,942
64,management,divorced,university.degree,no,no,yes,cellular,dec,thu,1,999,1,failure,-3.0,92.713,-33.0,0.72,5023.5,0,0.7359289645602712,yes,High,943
63,retired,married,university.degree,no,no,no,cellular,aug,tue,1,999,0,nonexistent,-2.9,92.201,-31.4,0.859,5076.2,0,0.7357705823199632,yes,High,944
34,admin.,single,university.degree,no,no,no,cellular,jun,mon,1,999,1,failure,-2.9,92.963,-40.8,1.266,5076.2,0,0.7355149568897488,yes,High,945
29,technician,single,university.degree,no,no,no,cellular,apr,tue,1,999,0,nonexistent,-1.8,93.075,-47.1,1.405,5099.1,0,0.7350038494821906,yes,High,946
69,blue-collar,married,unknown,no,yes,no,cellular,aug,tue,3,999,0,nonexistent,-2.9,92.201,-31.4,0.883,5076.2,0,0.734945911670045,yes,High,947
25,student,single,high.school,no,no,no,telephone,nov,tue,2,999,0,nonexistent,-3.4,92.649,-30.1,0.715,5017.5,0,0.7348063112409193,yes,High,948
28,technician,single,professional.course,no,no,no,cellular,may,fri,1,3,1,success,-1.8,92.893,-46.2,1.259,5099.1,1,0.7348010456328898,yes,High,949
30,self-employed,single,university.degree,no,no,no,cellular,apr,thu,1,999,0,nonexistent,-1.8,93.075,-47.1,1.435,5099.1,1,0.7346712788843511,yes,High,950
33,blue-collar,single,basic.4y,no,yes,no,cellular,apr,thu,1,999,0,nonexistent,-1.8,93.075,-47.1,1.365,5099.1,1,0.7339998008080728,yes,High,951
58,unemployed,divorced,professional.course,no,no,yes,cellular,aug,thu,1,999,0,nonexistent,-2.9,92.201,-31.4,0.883,5076.2,0,0.7339403809144268,yes,High,952
30,admin.,married,university.degree,no,yes,no,telephone,aug,thu,1,999,0,nonexistent,-2.9,92.201,-31.4,0.873,5076.2,0,0.7336996232723404,yes,High,953
46,technician,married,professional.course,no,no,no,telephone,jun,fri,1,999,1,failure,-2.9,92.963,-40.8,1.268,5076.2,0,0.7336469853858413,yes,High,954
40,blue-collar,married,basic.6y,no,no,no,cellular,may,tue,1,11,1,success,-1.8,92.893,-46.2,1.344,5099.1,0,0.7331983065780718,yes,High,955
27,services,single,university.degree,no,no,no,cellular,mar,mon,6,999,1,failure,-1.8,93.369,-34.8,0.652,5008.7,0,0.7328919123586256,yes,High,956
32,services,single,university.degree,no,no,no,cellular,sep,thu,3,999,2,failure,-1.1,94.199,-37.5,0.884,4963.6,0,0.7328147222715031,yes,High,957
29,admin.,single,university.degree,no,yes,yes,cellular,aug,mon,12,999,0,nonexistent,-2.9,92.201,-31.4,0.821,5076.2,0,0.7327955756958087,yes,High,958
75,retired,married,basic.4y,no,no,no,cellular,apr,tue,1,999,1,failure,-1.8,93.075,-47.1,1.405,5099.1,1,0.7325392284011913,yes,High,959
42,services,married,high.school,no,yes,no,cellular,apr,thu,1,999,0,nonexistent,-1.8,93.075,-47.1,1.365,5099.1,1,0.7318276696499357,yes,High,960
34,admin.,single,high.school,no,yes,no,cellular,may,wed,1,11,1,success,-1.8,92.893,-46.2,1.334,5099.1,1,0.7309207850247275,yes,High,961
40,technician,married,high.school,no,yes,no,cellular,aug,mon,1,999,0,nonexistent,-2.9,92.201,-31.4,0.821,5076.2,0,0.7308501234270751,yes,High,962
33,management,single,university.degree,no,unknown,unknown,cellular,jun,tue,1,999,0,nonexistent,-2.9,92.963,-40.8,1.262,5076.2,0,0.7305816474251224,yes,High,963
37,blue-collar,married,basic.9y,no,yes,no,cellular,may,wed,2,1,1,success,-1.8,92.893,-46.2,1.27,5099.1,0,0.7302595952036254,yes,High,964
36,entrepreneur,single,basic.4y,no,no,no,cellular,jun,tue,1,999,0,nonexistent,-2.9,92.963,-40.8,1.099,5076.2,1,0.7302064919585122,yes,High,965
30,admin.,single,university.degree,no,yes,no,telephone,apr,tue,2,999,0,nonexistent,-1.8,93.075,-47.1,1.423,5099.1,0,0.7300997333578424,yes,High,966
35,admin.,married,high.school,no,yes,no,cellular,may,thu,2,3,1,success,-1.8,92.893,-46.2,1.27,5099.1,0,0.7296994510474958,yes,High,967
46,unemployed,married,basic.9y,no,yes,yes,cellular,jun,tue,4,999,1,failure,-2.9,92.963,-40.8,1.262,5076.2,1,0.7296223214717737,yes,High,968
76,management,married,unknown,no,no,no,cellular,sep,fri,1,999,0,nonexistent,-3.4,92.379,-29.8,0.803,5017.5,1,0.7292413461114887,yes,High,969
59,blue-collar,married,basic.4y,no,no,no,cellular,apr,mon,3,999,1,failure,-1.8,93.749,-34.6,0.642,5008.7,1,0.7290724670121856,yes,High,970
39,services,married,high.school,no,yes,no,cellular,apr,thu,1,999,0,nonexistent,-1.8,93.075,-47.1,1.365,5099.1,0,0.7280896021618681,yes,High,971
43,technician,married,high.school,no,no,no,cellular,may,fri,1,3,1,success,-1.8,92.893,-46.2,1.259,5099.1,1,0.7279376529283442,yes,High,972
24,management,single,university.degree,no,no,no,cellular,apr,thu,2,999,0,nonexistent,-1.8,93.075,-47.1,1.41,5099.1,0,0.7273440139208456,yes,High,973
32,unemployed,single,university.degree,no,yes,no,cellular,aug,fri,1,999,1,failure,-2.9,92.201,-31.4,0.881,5076.2,0,0.7265158707641152,yes,High,974
55,entrepreneur,divorced,basic.9y,no,yes,no,cellular,aug,fri,1,999,0,nonexistent,-2.9,92.201,-31.4,0.825,5076.2,1,0.7261003908494594,yes,High,975
30,technician,single,university.degree,no,no,no,cellular,apr,wed,5,999,0,nonexistent,-1.8,93.075,-47.1,1.372,5099.1,0,0.7260266613199255,yes,High,976
27,admin.,single,university.degree,no,no,no,cellular,may,fri,1,3,1,success,-1.8,92.893,-46.2,1.259,5099.1,0,0.7254642285275082,yes,High,977
39,services,married,university.degree,no,no,no,cellular,apr,thu,1,999,0,nonexistent,-1.8,93.075,-47.1,1.365,5099.1,1,0.7253487925235581,yes,High,978
21,unemployed,single,high.school,no,yes,no,telephone,aug,tue,2,999,0,nonexistent,-2.9,92.201,-31.4,0.883,5076.2,0,0.7249984990224575,yes,High,979
37,management,single,university.degree,no,no,no,cellular,apr,mon,1,999,1,failure,-1.8,93.749,-34.6,0.642,5008.7,0,0.7248997709994615,yes,High,980
24,blue-collar,single,high.school,no,yes,no,cellular,apr,mon,1,999,1,failure,-1.8,93.749,-34.6,0.645,5008.7,0,0.724877666851591,yes,High,981
62,self-employed,married,university.degree,unknown,yes,no,cellular,sep,fri,1,999,0,nonexistent,-3.4,92.379,-29.8,0.741,5017.5,0,0.7243881585274108,yes,High,982
52,management,married,basic.6y,no,no,no,cellular,nov,mon,2,999,1,failure,-3.4,92.649,-30.1,0.722,5017.5,1,0.7241994768874846,yes,High,983
21,self-employed,single,university.degree,no,yes,no,cellular,apr,mon,1,999,0,nonexistent,-1.8,93.075,-47.1,1.405,5099.1,1,0.7238957780407159,yes,High,984
28,self-employed,single,university.degree,no,yes,no,cellular,apr,mon,1,999,0,nonexistent,-1.8,93.075,-47.1,1.405,5099.1,0,0.7237446843525394,yes,High,986
28,self-employed,single,university.degree,no,yes,no,cellular,apr,mon,1,999,0,nonexistent,-1.8,93.075,-47.1,1.405,5099.1,0,0.7237446843525394,yes,High,985
33,admin.,married,university.degree,no,yes,no,cellular,nov,tue,1,999,1,failure,-1.1,94.767,-50.8,1.035,4963.6,0,0.7234304334672487,yes,High,987
33,services,married,high.school,no,yes,no,cellular,apr,thu,1,999,0,nonexistent,-1.8,93.075,-47.1,1.365,5099.1,0,0.7228387234567647,yes,High,988
33,blue-collar,married,basic.9y,no,no,no,cellular,aug,fri,1,999,1,failure,-2.9,92.201,-31.4,0.881,5076.2,1,0.7227805928322758,yes,High,989
45,management,married,university.degree,no,no,yes,telephone,jul,thu,2,999,1,failure,-1.7,94.215,-40.3,0.884,4991.6,0,0.7224520375298065,yes,High,990
58,self-employed,married,university.degree,no,no,no,cellular,nov,wed,1,999,0,nonexistent,-3.4,92.649,-30.1,0.716,5017.5,0,0.7223870300961238,yes,High,991
45,admin.,divorced,university.degree,no,no,no,cellular,may,tue,1,9,1,success,-1.8,92.893,-46.2,1.266,5099.1,0,0.7221257642463406,yes,High,992
48,technician,married,professional.course,no,yes,no,cellular,sep,mon,1,999,0,nonexistent,-3.4,92.379,-29.8,0.797,5017.5,0,0.721584167546292,yes,High,993
27,student,single,university.degree,no,no,no,telephone,apr,thu,1,999,0,nonexistent,-1.8,93.075,-47.1,1.406,5099.1,0,0.721522995391841,yes,High,994
30,admin.,married,university.degree,no,yes,yes,cellular,apr,thu,2,999,0,nonexistent,-1.8,93.075,-47.1,1.483,5099.1,1,0.7212713984104411,yes,High,995
53,technician,married,professional.course,no,yes,no,telephone,sep,fri,1,999,0,nonexistent,-3.4,92.379,-29.8,0.803,5017.5,0,0.720930946097574,yes,High,996
65,admin.,divorced,university.degree,no,no,no,cellular,nov,fri,2,999,0,nonexistent,-3.4,92.649,-30.1,0.718,5017.5,0,0.7208489910302024,yes,High,997
37,entrepreneur,married,university.degree,no,yes,no,cellular,nov,mon,1,999,0,nonexistent,-3.4,92.649,-30.1,0.714,5017.5,0,0.7208111660649299,yes,High,998
44,unknown,married,university.degree,no,yes,no,cellular,aug,mon,2,999,0,nonexistent,-2.9,92.201,-31.4,0.884,5076.2,0,0.7206335527503671,yes,High,999
33,admin.,single,university.degree,no,yes,no,cellular,apr,mon,2,999,1,failure,-1.8,93.749,-34.6,0.642,5008.7,0,0.7206263137604949,yes,High,1000
28,unemployed,married,professional.course,no,no,no,telephone,aug,fri,11,999,0,nonexistent,-2.9,92.201,-31.4,0.869,5076.2,0,0.720304703491551,yes,High,1001
44,management,married,unknown,no,yes,no,cellular,aug,fri,2,999,0,nonexistent,-2.9,92.201,-31.4,0.825,5076.2,0,0.720280305252899,yes,High,1002
49,technician,divorced,unknown,no,no,no,cellular,oct,thu,1,999,2,failure,-3.4,92.431,-26.9,0.754,5017.5,0,0.7200336035639602,yes,High,1003
26,admin.,single,high.school,no,yes,no,cellular,apr,mon,1,999,0,nonexistent,-1.8,93.075,-47.1,1.405,5099.1,1,0.7198771039252211,yes,High,1004
25,self-employed,married,university.degree,no,yes,no,cellular,jun,fri,2,999,1,failure,-2.9,92.963,-40.8,1.268,5076.2,0,0.7193084962897616,yes,High,1005
43,technician,married,university.degree,no,no,no,cellular,aug,thu,1,999,0,nonexistent,-2.9,92.201,-31.4,0.873,5076.2,0,0.7186497728815104,yes,High,1006
25,self-employed,single,unknown,no,no,no,cellular,apr,mon,3,999,1,failure,-1.8,93.749,-34.6,0.643,5008.7,0,0.7186368080370061,yes,High,1007
30,admin.,married,university.degree,no,yes,no,cellular,apr,tue,1,999,0,nonexistent,-1.8,93.075,-47.1,1.423,5099.1,1,0.7178228065165011,yes,High,1008
22,student,single,basic.9y,no,no,no,telephone,aug,mon,1,999,0,nonexistent,-2.9,92.201,-31.4,0.861,5076.2,0,0.7172243937700625,yes,High,1009
30,admin.,married,university.degree,no,no,no,cellular,apr,tue,1,999,0,nonexistent,-1.8,93.075,-47.1,1.423,5099.1,1,0.7171581962848379,yes,High,1010
25,self-employed,single,unknown,no,no,no,cellular,apr,mon,2,999,1,failure,-1.8,93.749,-34.6,0.643,5008.7,0,0.7169842074098547,yes,High,1011
19,student,single,unknown,no,yes,no,telephone,apr,fri,5,999,0,nonexistent,-1.8,93.075,-47.1,1.405,5099.1,0,0.7167207254546804,yes,High,1012
24,services,single,high.school,no,yes,no,cellular,apr,tue,1,999,0,nonexistent,-1.8,93.075,-47.1,1.423,5099.1,0,0.7167156132720126,yes,High,1013
26,admin.,single,university.degree,no,no,no,cellular,aug,thu,1,999,1,failure,-2.9,92.201,-31.4,0.851,5076.2,0,0.7160430503808498,yes,High,1014
59,technician,single,basic.6y,no,no,no,telephone,aug,tue,1,999,0,nonexistent,-2.9,92.201,-31.4,0.883,5076.2,0,0.715988589341076,yes,High,1015
31,self-employed,single,university.degree,no,no,no,cellular,aug,mon,1,999,2,failure,-1.7,94.027,-38.3,0.898,4991.6,0,0.7158654440311655,yes,High,1016
45,unemployed,divorced,basic.4y,no,no,yes,telephone,aug,wed,1,999,0,nonexistent,-2.9,92.201,-31.4,0.884,5076.2,0,0.7156761690789418,yes,High,1017
56,retired,divorced,university.degree,no,yes,no,cellular,apr,mon,3,999,0,nonexistent,-1.8,93.075,-47.1,1.405,5099.1,0,0.7153901964656946,yes,High,1018
29,admin.,married,university.degree,no,yes,no,cellular,apr,wed,1,999,0,nonexistent,-1.8,93.075,-47.1,1.498,5099.1,0,0.715177404249494,yes,High,1019
81,housemaid,divorced,basic.4y,no,yes,no,cellular,nov,mon,6,999,0,nonexistent,-3.4,92.649,-30.1,0.719,5017.5,0,0.7151265150912717,yes,High,1020
39,blue-collar,single,basic.4y,no,yes,no,telephone,mar,tue,3,999,0,nonexistent,-1.8,92.843,-50.0,1.687,5099.1,0,0.7149441590467405,yes,High,1021
28,admin.,married,university.degree,no,yes,no,cellular,jun,thu,1,999,1,failure,-2.9,92.963,-40.8,1.26,5076.2,0,0.7141746048894384,yes,High,1022
40,admin.,married,basic.9y,no,yes,yes,cellular,may,thu,2,10,1,success,-1.8,92.893,-46.2,1.327,5099.1,0,0.7136953310082511,yes,High,1023
55,management,divorced,university.degree,no,yes,no,cellular,sep,thu,1,999,1,failure,-1.1,94.199,-37.5,0.884,4963.6,1,0.7132511741236784,yes,High,1024
38,self-employed,divorced,high.school,no,no,no,cellular,aug,fri,3,999,1,failure,-2.9,92.201,-31.4,0.869,5076.2,1,0.7132128059419319,yes,High,1025
33,blue-collar,single,basic.4y,no,yes,yes,cellular,apr,thu,1,999,0,nonexistent,-1.8,93.075,-47.1,1.365,5099.1,1,0.7115629553004461,yes,High,1026
27,admin.,single,high.school,no,no,no,cellular,apr,thu,1,999,0,nonexistent,-1.8,93.075,-47.1,1.41,5099.1,0,0.7113938366602502,yes,High,1027
32,admin.,single,university.degree,no,yes,no,cellular,apr,thu,1,999,0,nonexistent,-1.8,93.075,-47.1,1.41,5099.1,1,0.7111126890082965,yes,High,1028
58,entrepreneur,married,high.school,no,yes,no,cellular,sep,mon,1,999,1,failure,-1.1,94.199,-37.5,0.882,4963.6,0,0.7099188658523571,yes,High,1029
61,management,married,university.degree,no,yes,no,cellular,sep,fri,1,999,0,nonexistent,-3.4,92.379,-29.8,0.741,5017.5,0,0.7098769600572613,yes,High,1030
25,admin.,single,professional.course,no,yes,no,cellular,apr,wed,1,999,0,nonexistent,-1.8,93.075,-47.1,1.445,5099.1,1,0.709247485782613,yes,High,1031
51,management,divorced,university.degree,no,no,no,cellular,jul,wed,7,999,1,failure,-2.9,92.469,-33.6,0.979,5076.2,0,0.7090467284779542,yes,High,1032
35,services,single,university.degree,no,unknown,unknown,cellular,aug,mon,2,999,0,nonexistent,-2.9,92.201,-31.4,0.884,5076.2,0,0.7078442287869338,yes,High,1033
24,services,single,high.school,no,yes,no,cellular,apr,tue,2,999,0,nonexistent,-1.8,93.075,-47.1,1.423,5099.1,1,0.7072789213122731,yes,High,1034
26,technician,single,university.degree,no,no,yes,cellular,jul,tue,5,999,1,failure,-2.9,92.469,-33.6,0.908,5076.2,0,0.7070188994694144,yes,High,1035
26,student,single,professional.course,no,yes,no,cellular,jun,wed,1,999,1,failure,-2.9,92.963,-40.8,1.26,5076.2,0,0.7067838493038764,yes,High,1036
30,admin.,married,university.degree,no,yes,no,cellular,apr,thu,3,999,0,nonexistent,-1.8,93.075,-47.1,1.483,5099.1,0,0.7063059175641478,yes,High,1038
30,admin.,married,university.degree,no,yes,no,cellular,apr,thu,3,999,0,nonexistent,-1.8,93.075,-47.1,1.483,5099.1,1,0.7063059175641478,yes,High,1037
68,retired,divorced,high.school,no,yes,no,cellular,oct,mon,4,999,2,failure,-1.1,94.601,-49.5,1.0,4963.6,0,0.706252949935558,yes,High,1039
34,management,married,university.degree,no,no,no,telephone,oct,wed,2,999,0,nonexistent,-3.4,92.431,-26.9,0.742,5017.5,1,0.7057078735028839,yes,High,1040
31,technician,married,university.degree,no,no,no,cellular,aug,mon,1,999,1,failure,-2.9,92.201,-31.4,0.861,5076.2,0,0.7054869448254105,yes,High,1041
34,technician,married,university.degree,no,no,no,cellular,aug,mon,1,999,0,nonexistent,-2.9,92.201,-31.4,0.861,5076.2,1,0.7051529305832431,yes,High,1042
32,self-employed,single,university.degree,no,no,no,cellular,apr,thu,1,999,0,nonexistent,-1.8,93.075,-47.1,1.435,5099.1,1,0.7048520113505072,yes,High,1043
36,blue-collar,married,basic.9y,no,no,no,cellular,aug,mon,2,999,1,failure,-2.9,92.201,-31.4,0.884,5076.2,0,0.7043712275872691,yes,High,1044
27,admin.,married,university.degree,no,unknown,unknown,cellular,jun,mon,1,999,1,failure,-2.9,92.963,-40.8,1.266,5076.2,0,0.7040215393564908,yes,High,1045
24,student,single,high.school,no,no,no,cellular,aug,thu,1,999,2,failure,-2.9,92.201,-31.4,0.873,5076.2,0,0.7039345002185952,yes,High,1046
53,admin.,married,university.degree,no,yes,no,cellular,apr,tue,1,999,0,nonexistent,-1.8,93.075,-47.1,1.405,5099.1,0,0.7036866251837092,yes,High,1047
28,admin.,married,high.school,no,no,no,telephone,jun,wed,4,999,0,nonexistent,-2.9,92.963,-40.8,1.26,5076.2,1,0.7036035857103684,yes,High,1048
58,retired,divorced,high.school,no,yes,no,cellular,apr,mon,2,999,0,nonexistent,-1.8,93.075,-47.1,1.466,5099.1,0,0.7033834053665868,yes,High,1049
28,admin.,single,university.degree,no,unknown,unknown,cellular,aug,mon,1,999,2,failure,-2.9,92.201,-31.4,0.861,5076.2,0,0.7032010652713201,yes,High,1050
50,self-employed,married,professional.course,no,yes,no,cellular,jun,tue,1,999,1,failure,-2.9,92.963,-40.8,1.252,5076.2,0,0.7031964536711806,yes,High,1051
52,admin.,married,unknown,no,no,no,telephone,sep,tue,5,999,0,nonexistent,-3.4,92.379,-29.8,0.819,5017.5,0,0.7031498215859886,yes,High,1052
33,blue-collar,married,basic.9y,no,no,no,cellular,aug,fri,1,999,2,failure,-2.9,92.201,-31.4,0.881,5076.2,0,0.702137261430897,yes,High,1053
38,technician,married,professional.course,no,yes,no,cellular,apr,thu,1,999,1,failure,-1.8,93.075,-47.1,1.365,5099.1,0,0.7020473882558447,yes,High,1054
66,unemployed,single,basic.4y,no,no,no,telephone,apr,thu,1,999,0,nonexistent,-1.8,93.075,-47.1,1.365,5099.1,0,0.7014909133185193,yes,High,1055
38,admin.,divorced,university.degree,no,yes,no,cellular,apr,tue,2,999,0,nonexistent,-1.8,93.075,-47.1,1.384,5099.1,1,0.7013062770345403,yes,High,1056
31,admin.,married,university.degree,no,yes,no,cellular,may,wed,2,10,1,success,-1.8,92.893,-46.2,1.281,5099.1,1,0.7003844219909439,yes,High,1057
